Track URI,Track Name,Album Name,Artist Name(s),Release Date,Duration (ms),Popularity,Explicit,Added By,Added At,Genres,Record Label,Danceability,Energy,Key,Loudness,Mode,Speechiness,Acousticness,Instrumentalness,Liveness,Valence,Tempo,Time Signature
spotify:track:7ohJuvtlKjKKaimEcvWfh1,"Baby Did A Bad Bad Thing - Remastered","Best Of Chris Isaak","Chris Isaak",2006-05-05,176000,40,false,111573307,2013-06-06T09:47:31Z,"","Wicked Game/Reprise",0.58,0.604,2,-6.904,1,0.09,0.389,0.00051,0.111,0.556,152.532,4
spotify:track:3vZJ16ifle5iNXv41Xnwk1,"I'm Prison Bound","Blues In Transition 1955-59","John Lee Hooker",2010,240546,0,false,111573307,2013-06-06T09:48:39Z,"classic blues,blues,blues rock,country blues,soul blues","Jasmine Records",0.705,0.0339,8,-22.984,1,0.267,0.863,0.000318,0.137,0.464,80.673,4
spotify:track:0FMhMAFPLg8EljnROSoVnj,"La Grange - 1999 Remaster","Rancho Texicano: The Very Best of ZZ Top","ZZ Top",2004-06-08,232533,2,false,111573307,2013-06-06T09:49:37Z,"rock sureño,rock clásico,blues rock,rock","Rhino/Warner Records",0.552,0.651,4,-10.624,0,0.229,0.00494,0.0349,0.132,0.533,161.548,4
spotify:track:5nuEDAhgsLLEHkGHsB1sHv,"Refrigerator Car","Pocket Full Of Kryptonite (Anniversary Edition)","Spin Doctors",1991,285173,26,false,111573307,2013-06-06T09:50:08Z,"","Epic/Legacy",0.303,0.932,9,-10.096,1,0.0415,0.00122,0.00277,0.0613,0.584,108.659,4
spotify:track:6NwbeybX6TDtXlpXvnUOZC,"Master Of Puppets","Master Of Puppets","Metallica",1986-03-03,516293,5,false,111573307,2013-06-06T09:50:12Z,"metal,thrash metal,rock,heavy metal,hard rock","Blackened Recordings",0.538,0.872,4,-7.658,0,0.0361,0.000608,0.573,0.0946,0.593,105.102,4
spotify:track:13X42np3KJr0o2LkK1MG76,"My Love","FutureSex/LoveSounds","Justin Timberlake;T.I.",2006-09-12,276160,0,false,111573307,2013-06-06T09:50:18Z,"hip hop sureño americano","Jive",0.771,0.676,4,-6.018,0,0.223,0.285,0.00000449,0.546,0.804,119.997,4
spotify:track:1E3BZjG5SDMy0dYANdbc3u,"Get Up Offa That Thing","James Brown Vol 2. - Universal Masters","James Brown",2003-02-27,251066,0,false,111573307,2013-06-06T09:50:45Z,"funk,soul,motown,soul clásico","Universal Music Ltd.",0.852,0.682,2,-10.041,1,0.404,0.181,0,0.934,0.763,117.959,4
spotify:track:4HuHoYjNcbGIHFpRVbRj2T,"Pump It","Pump It","Black Eyed Peas",2005-01-01,213613,47,true,111573307,2013-06-06T10:19:10Z,"","A&M",0.647,0.925,9,-3.157,1,0.176,0.00949,0,0.564,0.753,153.669,4
spotify:track:0nFqtZjnDxfUqUI7CIkk3d,"Just a Thought","St. Elsewhere","Gnarls Barkley;CeeLo Green;Danger Mouse",2007-12-01,222759,36,false,111573307,2013-06-06T10:19:16Z,"","WM UK",0.56,0.96,11,-5.156,0,0.119,0.0604,0.000217,0.133,0.309,101.037,4
spotify:track:73md2HUfGHQh1H5c2C2XA1,"Only U - No Intro","Only U / Turn It Up","Ashanti",2004-01-01,186506,39,false,111573307,2013-06-06T10:19:43Z,"r&b","I.G. Records, Inc./Universal Records",0.601,0.605,6,-5.569,0,0.0399,0.036,0.00000351,0.125,0.291,94.456,4
spotify:track:6Gx2Q9psqwMyEVLXSQXd1K,"Take Control","Work It Out!","Amerie",2010-12-17,221413,0,false,111573307,2013-06-06T10:19:48Z,"","Sony Music UK",0.634,0.865,11,-7.617,0,0.38,0.169,0.0000384,0.0719,0.725,99.255,4
spotify:track:269TXy0nskEBvKXXAaK6tR,"Hits from the Bong","Playlist: The Very Best Of Cypress Hill","Cypress Hill",2008-06-17,161213,0,true,111573307,2013-06-06T10:20:08Z,"hip hop de la costa oeste,hip hop old school,rap rock,hip hop","Columbia/Legacy",0.804,0.594,1,-12.676,1,0.192,0.00776,0.79,0.344,0.514,92.18,4
spotify:track:7LBohG6plAhWaHjuzi4CpY,"Rack City","Rack City","Tyga",2011-01-01,208840,45,true,111573307,2013-06-06T10:21:07Z,"","Cash Money Records/Motown Records",0.928,0.326,1,-10.943,1,0.372,0.0428,0.0000256,0.19,0.261,98.958,4
spotify:track:3gFbFtAbUi6yjOZpwIYEOH,"Ching-A-Ling - Amended Album Version","Ching-A-Ling","Missy Elliott",2008-01-22,219173,0,false,111573307,2013-06-06T10:21:35Z,"hip hop","Goldmind/Atlantic",0.779,0.74,7,-4.354,1,0.158,0.0138,0.00000637,0.0983,0.38,102.016,4
spotify:track:0h5m65o5KnMFB4Gq47mbKt,"Candy Shop","The Massacre (Ecopac Reissue Explicit)","50 Cent;Olivia",2005-03-03,208533,1,true,111573307,2013-06-06T10:21:37Z,"hip hop old school,hip hop de la costa este","Universal Music Ltd.",0.612,0.577,11,-8.01,1,0.458,0.0237,0.0000622,0.381,0.745,128.422,5
spotify:track:1IRNjfivqiDhzey02C11ge,"P.I.M.P.","P.I.M.P. (International Version)","50 Cent",2003-01-01,249840,0,true,111573307,2013-06-06T10:21:41Z,"hip hop old school,hip hop de la costa este","Interscope",0.684,0.773,10,-3.05,0,0.351,0.0521,0.0000149,0.0328,0.873,78.66,4
spotify:track:2oTDOIAdsxPTE7yAp4YOcv,"Jump Around","House Of Pain","House Of Pain",1992,214946,6,false,111573307,2013-06-06T10:21:50Z,"","Rhino",0.854,0.71,4,-6.32,0,0.0793,0.0113,0.0000872,0.166,0.818,106.894,4
spotify:track:0r2Bul2NuCViraT2zX1l5j,"Get Low","Kings Of Crunk","Lil Jon & The East Side Boyz;Ying Yang Twins",2002-10-29,334066,81,true,111573307,2013-06-06T10:22:03Z,"crunk,hip hop sureño americano","The Orchard",0.521,0.625,1,-7.47,1,0.067,0.0301,0,0.121,0.136,101.019,4
spotify:track:3dzVjwtxkyVVcNoRthrRut,"Whatever You Like - Live From The VMAs Version","Paper Trail","T.I.",2008-09-08,126163,0,false,111573307,2013-06-06T10:22:11Z,"hip hop sureño americano","Grand Hustle/Atlantic",0.572,0.734,0,-7.32,1,0.0991,0.022,0,0.954,0.296,149.942,4
spotify:track:4ZHcmeqrmERSl33iWoUCoE,"Tambourine - Radio Edit","R&B Collection","Eve",2008-01-01,192586,0,false,111573307,2013-06-06T10:22:21Z,"","Universal Music LLC",0.824,0.847,1,-4.182,1,0.228,0.216,0,0.168,0.554,102.624,4
spotify:track:61mWefnWQOLf90gepjOCb3,"Duality","Vol. 3: The Subliminal Verses (Special Edition)","Slipknot",2004,252613,86,false,111573307,2013-06-06T10:22:28Z,"nu metal,metal,metal alternativo,rap metal,heavy metal","Roadrunner Records",0.354,0.982,4,-3.026,0,0.168,0.000237,0.000294,0.204,0.194,143.772,4
spotify:track:5f6igUw1asUL4AGXSvgTW8,"Levels - Skrillex Remix","Levels (Remixes)","Avicii;Skrillex",2011-12-16,281146,61,false,111573307,2013-06-06T10:22:31Z,"edm,dubstep,electro,electrónica","Pophouse Entertainment Group",0.615,0.91,5,-2.825,0,0.0762,0.00761,0.0067,0.16,0.346,140,4
spotify:track:4l2ecMeHvDg2Y9OOkqfucN,"No Diggity","No Diggity: The Very Best Of Blackstreet","Blackstreet;Dr. Dre;Queen Pen",2003-06-10,305706,0,false,111573307,2013-06-06T10:24:33Z,"new jack swing,hip hop old school,g-funk,rap gangster,hip hop de la costa oeste,hip hop,rap","Universal Music Group",0.865,0.65,1,-4.617,0,0.207,0.324,0,0.133,0.715,88.663,4
spotify:track:6mz1fBdKATx6qP4oP1I65G,"Pony","R&B: From Doo-Wop To Hip-Hop","Ginuwine",1999-10-08,251733,76,true,111573307,2013-06-06T10:24:58Z,"r&b","Sony Music Entertainment",0.749,0.605,8,-9.359,0,0.086,0.00186,0.0381,0.115,0.966,142.024,4
spotify:track:2g9E9UyZ3pdJ1eqUQW0tfQ,"Xxplosive","2001 (Explicit Version)","Dr. Dre;Hittman;Six-Two;Nate Dogg;Kurupt",1999-11-16,215266,0,true,111573307,2013-06-06T10:27:32Z,"hip hop old school,g-funk,rap gangster,hip hop de la costa oeste,hip hop,rap","Universal Music Group",0.767,0.881,1,-4.359,1,0.109,0.191,0.00000829,0.139,0.939,169.049,4
spotify:track:2y2xj9qRikAIVQt2uUjUlU,"Like It Like That","The Best Of","A Tribe Called Quest",2008-04-01,166880,0,false,111573307,2013-06-06T10:32:31Z,"jazz rap,hip hop de la costa este,hip hop old school,hip hop","Sony BMG Music Entertainment",0.93,0.369,3,-9.326,0,0.178,0.598,0,0.0929,0.703,94.991,4
spotify:track:7z5aqaKvHs021edFsRNtQd,"Pump It Up (Freestyle)","The Hits Collection Volume One (Deluxe)","JAŸ-Z",2010-11-22,117746,0,true,111573307,2013-06-06T10:37:06Z,"hip hop,hip hop de la costa este,rap","Universal Music Group",0.541,0.886,6,-4.139,1,0.409,0.0748,0,0.297,0.685,134.39,5
spotify:track:7gg7j1wcaOpX9qCdeUxvFj,"Moving Like Berney","Moving Like Berney","ISA",2010-11-22,224027,0,false,111573307,2013-06-06T10:38:27Z,"","Platinum Records",0.846,0.633,11,-7.859,0,0.266,0.0384,0.00000135,0.166,0.422,91.027,4
spotify:track:4zwnjGvh5Ok5ed71amMvHZ,"Black Betty","Bikers Best","Ram Jam",2009-07-06,235973,41,false,111573307,2013-06-06T10:39:26Z,"rock sureño","Sony Music Catalog",0.464,0.837,11,-10.067,0,0.153,0.0296,0.00178,0.178,0.694,117.555,4
spotify:track:4JdUGm02OfH7eLabAetBzw,"Johnny, I Hardly Knew Ya","St. Patrick's Day","Dropkick Murphys",2012-03-13,234653,0,false,111573307,2013-06-06T10:39:32Z,"punk celta,rock celta,celta,punk,folk punk","X5 Music Group",0.228,0.896,11,-7.735,0,0.0741,0.0173,0,0.182,0.441,101.903,4
spotify:track:3GfOAdcoc3X5GPiiXmpBjK,"Song 2","Blur: The Best Of","Blur",2000-10-23,121880,72,false,111573307,2013-06-06T10:39:38Z,"britpop,madchester,rock alternativo","Parlophone UK",0.658,0.709,8,-6.736,1,0.0904,0.00188,0.00447,0.0657,0.855,129.701,4
spotify:track:45Ia1U4KtIjAPPU7Wv1Sea,"Are You Gonna Go My Way","Are You Gonna Go My Way","Lenny Kravitz",1993-03-09,211933,77,false,111573307,2013-06-06T10:39:41Z,"","Virgin Records",0.619,0.67,11,-10.322,0,0.0353,0.00165,0.0109,0.331,0.777,129.269,4
spotify:track:1ug3vASsHv0QTMWwAgj0BO,"Down The Road","Down The Road","C2C",2012-07-23,205480,0,false,111573307,2013-06-06T10:39:59Z,"electro swing","On And On Records",0.711,0.568,2,-6.276,0,0.0942,0.0486,0.0000493,0.0621,0.487,111.033,4
spotify:track:3kROlqTZOTkkmdPXtz4q0L,"Minnie The Moocher","Cab Calloway / Minnie The Moocher","Cab Calloway & His Orchestra",2009-02-10,204293,0,false,111573307,2013-06-06T10:43:05Z,"big band,swing,calipso,vocal jazz,ragtime","2009 Classic Records",0.576,0.462,0,-12.535,1,0.0795,0.523,0,0.197,0.5,99.147,4
spotify:track:0kO3njY9N1Rxgv27Ha1lLh,"Numb","Meteora (Bonus Edition)","Linkin Park",2003-03-25,187520,60,false,111573307,2013-06-06T10:43:39Z,"nu metal,rap metal,rock,metal alternativo","Warner Records",0.488,0.87,6,-4.185,0,0.0421,0.00353,0,0.484,0.211,110.072,4
spotify:track:6JGsVW1nxNaoUAGcOKFZGS,"Out of My Head","The Truth Is... (Special Edition)","Theory of a Deadman",2011-07-08,237786,46,false,111573307,2013-06-06T10:46:32Z,"post-grunge,metal alternativo","Roadrunner Records",0.314,0.838,11,-3.971,1,0.0354,0.00327,0,0.38,0.466,171.716,4
spotify:track:4Zq1qPSAWT4lUvhPyf8wC4,"Run It! (feat. Juelz Santana)","Chris Brown","Chris Brown;Juelz Santana",2005,229866,0,false,111573307,2013-06-06T10:46:42Z,"r&b","Jive",0.846,0.482,1,-6.721,0,0.129,0.0246,0,0.393,0.212,100.969,4
spotify:track:2cq69jrDBC5gqKh6HvzwUG,"Ridin' Dirty (feat. Chamillionaire)","Everybody Wants A Thug","Chamillionaire",2010-07-22,244062,0,false,111573307,2013-06-06T10:49:04Z,"hip hop sureño americano","Requiem Entertainment/Thugline International",0.677,0.911,8,-3.158,0,0.22,0.141,0,0.0582,0.85,143.047,4
spotify:track:3uqinR4FCjLv28bkrTdNX5,"A Milli","Tha Carter III","Lil Wayne",2008-01-01,221840,73,true,111573307,2013-06-06T10:49:13Z,"rap,hip hop","CM/Republic",0.674,0.695,6,-8.636,0,0.278,0.0387,0.00202,0.194,0.773,151.486,4
spotify:track:04YiV4XqhlTSGPiyqLFMck,"Bring Da Ruckus","Enter The Wu-Tang-36 Chambers","Wu-Tang Clan",1993-11-09,251266,0,false,111573307,2013-06-06T11:03:44Z,"hip hop old school,hip hop de la costa este,hip hop,rap gangster,hardcore hip hop","RCA Records Label",0.575,0.583,11,-10.836,1,0.454,0.245,0,0.351,0.517,82.964,4
spotify:track:6281LdA2cVFwVM0xC5cqA8,"The Choice Is Yours","The Document II","Black Sheep",2003-06-23,211360,0,false,111573307,2013-06-20T13:56:05Z,"ska punk","Illicit Recordings",0.879,0.847,10,-6.76,0,0.243,0.0447,0,0.32,0.711,101.397,4
spotify:track:1A35w9OSTTVXw3c6tj6AiV,"Swagga Like Us - T.I. and Jay-Z feat. Kanye West and Lil' Wayne","Paper Trail","T.I.",2008-09-08,327666,0,true,111573307,2013-06-20T14:02:37Z,"hip hop sureño americano","Grand Hustle/Atlantic",0.58,0.817,4,-5.009,1,0.214,0.00163,0,0.118,0.238,89.008,4
spotify:track:1rBCqUMWdZSTCnlj3q6MiI,"This Is Why I'm Hot","This Is Why I'm Hot (Explicit) [The Original]","MiMS",2007,253706,0,true,111573307,2013-09-20T15:00:16Z,"","Capitol Records",0.621,0.6,8,-6.349,1,0.576,0.277,0,0.495,0.485,80.021,4
spotify:track:7aS6cyqiIzITFwyiOhcepj,"Boom","Doggumentary","Snoop Dogg;T-Pain",2011-01-01,230186,0,false,111573307,2013-09-20T15:01:55Z,"g-funk,hip hop de la costa oeste,rap gangster,hip hop old school,hip hop,rap","Capitol Records",0.469,0.832,6,-6.709,0,0.432,0.139,0,0.0278,0.341,139.399,5
spotify:track:6vQ55LyTZ6vqDz5YNIf8zQ,"Get Dirty (feat. Chamillionaire)","Double Up","R. Kelly;Chamillionaire",2007-05-25,236160,30,true,111573307,2013-09-20T15:02:49Z,"r&b,hip hop sureño americano","Jive",0.723,0.833,1,-5.447,1,0.101,0.109,0,0.0719,0.59,140.094,4
spotify:track:34MRi5GRWHFUa731JBxFEl,"Chief Rocka","Here Come The Lords","Lords Of The Underground",1993-01-01,247400,59,true,111573307,2013-09-20T15:05:27Z,"hip hop de la costa este,hip hop old school,hip hop","Pendulum Records",0.89,0.716,1,-9.673,1,0.296,0.174,0.000589,0.0657,0.656,99.987,4
spotify:track:0Uk0IyLPghlYD4M3rniAmA,"Ruff Ryders' Anthem","The Definition of X: Pick Of The Litter (Explicit Version)","DMX",2007-06-16,212053,0,true,111573307,2013-09-20T17:58:22Z,"hip hop de la costa este,hip hop old school,hardcore hip hop","Digital Distribution Latvia",0.86,0.793,10,-3.89,0,0.272,0.0437,0,0.0493,0.694,91.029,4
spotify:track:3AVb2lGRqXTx65Y3PDp6eb,"Where The Hood At","The Definition of X: Pick Of The Litter (Explicit Version)","DMX",2007-06-16,286693,0,true,111573307,2013-09-20T18:01:29Z,"hip hop de la costa este,hip hop old school,hardcore hip hop","Digital Distribution Latvia",0.523,0.961,0,-1.785,1,0.363,0.151,0,0.33,0.781,186.032,4
spotify:track:1afvj3F24pPABgXenbjmdQ,"Party Up","The Definition of X: Pick Of The Litter (Explicit Version)","DMX",2007-06-16,272920,0,true,111573307,2013-09-20T18:03:09Z,"hip hop de la costa este,hip hop old school,hardcore hip hop","Digital Distribution Latvia",0.488,0.954,11,-1.584,1,0.326,0.0798,0,0.163,0.596,202.535,4
spotify:track:4XoP1AkbOurU9CeZ2rMEz2,"F**kin' Problems (feat. Drake, 2 Chainz & Kendrick Lamar)","LONG.LIVE.A$AP (Deluxe Version)","A$AP Rocky;Drake;2 Chainz;Kendrick Lamar",2013-01-11,233786,6,true,111573307,2013-09-21T12:19:41Z,"rap,hip hop sureño americano,hip hop,hip hop de la costa oeste","A$AP Worldwide/Polo Grounds Music/RCA Records",0.869,0.687,1,-6.816,1,0.263,0.0208,0.000001,0.114,0.668,96.006,4
spotify:track:1ce3DvvGQn6hY2LMGMLCr5,"Black Skinhead","Yeezus","Kanye West",2013-01-01,188013,7,true,111573307,2013-09-29T02:15:43Z,"rap","Universal Music Group",0.578,0.825,1,-6.107,1,0.322,0.000986,0,0.176,0.283,130.089,4
spotify:track:11JLU8pu3gRx4KleXJQ3ce,"(I'm Your) Hoochie Coochie Man","The Best of Chess Records Original Artist Recordings Of Songs In The Film ""Cadillac Records""","Muddy Waters",2008-01-01,165520,0,false,111573307,2013-09-29T03:23:02Z,"classic blues,blues,blues rock,soul blues,country blues","Universal Music Group",0.704,0.42,2,-8.824,1,0.0721,0.875,0,0.065,0.874,73.921,4
spotify:track:0nmxH6IsSQVT1YEsCB9UMi,"Ignition (Remix)","The R. In R&B Collection: Volume 1","R. Kelly",2003-09-11,187733,1,false,111573307,2013-09-29T03:23:11Z,"r&b","Jive",0.787,0.527,1,-6.981,1,0.0512,0.0615,0,0.0656,0.807,133.107,4
spotify:track:6JBMjtZX0kuTlgH81EbPdb,"Letha Brainz Blo","Nocturnal","Heltah Skeltah",1996-01-01,259666,37,true,111573307,2013-09-29T03:25:09Z,"hip hop de la costa este,boom bap,hip hop old school,hip hop underground","Priority Records",0.753,0.553,7,-9.683,1,0.433,0.0442,0.00000222,0.0538,0.794,90.123,4
spotify:track:2IOf4FkIJcENy4aFSV8TfX,"One Day At A Time - Em's Version/Album Version","Resurrection (Music From And Inspired By The Motion Picture)","2Pac;Eminem;Outlawz",2003-01-01,223733,0,true,111573307,2013-09-29T03:27:09Z,"hip hop old school,rap gangster,hip hop de la costa oeste,g-funk,hip hop,rap","Universal Music Ltd.",0.756,0.891,5,-3.348,0,0.272,0.0295,0,0.18,0.759,92.022,4
spotify:track:5qwRKlsZWlDeyTU3fz4Pn8,"Real","good kid, m.A.A.d city","Kendrick Lamar;Anna Wise",2012-01-01,443413,0,true,111573307,2013-09-29T03:33:42Z,"hip hop,hip hop de la costa oeste,r&b alternativo","Universal Music Group",0.663,0.462,1,-12.27,1,0.173,0.0276,0,0.679,0.167,100.045,4
spotify:track:7k9XAKJp28xmRnPPCkWOKn,"Realest N*ggas","Bad Boys II","Notorious B.I.G. & 50 Cent",2005-04-20,212560,0,true,111573307,2013-09-29T03:33:51Z,"","Bad Boy Records",0.903,0.728,6,-3.983,1,0.322,0.397,0.00000266,0.157,0.817,95.67,4
spotify:track:7L46BOT0qszScetf8bM1or,"10 Lil' Crips","Tha Blue Carpet Treatment","Snoop Dogg",2006-01-01,195093,0,true,111573307,2013-09-29T03:35:43Z,"g-funk,hip hop de la costa oeste,rap gangster,hip hop old school,hip hop,rap","Universal Music Group",0.761,0.87,4,-4.603,1,0.206,0.371,0,0.141,0.628,94.056,4
spotify:track:3WibbMr6canxRJXhNtAvLU,"B.O.B. - Bombs Over Baghdad","Stankonia","Outkast",2000-10-31,304226,67,true,111573307,2013-09-29T03:36:40Z,"hip hop sureño americano,hip hop","Arista/LaFace Records",0.746,0.978,9,-5.324,1,0.0978,0.0555,0.0000411,0.026,0.653,153.809,4
spotify:track:1GPG59ArrhLpnR8AqxMz2X,"Beamer, Benz or Bentley","H.F.M. 2","Lloyd Banks;Juelz Santana",2010-11-29,208386,0,true,111573307,2013-09-29T03:37:19Z,"","G-Unit",0.536,0.677,4,-5.384,0,0.364,0.00365,0.0000267,0.685,0.475,106.99,4
spotify:track:3NbsX3iAOsE1JHHEeuRh7j,"Been Through The Storm","The Big Bang","Busta Rhymes;Stevie Wonder",2006-01-01,246920,0,true,111573307,2013-09-29T03:37:26Z,"hip hop de la costa este,motown,soul clásico,soul","Interscope",0.68,0.706,6,-6.642,0,0.201,0.0689,0,0.123,0.373,90.454,3
spotify:track:1hhy4AedAEXO92raSJqPPK,"Breezy","BBD","Bell Biv DeVoe",2001-01-01,268000,0,true,111573307,2013-09-29T03:37:59Z,"new jack swing","Universal Records",0.776,0.589,5,-3.038,0,0.275,0.0726,0,0.0545,0.795,102,4
spotify:track:56H98l4uinRifnTH8e308N,"Ch-Check It Out","To The 5 Boroughs","Beastie Boys",2004-01-01,192426,57,true,111573307,2013-09-29T03:38:45Z,"rap rock,hip hop old school,hip hop de la costa este,hip hop","Capitol Records",0.795,0.899,1,-7.02,1,0.292,0.0766,0,0.0852,0.694,115.062,4
spotify:track:50aYYSNIEfwUjCvjDgkrQe,"Fiesta - Remix","The R. In R&B Collection: Volume 1","R. Kelly;JAŸ-Z;Boo;Gotti",2003-09-11,241400,0,false,111573307,2013-09-29T03:40:06Z,"r&b,hip hop,hip hop de la costa este,rap,melbourne bounce,hip hop country","Jive",0.92,0.487,10,-5.578,0,0.182,0.0103,0,0.0411,0.806,92.836,4
spotify:track:0vISJC7jiOravWRFrpeYyW,"Ghetto Dreams - feat. Nas","Ghetto Dreams (feat. Nas)","Common;Nas",2011-07-05,238485,7,true,111573307,2013-09-29T03:40:45Z,"hip hop,jazz rap,neo soul,hip hop old school,hip hop de la costa este","Think Common/Warner Records",0.494,0.978,1,-4.164,0,0.349,0.0011,0.0000229,0.0751,0.38,98.487,4
spotify:track:75DjPjiIp2fvJDjtt41Jfs,"Gossip Folks (feat. Ludacris)","Under Construction","Missy Elliott;Ludacris",2002-11-12,234893,63,true,111573307,2013-09-29T03:41:08Z,"hip hop,hip hop sureño americano","Atlantic Records/ATG",0.707,0.538,0,-5.264,1,0.505,0.362,0,0.317,0.439,121.732,4
spotify:track:6gQaf0ANLks2uWl2AHhU26,"Hate It Or Love It","Hate It Or Love It","The Game;50 Cent",2005-01-01,207440,44,true,111573307,2013-09-29T03:41:18Z,"hip hop de la costa oeste,hip hop old school,rap gangster,hip hop,hip hop de la costa este","Geffen",0.796,0.782,9,-4.805,1,0.21,0.146,0,0.13,0.418,99.978,4
spotify:track:51FEdPwVSWCFspiWtt8gjJ,"Hot In Herre","6 Pack (Edited Version)","Nelly",2010-10-12,228533,0,false,111573307,2013-09-29T03:41:46Z,"","Universal Music Ltd.",0.966,0.763,2,-4.495,1,0.145,0.243,0,0.0637,0.916,107.05,4
spotify:track:7Ajw8dF7TTXKxdBAUThzHL,"Smokin' Weed","Snoop Doggy Dogg","Snoop Dogg",2010-05-04,190173,0,true,111573307,2013-09-29T03:47:10Z,"g-funk,hip hop de la costa oeste,rap gangster,hip hop old school,hip hop,rap","Howie McDuffie Music Group",0.584,0.466,1,-12.141,1,0.307,0.0494,0,0.141,0.444,80.427,4
spotify:track:24H5KPBdSvHQMRXTp12K3J,"Stronger","Stronger (Int'l ECD Maxi)","Kanye West",2007-01-01,312893,6,true,111573307,2013-09-29T03:48:01Z,"rap","Def Jam Recordings",0.369,0.785,1,-6.269,1,0.2,0.00299,0,0.206,0.443,104.033,4
spotify:track:3izmDSRpDQbSWSeetEh1lZ,"U Can't Touch This","Hip To The Hop: 30th Anniversary Of Hip Hop Hip To Da Hop","MC Hammer",2009-12-28,250146,0,false,111573307,2013-09-29T03:49:43Z,"","Universal Music Group International",0.856,0.727,11,-7.161,0,0.0714,0.000992,0.000238,0.166,0.867,133.17,4
spotify:track:2lVDc57IMK6nypg2iuEWVR,"Tipsy - Radio Mix","Tipsy","J-Kwon",2004-01-25,243026,57,false,111573307,2013-09-29T03:50:02Z,"","So So Def",0.925,0.748,11,-5.572,0,0.278,0.0484,0,0.101,0.615,92.978,4
spotify:track:0MvVuO7t1RNkwVxQy3Q5nZ,"Wait - The Whisper Song Remix","Straight from the Hood","Ying Yang Twins;Busta Rhymes;Missy Elliott;Lil Scrappy;Free;Mr. Collipark",2008-02-19,275653,0,true,111573307,2013-09-29T14:17:43Z,"crunk,hip hop sureño americano,hip hop de la costa este,hip hop,hardcore punk,hardcore,hardcore melódico","Street Dance Records",0.641,0.383,2,-14.605,1,0.672,0.011,0.0000303,0.117,0.642,101.974,4
spotify:track:5XhkV07Vou38wnrzwURUOC,"Who Am I (What's My Name)?","Doggystyle","Snoop Dogg",1993,246320,3,true,111573307,2013-09-29T14:18:18Z,"g-funk,hip hop de la costa oeste,rap gangster,hip hop old school,hip hop,rap","Death Row Records",0.692,0.833,7,-3.974,1,0.0492,0.000136,0.0000198,0.515,0.692,96.814,4
spotify:track:12iNS8guNylko5izWvsVe3,"Why You?","Lowdown Suite","Moka Only",2003,214466,0,true,111573307,2013-09-29T14:18:29Z,"jazz rap,hip hop underground","Battle Axe",0.78,0.627,6,-7.149,0,0.27,0.06,0,0.212,0.864,94.989,4
spotify:track:6ofJs2WdtE2qzyYyqNYuj4,"Woke Up This Morning","Woke Up This Morning","Alabama 3",2008-04-07,249240,0,false,111573307,2013-09-29T14:27:55Z,"acid house","One Little Indian Records",0.613,0.81,1,-7.408,1,0.0706,0.0815,0.0000156,0.937,0.435,89.451,4
spotify:track:4wupyH8R1AT0Kdz0XFU9XE,"Intro","The Dynasty","JAŸ-Z",2000-10-31,190800,0,true,111573307,2013-09-29T14:31:09Z,"hip hop,hip hop de la costa este,rap","Universal Music Group",0.611,0.667,11,-7.764,0,0.156,0.0000177,0.0201,0.273,0.646,78.131,4
spotify:track:7C86DVl6REN8VPeGEMOf9q,"Get Busy","Dutty Rock","Sean Paul",2002-11-12,211666,3,false,111573307,2013-09-29T14:49:04Z,"dancehall","VP/Atlantic Records",0.735,0.824,10,-4.143,0,0.036,0.615,0,0.158,0.726,100.202,4
spotify:track:1cA75QXzCkJYPaDw7jnDoH,"The Payback","Funky President...The Very Best Of James Brown Volume 2","James Brown",1993-01-01,449600,0,false,111573307,2013-09-29T14:49:39Z,"funk,soul,motown,soul clásico","Universal Music Ltd.",0.87,0.645,10,-11.548,0,0.221,0.126,0.000106,0.0684,0.759,97.795,4
spotify:track:423EcxblW9F4nnQkqcqMlK,"Deja Vu (feat. JAY-Z)","B'Day Deluxe Edition","Beyoncé;JAŸ-Z",2007-05-29,240280,68,false,111573307,2013-09-29T14:50:46Z,"hip hop,hip hop de la costa este,rap","Columbia",0.644,0.746,7,-4.941,1,0.341,0.0071,0.0000122,0.0743,0.355,105.253,4
spotify:track:4E7QLdfaaKpvTgrLGEls00,"E.I.","Country Grammar","Nelly",2000-06-27,285906,0,true,111573307,2013-09-29T14:54:40Z,"","Universal Music Group",0.834,0.481,2,-7.824,0,0.188,0.0732,0,0.0934,0.406,89.849,4
spotify:track:51FEdPwVSWCFspiWtt8gjJ,"Hot In Herre","6 Pack (Edited Version)","Nelly",2010-10-12,228533,0,false,111573307,2013-09-29T14:54:47Z,"","Universal Music Ltd.",0.966,0.763,2,-4.495,1,0.145,0.243,0,0.0637,0.916,107.05,4
spotify:track:0vISJC7jiOravWRFrpeYyW,"Ghetto Dreams - feat. Nas","Ghetto Dreams (feat. Nas)","Common;Nas",2011-07-05,238485,7,true,111573307,2013-09-29T14:55:07Z,"hip hop,jazz rap,neo soul,hip hop old school,hip hop de la costa este","Think Common/Warner Records",0.494,0.978,1,-4.164,0,0.349,0.0011,0.0000229,0.0751,0.38,98.487,4
spotify:track:6hKekKVnxtxE64Z3UUvamu,"Move (If You Wanna)","Move (If You Wanna)","MiMS",2008,191840,0,false,111573307,2013-09-29T14:55:13Z,"","Capitol Records",0.655,0.633,7,-6.325,1,0.377,0.0197,0.00000352,0.0571,0.722,81.188,4
spotify:track:5xEfnYEaxlmSu8a7NevdE3,"Stomp","Errtime","Murphy Lee;King Jacob;Prentiss Church",2005-01-01,265613,32,true,111573307,2013-09-29T14:56:15Z,"","Motown",0.76,0.72,4,-5.585,0,0.265,0.0485,0,0.323,0.718,81.04,4
spotify:track:1A35w9OSTTVXw3c6tj6AiV,"Swagga Like Us - T.I. and Jay-Z feat. Kanye West and Lil' Wayne","Paper Trail","T.I.",2008-09-08,327666,0,true,111573307,2013-09-29T14:56:56Z,"hip hop sureño americano","Grand Hustle/Atlantic",0.58,0.817,4,-5.009,1,0.214,0.00163,0,0.118,0.238,89.008,4
spotify:track:7k9XAKJp28xmRnPPCkWOKn,"Realest N*ggas","Bad Boys II","Notorious B.I.G. & 50 Cent",2005-04-20,212560,0,true,111573307,2013-09-29T14:59:14Z,"","Bad Boy Records",0.903,0.728,6,-3.983,1,0.322,0.397,0.00000266,0.157,0.817,95.67,4
spotify:track:2x85CttGZWXRaGBLIcrjIZ,"Get In My Car","The Massacre (Ecopac Reissue Explicit)","50 Cent",2005-03-03,245920,0,true,111573307,2013-09-29T14:59:26Z,"hip hop old school,hip hop de la costa este","Universal Music Ltd.",0.613,0.866,7,-5.648,1,0.334,0.116,0,0.139,0.757,75.657,4
spotify:track:47dwmBX3P67PZj8147Oqbd,"I Got Swag","Before I Self-Destruct","50 Cent",2009-01-01,214706,0,true,111573307,2013-09-29T14:59:45Z,"hip hop old school,hip hop de la costa este","Universal Music Group",0.63,0.871,7,-3.553,1,0.326,0.0154,0,0.306,0.509,181.259,4
spotify:track:29uE9YjTVnJp8sKuG9HbNL,"GATman And Robbin","The Massacre","50 Cent;Eminem",2005-03-03,226600,0,true,111573307,2013-09-29T15:00:01Z,"hip hop old school,hip hop de la costa este,rap,hip hop","Universal Music Central America",0.686,0.91,4,-6.315,0,0.174,0.41,0.00000563,0.169,0.6,174.033,4
spotify:track:4B4zDmbHdkXZ1wUJv1yKFy,"Wiggle (feat. Snoop Dogg)","Tattoos (Deluxe Edition)","Jason Derulo;Snoop Dogg",2013-09-16,193295,70,false,111573307,2015-01-05T01:25:53Z,"g-funk,hip hop de la costa oeste,rap gangster,hip hop old school,hip hop,rap","Beluga Heights/Warner Records",0.697,0.621,9,-6.886,0,0.25,0.0802,0,0.162,0.721,81.946,4
spotify:track:5Ssv6DaKrW0HczVqx6zXdl,"Diva","I AM...SASHA FIERCE","Beyoncé",2008-11-14,200613,72,false,111573307,2013-09-29T15:00:39Z,"","Music World Music/Columbia",0.875,0.551,6,-6.744,0,0.317,0.0488,0.00728,0.0537,0.861,146.092,4
spotify:track:133g7oJWqvMnhvwfXL4CU1,"Best Love Song (feat. Chris Brown)","Best Love Song (feat. Chris Brown)","T-Pain;Chris Brown",2011-03-22,197600,0,false,111573307,2013-09-29T15:01:00Z,"r&b","Jive",0.481,0.818,7,-2.684,1,0.0833,0.126,0,0.4,0.633,79.842,4
spotify:track:0O45fw2L5vsWpdsOdXwNAR,"SexyBack (feat. Timbaland)","FutureSex/LoveSounds","Justin Timberlake;Timbaland",2006-09-12,242733,88,true,111573307,2013-09-29T15:02:07Z,"","Jive",0.967,0.583,7,-5.562,0,0.0789,0.0584,0,0.0519,0.964,117,4
spotify:track:3pD0f7hSJg2XdQ6udw5Tey,"What Goes Around.../...Comes Around (Interlude)","FutureSex/LoveSounds","Justin Timberlake",2006-09-12,448573,82,false,111573307,2013-09-29T15:02:25Z,"","Jive",0.687,0.723,7,-4.751,1,0.0709,0.122,0.00102,0.573,0.432,76,4
spotify:track:6OEolOOk9Gh9bqkdpfIOl0,"Ridin' Solo","Jason Derulo (International)","Jason Derulo",2010-02-24,215746,74,false,111573307,2013-09-29T15:02:57Z,"","Beluga Heights/Warner Records",0.442,0.83,9,-4.02,1,0.146,0.128,0,0.129,0.578,89.338,4
spotify:track:4EOpol0K5u620R2OLfoJ1B,"Purple Pills","Devils Night","D12",2001-01-01,304506,0,true,111573307,2013-09-29T15:03:07Z,"","Universal Music Group",0.774,0.634,1,-5.941,1,0.167,0.0199,0.0000298,0.29,0.752,125.223,4
spotify:track:4UwtMoKBvYi0mMbH2ZI3uB,"That's All She Wrote (feat. Eminem)","No Mercy","T.I.;Eminem",2010-12-03,318360,0,true,111573307,2013-09-29T15:03:18Z,"hip hop sureño americano,rap,hip hop","Grand Hustle/Atlantic",0.496,0.785,7,-3.472,1,0.306,0.0328,0,0.0941,0.357,170.02,4
spotify:track:6mZcNu9i8uhOYMiEAyEx81,"How We Do","The Documentary","The Game;50 Cent",2005,235533,3,true,111573307,2013-09-29T15:03:36Z,"hip hop de la costa oeste,hip hop old school,rap gangster,hip hop,hip hop de la costa este","Universal Music Group",0.862,0.648,4,-7.401,0,0.251,0.0455,0,0.0332,0.637,98.012,4
spotify:track:5h3JktAM1OCwoKm4KxS9pk,"I'm Sprung","I'm Sprung","T-Pain",2006-01-23,231040,33,false,111573307,2013-09-29T15:04:00Z,"","Jive",0.727,0.336,0,-11.657,0,0.0958,0.0915,0,0.0792,0.191,100.032,4
spotify:track:6v6WjsyLdY189IewecL2x7,"Just Lose It","Curtain Call (Deluxe)","Eminem",2005-12-06,248600,1,true,111573307,2013-09-29T15:04:10Z,"rap,hip hop","Universal Music Group",0.951,0.623,8,-3.603,1,0.0503,0.0596,0.0000436,0.251,0.957,121.006,4
spotify:track:14JeultyMhbsgayHgjf5zj,"Let's Get Dirty (I Can't Get In Da Club)","Malpractice","Redman;DJ Kool",2001-05-22,235533,0,true,111573307,2013-09-29T15:04:26Z,"hip hop de la costa este,hip hop old school,hip hop,hardcore hip hop,go-go","Universal Music Group",0.54,0.966,1,-5.02,1,0.433,0.0542,0,0.466,0.433,99.436,4
spotify:track:5BkHkyO9PFXs1m7vSMnXp4,"Ring The Alarm","B'Day Deluxe Edition","Beyoncé",2007-05-29,203346,55,false,111573307,2013-09-29T15:07:01Z,"","Columbia",0.458,0.751,2,-8.395,1,0.469,0.0299,0.000155,0.258,0.48,169.673,4
spotify:track:2ei46RAWUv1GfNt0VQfnYq,"I'm So Hood","Beg For Mercy (Explicit Version)","G-Unit",2003-01-01,145171,0,true,111573307,2013-09-29T15:22:55Z,"hip hop old school,rap gangster","Interscope",0.884,0.609,6,-5.258,1,0.284,0.0638,0,0.0555,0.849,87.064,4
spotify:track:3Uo9e1WaAuk4CEcSWIKxuj,"Stunt 101","Beg For Mercy (Explicit Version)","G-Unit",2003-01-01,232226,0,true,111573307,2013-09-29T15:22:59Z,"hip hop old school,rap gangster","Interscope",0.729,0.766,9,-1.183,1,0.405,0.157,0,0.21,0.694,95.535,4
spotify:track:1I5GFqiD3QDJw7EbQD3fZM,"Type Of Gurl","Dat Type Of Gurl","Rasheeda",2007,212640,0,true,111573307,2013-09-29T15:25:35Z,"","Unknown",0.751,0.48,1,-7.277,1,0.211,0.00382,0.0000391,0.102,0.377,164.955,4
spotify:track:21e31y3xtCY8PhUnqEtnl3,"What It Is (feat. Kanye West)","What It Is (feat. Kanye West)","Sophia Fresh;Kanye West",2008-11-18,265818,6,false,111573307,2013-09-29T15:25:56Z,"rap","Nappy Boy Entertainment/Atlantic",0.812,0.528,8,-8.267,1,0.131,0.00279,0,0.0731,0.416,125.086,4
spotify:track:0aw78zmPhfVau0jbYrxvIH,"Gettin' Some Remix","Block Music","Shawnna;Ludacris;Pharrell Williams;Lil Wayne;Too $hort",2006-01-01,341626,0,true,111573307,2013-09-29T15:26:12Z,"hip hop sureño americano,rap,hip hop,hyphy,hip hop de la costa oeste,g-funk,hip hop old school,rap gangster","Def Jam Recordings",0.797,0.617,6,-7.502,0,0.313,0.0554,0,0.269,0.619,78.001,4
spotify:track:1hV0khOyAcum7VmmZ6ypQP,"LA-LA-LA","Bad Boys II","JAŸ-Z",2005-04-20,234866,0,true,111573307,2013-09-29T15:34:41Z,"hip hop,hip hop de la costa este,rap","Bad Boy Records",0.9,0.647,9,-7.374,0,0.289,0.355,0,0.0769,0.725,99.153,4
spotify:track:0EYOdF5FCkgOJJla8DI2Md,"B.Y.O.B.","Mezmerize","System Of A Down",2005-05-17,255466,83,true,111573307,2013-09-29T15:35:13Z,"nu metal,metal,metal alternativo,rap metal,rock","American/Columbia",0.538,0.981,1,-2.688,0,0.14,0.00662,0,0.219,0.711,101.414,4
spotify:track:4Z91Xh9bjKLWR1gDvvVdHn,"Hero","Nas (Explicit Version)","Nas;Keri Hilson",2008-07-15,240000,0,true,111573307,2013-09-29T15:35:49Z,"hip hop old school,hip hop de la costa este,hip hop","Island Records",0.676,0.913,4,-5.198,0,0.109,0.00103,0.00000354,0.224,0.39,94.994,4
spotify:track:5zhsK1l1inwjY9XwOduKlx,"Nés sous la même étoile","L'école Du Micro D'argent","IAM",1997,231160,0,false,111573307,2013-09-29T15:36:03Z,"rap francés,r&b francés","Parlophone (France)",0.814,0.908,1,-4.197,1,0.296,0.115,0.00000712,0.188,0.759,92.989,4
spotify:track:2DO1LO4Rl2TykSIXua7WYX,"Pitchy and Skratchee Show","Klr","Saian Supa Crew",1999-10-24,232560,21,false,111573307,2013-09-29T15:36:17Z,"rap francés,r&b francés","Parlophone (France)",0.847,0.694,7,-4.935,1,0.317,0.201,0,0.0635,0.782,94.17,4
spotify:track:3jdyVi3N3AMFXH2XQN9Swi,"Voodoo Chile","x raisons","Saian Supa Crew",2001,66133,13,false,111573307,2013-09-29T15:36:21Z,"rap francés,r&b francés","Parlophone (France)",0.756,0.597,8,-8.261,1,0.546,0.504,0.0000226,0.359,0.765,82.689,4
spotify:track:05qXhd5dgfDS5mDEf7dbfN,"Let's Get It Started","Let's Get It Started","Black Eyed Peas",2010-01-01,228706,1,false,111573307,2013-09-29T15:37:20Z,"","Universal Music",0.775,0.743,11,-5.037,0,0.106,0.115,0,0.123,0.768,104.992,4
spotify:track:33H8JpDdlvfFy3FHUWy7De,"Ooh Baby","Goodies","Ciara",2004-09-27,217026,32,false,111573307,2013-09-29T15:39:02Z,"","So So Def",0.681,0.639,11,-6.65,0,0.308,0.0241,0,0.246,0.669,81.837,4
spotify:track:26cqkPg3YWABzK0fc2IUyN,"Here We Go","Take The Lead","Dirtbag",2006-01-01,221320,0,false,111573307,2013-09-29T15:43:49Z,"","Universal (MT)",0.451,0.855,2,-3.728,1,0.212,0.43,0,0.321,0.643,112.87,4
spotify:track:7KUMTQ248wdvom2UtUyCB5,"I Like That (Stop) - Take The Lead Version","Take The Lead","Jae Millz",2006-01-01,224666,20,false,111573307,2013-09-29T15:43:51Z,"","Universal (MT)",0.538,0.816,7,-5.537,1,0.363,0.0917,0,0.0996,0.626,102.963,4
spotify:track:2s2F4ilzxfq5n2WJmNEeOu,"Whuteva","Take The Lead","Remy Ma",2006-01-01,227000,19,false,111573307,2013-09-29T15:43:55Z,"","Universal (MT)",0.459,0.822,1,-6.261,0,0.334,0.0356,0,0.385,0.639,100.16,4
spotify:track:2q4s5no6ta7WwLjZQTF3Uo,"Never Gonna Get It","Take The Lead","Sean Biggs;Akon;Topic",2006-01-01,216000,21,false,111573307,2013-09-29T15:44:01Z,"","Universal (MT)",0.626,0.603,10,-6.589,0,0.437,0.278,0,0.0399,0.637,73.796,4
spotify:track:7los2kGAFDGtvECeMJpa49,"Make Some Noise","Hot Sauce Committee (Pt. 2)","Beastie Boys",2011-05-03,210586,30,false,111573307,2013-09-29T15:46:40Z,"rap rock,hip hop old school,hip hop de la costa este,hip hop","Capitol Records",0.714,0.885,2,-5.059,1,0.166,0.0191,0.00000701,0.055,0.612,98.037,4
spotify:track:56H98l4uinRifnTH8e308N,"Ch-Check It Out","To The 5 Boroughs","Beastie Boys",2004-01-01,192426,57,true,111573307,2013-09-29T15:46:42Z,"rap rock,hip hop old school,hip hop de la costa este,hip hop","Capitol Records",0.795,0.899,1,-7.02,1,0.292,0.0766,0,0.0852,0.694,115.062,4
spotify:track:27AHAtAirQapVldIm4c9ZX,"Jump","Totally Krossed Out","Kris Kross",1992-03-17,195106,70,false,111573307,2013-09-29T15:48:31Z,"hip hop old school","Ruffhouse/Columbia",0.749,0.745,2,-10.625,1,0.164,0.000501,0.00403,0.333,0.481,101.972,4
spotify:track:2qsGqbyfU4BJZkHtdaLUV1,"You're a Jerk","You're a Jerk (International)","New Boyz",2009-12-18,189053,22,true,111573307,2013-09-29T15:50:50Z,"","WM UK",0.931,0.456,4,-6.206,1,0.348,0.153,0,0.0917,0.522,99.048,4
spotify:track:7sjwaBQ6M3aVigYfBjm1sL,"Ima Boss (feat. Rick Ross)","MMG Presents: Self Made, Vol. 1","Meek Mill;Rick Ross",2011-05-23,250240,67,true,111573307,2013-09-29T15:51:27Z,"rap,hip hop sureño americano","Warner Records",0.37,0.87,5,-2.09,1,0.271,0.0415,0,0.604,0.331,79.092,4
spotify:track:3qdOoRW9obFTR0XyTeJO7h,"Showin' Off","Bloggin Like a Fool","B-Legit;Dame Michaels",2012-10-24,158960,1,true,111573307,2013-09-29T15:54:39Z,"hyphy,hip hop de la costa oeste,g-funk","Streets Inspired Entertainment",0.731,0.615,10,-9.32,0,0.559,0.0249,0,0.203,0.641,118.589,3
spotify:track:3fnLHE0b2FuDv0bcJriCsM,"Out Here","Bloggin Like a Fool","Sl Jones",2012-10-24,189133,0,true,111573307,2013-09-29T15:54:44Z,"hip hop sureño americano","Streets Inspired Entertainment",0.629,0.837,1,-8.703,1,0.326,0.125,0,0.664,0.512,140.578,4
spotify:track:1a14f3aojnSeVOeZh502bH,"Body Count","Bloggin Like a Fool","Meek Mill;Rick Ross",2012-10-24,146693,13,true,111573307,2013-09-29T15:54:50Z,"rap,hip hop sureño americano","Streets Inspired Entertainment",0.753,0.526,11,-9.196,1,0.346,0.0204,0,0.554,0.289,143.989,4
spotify:track:0YkJU6TjjwzsVXUPRIO0DB,"Make Me Better","From Nothin' To Somethin' (Bonus Track Version)","Fabolous;Ne-Yo",2007-01-01,253573,66,true,111573307,2013-09-29T15:55:35Z,"","Fabolous / Desert Storm",0.596,0.599,11,-6.886,1,0.107,0.328,0,0.199,0.561,86.471,4
spotify:track:4SVLlDIeY6w5axpMVhy0qH,"Magic Stick","La Bella Mafia","Lil' Kim",2003-03-03,334773,51,false,111573307,2013-09-29T15:58:34Z,"hip hop de la costa este","Atlantic Records",0.861,0.488,9,-7.892,1,0.272,0.123,0.000105,0.299,0.562,92.968,4
spotify:track:3ZAMtgYJFoHwJjFkhkXqKr,"Dance (A$$) Remix","Finally Famous","Big Sean;Nicki Minaj",2011-01-01,220293,64,true,111573307,2013-09-29T15:58:42Z,"","Getting Out Our Dreams Inc. (G.O.O.D.) Music / IDJ",0.788,0.73,11,-6.787,0,0.352,0.0275,0.00135,0.0828,0.72,159.825,4
spotify:track:43JngJ3vMsaTL8SiRwEYQp,"Too Old To Die Young","Quentin Tarantino’s Django Unchained Original Motion Picture Soundtrack","Brother Dege",2012-01-01,223213,48,false,111573307,2013-09-29T16:03:51Z,"southern gothic,country blues,blues rock","Loma Vista",0.735,0.578,2,-6.329,0,0.0292,0.0477,0.00023,0.231,0.736,111.99,4
spotify:track:1fWQpfqqp16vhc2PVjYUnG,"I’m A Man","Burn Your Own Church","Black Strobe",2007-06-25,273546,0,false,111573307,2013-09-29T16:03:54Z,"electroclash","Playlouderecordings",0.73,0.803,11,-7.623,0,0.172,0.00224,0.771,0.0635,0.796,129.991,4
spotify:track:4rc9kQ6qyssElIccFJgbJb,"My Name Is","Curtain Call (Deluxe)","Eminem",2005-12-06,268853,1,true,111573307,2013-09-29T16:04:56Z,"rap,hip hop","Universal Music Group",0.882,0.678,1,-6.165,1,0.312,0.0427,0,0.118,0.809,85.491,4
spotify:track:6EtkH6EfTfNLjUHKDylEym,"Shake Ya Tailfeather (feat. Nelly & Murphy Lee)","Bad Boys II","Diddy;Murphy Lee;Nelly",2005-04-20,293666,1,false,111573307,2013-10-16T13:34:03Z,"hip hop,hip hop de la costa este","Bad Boy Records",0.671,0.782,1,-5.4,1,0.272,0.207,0,0.174,0.905,87.649,4
spotify:track:3829CDK1kzOgjRU3nNXqFQ,"Diddy (feat. The Neptunes)","The Saga Continues...","Diddy;The Neptunes",2001,234773,45,true,111573307,2013-10-16T13:34:12Z,"hip hop,hip hop de la costa este","Bad Boy Records",0.797,0.847,6,-1.79,0,0.237,0.384,0.000388,0.0566,0.962,100.178,4
spotify:track:6g7bQ8qabCjVQQj2giiYZZ,"I Got It (feat. Big Block)","Don't Feed Da Animals","Gorilla Zoe;Big Block",2009-03-16,243000,60,true,111573307,2013-10-16T13:35:15Z,"hip hop sureño americano,crunk","Bad Boy Records",0.653,0.876,7,-6.286,0,0.285,0.431,0,0.367,0.571,159.984,4
spotify:track:1bd7Q0MZekCX75Lg8VC7x6,"Welcome 2 Hell","Hell: The Sequel (Deluxe)","Bad Meets Evil",2011-01-01,177720,0,true,111573307,2013-10-16T13:37:29Z,"","Universal Music Group",0.75,0.933,8,-2.471,0,0.368,0.178,0,0.362,0.851,141.932,4
spotify:track:1N4jhCFeE0hrZGYfpJsSAF,"Cat Daddy","Cat Daddy - Single","Rej3ctz",2011-02-16,200803,47,true,111573307,2013-10-16T13:43:52Z,"crunk","700 Records",0.872,0.719,2,-8.663,1,0.235,0.0121,0.00000101,0.246,0.32,101.967,4
spotify:track:3B7i9OKRRmIsSBHEbJz58Y,"Grind With Me","Bluestars","Pretty Ricky",2005-05-17,237733,71,true,111573307,2013-10-16T13:44:24Z,"r&b","Atlantic Records",0.7,0.538,1,-5.952,1,0.045,0.000204,0,0.105,0.189,136.518,4
spotify:track:5oX5p0WYgcVpdtlALpFQhq,"Suckas Come & Try Me","On Top Of Our Game","Dem Franchize Boyz",2006-02-07,266173,21,true,111573307,2013-10-16T13:53:14Z,"crunk,hip hop sureño americano","Virgin Records",0.769,0.472,11,-9.789,1,0.113,0.202,0,0.373,0.597,77.003,4
spotify:track:0lvGHxwYVI8ABMAHcNzcg2,"Give A Man A Fish","Greatest Hits","Arrested Development",2001-01-01,263000,18,false,111573307,2013-10-16T14:25:23Z,"","EMI Gold",0.814,0.725,2,-12.607,0,0.148,0.0299,0.00000159,0.852,0.762,109.977,4
spotify:track:4J1zcnVmZANQGQBNiSR74s,"Rappa Ternt Sanga (Intro)","Rappa Ternt Sanga","T-Pain",2005,108000,0,true,111573307,2013-10-25T00:36:54Z,"","Jive",0.543,0.566,2,-12.544,1,0.371,0.00889,0,0.419,0.593,142.18,4
spotify:track:2vuAxgHgsPevirjyiDjYTL,"Cookie","Cookie","R. Kelly",2013-11-22,225013,29,true,111573307,2013-11-27T23:52:18Z,"r&b","RCA Records Label",0.647,0.784,3,-4.097,0,0.0324,0.136,0,0.319,0.511,130.991,4
spotify:track:3K4wWjtt1wphIuGryh7HCc,"Nobody Does It Better","The Great Nate Dogg","Nate Dogg",2013-01-22,270400,12,false,111573307,2013-12-11T20:29:25Z,"g-funk,hip hop de la costa oeste,hip hop old school","Merlin Media Ltd - X5 Music Group",0.726,0.604,0,-6.69,1,0.0444,0.469,0,0.156,0.124,92.038,4
spotify:track:6LY6qQmguN9HRXieGqZfke,"Rap God","Rap God","Eminem",2013-01-01,363973,0,true,111573307,2013-12-14T15:02:09Z,"rap,hip hop","Universal Music Group",0.703,0.84,7,-2.666,1,0.315,0.401,0,0.827,0.609,148.128,4
spotify:track:1v5cgIyffYtfEx0swttdoE,"Bring Da Ruckus","Enter The Wu-Tang (36 Chambers) [Expanded Edition]","Wu-Tang Clan",1993-11-09,251266,63,true,111573307,2013-12-17T21:29:24Z,"hip hop old school,hip hop de la costa este,hip hop,rap gangster,hardcore hip hop","RCA Records Label",0.788,0.584,11,-10.807,1,0.386,0.242,0,0.347,0.528,87.508,4
spotify:track:2MuJbBWAVewREJmB8WdGJ3,"It Was A Good Day","The Essentials","Ice Cube",2008-01-01,260306,59,true,111573307,2013-12-20T21:52:57Z,"hip hop old school,rap gangster,hip hop de la costa oeste,g-funk,hip hop","Priority Records",0.78,0.754,5,-5.377,0,0.0952,0.135,0.034,0.0467,0.81,82.394,4
spotify:track:2gSl0czjvQksGoDx0llShU,"What's Happenin'","Tical 0: The Prequel","Method Man;Busta Rhymes",2004-05-18,232253,0,true,111573307,2013-12-20T21:59:56Z,"hip hop de la costa este,hip hop old school,hip hop,hardcore hip hop","Universal Music Group",0.699,0.895,9,-3.571,1,0.329,0.236,0,0.115,0.716,109.011,4
spotify:track:2rJvc7nSYWBKAuNUMx1Cr2,"Don't Like.1","Kanye West Presents Good Music Cruel Summer","Kanye West;Chief Keef;Pusha T;Big Sean;Jadakiss",2012-01-01,283653,61,true,111573307,2013-12-20T22:00:21Z,"rap,drill de chicago,drill,hip hop de la costa este","Getting Out Our Dreams Inc. (G.O.O.D.) Music / IDJ",0.656,0.612,6,-5.415,0,0.225,0.0094,0,0.146,0.626,132.072,4
spotify:track:6VHIUlOsPCa0Czh0n9rAg8,"Mafia Music","Deeper Than Rap","Rick Ross",2009-01-01,256399,0,true,111573307,2013-12-20T22:02:06Z,"hip hop sureño americano","Universal Music Group",0.627,0.822,1,-5.909,1,0.249,0.0164,0,0.121,0.538,80.02,4
spotify:track:29BQ9OUwO7LsruRanow2R1,"Guantanamera","Greatest Hits","Wyclef Jean featuring Refugee Allstars",2003,271520,0,false,111573307,2013-12-20T22:09:34Z,"","Columbia",0.837,0.419,2,-8.992,1,0.213,0.00225,0.000134,0.107,0.418,87.967,4
spotify:track:5HUOEQrW3ChMxPU7HfzKIv,"C U When U Get There - feat. 40 thevz","Rhino Hi-Five: Coolio","Coolio",2005-03-15,310800,0,false,111573307,2013-12-20T22:20:24Z,"hip hop de la costa oeste,g-funk","Rhino",0.758,0.56,3,-7.708,1,0.171,0.0104,0.000445,0.301,0.454,91.176,4
spotify:track:0LBz07gAdgUukYvpFyW87y,"Now","Paramore","Paramore",2013-04-05,250880,56,false,111573307,2013-12-22T21:30:15Z,"pop punk,emo","Fueled By Ramen",0.419,0.951,0,-3.201,1,0.0897,0.000569,0.000342,0.196,0.326,161.922,4
spotify:track:7KccdUP4IslFXUNNseqBc7,"The Real Slim Shady","The Marshall Mathers LP","Eminem",2000-05-23,284533,6,true,111573307,2013-12-23T22:04:24Z,"rap,hip hop","Aftermath",0.948,0.656,5,-4.34,0,0.0606,0.0287,0,0.0472,0.77,104.495,4
spotify:track:2Y7sWu9JBVxE5z20MpHd4J,"Remember Me?","The Marshall Mathers LP","Eminem;RBX;Sticky Fingaz",2000-05-23,218506,0,true,111573307,2013-12-23T22:04:30Z,"rap,hip hop,g-funk,hip hop de la costa oeste,hip hop old school,rap gangster,hip hop de la costa este","Aftermath",0.802,0.903,8,-3.207,0,0.325,0.00279,0,0.302,0.716,90.071,4
spotify:track:7KEcYE1pe7SRLLO3NHUVq6,"Amityville","The Marshall Mathers LP","Eminem;Bizarre",2000-05-23,253066,0,true,111573307,2013-12-23T22:05:09Z,"rap,hip hop,horrorcore","Aftermath",0.618,0.925,2,-3.326,0,0.256,0.0177,0,0.0655,0.714,79.142,4
spotify:track:0gD2cJRctfFy9RRvwf7BIJ,"Soldier","The Eminem Show","Eminem",2002-05-26,226426,1,true,111573307,2013-12-23T22:07:50Z,"rap,hip hop","Universal Music Group",0.857,0.911,8,-3.021,1,0.21,0.039,0.00035,0.156,0.536,94.544,4
spotify:track:1m9OHohGwd3lWOMTZGZSJM,"When The Music Stops","The Eminem Show","Eminem;D12",2002-05-26,268933,0,true,111573307,2013-12-23T22:08:03Z,"rap,hip hop","Universal Music Group",0.742,0.549,8,-3.614,0,0.103,0.0519,0,0.081,0.093,93.082,3
spotify:track:2RzWl7MCWqwQbTkA3vwGUk,"Just Lose It","Encore","Eminem",2004-11-12,248680,1,true,111573307,2013-12-23T22:09:16Z,"rap,hip hop","Universal Music Group",0.94,0.633,8,-3.56,1,0.0467,0.0581,0.0000404,0.281,0.962,121.003,4
spotify:track:6LH6IWKmglYak5gTQAAg3f,"WW III","Ryde Or Die Vol. II","Ruff Ryders;Snoop Dogg;Scarface;Jadakiss;Yung Wun",2000-01-01,315426,0,false,111573307,2013-12-23T22:34:46Z,"hip hop de la costa este,hip hop old school,g-funk,hip hop de la costa oeste,rap gangster,hip hop,rap,hip hop sureño americano,crunk","Interscope",0.714,0.622,1,-6.947,1,0.384,0.0329,0,0.346,0.41,89.063,4
spotify:track:73Ijn0pKw1YJVP4OO4jUl7,"Can I Have It Like That","In My Mind","Pharrell Williams;Gwen Stefani",2006-01-01,235360,50,true,111573307,2014-01-09T00:06:34Z,"","Virgin Records",0.745,0.525,7,-7.532,1,0.239,0.129,0,0.0811,0.376,100.99,4
spotify:track:5aVkWSe3kHxHCTRlydqs99,"Cisco Kid","How High (Original Motion Picture Soundtrack)","Redman;Method Man;Cypress Hill;War",2001-01-01,240226,0,true,111573307,2014-01-09T00:11:19Z,"hip hop de la costa este,hip hop old school,hip hop,hardcore hip hop,hip hop de la costa oeste,rap rock","Def Jam Recordings",0.882,0.899,9,-5.865,0,0.266,0.0289,0.000141,0.327,0.816,140.68,4
spotify:track:7ePAVfqypoJstoBh4Ub20D,"Who We Be","The Best Of DMX","DMX",2010-01-01,289600,0,true,111573307,2014-01-10T22:31:29Z,"hip hop de la costa este,hip hop old school,hardcore hip hop","Universal Music Group",0.671,0.864,7,-4.195,1,0.214,0.137,0,0.31,0.604,82.726,4
spotify:track:3lPxKulLnBJlYMNVTmFkQz,"03' Bonnie & Clyde","The Hits Collection Volume One [International Version (Explicit)]","JAŸ-Z;Beyoncé",2010-11-22,205240,40,true,111573307,2014-01-10T22:32:04Z,"hip hop,hip hop de la costa este,rap","Roc Nation / IDJ",0.87,0.765,9,-3.4,0,0.297,0.209,0,0.235,0.379,89.909,4
spotify:track:4WxQGUmWBRNovxlF2g8Xdv,"The Humpty Dance","Sex Packets","Digital Underground",1990,391693,0,false,111573307,2014-01-10T22:34:58Z,"hip hop old school,hip hop de la costa oeste","Rhino",0.813,0.693,10,-8,0,0.266,0.0341,0,0.121,0.618,103.508,4
spotify:track:3khOI72jIQ7MQO20UKPsg9,"Nothin'","Ultimate R&B (International Version)","N.O.R.E.",2006-01-01,263786,0,false,111573307,2014-01-10T22:36:58Z,"reggaetón","Universal Music Ltd.",0.792,0.832,0,-7.423,1,0.153,0.317,0.00000234,0.145,0.754,97.006,4
spotify:track:0sfGVnzyBYmEo04PIoKAlT,"Say I - Main","Ultimate R&B (International Version)","Christina Milian;Jeezy",2006-01-01,211160,0,false,111573307,2014-01-10T22:37:52Z,"hip hop sureño americano,crunk,rap gangster,rap","Universal Music Ltd.",0.686,0.881,8,-3.598,1,0.134,0.0177,0.00000321,0.551,0.649,100.01,4
spotify:track:0ZYE0D7JhprcUglK6PloEw,"Let's Get Blown","Ultimate R&B (International Version)","Snoop Dogg",2006-01-01,279413,0,true,111573307,2014-01-10T22:38:23Z,"g-funk,hip hop de la costa oeste,rap gangster,hip hop old school,hip hop,rap","Universal Music Ltd.",0.941,0.6,4,-5.483,0,0.199,0.424,0.065,0.333,0.696,106.015,4
spotify:track:6zP4Mu8OnWqjoIQ8qBc8nS,"Never Leave You (Uh Oooh, Uh Oooh)","Ultimate R&B (International Version)","Lumidee",2006-01-01,184346,0,false,111573307,2014-01-10T22:39:02Z,"","Universal Music Ltd.",0.81,0.616,6,-6.969,1,0.378,0.111,0.534,0.0807,0.786,199.995,4
spotify:track:3aFVweNTXtiIiVSolhSB0l,"The Truth","Ultimate R&B (International Version)","Truth Hurts",2006-01-01,233640,0,true,111573307,2014-01-10T22:39:32Z,"","Universal Music Ltd.",0.746,0.624,1,-6.281,0,0.242,0.0939,0,0.108,0.887,76.238,4
spotify:track:6n7tzKkbAvS8o1XFsDMgnX,"Make Her Feel Good","Ultimate R&B (International Version)","Teairra Marí",2006-01-01,225866,0,true,111573307,2014-01-10T22:40:00Z,"","Universal Music Ltd.",0.817,0.66,2,-9.598,1,0.182,0.0226,0.000491,0.287,0.536,90.517,4
spotify:track:0CGlqgW5hG1U4uWwpOqeNM,"I Am Not My Hair - Featuring Akon","Ultimate R&B (International Version)","India.Arie;Akon",2006-01-01,233320,0,false,111573307,2014-01-10T22:42:03Z,"neo soul","Universal Music Ltd.",0.772,0.614,8,-7.867,1,0.265,0.0167,0,0.329,0.459,98.358,4
spotify:track:5cwnp1SqgnnyvS69J34o0G,"Rich Girl","Ultimate R&B (International Version)","Gwen Stefani;Eve",2006-01-01,236080,0,false,111573307,2014-01-10T22:43:50Z,"","Universal Music Ltd.",0.85,0.664,7,-5.956,0,0.0439,0.0264,0.0000376,0.162,0.744,98.025,4
spotify:track:7bjgan0NwzcPsORDto6cA4,"Dreams","Ultimate R&B (International Version)","The Game",2006-01-01,287226,0,true,111573307,2014-01-10T22:44:03Z,"hip hop de la costa oeste,hip hop old school,rap gangster,hip hop","Universal Music Ltd.",0.599,0.748,6,-6.355,1,0.205,0.0055,0,0.229,0.296,77.745,4
spotify:track:392EX6J5clqiFpRqrV9Qpk,"What Would You Do?","Ultimate R&B (International Version)","City High",2006-01-01,174920,0,true,111573307,2014-01-10T22:45:08Z,"","Universal Music Ltd.",0.731,0.815,7,-6.568,1,0.232,0.261,0,0.557,0.857,95.871,4
spotify:track:7zFv7fAKWgkKnJDKp31ASe,"Dy-Na-Mi-Tee","Ultimate R&B (International Version)","Ms. Dynamite",2006-01-01,217520,0,false,111573307,2014-01-10T22:46:05Z,"uk garage","Universal Music Ltd.",0.458,0.564,3,-8.815,0,0.0596,0.127,0,0.0815,0.571,157.654,4
spotify:track:2hNZ2OZT9TCM3dYw3PxlFv,"Locked Up","Ultimate R&B (International Version)","Akon",2006-01-01,234693,0,true,111573307,2014-01-10T22:48:30Z,"","Universal Music Ltd.",0.835,0.497,7,-6.998,1,0.098,0.0265,0,0.105,0.369,89.994,4
spotify:track:6wg5P2oa081Q9yhkdpIdZM,"Slipped On Da Ice","Lyrical Terrorism","Amir;DJ Quik",2004,280280,4,true,111573307,2014-01-10T22:51:24Z,"g-funk,hip hop de la costa oeste,hip hop old school,rap gangster","Dope Fiend Records",0.898,0.702,1,-1.931,0,0.323,0.176,0,0.205,0.761,97.065,4
spotify:track:7jp8wiZPH9htXXlroFLsCG,"Disco Inferno","The Massacre (Ecopac Reissue Explicit)","50 Cent",2005-03-03,214226,0,true,111573307,2014-01-10T22:53:15Z,"hip hop old school,hip hop de la costa este","Universal Music Ltd.",0.927,0.668,2,-4.768,0,0.244,0.213,0.000146,0.231,0.69,97.051,4
spotify:track:51TLw5wJRQNiJoX3FMuCjX,"Cali-California","Doggy Style Hits","Snoop Dogg;Kurupt",2011,230800,0,false,111573307,2014-01-10T22:55:41Z,"g-funk,hip hop de la costa oeste,rap gangster,hip hop old school,hip hop,rap","Orange Leisure",0.79,0.61,11,-10.611,0,0.45,0.169,0,0.369,0.619,96.003,4
spotify:track:3WibbMr6canxRJXhNtAvLU,"B.O.B. - Bombs Over Baghdad","Stankonia","Outkast",2000-10-31,304226,67,true,111573307,2014-01-10T22:57:25Z,"hip hop sureño americano,hip hop","Arista/LaFace Records",0.746,0.978,9,-5.324,1,0.0978,0.0555,0.0000411,0.026,0.653,153.809,4
spotify:track:4udc6XovxThag5LUUZfbiX,"Ante Up","Cut Killer Show 2","M O P;Funk Flex",2001-09-25,205906,0,false,111573307,2014-01-19T14:20:01Z,"hip hop de la costa este","Eastory",0.636,0.864,1,-8.125,1,0.298,0.00574,0,0.341,0.813,96.663,4
spotify:track:49roS2Ebi0EWlPcwVINx8j,"Soul On Ice","I Am the West","Ice Cube",2010-09-28,219481,11,false,111573307,2014-01-19T14:24:17Z,"hip hop old school,rap gangster,hip hop de la costa oeste,g-funk,hip hop","Lench Mob Records",0.515,0.819,11,-3.679,0,0.184,0.149,0,0.2,0.274,86.788,4
spotify:track:5bKxSCS1A1FgFq3265nuoq,"Hit Da Pavement","7 Days Of Funk","7 Days Of Funk",2013-12-23,256876,0,false,111573307,2014-01-19T14:25:42Z,"g-funk","Stones Throw",0.797,0.899,11,-4.62,0,0.175,0.00387,0.0000782,0.0622,0.436,102.05,4
spotify:track:3dgQqOiQ9fCKVhNOedd2lf,"Started From the Bottom","Nothing Was The Same (Deluxe)","Drake",2013-01-01,174120,71,true,111573307,2014-02-02T19:41:04Z,"rap","Cash Money Records/Young Money Ent./Universal Rec.",0.794,0.523,8,-7.829,1,0.161,0.0331,0,0.156,0.56,86.307,4
spotify:track:6sQJ4BXFK3FMYGU3pQQczy,"Shaolin Style","The Lost Generation","Shyheim;Squig",1996-01-01,225933,38,true,111573307,2014-02-15T18:07:30Z,"hip hop de la costa este,hardcore hip hop,boom bap,hip hop old school","Virgin Records",0.617,0.674,6,-9.593,0,0.255,0.131,0.00000113,0.137,0.893,169.792,4
spotify:track:65hogA42CRa5MWIzGnWNlP,"Doppel Gospel","Lone Sharks","The Doppelgangaz",2011-06-28,270550,0,true,111573307,2014-02-15T18:12:27Z,"lo-fi beats,jazz rap,hip hop underground,boom bap","Groggy Pack Entertainment, LLC.",0.646,0.657,4,-10.409,0,0.406,0.185,0,0.112,0.43,147.987,4
spotify:track:2q6j0nlwgKlYy7xgrria4S,"Show Me","My Own Lane","Kid Ink;Chris Brown",2014-01-03,217800,0,true,111573307,2014-02-20T23:50:12Z,"r&b","Tha Alumni Music Group/88 Classic/RCA Records",0.711,0.508,7,-7.299,1,0.0494,0.0354,0,0.141,0.665,98.098,4
spotify:track:3qFgO2GHdevqi478LlcS0G,"Furious Anger","Wu Tang Vs. Shaolin Masters","Big L;Shyheim",2011-05-17,233106,20,true,111573307,2014-03-02T19:23:18Z,"hip hop de la costa este,hip hop old school,hardcore hip hop,boom bap,hip hop","Wu Music Group",0.579,0.673,8,-7.535,0,0.306,0.35,0,0.347,0.815,177.776,4
spotify:track:6BCNGfQacMqawqzK5Iaqrr,"Twerk","Bitch From Around The Way 2","Lady",2010-11-12,195876,24,true,111573307,2014-03-02T19:34:18Z,"","Big Gates Records",0.746,0.611,1,-7.314,1,0.168,0.00756,0,0.089,0.472,84.07,4
spotify:track:4rSAihN7z8hsy0jImQsGbJ,"The Illest","The Illest","Far East Movement;Riff Raff",2013-01-01,219866,0,true,111573307,2014-03-02T19:35:03Z,"","Universal Music Group",0.665,0.719,6,-4.321,1,0.0782,0.0107,0.0000157,0.117,0.542,142.085,3
spotify:local:::Busta+Rhymes+-+Twerk+It+%28feat.+Nicki+Minaj%29+%28Remix%29:231,"Busta Rhymes - Twerk It (feat. Nicki Minaj) (Remix)","","",,231000,0,false,111573307,2014-03-07T13:48:38Z,"","undefined",,,,,,,,,,,,
spotify:track:6UUP9g13sTjaB5eyj3FBNo,"Prove Me Wrong","Trophies","Apollo Brown;O.C.",2012-05-01,237609,0,true,111573307,2014-03-16T15:40:26Z,"hip hop underground,boom bap,hip hop,hip hop de la costa este,hip hop old school","Mello Music Group",0.513,0.674,1,-7.204,1,0.332,0.148,0.000118,0.13,0.637,87.472,4
spotify:track:33ZXjLCpiINn8eQIDYEPTD,"Shook Ones, Pt. II","The Infamous","Mobb Deep",1995-04-25,325506,80,true,111573307,2014-03-16T15:47:41Z,"hip hop old school,hip hop de la costa este,hardcore hip hop,hip hop,rap gangster","RCA Records Label",0.763,0.786,10,-6.472,0,0.229,0.0146,0.0114,0.0817,0.504,93.857,4
spotify:track:6us0BYGXFGychCrUbdA4AS,"Pistol Pistol (Remix)","Eminem Presents The Re-Up","Obie Trice",2006-12-04,145826,32,true,111573307,2014-03-16T22:31:00Z,"","Shady Records",0.795,0.848,2,-3.812,1,0.307,0.124,0,0.313,0.79,86.03,4
spotify:track:3R12TQC5NIq7F8SkKSRyv3,"Like This - Main","Veteran","Marques Houston;Yung Joc",2007-01-01,231413,0,false,111573307,2014-03-16T22:31:37Z,"r&b,crunk,hip hop sureño americano","Universal Music",0.681,0.53,1,-8.736,1,0.0458,0.0571,0,0.179,0.447,82.935,4
spotify:track:1fC0C3CZmF8A8cTKhhfwp4,"Remedy (feat. Busta Rhymes & Chris Brown)","Reincarnated (Deluxe Version)","Snoop Lion;Busta Rhymes;Chris Brown",2013-04-19,180333,35,false,111573307,2014-03-16T22:32:54Z,"reggae,hip hop de la costa este,r&b","Berhane Sound System/VICE/Mad Decent/RCA Records",0.578,0.76,1,-6.826,1,0.0631,0.000557,0.000259,0.119,0.724,156.882,4
spotify:track:2p7I5fgSnAGHG38k5p1xvY,"Triumph","Playlist: The Very Best Of Wu-Tang Clan","Wu-Tang Clan;Cappadonna",2009,338240,0,false,111573307,2014-03-16T22:33:04Z,"hip hop old school,hip hop de la costa este,hip hop,rap gangster,hardcore hip hop","LOUD/Legacy",0.56,0.692,11,-5.991,0,0.477,0.00787,0,0.292,0.433,181.935,4
spotify:track:14WCycqgnpoDjGMfkWTsf9,"Baby - Album Version (Edited)","In My Mind","Pharrell Williams;Nelly",2006-01-01,246426,13,false,111573307,2014-03-16T22:37:12Z,"","Virgin Records",0.893,0.641,1,-6.031,0,0.139,0.0318,0,0.319,0.926,115.964,4
spotify:track:5a0HRVQlS1ssld2cGoeOYB,"That Girl","In My Mind","Pharrell Williams;Snoop Dogg",2006-01-01,241026,37,false,111573307,2014-03-16T22:37:41Z,"g-funk,hip hop de la costa oeste,rap gangster,hip hop old school,hip hop,rap","Virgin Records",0.641,0.807,2,-5.271,1,0.199,0.288,0,0.294,0.706,96.021,4
spotify:track:4pDtHnUWGTxY1qycBiGeGy,"Mic Checka - Remix","The Very Best Of Das EFX","Das EFX",2001-07-03,309066,34,false,111573307,2014-03-17T10:59:04Z,"hip hop de la costa este,hip hop old school,hardcore hip hop,hip hop,boom bap","Rhino/Elektra",0.754,0.712,11,-10.624,0,0.338,0.0623,0,0.131,0.588,92.113,4
spotify:track:5YpZh8wfS4moRBk0ijNcXr,"Harder Than You Think","How You Sell Soul to a Soulless People Who Sold Their Soul?","Public Enemy",2007-08-07,249521,65,false,111573307,2014-03-17T11:01:29Z,"hip hop old school,hip hop de la costa este,hip hop,hardcore hip hop","SLAMjamz",0.484,0.852,11,-4.442,0,0.274,0.0317,0,0.0547,0.766,103.578,4
spotify:track:5KoVIUpFmr3ksetcGGUPoL,"Warm Bed","Unpredictable","Jamie Foxx",2005-12-20,233933,35,false,111573307,2014-03-17T11:48:43Z,"","J Records",0.747,0.448,1,-11.216,1,0.101,0.25,0,0.328,0.251,95.042,4
spotify:track:7MEdTejoQLWZUTH8M4hoUT,"Thanksgiving feat. Big Pooh","Kendrick Lamar","Kendrick Lamar",2011-01-24,219447,0,false,111573307,2014-03-19T12:17:55Z,"hip hop,hip hop de la costa oeste","Dundridge Entertainment / Unlimited Business",0.54,0.937,10,-3.484,0,0.289,0.238,0,0.283,0.719,93.78,4
spotify:track:3fwUpUntnrvggfHhvyQq6D,"Hip Hop Hooray","Booty Phat Classics","Naughty By Nature",2001-04-17,264840,0,true,111573307,2014-03-19T12:18:25Z,"hip hop old school,hip hop de la costa este","Lil' Joe Records",0.869,0.826,6,-6.996,0,0.101,0.0482,0.00000242,0.326,0.721,99.143,4
spotify:track:62NQ8JoW3yfJ2WSmlnaogw,"Born In The Trap","The R.E.D. Album","The Game",2011-01-01,226560,0,true,111573307,2014-03-19T16:48:24Z,"hip hop de la costa oeste,hip hop old school,rap gangster,hip hop","Universal Music Group",0.675,0.858,9,-3.758,0,0.221,0.0577,0.0000229,0.241,0.541,92.997,4
spotify:track:29feVQjvAhAIWW5Z183ie0,"The Man","Wake Me Up","Aloe Blacc",2013-01-01,255840,0,false,111573307,2014-03-24T00:30:40Z,"","Universal Music Group",0.542,0.769,11,-7.205,0,0.0431,0.0327,0,0.2,0.49,86.052,4
spotify:track:6F8PrqWaLDI3BeMLUWBLab,"The Setup","Cheers","Obie Trice",2003-01-01,193000,0,true,111573307,2014-04-06T22:07:51Z,"","Universal Music",0.908,0.738,1,-4.933,1,0.271,0.143,0,0.0829,0.79,95.954,4
spotify:track:6i2pjicTCz4wfCxogGrq0v,"Got Some Teeth","Cheers","Obie Trice",2003-01-01,227026,0,true,111573307,2014-04-06T22:13:47Z,"","Universal Music",0.785,0.864,10,-2.955,0,0.192,0.19,0.00000919,0.345,0.776,106.495,4
spotify:track:65iyI1iybyv5ecsfBHSdUf,"Gangsta Nation","Terrorist Threats","Westside Connection",2003-12-09,293053,67,true,111573307,2014-04-07T11:09:38Z,"hip hop de la costa oeste,g-funk,rap gangster,hip hop old school","Capitol Records",0.843,0.7,9,-3.249,0,0.26,0.127,0,0.876,0.675,95.05,4
spotify:track:37TnoxURMwHQsJ0mhdDF0a,"On, Onsite","Space Boogie: Smoke Oddessey (Digitally Remastered)","Kurupt;Sean Cruse;Lil 1/2 Dead",2012-10-24,259399,46,true,111573307,2014-04-09T13:17:07Z,"g-funk,hip hop de la costa oeste,rap gangster,hip hop old school","Antra Records / Essential Media Group",0.937,0.697,6,-3.408,1,0.199,0.0538,0,0.268,0.82,98.906,4
spotify:track:439TlnnznSiBbQbgXiBqAd,"m.A.A.d city","good kid, m.A.A.d city","Kendrick Lamar;MC Eiht",2012,350120,70,true,111573307,2014-04-10T00:27:36Z,"hip hop,hip hop de la costa oeste,g-funk,rap gangster","Aftermath",0.487,0.729,2,-6.815,1,0.271,0.0538,0.00000407,0.44,0.217,91.048,4
spotify:track:6gf1xlPETW9CwjsdnUzW3g,"HeadBand (feat. 2 Chainz)","HeadBand (feat. 2 Chainz)","B.o.B;2 Chainz",2013-05-21,219833,49,true,111573307,2014-04-10T00:27:57Z,"hip hop sureño americano,rap","Rebel Rock/Grand Hustle/Atlantic",0.92,0.472,1,-7.941,1,0.333,0.166,0,0.068,0.308,97.463,4
spotify:track:0ASKcRszVijMeasxXDxDHe,"Whoop Your Ass","Whoop Your Ass","Snoop Dogg",2014-03-28,182386,0,false,111573307,2014-04-10T09:11:58Z,"g-funk,hip hop de la costa oeste,rap gangster,hip hop old school,hip hop,rap","Rapier Music",0.867,0.588,2,-3.823,1,0.272,0.0418,0,0.236,0.756,96.446,4
spotify:track:08uGhvS5MfBk7crUCpnjva,"Blame It","Intuition","Jamie Foxx;T-Pain",2008-12-11,289746,69,true,111573307,2014-04-10T21:08:19Z,"","J Records",0.673,0.614,7,-5.426,1,0.103,0.0782,0,0.139,0.362,176.052,4
spotify:track:1jWz5XK0ffVebM9MNztvl6,"State Of Hip Hop Vs. Xzibit","Napalm","Xzibit",2012-01-01,234800,0,true,111573307,2014-04-21T21:35:58Z,"hip hop de la costa oeste,rap gangster,g-funk,hip hop old school,hardcore hip hop,hip hop","Universal Music Group",0.432,0.782,1,-6.607,0,0.35,0.0000968,0,0.18,0.58,79.092,4
spotify:track:13r5JSQ9i1ID0ZqMSDbi4s,"Only You (feat. The Notorious B.I.G., Ma$e) - Bad Boy Remix","Bad Boy's 10th Anniversary- The Hits","112;The Notorious B.I.G.;Ma$e",2004-03-09,285453,49,false,111573307,2014-04-21T21:37:18Z,"r&b,hip hop old school,rap gangster,hip hop de la costa este,hip hop","Bad Boy Records",0.754,0.523,8,-5.799,1,0.0434,0.00841,0,0.126,0.786,95.777,4
spotify:track:6ZYJLutTW4XFq7UjUs864c,"Blue Angels","Ghetto Supastar","Pras",1998-10-03,253693,33,false,111573307,2014-04-21T21:56:56Z,"hip hop old school","Ruffhouse",0.771,0.795,7,-6.303,1,0.0823,0.00746,0.0000205,0.284,0.681,101.008,4
spotify:track:7oHt6RKf6C1kpLCL6KiMtB,"React","Shut 'Em Down","Onyx",1998-06-02,249760,0,false,111573307,2014-04-21T22:01:18Z,"hip hop de la costa este,hardcore hip hop,hip hop old school","Def Jam Recordings",0.908,0.785,1,-9.078,1,0.341,0.00998,0,0.366,0.658,104.491,4
spotify:track:7htdwRoYmbvnu85lzRhJlD,"Victory 2004 - New Anniversary Mix (Dirty)","Bad Boy's 10th Anniversary - The Hits (Explicit Version)","Diddy;The Notorious B.I.G.;50 Cent;Lloyd Banks;Busta Rhymes",2004-01-01,380680,0,true,111573307,2014-04-21T22:15:11Z,"hip hop,hip hop de la costa este,hip hop old school,rap gangster","Universal Music LLC",0.675,0.763,9,-7.115,1,0.306,0.158,0,0.0932,0.495,91.795,4
spotify:track:0WKYRFtH6KKbaNWjsxqm70,"Gin And Juice (feat. Dat Nigga Daz)","Doggystyle","Snoop Dogg;Daz Dillinger",1993,211493,3,true,111573307,2014-04-25T22:35:42Z,"g-funk,hip hop de la costa oeste,rap gangster,hip hop old school,hip hop,rap","Death Row Records",0.549,0.853,7,-4.293,1,0.188,0.0285,0.000296,0.618,0.346,94.695,4
spotify:track:4mSp2FCzwGUN58aurJawQq,"Boyz-N-The-Hood","N.W.A. And Their Family Reunion","Eazy-E",2008-01-01,337014,0,true,111573307,2014-04-25T22:38:32Z,"rap gangster,hip hop old school,hip hop de la costa oeste,g-funk","Priority Records",0.728,0.654,1,-7.044,1,0.243,0.0158,0,0.343,0.657,87.816,4
spotify:track:6ENJiFz2P8cNu1yftOI5rI,"This Way","Neighborhood Watch","Dilated Peoples;Kanye West",2004-04-06,245109,52,false,111573307,2014-04-25T22:39:56Z,"hip hop de la costa oeste,hip hop underground,hip hop,hip hop old school,rap","Capitol Records",0.494,0.864,4,-4.552,0,0.389,0.151,0.00000804,0.321,0.652,87.277,4
spotify:track:3XrvEifl0hIzgBGUa5jBLS,"Grindin'","Lord Willin'","Clipse",2002-04-01,264760,57,true,111573307,2014-04-25T22:40:08Z,"","Arista",0.592,0.77,1,-3.402,1,0.318,0.122,0.00000122,0.103,0.361,191.692,4
spotify:track:27e7rBgyFkp2VCvzzpLakZ,"Keep Her On The Low","Keep Her On The Low","Mindless Behavior",2013-01-22,188173,0,false,111573307,2014-05-07T15:05:59Z,"","Streamline/Interscope",0.641,0.613,1,-6.454,1,0.286,0.0283,0,0.0651,0.665,154.056,4
spotify:track:4TTNebamqkfIl5WaUHb4F8,"Heart-Shaped Box","In Utero (Explicit Version)","Nirvana",1993-09-21,281533,0,false,111573307,2014-05-07T15:10:31Z,"grunge,rock","Geffen Records",0.491,0.718,1,-9.554,1,0.0458,0.0818,0.0359,0.0859,0.428,99.876,4
spotify:track:26p9X8gWUhjfB1GhkbAPtk,"Murder","The 20/20 Experience - 2 of 2","Justin Timberlake;JAŸ-Z",2013-09-27,307560,0,false,111573307,2014-05-07T15:10:49Z,"hip hop,hip hop de la costa este,rap","RCA Records Label",0.563,0.685,1,-7.462,1,0.236,0.0298,0.000266,0.1,0.473,106.811,4
spotify:track:3Z5pXxCb0O6L53vejFHhqQ,"Jamba (feat. Hodgy)","Wolf","Tyler, The Creator;Hodgy",2013-04-01,212500,57,true,111573307,2014-05-07T15:11:49Z,"","Odd Future",0.722,0.488,8,-7.547,1,0.398,0.0404,0.00000345,0.322,0.661,80.093,4
spotify:track:7lwlh4RoZYf6PfSJBDDldD,"Guess Who's Back","House Of Pain","House Of Pain",1992,238333,0,true,111573307,2014-08-18T19:58:13Z,"","Rhino",0.686,0.691,7,-7.979,1,0.337,0.00894,0.00000185,0.13,0.582,206.219,4
spotify:track:3wcBcZYsfJgic8h7IN9aFZ,"Feed Me Diamonds - Gutter Brothers Remix","Feed Me Diamonds (Remixes Part 2)","MNDR",2013-04-02,229320,1,false,111573307,2014-08-18T20:00:25Z,"","Ultra Records, LLC",0.64,0.734,8,-3.446,1,0.0758,0.000205,0.161,0.0572,0.457,140.032,4
spotify:track:7ppPVLsLNfHDneQnzZmUFJ,"Revolusion","Look Like You Love It","Elliphant",2014-04-01,197681,32,false,111573307,2014-08-19T20:21:24Z,"","TEN/Kemosabe",0.579,0.886,9,-4.964,1,0.499,0.127,0.000715,0.334,0.32,159.95,4
spotify:track:1sbQMmZoJf5Yctu3fDlQ0e,"Why Stop Now (feat. Chris Brown & Missy Elliott)","Anarchy 2","Busta Rhymes;Chris Brown;Missy Elliott",2012-05-24,213265,0,true,111573307,2014-08-23T19:50:08Z,"hip hop de la costa este,r&b,hip hop","Dundridge Entertainment / Unlimited Business",0.585,0.881,1,-2.508,1,0.354,0.00182,0.00000128,0.442,0.41,75.304,4
spotify:track:2eXlwgFPe6HgFaPJO8xQHK,"Wanksta","Get Rich Or Die Tryin'","50 Cent",2003-02-06,219400,67,true,111573307,2014-08-23T20:53:41Z,"hip hop old school,hip hop de la costa este","Shady Records",0.802,0.863,1,-3.552,1,0.2,0.0199,0,0.141,0.873,81.008,4
spotify:track:1exAnOA90E59gHQGR259xy,"OMG - Original Mix","OMG","White Gangster",2013-07-07,199727,0,false,111573307,2014-08-24T09:51:33Z,"moombahton","Gardash Records",0.719,0.626,10,-5.822,1,0.458,0.103,0.0000478,0.307,0.392,140.027,4
spotify:track:4PXq7GT6QEtwh9feqD4785,"Serafin Presents E.T.M. Vol 2 - DJ Mix 6","E.T.M. (Electronic Trap Music) Vol 2","DJ Serafin",2012-12-14,159855,0,false,111573307,2014-08-26T21:22:56Z,"edm trap","Secret R",0.771,0.868,8,-6.606,0,0.0397,0.00691,0.257,0.0704,0.568,144.034,4
spotify:track:32cxjD3ufFrwGlxgOc0mUg,"London Bridge","The Dutchess Deluxe","Fergie",2007-01-01,241306,0,true,111573307,2014-08-26T21:30:11Z,"","Universal Music Group",0.77,0.604,1,-5.817,1,0.356,0.199,0,0.208,0.65,90.937,4
spotify:track:3W3KtDwAIg3mAruSpnfG3Q,"Fancy","The New Classic (Deluxe Version)","Iggy Azalea;Charli xcx",2014-01-01,199938,72,true,111573307,2014-08-31T16:54:43Z,"hyperpop,art pop","EMI",0.912,0.716,10,-4.141,0,0.0698,0.0904,0,0.0491,0.377,94.981,4
spotify:track:5FCrCk5y0vRIRV5nlT2w8X,"Never Catch Me","Never Catch Me","Flying Lotus;Kendrick Lamar",2014-09-04,234486,0,false,111573307,2014-09-05T14:24:02Z,"idm,hip hop experimental,nu jazz,glitch,hip hop,hip hop de la costa oeste","Warp Records",0.526,0.936,8,-4.576,1,0.263,0.316,0.000384,0.261,0.283,81.305,4
spotify:track:19gEmPjfqSZT0ulDRfjl0m,"Hot N*gga","Hot N*gga","Bobby Shmurda",2014-07-25,194561,73,true,111573307,2014-09-10T19:09:56Z,"","Epic/GS9",0.794,0.51,9,-7.314,1,0.42,0.0505,0.00000181,0.0562,0.18,167.879,4
spotify:track:637C200Jhri4YSNk3DVdWP,"Straight","Wake Up!","Reveille Recording Lab",2014-03-12,171093,0,true,111573307,2014-09-14T18:45:33Z,"","© reveille Recording Lab",0.411,0.896,4,-3.179,1,0.305,0.0917,0,0.158,0.525,113.272,5
spotify:track:52JyHLUiugFECIYBWM2qdh,"No Love","Recovery","Eminem;Lil Wayne",2010-06-18,299506,2,true,111573307,2014-09-19T13:35:47Z,"rap,hip hop","Universal Music Group",0.735,0.932,11,-2.86,1,0.224,0.128,0,0.175,0.318,129.583,4
spotify:track:1hWYT0w2R0J19rlVkiez7X,"Battle Scars (with Guy Sebastian)","Food & Liquor II: The Great American Rap Album, Pt. 1","Lupe Fiasco;Guy Sebastian",2012-09-25,250320,67,false,111573307,2014-09-21T10:17:25Z,"","1st & 15th/Atlantic",0.517,0.811,5,-4.526,0,0.286,0.186,0,0.105,0.494,168.269,4
spotify:track:1PhmFufQowjegRYc4jAqOq,"Red Nose","Remember Me","Sage The Gemini",2014-01-01,193200,0,true,111573307,2014-09-21T10:21:51Z,"hyphy","Universal Music Group",0.859,0.46,11,-5.699,0,0.123,0.413,0,0.233,0.761,97.513,4
spotify:track:0V4l4GQhgnWQGtCWpvA7va,"Crew Love","Take Care (Deluxe)","Drake;The Weeknd",2011-11-15,208813,74,true,111573307,2014-09-21T10:44:50Z,"rap","Cash Money Records/Young Money Ent./Universal Rec.",0.418,0.546,0,-9.057,0,0.238,0.227,0,0.229,0.294,160.152,4
spotify:track:6NNWpqisP8aFWSO377cAks,"Naked (feat. Big Sean)","Naked (feat. Big Sean)","Kevin McCall;Big Sean",2012-05-04,261586,24,true,111573307,2014-09-26T23:49:47Z,"","RCA Records Label",0.547,0.646,5,-8.194,0,0.289,0.00118,0,0.141,0.842,205.816,4
spotify:track:5fhrNi5SPdJzH2GjiuDZ02,"Heisman2 (feat. Tyga)","Heisman2 (feat. Tyga)","Honey C;Tyga",2013-09-12,182363,29,true,111573307,2014-09-29T19:04:38Z,"","Last Kings LLC",0.949,0.438,1,-7.787,1,0.34,0.328,0,0.12,0.386,119.941,4
spotify:track:40iqc94M52SdqnifRSqRWh,"X","X (Deluxe Version)","Chris Brown",2014-09-12,260733,0,true,111573307,2014-10-01T09:21:12Z,"r&b","RCA Records Label",0.547,0.73,11,-5.94,0,0.0903,0.0999,0,0.101,0.319,147.899,4
spotify:track:4B0tKXJguUl5YqW5wDcjNe,"Came To Do","X (Deluxe Version)","Chris Brown;Akon",2014-09-12,228400,0,true,111573307,2014-10-01T09:35:55Z,"r&b","RCA Records Label",0.745,0.637,8,-4.946,1,0.0439,0.0206,0,0.0721,0.531,97.955,4
spotify:track:0TRvzhQIe3v6Jpcw8DBSte,"Bugatti","Bugatti (Explicit Version)","Ace Hood;Future;Rick Ross",2013-01-01,269533,0,true,111573307,2014-10-01T21:07:49Z,"rap,trap,hip hop sureño americano","We The Best Music/Cash Money Records",0.581,0.619,1,-3.723,1,0.0496,0.0175,0,0.11,0.0867,130.432,4
spotify:track:2MO3mSPBH8U9qalH72vqZ1,"Old English","Old English","Young Thug;A$AP Ferg;Freddie Gibbs",2014-07-01,201960,0,false,111573307,2014-10-01T21:10:51Z,"rap,rap melódico,trap,jazz rap,hip hop alternativo","Mass Appeal Records",0.809,0.801,1,-5.461,1,0.407,0.0408,0,0.353,0.744,81.94,4
spotify:track:4E9oMuvzEsS2T9hdxWBwPQ,"Ill Mind of Hopsin 7","Ill Mind of Hopsin 7","Hopsin",2014-07-18,350482,0,true,111573307,2014-10-01T21:14:56Z,"","Funk Volume",0.642,0.791,2,-3.859,0,0.322,0.0515,0,0.119,0.331,93.015,4
spotify:track:4DkOlVLlOH5kA64VRy9acr,"Murda (feat. Pusha T)","My Own Lane","Kid Ink;Pusha T",2014-01-07,217586,0,true,111573307,2014-10-01T21:21:02Z,"","Tha Alumni Music Group/88 Classic/RCA Records",0.643,0.669,4,-5.667,1,0.0674,0.0225,0.0000233,0.304,0.58,75.028,4
spotify:track:76WG5zpzb4BVETMXV0Py9H,"9MM","The Greatest Story Ever Told","David Banner;Akon;Snoop Dogg;Lil Wayne",2008,247453,0,true,111573307,2014-10-06T16:33:42Z,"hip hop sureño americano,crunk,g-funk,hip hop de la costa oeste,rap gangster,hip hop old school,hip hop,rap","Universal Records",0.772,0.713,6,-5.268,1,0.303,0.00773,0,0.382,0.578,83.008,4
spotify:track:68rkUUmwVcnG3jXQwGNAbX,"Window Shopper","Straight from the Hood","50 Cent;Murda Mase",2008-02-19,245720,0,false,111573307,2014-10-08T11:07:36Z,"hip hop old school,hip hop de la costa este","Street Dance Records",0.462,0.43,5,-13.782,0,0.311,0.152,0,0.294,0.522,174.577,4
spotify:track:6xrGmUhpesNsi2DgwFCcww,"Shake It feat. Nosia","United Colours Of Beggatron","Foreign Beggars",2011-01-01,194320,0,false,111573307,2014-10-11T22:02:01Z,"dubstep,drumstep,dub,grime","Dented Records",0.708,0.699,7,-5.121,1,0.465,0.0908,0,0.102,0.684,109.781,4
spotify:track:6ogksQ3NhDbGNUEMBmRVBJ,"Dat Nigga Dare","B.L.E.V.E.","Kutt Calhoun",2004-08-10,286133,0,false,111573307,2014-10-13T13:52:51Z,"","MSC Entertainment",0.637,0.592,1,-3.828,1,0.438,0.326,0,0.461,0.615,89.595,4
spotify:track:3BWxYPiMoUfNsPtSzRuXfw,"No Type","No Type","Rae Sremmurd",2014-01-01,199026,0,true,111573307,2014-10-14T14:44:00Z,"","Universal Music Ltd.",0.862,0.488,6,-8.386,1,0.15,0.0107,0,0.0979,0.214,125.006,4
spotify:track:3FUS56gKr9mVBmzvlnodlh,"Killing In the Name","Rage Against The Machine","Rage Against The Machine",1992-11-03,313936,60,true,111573307,2014-10-14T23:11:50Z,"rap metal,rap rock,metal alternativo,nu metal","Epic",0.457,0.779,7,-6.323,1,0.257,0.0185,0.00000204,0.0247,0.734,86.573,4
spotify:track:4rHok3ezc58xrfUoco1E0P,"Bruh Button (feat. Yung Poppy & Jay Dubz)","Bruh Button (feat. Yung Poppy & Jay Dubz)","Young Keiko;Yung Poppy;Jay Dubz",2014-09-20,223529,1,true,111573307,2014-10-18T09:11:23Z,"","BRUH INC",0.922,0.353,11,-10.922,0,0.269,0.00758,0.0000357,0.295,0.0887,98.001,4
spotify:track:6BB6x7Bct5D1fxoQyxBakF,"Release","Bridging The Gap (Edited Version)","Black Eyed Peas",2000-01-01,308026,0,false,111573307,2014-10-20T20:19:48Z,"","Universal Music Ltd.",0.58,0.594,11,-5.203,1,0.347,0.0457,0.0000221,0.14,0.728,93.413,4
spotify:track:30idL605ooAEsCbGBHh6Qp,"Rock","Youth Is Yours","Lexicon",2003-10-21,247533,0,false,111573307,2014-10-27T23:51:13Z,"hardcore punk","B.E.A.R.",0.902,0.538,10,-6.503,0,0.332,0.436,0,0.158,0.777,94.965,4
spotify:track:4CJG0UCViLP02OdSTUsld4,"Ooh Wee (feat. Ghostface Killah, Nate Dogg, Trife & Saigon)","Hitch - Music From The Motion Picture","Mark Ronson;Ghostface Killah;Nate Dogg;Trife;Saigon",2005-02-14,208973,0,false,111573307,2014-10-27T23:52:16Z,"hip hop de la costa este,hardcore hip hop,hip hop old school,hip hop,g-funk,hip hop de la costa oeste","Columbia",0.724,0.95,4,-4.007,0,0.12,0.0257,0.00000731,0.321,0.819,105.073,4
spotify:track:6juIzbXd7ERNLhYCcOpi7u,"Check Yo Self","The Essentials","Ice Cube",2008-01-01,222466,42,true,111573307,2014-10-27T23:52:35Z,"hip hop old school,rap gangster,hip hop de la costa oeste,g-funk,hip hop","Priority Records",0.848,0.663,1,-6.703,1,0.173,0.121,0.000923,0.113,0.743,101.072,4
spotify:track:0u6dKuKqkIgbBghPwiLECZ,"Brokenhearted","Youth Is Yours","Lexicon",2003-10-21,227973,0,false,111573307,2014-10-27T23:52:59Z,"hardcore punk","B.E.A.R.",0.606,0.662,10,-5.708,0,0.305,0.012,0,0.181,0.672,181.066,4
spotify:track:4sozsbVtlFDe74usgfDPOQ,"Studio","Oxymoron (Deluxe)","ScHoolboy Q;BJ The Chicago Kid",2014-01-01,278066,0,true,111573307,2014-11-02T10:04:34Z,"","Universal Music Group",0.708,0.596,8,-7.692,0,0.0412,0.0523,0,0.0555,0.588,133.955,3
spotify:track:72xzZNPH3mqesufcgevdI4,"Bueller","Jeffree's Volume 5","Etc! Etc!;Brillz;Diplo;Chuck Inglish",2012-09-25,172361,0,true,111573307,2014-11-09T18:40:27Z,"edm trap,dubstep,moombahton","Mad Decent",0.777,0.916,1,-4.366,0,0.282,0.0231,0.00000456,0.559,0.397,139.989,4
spotify:track:7p54iuWHqvdeN224OglZ9t,"I Don't Fuck With You","I Don't Fuck With You","Big Sean;E-40",2014-01-01,284560,0,true,111573307,2014-11-10T14:27:47Z,"hyphy,hip hop de la costa oeste,g-funk","Getting Out Our Dreams Inc. (G.O.O.D.) Music / IDJ",0.82,0.723,1,-5.505,1,0.0656,0.0327,0,0.347,0.417,97.98,4
spotify:track:4jtyUzZm9WLc2AdaJ1dso7,"0 To 100 / The Catch Up","0 To 100 / The Catch Up","Drake",2013-07-14,275226,72,true,111573307,2014-11-10T14:28:18Z,"rap","Cash Money Records/Young Money Ent./Universal Rec.",0.559,0.716,11,-3.964,0,0.39,0.737,0,0.252,0.504,176.618,4
spotify:track:46X0dXeliHXD73sxexJx7d,"Only","Only","Nicki Minaj;Drake;Lil Wayne;Chris Brown",2014-10-28,312186,0,true,111573307,2014-11-10T14:28:24Z,"rap,hip hop,r&b","Motown",0.849,0.51,8,-6.902,0,0.516,0.352,0,0.0956,0.273,120.02,4
spotify:track:67SnNGW8kH366XFFk7NmBj,"Ditty Dum Ditty Doo (feat. Snoop Dogg & Tha Eastzidaz)","Music and Me","Nate Dogg;Snoop Dogg;Tha Eastsidaz",2001-12-04,267600,45,true,111573307,2014-11-26T00:02:28Z,"g-funk,hip hop de la costa oeste,hip hop old school,rap gangster,hip hop,rap","Elektra Records",0.805,0.772,11,-6.179,0,0.309,0.604,0.00000731,0.122,0.792,104.813,4
spotify:track:73ntBJ9o49skR3S6WaZFk1,"FM$","FM$","New Boyz",2012-04-13,181907,57,true,111573307,2014-11-26T00:04:55Z,"","Warner Records",0.67,0.474,1,-7.245,1,0.383,0.0906,0.0299,0.0762,0.268,94.973,4
spotify:track:05Iq0aWMVNbXd0zKcRCFkP,"Redbull (feat. Redman, Method Man, Inspectah Deck, Ghostface Killah & Raekwon)","The W","Wu-Tang Clan;Redman;Method Man;Inspectah Deck;Ghostface Killah;Raekwon",2000-11-20,233973,31,true,111573307,2014-11-30T23:31:50Z,"hip hop old school,hip hop de la costa este,hip hop,rap gangster,hardcore hip hop,boom bap","LOUD Records",0.652,0.895,0,-3.993,1,0.37,0.24,0,0.389,0.687,95.97,4
spotify:track:7iy1Gnq8JLtKTiSE3ELT4g,"My Life","Rebellious Soul","K. Michelle",2013-08-13,303280,21,true,111573307,2014-12-16T19:52:26Z,"r&b","Atlantic Records",0.663,0.597,10,-6.48,0,0.0607,0.0185,0.0000958,0.176,0.256,133.14,4
spotify:track:7bHAPztFgUAR27gBM2HCGt,"Nothing (feat. Eric Bellinger)","Nothing (feat. Eric Bellinger) - Single","Mase",2014-07-16,181224,45,true,111573307,2014-12-16T23:14:15Z,"","WestSide Entertainment & Rich Fish Records",0.695,0.66,1,-4.948,0,0.0718,0.261,0,0.554,0.44,97.995,4
spotify:track:7Ik8lEKexWPoGutgJ90C4S,"No Time","SAAAB Stories Produced by Harry Fraud","Action Bronson",2013-06-11,276600,32,true,111573307,2014-12-16T23:17:05Z,"hip hop de la costa este","Atlantic Records",0.719,0.728,11,-4.541,0,0.5,0.356,0,0.135,0.466,79.366,4
spotify:track:1P80QWZJ4oQqlp5GBBoTLd,"U.O.E.N.O. Remix (feat. Future, Wiz Khalifa)","U.O.E.N.O. Remix (feat. Future & Wiz Khalifa) - Single","Rocko",2013-04-23,262857,52,true,111573307,2014-12-16T23:18:12Z,"hip hop sureño americano","Rocky Road Records",0.432,0.703,10,-3.845,0,0.332,0.461,0,0.779,0.663,187.302,3
spotify:track:3DTIJCpDUb3ksiWvnR2dIs,"So Obvious","Fear Of God II: Let Us Pray","Pusha T",2011-11-08,195000,0,true,111573307,2014-12-16T23:18:25Z,"","Decon",0.545,0.741,1,-7.812,0,0.221,0.165,0,0.0927,0.567,159.947,4
spotify:track:6UEUQ3rn6pSnV3gb3aKCVu,"Gangsta","Rhino Hi-Five: Fabolous","Fabolous",2007-04-24,222160,0,true,111573307,2014-12-16T23:18:39Z,"","Rhino/Elektra",0.498,0.675,9,-4.88,0,0.363,0.0828,0,0.0636,0.347,192.662,4
spotify:track:2E5GmprK74nS6FKE1tBzns,"Da Ill Out","Muddy Waters","Redman;Jamal;Keith Murray",1996-12-10,215293,0,true,111573307,2014-12-18T21:41:05Z,"hip hop de la costa este,hip hop old school,hip hop,hardcore hip hop,boom bap","Universal Music Group",0.749,0.65,7,-8.945,1,0.506,0.269,0,0.172,0.609,90.293,4
spotify:track:69jhDFRyO1tPJGxwuffP4A,"Foreign","Trigga (Deluxe)","Trey Songz",2014-07-02,249000,17,true,111573307,2014-12-20T19:36:46Z,"r&b","Atlantic Records",0.749,0.643,5,-7.424,0,0.114,0.0254,0,0.101,0.651,123.92,4
spotify:track:4eQec76xYzMWafPfJEDELl,"Disrespectful (feat. Mila J)","Trigga (Deluxe)","Trey Songz;Mila J",2014-07-02,236733,12,true,111573307,2014-12-20T19:39:38Z,"r&b","Atlantic Records",0.575,0.658,10,-6.776,0,0.0328,0.00195,0.0000233,0.0763,0.204,106.82,4
spotify:track:1FaU6P6WJF8irbZ1MXo9ky,"Pose - Main Version - Explicit","FutureSex/LoveSounds","Justin Timberlake;Snoop Dogg",2006-09-12,286906,0,true,111573307,2014-12-20T19:51:26Z,"g-funk,hip hop de la costa oeste,rap gangster,hip hop old school,hip hop,rap","Jive",0.939,0.505,0,-5.551,1,0.0848,0.0644,0.00000569,0.109,0.738,119.992,4
spotify:track:6N9ZOtguCnnrvwH7zD82WJ,"GDFR (feat. Sage the Gemini & Lookas)","GDFR (feat. Sage The Gemini & Lookas)","Flo Rida;Sage The Gemini;Lookas",2014-09-29,190185,57,false,111573307,2014-12-20T19:59:38Z,"hyphy,edm trap,future bass,dubstep","Poe Boy/Atlantic",0.657,0.827,5,-4.036,1,0.0734,0.000704,0.00534,0.065,0.69,145.889,4
spotify:track:4RZMYKoQiDH27kh6UoIrI2,"L.A.LOVE (la la)","L.A.LOVE (la la)","Fergie",2014-01-01,192653,0,false,111573307,2015-01-05T00:47:27Z,"","Universal Music Group",0.478,0.386,4,-7.999,0,0.0893,0.0183,0,0.264,0.268,201.753,4
spotify:track:7aXuop4Qambx5Oi3ynsKQr,"I Don't Mind (feat. Juicy J)","I Don't Mind (feat. Juicy J)","USHER;Juicy J",2014-11-21,251989,68,true,111573307,2015-01-05T00:47:43Z,"r&b,crunk","RCA Records Label",0.87,0.464,4,-8.337,1,0.178,0.205,0,0.0902,0.457,112.974,4
spotify:track:1eN27pPLzE59zuFbY8SsiT,"Don't Tell 'Em","Don't Tell 'Em","Jeremih;YG",2014-06-06,268453,0,true,111573307,2015-01-05T00:48:35Z,"hyphy","Def Jam Records",0.859,0.538,2,-5.207,1,0.0699,0.527,0.00000114,0.137,0.333,98.031,4
spotify:track:5duzWVPXF94ueiTqhRm34h,"Love Don't Live Here No More (feat. Kandace Springs)","36 Seasons","Ghostface Killah;Kandace Springs",2014-12-05,228117,0,true,111573307,2015-01-16T10:22:54Z,"hip hop de la costa este,hardcore hip hop,hip hop old school,hip hop,vocal jazz,jazz pop,jazz,smooth jazz","Tommy Boy Entertainment, LLC",0.547,0.766,5,-5.858,1,0.405,0.48,0,0.185,0.436,85.341,4
spotify:track:1Lphn7aWmLmrKIKDj5OEiD,"About the Money (feat. Young Thug)","About the Money (feat. Young Thug)","T.I.;Young Thug",2014-06-03,270120,14,false,111573307,2015-01-16T10:23:55Z,"hip hop sureño americano,rap,rap melódico,trap","Grand Hustle/Columbia",0.807,0.719,9,-4.987,0,0.274,0.0331,0,0.0901,0.559,101.94,4
spotify:track:3Y3iC7f2ypojLMgr7yn9ZC,"Smoke","Animal Ambition: An Untamed Desire To Win","50 Cent;Trey Songz",2014-05-30,230278,48,true,111573307,2015-01-16T10:24:15Z,"hip hop old school,hip hop de la costa este,r&b","G-UNIT RECORDS (GNR)",0.519,0.87,0,-5.004,0,0.392,0.049,0,0.259,0.565,84.114,4
spotify:track:0YsNWdVVmu2fTq8iRNIePT,"Lean Wit It, Rock Wit It - feat. Peanut & Charlay","Lean Wit It, Rock Wit It","Dem Franchize Boyz;Peenut;Charlay",2005,230960,0,true,111573307,2015-01-17T16:05:14Z,"crunk,hip hop sureño americano","Virgin Records",0.886,0.618,0,-5.734,1,0.301,0.0847,0,0.101,0.643,76.019,4
spotify:track:3J58iVk8OXYAGG4YvOKG8u,"That's That Shit","Sexual Eruption","Snoop Dogg;R. Kelly",2008-01-01,257813,56,true,111573307,2015-01-17T16:11:51Z,"g-funk,hip hop de la costa oeste,rap gangster,hip hop old school,hip hop,rap,r&b","Geffen",0.866,0.619,9,-4.774,0,0.19,0.0202,0,0.0371,0.733,82.05,4
spotify:track:68Zq7PMcPIQE8ol1x3gAqw,"The Way I Live","Across The Water","Baby Boy Da Prince;Boosie Badazz",2006-01-01,324906,61,true,111573307,2015-01-17T16:12:48Z,"hip hop sureño americano,crunk","Universal Records",0.88,0.438,0,-7.562,1,0.248,0.0147,0,0.0907,0.714,90.02,4
spotify:track:2dxjKgT0li4qBI3QwuN9Ih,"Touch The Sky","Late Registration","Kanye West;Lupe Fiasco",2005-08-30,236600,79,true,111573307,2015-01-17T16:14:05Z,"rap","Roc-A-Fella",0.552,0.846,9,-4.912,1,0.342,0.0114,0,0.309,0.554,98.56,1
spotify:track:5HEnJBNGBHbhK0QFZ6oTGs,"Shut 'Em Down","Shut 'Em Down","Onyx;DMX",1998-06-02,238706,0,true,111573307,2015-01-20T12:58:36Z,"hip hop de la costa este,hardcore hip hop,hip hop old school","Def Jam Recordings",0.756,0.922,11,-5.918,0,0.44,0.0541,0,0.169,0.552,86.569,4
spotify:track:5asmJ5mrUJGcEQh4hNmgmt,"Trapazoid","Trapazoid","Dope D.O.D.;Posij",2015-01-01,234428,0,true,111573307,2015-01-20T13:01:01Z,"hardcore hip hop,horrorcore,frenchcore,drum and bass,drumstep,bass music","Dope D.O.D. records",0.71,0.86,11,-3.932,1,0.337,0.145,0,0.228,0.569,139.98,4
spotify:track:5bU4KX47KqtDKKaLM4QCzh,"Die MF Die","Life","Dope",2001-12-16,186066,67,true,111573307,2015-01-20T13:03:05Z,"metal industrial,nu metal,rock industrial,metal","Epic",0.657,0.96,5,-3.524,0,0.07,0.00169,0.000997,0.109,0.567,126.02,4
spotify:track:79MSEdtXuudhGhC5AtG07g,"Break from Toronto","PARTYNEXTDOOR","PARTYNEXTDOOR",2013-07-01,99213,5,true,111573307,2015-01-23T21:22:34Z,"dark r&b,r&b,trap soul","OVO Sound",0.596,0.678,9,-5.18,1,0.0335,0.0199,0.004,0.418,0.259,117.066,4
spotify:track:7wAMpsM82ECmBRcdffvMiK,"She Knows","She Knows","Ne-Yo;Juicy J",2014-09-16,221072,0,true,111573307,2015-01-23T21:34:15Z,"crunk","Universal Music Group",0.707,0.599,8,-4.401,0,0.0318,0.0156,0,0.547,0.597,140.006,4
spotify:track:5bAwc4oM3fwqdidTHwaVnZ,"Body Shots","X (Deluxe Version)","Chris Brown",2014-09-12,222386,0,true,111573307,2015-01-26T18:35:57Z,"r&b","RCA Records Label",0.598,0.59,9,-7.593,0,0.107,0.00604,0,0.0425,0.515,144.781,4
spotify:track:3K4HG9evC7dg3N0R9cYqk4,"One Step Closer","Hybrid Theory (Bonus Edition)","Linkin Park",2000-10-24,157333,86,false,111573307,2015-02-11T03:39:00Z,"nu metal,rap metal,rock,metal alternativo","Warner Records",0.492,0.969,9,-4.419,1,0.0491,0.0014,0.00000132,0.0787,0.538,95.136,4
spotify:track:1fLlRApgzxWweF1JTf8yM5,"Given Up","Minutes to Midnight","Linkin Park",2007-05-14,189293,85,true,111573307,2015-02-11T03:41:14Z,"nu metal,rap metal,rock,metal alternativo","Warner Records",0.655,0.886,7,-4.116,1,0.0435,0.00113,0.000409,0.0448,0.938,100.088,4
spotify:track:0xg6InOcITbEBRzBcVC0Rc,"Focused On You (feat. 2 Chainz)","Focused On You (feat. 2 Chainz)","Eric Bellinger;2 Chainz",2014-12-09,192721,37,false,111573307,2015-02-13T17:52:45Z,"hip hop sureño americano,rap","300 Entertainment",0.566,0.677,4,-6.866,0,0.186,0.00652,0,0.146,0.418,94.542,4
spotify:track:2epGMZt9GFdH1etwMbQcFm,"Beez In The Trap","Pink Friday: Roman Reloaded The Re-Up (Explicit Version)","Nicki Minaj;2 Chainz",2012-01-01,268480,46,true,111573307,2015-02-14T12:24:33Z,"hip hop sureño americano,rap","Nicki Minaj/Cash Money",0.813,0.782,9,-6.005,1,0.218,0.0227,0.00165,0.0956,0.681,150.003,4
spotify:track:3wflTUpmLxq8myvZl2D5cs,"Gots Ta Be - Platinum Status Remix","B2K The Remixes Vol. 1","B2K",2002-11-17,177040,5,false,111573307,2015-02-17T20:01:30Z,"","Epic",0.79,0.813,8,-4.446,1,0.271,0.156,0,0.0662,0.895,95.793,4
spotify:track:2KLdqq5ewuycd2SbGtm8zc,"Stuck Like This - Snippet","B2K The Remixes Vol. 1","Jhené Aiko",2002-11-17,91266,3,false,111573307,2015-02-17T20:01:30Z,"r&b","Epic",0.829,0.582,6,-6.677,0,0.253,0.0182,0.0403,0.0489,0.571,170.068,3
spotify:track:6yDKBeJEbvvyHAZGyq1w7x,"Starsky & Hutch","Phenomenon","LL COOL J;Busta Rhymes",1997-10-14,243800,0,false,111573307,2015-02-17T20:01:38Z,"hip hop old school,hip hop de la costa este","Universal Music Group",0.857,0.8,2,-8.503,1,0.29,0.0156,0.00000215,0.279,0.786,102.881,4
spotify:track:1bIk9t8Y2SKzoybF3NPEmR,"Forgive","The Love EP","Dynasty (Ya Girl Dy)",2011-11-11,220682,0,false,111573307,2015-02-17T20:01:56Z,"","Feel Good Ink / Recordpushers",0.559,0.799,1,-8.701,1,0.469,0.333,0,0.442,0.623,176.178,4
spotify:track:3P0Zl5sPe6YqIYll2251L1,"Le roseau","Explicit Samouraï","Explicit Samourai",2004-01-01,228920,1,false,111573307,2015-02-17T20:10:58Z,"rap francés","Aktarus",0.718,0.765,1,-5.946,1,0.196,0.201,0,0.267,0.648,82.9,4
spotify:track:77zRbTngtb6zhbASFezzIl,"Etat d’choc","Explicit Samouraï","Explicit Samourai",2004-01-01,306106,0,false,111573307,2015-02-17T20:10:58Z,"rap francés","Aktarus",0.755,0.725,0,-5.831,1,0.479,0.0932,0,0.179,0.475,93.006,4
spotify:track:7lLx76O0zm4zESRf0g5Qo6,"Mode v-vr","Explicit Samouraï","Explicit Samourai;Sly the Mic Buddah",2004-01-01,231973,0,false,111573307,2015-02-17T20:10:58Z,"rap francés","Aktarus",0.824,0.653,8,-6.314,1,0.494,0.332,0,0.134,0.746,93.097,4
spotify:track:6tyY6npYZQpCJsz4h8gi4g,"Bling Bling - Street Chic","Explicit Samouraï","Explicit Samourai",2004-01-01,217160,0,false,111573307,2015-02-17T20:10:58Z,"rap francés","Aktarus",0.745,0.678,9,-8.238,0,0.346,0.505,0.00000145,0.233,0.838,102.406,4
spotify:track:2GZxIBMdO5zUrKmZS3Y7Dm,"Badman","Explicit Samouraï","Explicit Samourai",2004-01-01,318253,0,false,111573307,2015-02-17T20:10:58Z,"rap francés","Aktarus",0.834,0.631,2,-8.235,1,0.436,0.326,0,0.0201,0.765,87.058,4
spotify:track:6N7yoPLx8R8XjZ1K6Wtg6y,"Ta p’tite amie","Explicit Samouraï","Explicit Samourai",2004-01-01,376800,0,false,111573307,2015-02-17T20:10:58Z,"rap francés","Aktarus",0.63,0.811,0,-9.242,1,0.509,0.358,0,0.589,0.273,92.52,4
spotify:track:6s5K2OVObHIPopECYuB3zg,"Listen Baby (feat. Mashonda)","All Or Nothing","Fat Joe;Mashonda",2005-06-14,215426,18,true,111573307,2015-02-17T20:25:13Z,"hip hop de la costa este","RT Industries",0.577,0.809,6,-4.586,1,0.297,0.0865,0,0.149,0.67,86.383,4
spotify:track:5R2PXtq2Edz44GzedqA0LE,"It's Me Snitches","It's Me Snitches (Edited Version)","Swizz Beatz",2007-01-01,155213,0,false,111573307,2015-02-17T20:26:10Z,"","Universal Music",0.641,0.953,9,-3.913,1,0.216,0.0112,0.000899,0.241,0.139,92.134,4
spotify:track:6ZYVxt5CRd9i1l1XrJSBtB,"BadMind Fi The Year","Silver Bullet Series Vol.1","I-Octane",2011-05-17,224480,0,false,111573307,2015-02-17T20:30:00Z,"dancehall,riddim,reggae,lovers rock,soca,ragga","21st-Hapilos Digital Distribution",0.838,0.797,1,-2.977,0,0.0751,0.136,0,0.342,0.648,95.049,4
spotify:track:6p5abLu89ZSSpRQnbK9Wqs,"Post to Be (feat. Chris Brown & Jhene Aiko)","Post to Be (feat. Chris Brown & Jhene Aiko)","Omarion;Chris Brown;Jhené Aiko",2014-11-11,226580,57,true,111573307,2015-03-25T00:00:15Z,"r&b","MMG/Atlantic",0.733,0.676,10,-5.655,0,0.0432,0.0697,0,0.208,0.701,97.448,4
spotify:track:0FTiiAwutDj4SRNg3yGnMt,"Freeze (feat. Chris Brown)","Thr33 Ringz","T-Pain;Chris Brown",2009-04-02,216933,0,false,111573307,2015-03-25T00:01:43Z,"r&b","Jive",0.734,0.626,0,-6.808,1,0.0714,0.0152,0,0.214,0.458,119.997,4
spotify:track:0KPvXk0R8KpRszHRBEWbOn,"Karaoke (feat. DJ Khaled)","Thr33 Ringz","T-Pain;DJ Khaled",2009-04-02,249333,0,true,111573307,2015-03-25T00:04:16Z,"","Jive",0.484,0.752,6,-4.977,0,0.349,0.0376,0,0.274,0.275,153.682,4
spotify:track:771lQyKAtqXRpZ7iM4JsbP,"Fuck Tha Police","Straight Outta Compton (2002 - Remaster)","N.W.A.",1988-08-08,345733,1,true,111573307,2015-03-25T00:37:28Z,"hip hop old school,rap gangster,hip hop de la costa oeste,hip hop,rap,g-funk","Priority Records",0.871,0.819,8,-5.439,0,0.298,0.0138,0,0.0608,0.857,98.699,4
spotify:track:3sgTiqsN5eNNGTBl1VsO44,"Oh Boy","Come Home With Me","Cam'ron;Juelz Santana",2002-01-01,204706,0,true,111573307,2015-03-26T01:40:38Z,"hip hop de la costa este","Def Jam Recordings",0.762,0.776,11,-5.623,1,0.196,0.0266,0,0.0959,0.796,83.02,4
spotify:track:19lkZhtSqEXb2j5DEykkx5,"Can I Kick It?","The Anthology","A Tribe Called Quest",1999-10-26,264840,0,false,111573307,2015-03-26T01:46:16Z,"jazz rap,hip hop de la costa este,hip hop old school,hip hop","Jive",0.842,0.682,4,-8.73,0,0.427,0.141,0.00856,0.137,0.727,96.68,4
spotify:track:5jMfUlvj7qqesIwHeoW7mi,"Let Me Love You (Remix) (feat. Jadakiss & T.I.)","Turning Point","Mario;Jadakiss;T.I.",2004-12-06,268933,40,false,111573307,2015-03-26T01:47:17Z,"r&b,hip hop de la costa este,hip hop sureño americano","J Records",0.826,0.686,7,-5.346,1,0.163,0.00118,0.00278,0.282,0.413,98.001,4
spotify:track:4v6V17Q3pypLu7zayg8vMa,"One Minute Man (feat. Ludacris)","Miss E... So Addictive","Missy Elliott;Ludacris",2001-05-14,274693,38,false,111573307,2015-03-26T01:48:58Z,"hip hop,hip hop sureño americano","Elektra/EEG",0.848,0.638,9,-8.395,1,0.306,0.0193,0.00000715,0.131,0.61,93.881,4
spotify:track:44ssa5Vilw1qJ79wZKfZgx,"Thoia Thoing","The Essential R. Kelly","R. Kelly",2014-05-19,221240,42,false,111573307,2015-03-26T01:49:13Z,"r&b","Jive/Legacy",0.585,0.625,1,-5.575,1,0.31,0.266,0.0000482,0.0724,0.95,87.055,4
spotify:track:2e2jSI2Bqb5ju6S1UdFsrr,"Pump It Up","Joe Budden","Joe Budden",2003-06-10,251373,0,true,111573307,2015-03-26T01:49:23Z,"","Def Jam Recordings",0.483,0.847,6,-5.042,1,0.349,0.0373,0,0.118,0.67,104.919,4
spotify:track:6KQEXfAdNQ85TabNo6mNIk,"I Know","Dark Sky Paradise (Deluxe)","Big Sean;Jhené Aiko",2015-02-23,319973,0,true,111573307,2015-03-26T01:51:14Z,"r&b","Universal Music Group",0.744,0.332,1,-11.315,1,0.0745,0.329,0,0.116,0.277,119.997,4
spotify:track:5Mp7wU5IrcnmLlaFMZwowJ,"Remember Me","Remember Me","Chris Brown;Tyga",2015-02-17,253920,0,true,111573307,2015-03-26T01:51:22Z,"r&b","RCA Records/Young Money Entertainment/Cash Money Records",0.655,0.592,9,-7.853,0,0.142,0.0549,0,0.25,0.547,138.05,4
spotify:track:387d34iruAkp5VeT07TmJZ,"Get You Alone (Featuring Jeremih)","Get You Alone (Featuring Jeremih)","Maejor",2015-01-01,277584,40,true,111573307,2015-03-26T01:52:12Z,"","First Of The Month, LLC",0.413,0.665,6,-5.329,1,0.199,0.00997,0.00000127,0.366,0.237,92.01,4
spotify:track:0AXPuz3M2pIssPotaSIGvT,"Bitches N Marijuana","Bitches N Marijuana","Chris Brown;Tyga;ScHoolboy Q",2015-02-06,254693,0,true,111573307,2015-03-26T01:52:23Z,"r&b","RCA Records/Young Money Entertainment/Cash Money Records",0.559,0.535,3,-8.136,0,0.274,0.337,0,0.105,0.62,96.989,4
spotify:track:7EKOezTOQmncyU306Ltdd9,"Hotel","Hotel","Kid Ink;Chris Brown",2015-01-09,218880,0,true,111573307,2015-03-26T01:53:00Z,"r&b","Tha Alumni Music Group/88 Classic/RCA Records",0.78,0.581,10,-6.996,0,0.17,0.00497,0,0.215,0.693,102.87,4
spotify:track:3KT41h3L0xjFbMhMOob2HU,"I Don't Fuck With You","I Don't Fuck With You","Big Sean;E-40",2014-01-01,284560,0,true,111573307,2015-03-26T01:55:55Z,"hyphy,hip hop de la costa oeste,g-funk","Universal Music Ltd.",0.816,0.721,1,-5.533,1,0.0734,0.0349,0,0.339,0.401,97.965,4
spotify:track:7jT2PnjzkziqfxhiMgGs5r,"2 On (feat. ScHoolboy Q)","2 On (feat. ScHoolboy Q)","Tinashe;ScHoolboy Q",2014-01-21,230186,39,false,111573307,2015-03-26T01:59:05Z,"r&b alternativo","RCA Records Label",0.757,0.587,9,-7.597,1,0.112,0.114,0,0.0865,0.436,100.996,4
spotify:track:5sbXP9BaCXvlZdu3Qmh0DO,"Pills N Potions","Pills N Potions","Nicki Minaj",2014-05-21,268840,0,true,111573307,2015-03-26T01:59:14Z,"","Universal Music Ltd.",0.488,0.475,2,-10.32,1,0.14,0.0311,0.00000939,0.0669,0.22,169.328,4
spotify:track:4rYgV3xc1LGCXn0sLkkANE,"Numb","Numb","August Alsina;B.o.B;Yo Gotti",2013-01-01,255266,0,true,111573307,2015-03-26T01:59:47Z,"hip hop sureño americano","Def Jam Records",0.797,0.488,11,-6.71,0,0.113,0.0211,0,0.0658,0.255,96.006,4
spotify:track:1iMq1SKpMAfEDl7yh9g70j,"Work","Work","Iggy Azalea",2013-04-02,223196,0,true,111573307,2015-03-26T02:01:02Z,"","Def Jam Recordings",0.695,0.814,7,-4.946,1,0.17,0.0602,0,0.405,0.512,140.022,4
spotify:track:2tf3sLhUxE9O5VFeotS54W,"Only That Real (feat. 2 Chainz & Sage The Gemini)","Sincerely Yours [Bonus Track Version]","Iamsu!;Sage The Gemini;2 Chainz",2014-05-09,220420,0,true,111573307,2015-03-26T02:02:01Z,"hyphy,hip hop sureño americano,rap","Heart Break Gang",0.87,0.375,2,-8.389,1,0.182,0.0484,0,0.107,0.135,97.95,4
spotify:track:2ONcc9h9V7l7mSCMajI3n9,"In & Out (feat. Wale)","THIS...Is Marcus Canty","Marcus Canty;Wale",2013-03-03,246466,21,false,111573307,2015-03-26T18:53:27Z,"","Syco Music/Epic",0.639,0.712,6,-4.572,0,0.065,0.0033,0,0.736,0.543,79.984,4
spotify:track:6zsyePo6YVC6Z77MAtRQgV,"Compton","good kid, m.A.A.d city","Kendrick Lamar;Dr. Dre",2012-01-01,248093,0,true,111573307,2015-04-26T22:41:28Z,"hip hop,hip hop de la costa oeste,hip hop old school,g-funk,rap gangster,rap","Universal Music Group",0.347,0.906,1,-4.433,0,0.43,0.078,0,0.379,0.246,170.181,4
spotify:track:55YHftnlehUQQJoTSLKCxj,"Up All Night","Thank Me Later (Int'l Version)","Drake;Nicki Minaj",2010-01-01,234333,64,true,111573307,2015-04-26T22:45:00Z,"rap","Cash Money Records/Young Money Ent./Universal Rec.",0.606,0.809,7,-4.667,1,0.279,0.00778,0.0000159,0.336,0.272,156.337,4
spotify:track:2H7V0Si9wNYl9CYS717Ab8,"Russian Roulette","Rated R","Rihanna",2009-11-20,227573,0,false,111573307,2015-04-27T11:27:14Z,"","Universal Music Group",0.39,0.473,6,-5.79,0,0.0484,0.0492,0,0.115,0.293,77.278,4
spotify:track:1vffte5WTHIik37ePfJdo4,"King Kunta","To Pimp A Butterfly","Kendrick Lamar",2015-03-16,234693,2,true,111573307,2015-04-30T14:50:16Z,"hip hop,hip hop de la costa oeste","Universal Music Group",0.884,0.657,6,-4.569,0,0.0977,0.00589,0,0.154,0.489,107.059,4
spotify:track:4T0ScSPdQKmGvruK7pavNP,"Flex (Ooh, Ooh, Ooh)","Flex (Ooh, Ooh, Ooh) - Single","Rich Homie Quan",2015-02-10,176744,62,true,111573307,2015-04-30T14:57:03Z,"hip hop sureño americano","Think It's A Game Records",0.726,0.607,2,-7.68,1,0.0498,0.0389,0,0.19,0.891,81.997,4
spotify:track:5rX9fqEGsHnQeEEsc1Cc3J,"All Hands On Deck REMIX (feat. Iggy Azalea)","All Hands On Deck REMIX (feat. Iggy Azalea)","Tinashe;Iggy Azalea",2015-02-24,220645,46,true,111573307,2015-05-04T23:06:54Z,"r&b alternativo","RCA Records Label",0.807,0.53,7,-4.236,0,0.0415,0.493,0.0000707,0.236,0.429,97.007,4
spotify:track:3pYG7o2sHuz58upQoSEYuA,"Chingalinga (feat. Jason Derulo)","Chingalinga (feat. Jason Derulo)","Alyxx Dione;Jason Derulo",2015-04-06,201835,29,false,111573307,2015-05-04T23:09:32Z,"","Future History/RCA Records",0.663,0.72,8,-3.822,1,0.199,0.0546,0.00000971,0.133,0.568,79.998,4
spotify:track:3DmW6y7wTEYHJZlLo1r6XJ,"Shower","Shower","Becky G",2014-04-23,206166,85,false,111573307,2015-05-04T23:13:12Z,"reggaetón,latina","Kemosabe Records/RCA Records",0.699,0.529,2,-7.548,1,0.0487,0.0317,0.0000359,0.285,0.121,119.987,4
spotify:track:2kJsHQMFO7jj2qX3QjPKP1,"Burial","Burial","Pusha T;Yogi",2014-03-14,224224,0,true,111573307,2015-05-07T08:52:42Z,"dubstep","OWSLA",0.646,0.867,9,-5.215,1,0.0512,0.0148,0.00375,0.347,0.41,146.011,4
spotify:track:5P7dZsbWX0RvhxF2K9j6Ny,"Nasty Freestyle","Nasty Freestyle","T-Wayne",2015-03-04,142440,0,true,111573307,2015-05-07T08:55:01Z,"","T-wayne",0.888,0.395,8,-9.807,0,0.3,0.0284,0,0.151,0.583,135.119,4
spotify:track:1YD3Dg7Olipi5FGVDLHWAu,"All Day","All Day","Kanye West;Theophilus London;Allan Kingdom;Paul McCartney",2015-03-02,310906,1,true,111573307,2015-05-07T08:55:52Z,"rap","Universal Music Group",0.861,0.651,9,-4.718,0,0.111,0.0739,0,0.211,0.421,122.985,4
spotify:track:5aEVBQk0INOPz1yxg11Hnd,"Juice (feat. June3rd)","Juice (feat. June3rd)","Landon Moss;June3rd",2015-05-06,195682,0,true,111573307,2015-05-20T19:09:51Z,"","AMG",0.862,0.65,9,-4.527,1,0.21,0.129,0,0.107,0.215,92.566,4
spotify:track:3vdKpSTx6Q1XJp3khDoMkz,"Too Young","Too Young","Post Malone",2015-04-23,238106,0,true,111573307,2015-06-03T01:57:50Z,"","Post Malone",0.698,0.578,11,-6.726,0,0.0436,0.269,0.000289,0.0833,0.256,122.941,4
spotify:track:6cyY0oyuKOD9Y5CDbyYMIm,"F-U (feat. Meek Mill)","I Am","Yo Gotti;Meek Mill",2013-11-16,185560,51,true,111573307,2015-06-03T22:16:43Z,"hip hop sureño americano,rap","Epic/CMG",0.71,0.799,0,-4.876,1,0.121,0.000234,0,0.527,0.423,83.029,4
spotify:track:0Bi1amRigSOIzLc21hOH6p,"Drop That Kitty (feat. Charli XCX & Tinashe)","Drop That Kitty (feat. Charli XCX & Tinashe)","Ty Dolla $ign;Charli xcx;Tinashe",2015-02-17,216635,46,true,111573307,2015-06-23T10:10:15Z,"trap soul,hyperpop,art pop,r&b alternativo","Atlantic Records",0.874,0.712,11,-5.667,0,0.0315,0.0283,0.0887,0.0824,0.585,106.021,4
spotify:track:4OKXvqtfwlvY2fYJ2lzHPH,"Yonkers","Goblin","Tyler, The Creator",2011-05-09,249333,0,true,111573307,2015-06-25T13:17:08Z,"","XL Recordings",0.712,0.759,11,-5.397,1,0.334,0.016,0.0808,0.217,0.738,79.103,4
spotify:track:6uQQryGUd1GjojoC0Tp5bd,"Shaka Zulu","The Gold Album: 18th Dynasty","Tyga",2015-06-30,253793,36,true,111573307,2015-07-05T20:38:57Z,"","Last Kings Music",0.845,0.705,2,-3.239,1,0.197,0.331,0,0.14,0.287,86.989,4
spotify:track:2zZ51zxWKnpSKOFSjGeIdx,"Hustler's Story (feat. Scarface, Akon & Big Gee)","Duets: The Final Chapter","The Notorious B.I.G.;Akon;Big Gee;Scarface",2005-11-18,347266,44,true,111573307,2015-07-08T19:50:22Z,"hip hop old school,rap gangster,hip hop de la costa este,hip hop,hip hop sureño americano,g-funk","Bad Boy Records",0.503,0.693,10,-6.026,0,0.219,0.199,0,0.077,0.743,80.542,4
spotify:track:7K7Ufgd41kEX2tdqFxmIWD,"Skate on 'em (feat. Too Short & Problem)","Skate on 'em (feat. Too Short & Problem)","Trak D;Too $hort;JasonMartin",2014-12-16,196129,23,true,111573307,2015-07-11T09:04:40Z,"funky británico,hyphy,hip hop de la costa oeste,g-funk,hip hop old school,rap gangster","Trak D Publishings",0.712,0.846,9,-5.396,1,0.0711,0.197,0.000138,0.176,0.475,92.959,4
spotify:track:1k7ubu4YfnxdU49urFiGD0,"How To Be A Boss (feat. Ludacris & NOE) - Explicit Album Version","Pray IV Reign","Jim Jones;Ludacris;NOE",2009-03-19,307146,9,true,111573307,2015-07-16T17:00:30Z,"hip hop de la costa este,hip hop sureño americano","Koch/Columbia",0.415,0.714,2,-4.76,1,0.202,0.0000919,0,0.0799,0.236,77.045,4
spotify:track:7HRMo1cEFxoInV9fWjkoqB,"Hele Meneer","Hele Meneer #Dingems - EP","Adje",2012-08-20,163263,45,false,111573307,2015-07-16T17:20:46Z,"moombahton","Streetknowledge Music",0.547,0.676,1,-6.41,0,0.2,0.373,0,0.0994,0.395,94.711,4
spotify:track:0LELPRj78p97tQ3W0ovCA8,"Fever - Dirty","Fever (Dirty)","Rhymefest",2006-06-02,229533,0,true,111573307,2015-07-16T17:26:28Z,"","J Records",0.479,0.905,1,-4.034,1,0.336,0.103,0,0.144,0.646,170.219,4
spotify:track:0mLy0uwea9MvTxmBLDGEVy,"Transformation","The City","John Jackson",2013-06-23,238520,33,true,111573307,2015-07-16T17:28:22Z,"","Cell Shocked Music",0.542,0.742,2,-8.329,0,0.23,0.685,0,0.12,0.323,85.499,4
spotify:track:4bkhs6spQvVnVJAlXuKR6a,"Touchin, Lovin (feat. Nicki Minaj)","Trigga Reloaded","Trey Songz;Nicki Minaj",2015-06-23,221971,59,true,111573307,2015-07-17T21:35:12Z,"r&b","Songbook/Atlantic",0.813,0.58,11,-6.724,1,0.0746,0.0405,0.00000845,0.349,0.443,100.045,4
spotify:track:3VkB06gBwj09A3AJ0HxBZF,"Shut 'Em Down","Southern Black Gentleman","RaShad",2015-07-14,279626,0,false,111573307,2015-07-19T20:11:32Z,"blues,zydeco","Easley Branch, LLC",0.784,0.733,7,-6.434,1,0.241,0.118,0,0.861,0.727,76.548,4
spotify:track:3wMhOYx0eGyecMceqARX7n,"Gettin By","Black Hippy","Black Hippy;Lloyd Banks;ScHoolboy Q",2013-05-16,237920,0,true,111573307,2015-07-20T16:18:13Z,"","Dundridge Entertainment / Unlimited Business",0.315,0.75,8,-6.455,1,0.347,0.0707,0,0.13,0.172,76.96,4
spotify:track:6PNfomMFjL2FnwWXe0qN7I,"Nasty (feat. Dro)","Nasty (feat. Dro)","Bandit Gang Marco;Dro",2014-10-14,189884,0,true,111573307,2015-07-25T21:42:21Z,"","Diamond Style Records",0.883,0.486,11,-8.175,1,0.271,0.0164,0,0.461,0.462,134.985,4
spotify:track:1zgnEfnFgx7BlQPPdHfqJx,"Imma Ride","Fillmoelanta da Trap","Rich Homie Quan;Gucci Mane",2015-07-21,287085,19,true,111573307,2015-07-25T21:45:12Z,"hip hop sureño americano,rap,trap","1017",0.854,0.401,9,-8.553,1,0.395,0.118,0,0.527,0.42,139.922,4
spotify:track:3OplJdRtAun3vmmYTfu1gD,"Freestyle","Fillmoelanta da Trap","Rich Homie Quan;Young Thug",2015-07-21,222720,36,true,111573307,2015-07-25T21:45:20Z,"hip hop sureño americano,rap,rap melódico,trap","1017",0.723,0.661,1,-6.036,0,0.228,0.38,0,0.196,0.388,140.021,4
spotify:track:6bxQVHC1agGEKSiQF5q33A,"Beat It Up","Fillmoelanta da Trap","Rich Homie Quan;Young Thug",2015-07-21,241554,24,true,111573307,2015-07-25T21:45:56Z,"hip hop sureño americano,rap,rap melódico,trap","1017",0.777,0.445,1,-10.662,1,0.128,0.00276,0,0.0601,0.252,107.073,4
spotify:track:17ygLBycpMJk3EdZ4p80h5,"Back Of My Lac'","Back Of My Lac'","J. Holiday",2007-01-01,289293,31,true,111573307,2015-07-26T21:19:58Z,"r&b","Capitol Records",0.698,0.651,6,-4.702,1,0.18,0.0227,0,0.237,0.572,82.488,4
spotify:track:32UIpKdyGzgTPTO8e5ge5c,"Amen (feat. Drake)","Dreams and Nightmares (Deluxe Edition)","Meek Mill;Drake",2012-10-26,289706,55,true,111573307,2015-07-28T21:32:17Z,"rap","MMG/Warner Records",0.503,0.795,10,-4.505,1,0.335,0.178,0,0.042,0.265,149.981,4
spotify:track:1EbWiEra7ovNsMq3DeLSDy,"Power Trip (feat. Miguel)","Power Trip (feat. Miguel)","J. Cole;Miguel",2013-02-14,240280,1,true,111573307,2015-08-02T20:03:39Z,"rap,r&b","Roc Nation/Columbia",0.63,0.608,1,-7.273,1,0.225,0.338,0.000288,0.665,0.406,99.948,4
spotify:track:1LDnzO0CPdkzlQA9oxHeh1,"Freak Of The Week","Freak Of The Week","Krept & Konan;Jeremih",2015-06-26,225037,0,true,111573307,2015-08-06T17:45:45Z,"grime,uk grime,afroswing","Universal Music Group",0.747,0.569,11,-6.885,0,0.282,0.0157,0,0.241,0.472,95.004,4
spotify:track:7mYvtEeBdMqRSyj1Qpv6my,"Hot Boyz","Da Real World","Missy Elliott",1999,215466,52,true,111573307,2015-08-14T20:32:22Z,"hip hop","Atlantic Records/ATG",0.727,0.445,1,-11.241,1,0.291,0.339,0,0.18,0.527,81.125,4
spotify:track:510Efpc9eTTSe038rqZwfC,"I'm Really Hot","Respect M.E.","Missy Elliott",2006-09-04,210613,32,false,111573307,2015-08-14T20:37:08Z,"hip hop","Atlantic Records/ATG",0.88,0.638,7,-8.774,1,0.176,0.418,0.0000121,0.255,0.876,113.9,4
spotify:track:2p88qjsUqXPZnuPh5lmBEV,"Without Me (feat. Kelly Rowland & Missy Elliott)","Side Effects Of You (Deluxe Version)","Fantasia;Kelly Rowland;Missy Elliott",2013-04-19,270786,33,true,111573307,2015-08-14T20:38:53Z,"r&b,hip hop","J Records",0.713,0.687,6,-7.518,0,0.21,0.129,0,0.214,0.555,75.014,4
spotify:track:3rbNV2GI8Vtd8byhUtXZID,"Clique","Clique","Kanye West;JAŸ-Z;Big Sean",2012-09-06,293533,2,true,111573307,2015-09-26T11:18:00Z,"rap,hip hop,hip hop de la costa este","Getting Out Our Dreams Inc. (G.O.O.D.) Music / IDJ",0.704,0.569,7,-4.998,0,0.247,0.0488,0,0.191,0.313,109.314,5
spotify:track:1fLdeDTrJWNkwOeFyAVLvF,"Good Life","Graduation","Kanye West;T-Pain",2007-09-11,207000,8,true,111573307,2015-09-27T22:11:34Z,"rap","Universal/Island Def Jam",0.435,0.802,1,-6.871,1,0.324,0.00376,0,0.467,0.454,84.267,4
spotify:track:32Uh7gnu26h0Qe2eZjYoYF,"OYOYO","ELEVATED","J. Martins",2013-01-11,243880,43,false,111573307,2015-09-27T22:11:58Z,"azonto,afrobeats,coupé décalé,afrobeat,ndombolo,hiplife,afropop","ROCKSTAR4000",0.588,0.626,5,-12.257,0,0.51,0.29,0,0.0824,0.939,101.252,4
spotify:track:61gdV080ZA5U16H2L1aTRz,"Play","Certified (Explicit Version)","David Banner",2005-11-18,230133,0,true,111573307,2015-09-27T22:13:50Z,"hip hop sureño americano,crunk","Universal Records,",0.837,0.658,1,-8.013,0,0.126,0.000213,0.122,0.243,0.586,95.027,4
spotify:track:64Jyg9AzWl3AHdnkKPmY4T,"2AM.","2AM.","Adrian Marcel;Sage The Gemini",2014-01-01,237653,64,true,111573307,2015-09-28T17:42:13Z,"hyphy","Universal Records",0.849,0.534,4,-6.365,1,0.0699,0.0472,0,0.25,0.599,102.014,4
spotify:track:1mzdBqSqAENTJcQ1CsCDcH,"All We Do","Kaytra to Do","KAYTRANADA;JMSN",2013-02-25,252008,0,false,111573307,2015-09-28T17:53:19Z,"","Jakarta",0.695,0.521,11,-9.509,0,0.0932,0.0104,0.00316,0.083,0.263,140.005,4
spotify:track:1Ois7mIIMY2W4o2QwK3kWR,"Mrs. Right","#1 Girl","Mindless Behavior;Diggy Simmons",2011,248186,0,false,111573307,2015-10-02T11:18:52Z,"","Universal Music Group",0.424,0.734,5,-4.717,0,0.132,0.0492,0,0.0849,0.548,93.479,5
spotify:track:5xt3OoGk8PdLImcxbQjiqD,"Officially Missing You (feat. Alex Spanador Mosely & Bruce Waynne) - Midi Mafia Mix aka Radio Main","Officially Missing You","Tamia;Alex Spanador Mosely;Bruce Waynne",2003,204146,61,false,111573307,2015-10-05T13:42:56Z,"r&b","Elektra Records",0.733,0.605,2,-11.012,1,0.0836,0.0618,0.0366,0.251,0.9,104.97,4
spotify:track:1b1uYryhYbL9z7pSQTCAbm,"Black In The Behind","Black In The Behind","KAPTN;JUVENILE",2014-08-12,236293,0,false,111573307,2015-10-05T13:52:35Z,"hip hop sureño americano,crunk,bounce de nueva orleans,bounce","Universal Music Group",0.62,0.87,1,-4.587,0,0.25,0.0186,0.0000955,0.104,0.645,98.032,4
spotify:track:71kZP3u1h27zyjfULjSxPT,"Like Me","Remember My Name (Deluxe)","Lil Durk;Jeremih",2015-06-02,238440,52,true,111573307,2015-10-06T14:01:16Z,"drill de chicago,drill","Def Jam Recordings",0.722,0.529,6,-8.742,0,0.109,0.466,0.00000883,0.0739,0.0987,115.994,4
spotify:track:6393Du1axGG1NvAMq0OcfU,"I Know There's Gonna Be (Good Times)","In Colour","Jamie xx;Young Thug;Popcaan",2015-06-01,213622,1,true,111573307,2015-10-06T14:38:23Z,"rap,rap melódico,trap,dancehall,soca,riddim,afrobeats,reggae","Young Turks Recordings",0.458,0.595,11,-9.912,0,0.217,0.117,0,0.506,0.502,89.571,4
spotify:track:56Ygy1eRcvAdNPDiEyq8dk,"Lil Bit","Lil Bit","K CAMP",2015-01-20,238426,0,true,111573307,2015-10-09T18:56:41Z,"","Universal Music Group",0.779,0.44,1,-16.422,1,0.104,0.527,0,0.0624,0.737,104.976,4
spotify:track:1jbLkcfE9VrWI3wCZaZU61,"Bunx Up","Bunx Up (feat. Marcy Chin)","DeeWunn;Marcy Chin",2013-01-01,215700,0,false,111573307,2015-10-10T20:32:53Z,"dancehall","Wiletunes / Ward 21 Music",0.947,0.805,11,-4.192,0,0.296,0.008,0,0.0805,0.637,99.998,4
spotify:track:6J5sxraPPZ4b0CVOGAgpXj,"I'm Different","Based On A T.R.U. Story (Deluxe)","2 Chainz",2012-01-01,207040,2,true,111573307,2015-10-16T10:32:19Z,"hip hop sureño americano,rap","Def Jam Recordings",0.936,0.702,10,-5.305,1,0.0615,0.0473,0,0.0838,0.704,97.524,4
spotify:track:6IFDy0imCdhDpHj98GczEX,"So Mi Like It","So Mi Like It","Spice",2014-11-28,154038,63,true,111573307,2015-10-16T10:34:40Z,"dancehall,soca,shatta,ragga","VP Records",0.812,0.693,0,-3.914,0,0.367,0.0382,0,0.104,0.853,90.12,4
spotify:track:5BUt321m1NQToAo1qqeWa7,"Please Me","Keep Talkin About Love - Deluxe Edition","K-Young;Young Berg;Bobby Brackins",2011-07-19,258986,50,true,111573307,2015-10-16T10:54:55Z,"","Magic Ink/Treacherous Records",0.667,0.587,1,-6.231,1,0.0332,0.0982,0,0.37,0.227,97.891,4
spotify:track:45zgCExAG1yMAd9iVm4pm8,"Reign Of Darkness","Hate","Thy Art Is Murder",2012,215226,0,false,111573307,2015-10-17T16:08:51Z,"deathcore,death metal,metal,metalcore,djent","Nuclear Blast Records",0.392,0.966,9,-3.863,1,0.172,0.00132,0.0473,0.239,0.0764,139.83,4
spotify:track:5fSgXNTAh3ImNGfh9jsE9N,"Diamonds Aren't Forever","Suicide Season Cut Up!","Bring Me The Horizon",2008-09-29,228066,0,true,111573307,2015-10-17T16:15:54Z,"metalcore,emo,rock,screamo,metal","Visible Noise",0.226,0.857,6,-5.379,1,0.208,0.000138,0,0.0805,0.123,154.018,4
spotify:track:0daKP949G7MgLJ5ERE45uM,"Where I'm From","Shelter Food","Mark Battles;Tory Lanez",2015-03-10,213995,0,true,111573307,2015-10-17T16:19:24Z,"","Fly America",0.586,0.682,8,-7.197,1,0.107,0.506,0,0.442,0.492,127.557,4
spotify:track:32Gf0AD6MkvkHuWOSB2GuN,"Hun Vil Ha","Over Askeskyen (Deluxe Version)","Pede B",2012-05-21,221195,44,false,111573307,2015-10-18T11:49:31Z,"rap danés,dansktop,pop danés","Target Records",0.629,0.632,7,-8.221,1,0.35,0.227,0,0.0539,0.676,86.722,4
spotify:track:1r3hsLb5yAkqDqBOvnD5d4,"Episode","The Block Brochure: Welcome To The Soil (Parts 4)","E-40;T.I.;Chris Brown",2013-01-01,232093,0,true,111573307,2015-10-18T11:51:24Z,"hyphy,hip hop de la costa oeste,g-funk,hip hop sureño americano,r&b","HEAVY ON THE GRIND ENTERTAINME (HT2)",0.694,0.636,3,-5.615,1,0.0794,0.0323,0,0.117,0.32,92.057,4
spotify:track:5xQEManOgwhHgs2Zhfj03H,"Holla at Me","Fireworks","C Breeze",2014-03-27,194455,0,true,111573307,2015-10-18T11:51:54Z,"","Esoteric",0.867,0.813,0,-4.897,1,0.192,0.215,0,0.0965,0.461,100.004,4
spotify:track:4mtXGZyQpgJT7h0t76gR7X,"The Mack","Mann's World","Mann;Snoop Dogg;Iyaz",2011-01-01,214706,26,true,111573307,2015-10-18T11:53:12Z,"g-funk,hip hop de la costa oeste,rap gangster,hip hop old school,hip hop,rap","Mercury Records",0.684,0.898,2,-3.533,1,0.184,0.0709,0,0.452,0.524,99.036,4
spotify:track:657Sdu2yPfDEEQ7YEJjeUD,"I’m Ill","Trending Topics","Evil Empire;Fabolous",2011-04-10,203415,0,true,111573307,2015-10-18T11:55:37Z,"","101 Distribution",0.605,0.834,1,-3.693,1,0.387,0.503,0,0.081,0.74,124.293,5
spotify:track:4M4sRME7JO6vCtk3TX4tji,"Dat Wil Ik Nu Hebben","RETRO","Reverse;Idaly;Ronnie Flex;Frenna",2014-06-09,221082,16,true,111573307,2015-10-18T11:56:20Z,"nederpop","Top Notch Music BV",0.914,0.558,1,-8.575,1,0.215,0.297,0,0.0861,0.703,130.113,4
spotify:track:4MMqj7HaLL8BphbBZnlsdq,"I Like That","It's Already Written","Houston;Chingy;Nate Dogg;I-20",2004-01-01,236520,64,false,111573307,2015-10-18T11:56:51Z,"crunk,g-funk,hip hop de la costa oeste,hip hop old school,hip hop sureño americano","Capitol Records",0.797,0.502,10,-3.925,0,0.0968,0.0154,0,0.1,0.385,106.997,4
spotify:track:0SodSMjIkJnOL9FWXHqJ56,"Emotion (Ain't Nobody)","Emotion (Ain't Nobody) [Remix]","Maverick Sabre;Skeme;Splurgeboys",2014-01-01,208422,18,false,111573307,2015-10-18T11:58:16Z,"grime,uk grime","EMI",0.74,0.652,7,-7.67,1,0.224,0.185,0,0.322,0.675,98.031,4
spotify:track:10VBBaul4zVD0reteuIHM2,"From Time","Nothing Was The Same (Deluxe)","Drake;Jhené Aiko",2013-01-01,322160,0,true,111573307,2015-10-21T13:57:50Z,"rap,r&b","Aspire Music Group, LLC",0.738,0.491,1,-9.726,0,0.413,0.626,0,0.126,0.448,94.378,4
spotify:track:3KiEydhjn7yf58h9jBD5Sa,"U Mad","U Mad","VIC MENSA;Kanye West",2015-04-20,299800,50,true,111573307,2015-10-21T14:03:49Z,"rap","Roc Nation / Def Jam / Vic Mensa",0.723,0.585,1,-6.496,1,0.0471,0.0121,0,0.325,0.485,134.071,4
spotify:track:34ipyXBlQAAFvQRjOkkGQy,"Zeg Me","Zeg Me","Sloddervosgang;Adje;CHO;Jowy Rosé",2014-08-20,220416,0,true,111573307,2015-10-21T14:09:43Z,"moombahton","Streetknowledge Music",0.786,0.608,7,-6.116,1,0.197,0.11,0.00000531,0.32,0.402,98.92,4
spotify:track:1rylJ0VXvhOzLGNm401iaI,"Keep Their Heads Ringin'","Keep Their Heads Ringin'","Dr. Dre",1995-03-07,310226,72,true,111573307,2015-10-27T16:29:08Z,"hip hop old school,g-funk,rap gangster,hip hop de la costa oeste,hip hop,rap","Priority Records",0.671,0.737,0,-5.131,1,0.108,0.0338,0.00344,0.0596,0.197,90.519,4
spotify:track:2RPIiNFvD9tFUwNLXafqRM,"Never Been","Take Me to Maryland","Jamal Cristopher",2015-07-08,237400,0,true,111573307,2015-10-27T16:33:44Z,"","The J.G.O. Company",0.786,0.469,7,-10.783,1,0.372,0.0317,0,0.142,0.664,89.833,4
spotify:track:1EJP19tO8S04NbFrtbBpnz,"S.Y.L.R.","Take Me to Maryland","Jamal Cristopher",2015-07-08,248398,0,true,111573307,2015-10-27T16:33:59Z,"","The J.G.O. Company",0.547,0.555,6,-9.23,0,0.91,0.837,0,0.184,0.724,74.609,4
spotify:track:2R4KCSHfWuYiCMSu9f0nuc,"Conceited (There's Something About Remy)","There's Something About Remy-Based On A True Story","Remy Ma",2006-01-01,219560,0,true,111573307,2015-10-28T11:19:45Z,"","Universal Records",0.704,0.568,11,-7.786,1,0.51,0.216,0,0.184,0.586,123.855,5
spotify:track:34IuLEEsYl2kf2oTBszW6j,"Grindin’ My Whole Life","We The Plug","HS87;N.No;B. Carr;Hit-Boy;Big Hit;Audio Push;Bmacthequeen;Kent M$ney",2014-05-27,322093,36,true,111573307,2015-10-28T11:23:07Z,"jazz rap","Hit Boy / Interscope",0.763,0.631,2,-6.164,1,0.17,0.253,0.00000734,0.0906,0.351,114.999,4
spotify:track:1IyJ89x7swGGLKfFMDdymn,"Won't Be Long (feat. Sid Diamond)","Won't Be Long (feat. Sid Diamond)","Donell Lewis;Sid Diamond",2014-12-09,182857,22,false,111573307,2015-10-28T11:27:52Z,"reggae neozelandés","Juvenile",0.867,0.374,6,-10.309,1,0.241,0.205,0,0.0796,0.422,99.941,4
spotify:track:0OQGeFiEPckRE127XsdZos,"Lookin' At You","Return Of The Regulator","Warren G",2001-12-11,253800,0,true,111573307,2015-10-28T15:54:02Z,"g-funk,hip hop de la costa oeste,hip hop old school,rap gangster","Universal Records",0.932,0.597,9,-3.24,0,0.227,0.0371,0,0.138,0.898,97.112,4
spotify:track:5hQsyY44mc7sohD6wY1gr4,"Main Chick (feat. Chris Brown & Bunji Garlin) - Reid Stefan Mix","Main Chick (feat. Chris Brown & Bunji Garlin) [Reid Stefan Mix]","Kid Ink;Chris Brown;Bunji Garlin;Reid Stefan",2014-07-29,211636,14,true,111573307,2015-10-29T19:58:32Z,"r&b,soca,dancehall","Tha Alumni Music Group/88 Classic/RCA Records",0.778,0.956,0,-2.687,1,0.151,0.0612,0.00431,0.149,0.864,110.039,4
spotify:track:1UfBAJfmofTffrae5ls6DA,"Hotline Bling","Hotline Bling","Drake",2015-07-31,267023,0,false,111573307,2015-10-31T17:45:21Z,"rap","Universal Music Ltd.",0.893,0.639,2,-7.857,1,0.0549,0.00226,0.000315,0.0382,0.579,134.963,4
spotify:track:4QgyIk7oWgsyuyFMYi9X55,"Pussy","Bout Dat Life","Lady",2011-10-31,192546,35,true,111573307,2015-10-31T19:03:14Z,"","Big Gates Records",0.928,0.776,6,-6.91,1,0.292,0.0241,0,0.51,0.865,143.983,4
spotify:track:1VBrvRYDyXvjaPr7eNzwbo,"Switch Up (feat. Lil Wayne & Jeremih)","Switch Up (feat. Lil Wayne & Jeremih)","R. Kelly;Lil Wayne;Jeremih",2015-11-06,203386,22,true,111573307,2015-11-06T18:05:08Z,"r&b,rap,hip hop","RCA Records Label",0.839,0.598,11,-7.425,0,0.223,0.113,0,0.0595,0.773,127.987,4
spotify:track:6tZmrNnFao9ofNviYqJwOH,"UP! (feat. Chris Brown, Pleasure P) (R&B Remix Mix)","UP! (R&B Remix) (feat. Chris Brown & Pleasure P) - Single","J. Valentine",2013-01-29,201142,60,false,111573307,2015-11-10T10:13:07Z,"hyphy","CityBoyz Muzik",0.777,0.454,1,-10.39,1,0.131,0.409,0,0.616,0.498,96.922,4
spotify:track:4LujRMTMwAfFKjm45tixHY,"Straight Outta Compton","Straight Outta Compton (2002 - Remaster)","N.W.A.",1988-08-08,259226,1,true,111573307,2015-11-12T12:06:21Z,"hip hop old school,rap gangster,hip hop de la costa oeste,hip hop,rap,g-funk","Priority Records",0.831,0.935,8,-6.02,1,0.197,0.0374,0,0.33,0.367,102.836,4
spotify:track:6YYqRJEUwbQgHXidoNSONM,"Ridin Slow","The Jericho Experience","Jeff Jericho",2014-04-22,260001,13,true,111573307,2015-11-18T16:51:09Z,"","Jeff Jericho",0.768,0.655,1,-5.966,1,0.306,0.0918,0.00000894,0.119,0.102,92.046,4
spotify:track:1R2hFXdovf8rzr6yOUB1dn,"Toot It And Boot It Feat YG","Wet Dreams The Mixtape","Slugga Black",2011-07-14,194455,0,true,111573307,2015-11-18T16:55:59Z,"","P.U.S.H Emt",0.465,0.394,7,-16.465,1,0.324,0.0143,0.00000283,0.174,0.387,95.197,4
spotify:track:2YcXuaCfhiLesIbbS1VLyA,"Booty Bounce Pop (feat. Ying Yang Twins)","Booty Bounce Pop (feat. Ying Yang Twins) - Single","Mr. Collipark;Atom Pushers;DJ Wavy;Ying Yang Twins",2015-10-20,203076,0,false,111573307,2015-11-19T15:40:55Z,"crunk,hip hop sureño americano","Artist Intelligence Agency",0.764,0.971,9,-0.849,1,0.159,0.089,0.00000131,0.104,0.679,104.024,4
spotify:track:26z7KohM7bJTyP5z3ETe24,"Chosen One","Future","Future",2013-12-03,192299,0,true,111573307,2015-11-23T18:10:54Z,"rap,trap","Dundridge Entertainment / Unlimited Business",0.642,0.653,6,-6.803,1,0.101,0.0334,0,0.525,0.26,141.962,4
spotify:track:6RJIya2KHTwGJkXoWQOsCB,"Camera","Camera","Landon Moss",2015-09-09,158458,31,true,111573307,2015-11-23T23:41:06Z,"","AMG",0.649,0.573,8,-5.166,0,0.263,0.189,0,0.0486,0.743,100.212,4
spotify:track:2ypdESDP0jD4OggUPAEUUa,"Paranoid","The Very Best of Twerk 2014","Ty Dolla $ign",2014-01-01,197158,0,false,111573307,2015-11-23T23:46:47Z,"trap soul","Help Is Comin",0.801,0.522,0,-6.433,1,0.0586,0.017,0,0.392,0.295,97.46,4
spotify:track:29izQTMz9vEjU5F2btSzv3,"Rands and Nairas (feat. Ab Crazy & DJ Dimplez)","Rands and Nairas (feat. feat. Ab Crazy & DJ Dimplez)","Emmy Gee;AB Crazy;DJ Dimplez",2014-06-18,247353,0,false,111573307,2015-12-01T19:17:17Z,"afropop,afro soul","36ixty Media",0.725,0.767,4,-4.601,0,0.0331,0.02,0,0.254,0.311,140.002,4
spotify:track:2OgGlK7DqGg86Z5uUxUgGg,"Passin' Me By","Bizarre Ride II The Pharcyde (Deluxe Edition)","The Pharcyde",1992-11-24,303493,0,true,111573307,2015-12-02T19:09:29Z,"jazz rap,hip hop de la costa oeste,hip hop old school,hip hop","The Bicycle Music Company",0.758,0.755,4,-8.14,0,0.274,0.0848,0.00000178,0.232,0.562,87.052,4
spotify:track:3WMqynA1mERIDvAItkiNdo,"Addictive","Truthfully Speaking","Truth Hurts;Rakim",2002-01-01,226146,0,true,111573307,2015-12-21T23:56:09Z,"hip hop de la costa este,hip hop old school,hip hop","Interscope",0.7,0.673,11,-6.67,0,0.17,0.0892,0.000145,0.179,0.338,99.274,4
spotify:track:2TIGwYiQYr1N5zTOQToDfK,"I'll Be Around (feat. Timbaland) - Club Mix","Cee-Lo Green... Is The Soul Machine","CeeLo Green;Timbaland",2004-03-02,221400,59,true,111573307,2015-12-21T23:57:53Z,"","Arista",0.543,0.69,6,-5.733,1,0.232,0.297,0.000931,0.0663,0.894,92.847,4
spotify:track:27GmP9AWRs744SzKcpJsTZ,"Jumpman","What A Time To Be Alive","Drake;Future",2015-09-20,205879,72,true,111573307,2016-01-13T13:17:28Z,"rap,trap","Cash Money Records Inc.",0.852,0.553,1,-7.286,1,0.187,0.0559,0,0.332,0.656,142.079,4
spotify:track:17AS0y6FnHdYImAPUydAJg,"Jump Out the Face (feat. Future)","Dreams Worth More Than Money","Meek Mill;Future",2015-06-29,161906,64,true,111573307,2016-01-16T18:59:21Z,"rap,trap","MMG/Atlantic",0.699,0.543,0,-8.879,1,0.138,0.0411,0.00000126,0.178,0.14,130.064,4
spotify:track:629TRAVD61y1ZVNl9EOfEE,"THE BROWN STAINS OF DARKEESE LATIFAH PART 6-12 (REMIX) (feat. ScHoolboy Q)","Cherry Bomb","Tyler, The Creator;ScHoolboy Q",2015-04-13,191868,49,true,111573307,2016-01-16T19:13:20Z,"","Odd Future",0.63,0.842,1,-5.636,0,0.316,0.000967,0,0.362,0.634,84.952,4
spotify:track:1nUshsShuUStGBbewTNW5H,"Senile","Rise Of An Empire (Deluxe Edition)","Young Money;Tyga;Nicki Minaj;Lil Wayne",2014-01-01,198933,0,true,111573307,2016-02-04T10:39:57Z,"rap,hip hop","Universal Music Group",0.813,0.728,2,-6.27,1,0.0435,0.0208,0.0000161,0.181,0.303,111.999,4
spotify:track:0TJiajmQ48gmsGnxoduJem,"Withdrawal","Withdrawal","Chris Lawrence",2014-05-21,235657,16,false,111573307,2016-02-05T12:06:24Z,"","Pulse Music /Mr. 305 Records",0.653,0.818,1,-5.052,1,0.0996,0.0027,0,0.381,0.565,94.013,4
spotify:track:60ucU30tP6qfg8wjFjQL7g,"Hustler's Ambition","Got My Nine","DJ Whoo Kid",2015,227173,0,true,111573307,2016-02-07T16:48:11Z,"","Hoodrat",0.447,0.671,4,-9.19,0,0.339,0.243,0,0.428,0.633,84.706,4
spotify:track:7B2K7BhyPTa1pyqEaI4aCC,"Take It Easy","Nervous Hip Hop","MAD LION",2009-06-22,247226,40,true,111573307,2016-04-18T01:55:30Z,"dancehall,ragga","Nervous Records",0.945,0.67,5,-12.821,0,0.222,0.631,0,0.199,0.599,99.357,4
spotify:track:5zI2YQ7MNrgJi8sNwTsp9D,"Geekin’","#willpower (Deluxe)","will.i.am",2013-01-01,214186,0,false,111573307,2016-04-30T19:02:05Z,"","Universal Music Group",0.69,0.568,2,-3.416,1,0.231,0.0815,0.00000961,0.271,0.474,159.928,4
spotify:track:3X414ZlCf5U7pcpIaIcUkT,"Flava in Ya Ear","Project: Funk Da World","Craig Mack",1994-01-01,217466,60,true,111573307,2016-05-03T21:14:23Z,"hip hop old school,hip hop de la costa este","Bad Boy Records",0.763,0.541,9,-8.843,0,0.329,0.466,0,0.0693,0.885,90.032,4
spotify:track:7ucDBaAfLMWjq5L6uRt8LC,"Break Fool","Dirty Harriet","Rah Digga",1999,208200,33,true,111573307,2016-05-11T18:05:53Z,"hip hop de la costa este","Rhino/Elektra",0.607,0.836,6,-6.39,1,0.304,0.00286,0,0.0991,0.563,94.328,4
spotify:track:04Rz403IY7QUqgfrTWX6OU,"Da Graveyard","Lifestylez Ov Da Poor & Dangerous","Big L",1995-03-28,323760,50,true,111573307,2016-05-13T08:09:49Z,"hip hop de la costa este,hip hop old school,hardcore hip hop,boom bap,hip hop","Columbia",0.813,0.757,1,-5.358,1,0.356,0.516,0,0.363,0.646,92.996,4
spotify:track:33pqg3nzIibVkqS8Q7xMiu,"SuperDuperHero","Smyle","KYLE;SuperDuperBrick",2015-10-02,258769,0,true,111573307,2016-05-16T17:23:22Z,"","Indie-Pop",0.686,0.713,0,-4.284,1,0.294,0.174,0,0.234,0.481,109.941,4
spotify:track:5ltdcgEflWut0osW0ZzLhM,"Da Rockwilder","Blackout!","Method Man;Redman",1999-09-28,136093,2,true,111573307,2016-06-08T14:18:08Z,"hip hop de la costa este,hip hop old school,hip hop,hardcore hip hop","Universal Music Group",0.612,0.659,6,-6.995,0,0.406,0.0137,0,0.417,0.393,99.137,4
spotify:track:4fPJKXjovAByUBwi3whKEh,"Ain't No Future In Yo' Frontin'","M.C. Breed & DFC","MC Breed;DFC",1991,244733,0,true,111573307,2016-06-08T14:19:49Z,"g-funk,hip hop old school,hip hop de la costa oeste","Power Entertainment",0.672,0.761,0,-9.644,1,0.248,0.0514,0,0.474,0.731,102.192,4
spotify:track:7Ax7bo1n6rXRSzT9a09gdg,"Work It (Remix)","God's Plan","50 Cent;DJ Whoo Kid",2006-10-10,294560,0,false,111573307,2016-06-08T14:20:13Z,"hip hop old school,hip hop de la costa este","BCD Music Group",0.849,0.701,1,-8.351,1,0.268,0.179,0,0.083,0.598,101.829,4
spotify:track:4i2oRvKQgQfZ3u6lpRincC,"The Streets - Re-Twist","Ghetto Heisman [International Version (Explicit)]","WC;Snoop Dogg;Nate Dogg",2002-01-01,227866,0,true,111573307,2016-06-08T14:20:38Z,"hip hop de la costa oeste,g-funk,rap gangster,hip hop old school,hip hop,rap","Def Jam Recordings",0.92,0.81,4,-2.899,0,0.118,0.167,0.00396,0.0929,0.614,97.12,4
spotify:track:40VpMYDhTMvr4XXSVXmVvl,"Music Evolution","Music Evolution","Buckshot LeFonque",1997-05-19,299066,41,false,111573307,2016-06-08T14:21:54Z,"jazz rap,acid jazz","Columbia",0.841,0.535,10,-12.194,0,0.365,0.0811,0.0035,0.112,0.686,93.434,4
spotify:track:7DrVtSRGy2cG0C8U3NMT9Z,"Weekend Jumpoff","Kevin Michael","Kevin Michael",2007-10-02,200760,3,true,111573307,2016-07-03T00:21:47Z,"","Downtown Recordings/Atl",0.713,0.585,2,-7.001,0,0.163,0.149,0.0000029,0.154,0.541,103.985,4
spotify:track:5vVGNJTFUrDiZH6OUyQxul,"4u","Deadroses","blackbear",2015-02-14,158571,0,true,111573307,2016-07-12T20:07:51Z,"","Beartrap",0.776,0.513,5,-6.757,1,0.0872,0.392,0,0.0642,0.813,153.934,4
spotify:track:1bnXlFQ1CqxpEUQlwuGIrY,"Used to Fancy Ya","New Touch To An Old School Recipe","AshleyI",2012-10-31,221387,0,true,111573307,2016-07-12T20:18:06Z,"","Do It Ya Self Entertainment",0.854,0.308,7,-16.283,1,0.365,0.457,0,0.93,0.776,90.597,4
spotify:track:42u3i0eqA0VXM07io4Qyo7,"Friday","New Touch To An Old School Recipe","AshleyI",2012-10-31,224417,0,true,111573307,2016-07-12T20:18:16Z,"","Do It Ya Self Entertainment",0.748,0.639,0,-12.498,1,0.219,0.00203,0,0.0944,0.555,136.886,4
spotify:track:6nlOCm72lxD0fCiZGeei5r,"Jeje","Jeje","DJ Xclusive;Wizkid",2014-06-09,236329,26,false,111573307,2016-08-04T17:09:34Z,"azonto,afrobeats,afrobeat,gqom,afropop,afroswing,r&b afro,afropiano","SDX",0.811,0.93,1,-3.012,0,0.209,0.398,0,0.304,0.965,127.989,4
spotify:track:0KkedDWTjsqE6F0NydY7Vq,"Paranoid (feat. Trey Songz, French Montana & DJ Mustard) - Remix","Beach House EP","Ty Dolla $ign;Trey Songz;French Montana;Mustard",2014-01-21,281773,43,true,111573307,2016-08-10T22:07:08Z,"trap soul,r&b","Atlantic Records",0.813,0.409,6,-10.602,1,0.211,0.00533,0,0.133,0.283,97.431,4
spotify:track:2BFeLCEDQBecReNuLbOHoQ,"Blue Hunnids","Blue Hunnids (feat. P-Lo) - Single","Kool John;P-Lo",2015-03-02,196905,50,true,111573307,2016-08-06T21:15:39Z,"hyphy","Shmoplife Entertainment",0.901,0.249,11,-8.694,1,0.218,0.0228,0.00408,0.107,0.132,144.006,4
spotify:track:07J4gvixM0ksqSpgDw15J1,"U Guessed It","U Guessed It (feat. 2 Chainz) - Single","OG Maco;2 Chainz",2014-09-26,209295,34,true,111573307,2016-08-06T21:26:05Z,"hip hop sureño americano,rap","Quality Control / OG Maco",0.88,0.346,1,-9.145,1,0.339,0.0282,0,0.0707,0.206,119.966,4
spotify:track:4hJQqWczg47hM9zmTY41x6,"Dabb On Em","Dabb On Em","Big Will",2015-11-20,205871,0,true,111573307,2016-08-06T21:35:54Z,"","eOne Music",0.847,0.797,0,-4.863,0,0.149,0.389,0,0.247,0.428,129.945,4
spotify:track:376KnY4TrgBITxjlnbnmIy,"Cut It (feat. Young Dolph)","Cut It (feat. Young Dolph)","O.T. Genasis;Young Dolph",2015-09-25,222600,62,true,111573307,2016-08-06T21:36:24Z,"hip hop sureño americano,trap","The Conglomerate Entertainment/Atlantc Records",0.875,0.673,7,-4.184,1,0.0932,0.135,0,0.292,0.231,130,4
spotify:track:2apxAuaiBo2HnWvcpa8l0t,"Walk Thru","I Promise I Will Never Stop Going In","Rich Homie Quan;JasonMartin",2014-03-25,156733,17,false,111573307,2016-08-06T21:37:32Z,"hip hop sureño americano,hyphy,hip hop de la costa oeste","Stacking Sterling",0.688,0.58,11,-7.438,0,0.292,0.447,0,0.191,0.546,92.021,4
spotify:track:46MFlm7p0Vqd0eXmLtDlN4,"100 (feat. Drake)","The Documentary 2","The Game;Drake",2015-10-09,334360,0,true,111573307,2016-08-25T20:00:51Z,"hip hop de la costa oeste,hip hop old school,rap gangster,hip hop,rap","eOne Music",0.801,0.521,4,-9.871,0,0.28,0.0136,0,0.179,0.412,108.025,4
spotify:track:78RKSc3n5VaagCv2bqk20k,"Non Stop","Sex, Love & Reggae","Gyptian",2013-10-25,177173,53,false,111573307,2016-08-25T20:01:49Z,"dancehall,reggae,soca,lovers rock,ragga","VP Records",0.728,0.797,2,-3.975,1,0.125,0.0112,0.00000671,0.154,0.363,105.787,4
spotify:track:2WLpYiWNYtHeS5izWhrh6Q,"Skelewu","Best Of Davido","Davido",2020-02-05,190295,0,false,111573307,2016-09-18T14:23:20Z,"afrobeats,afrobeat,afropop,afropiano,azonto,amapiano,hiplife,afroswing,r&b afro","HKN Music",0.83,0.859,10,-3.514,0,0.0865,0.147,0.00000323,0.061,0.826,121.01,4
spotify:track:1ZcYV3MguzpTM3m9hCyzUx,"Can't You See","Total (Explicit Version)","Total;The Notorious B.I.G.",1996-01-01,281866,0,true,111573307,2016-09-18T14:24:13Z,"r&b,new jack swing,hip hop old school,rap gangster,hip hop de la costa este,hip hop","Universal Music GmbH",0.748,0.58,8,-9.394,0,0.0542,0.174,0.0000134,0.309,0.805,86.271,4
spotify:track:4zUhfdQFzd4Id4Ty2XDNiz,"Send It Up","Yeezus","Kanye West",2013-01-01,178040,0,true,111573307,2016-11-21T11:54:45Z,"rap","Universal Music Group",0.633,0.552,1,-5.206,0,0.354,0.281,0.000038,0.329,0.406,93.537,4
spotify:track:2LTsKcSWoIowOXbi4AcXzf,"Freestyle Idf (Bounus Track)","The New School Cool","Young Vaughn",2015-02-17,284395,0,true,111573307,2017-02-02T23:03:55Z,"","Young Vaughn Music",0.804,0.576,1,-10.761,1,0.17,0.0391,0,0.324,0.302,97.997,4
spotify:track:5pcpC9BMeyLqk2jgINthkW,"""The Night""","""The Night""","Rome Fortune",2014-07-09,190615,0,true,111573307,2017-02-02T23:08:07Z,"","N/A",0.87,0.555,0,-8.431,0,0.105,0.0324,0.000307,0.379,0.678,121.975,4
spotify:track:6emD2idr7uJw5m9QLWJmr4,"My Name","Take 5","Kenny B & Benaissa",2011-05-20,221357,16,false,111573307,2017-02-02T23:20:04Z,"zouk,kizomba","33 Creations",0.568,0.827,6,-5.443,0,0.117,0.245,0,0.275,0.828,176.029,4
spotify:track:5VxfnN7oYmSB1NBduiSlfn,"Erima (feat. Dr Sid & Wizkid)","Erima (feat. Dr Sid & Wizkid)","DJ Big N;Dr SID;Wizkid",2016-03-24,226285,29,false,111573307,2017-02-02T23:23:32Z,"afrobeats,afrobeat,afropop,azonto,hiplife,afroswing,r&b afro,afropiano","Mavin Records",0.568,0.769,1,-6.6,1,0.181,0.676,0,0.225,0.927,101.062,4
spotify:track:0EM0yABJzbFOvZQkfvuvCy,"TOGETHER","99.9%","KAYTRANADA;AlunaGeorge;GoldLink",2016-05-06,197240,0,true,111573307,2017-02-05T10:05:09Z,"","XL Recordings",0.825,0.694,1,-7.604,1,0.177,0.0247,0.0124,0.356,0.809,112.017,4
spotify:track:3my5W7QLojCSj3E33eehcP,"DRIVE ME CRAZY","99.9%","KAYTRANADA;VIC MENSA",2016-05-06,277786,0,true,111573307,2017-02-05T10:07:13Z,"","XL Recordings",0.479,0.667,1,-7.653,1,0.379,0.00676,0.000118,0.157,0.274,147.486,4
spotify:track:2FqLRlpt5zxl8kNIqDSOYe,"Cryin Wolf (feat. Kendrick Lamar)","Til the Casket Drops","ZZ Ward;Kendrick Lamar",2012-01-01,241213,0,false,111573307,2017-02-05T11:29:37Z,"hip hop,hip hop de la costa oeste","Universal Music",0.793,0.574,1,-6.852,1,0.095,0.129,0.000936,0.354,0.414,116.955,4
spotify:track:2NTzIibZNMSJcVFt9gIpVs,"Paiso","Paiso","Hans Grants;Keizer",2014-12-12,216831,0,true,111573307,2017-02-14T16:10:53Z,"moombahton","Van Klasse",0.595,0.551,10,-11.522,0,0.509,0.452,0.0000113,0.0883,0.597,170.111,4
spotify:track:0qIuovp55BJg9tSmS2ZtFK,"Rain (feat. Vince Staples)","Mac Miller","Mac Miller;Vince Staples",2014-08-19,153733,0,true,111573307,2017-02-14T16:11:24Z,"","Dundridge Entertainment / Unlimited Business",0.449,0.638,0,-8.484,1,0.334,0.597,0,0.287,0.655,176.673,4
spotify:track:3qQ6WFhcAx6LOH1UHz1c0U,"Hookah","Hookah","Tyga;Young Thug",2014-01-01,202320,65,true,111573307,2017-02-14T16:11:57Z,"rap,rap melódico,trap","Cash Money Records/Motown Records",0.678,0.484,1,-6.647,0,0.43,0.735,0,0.117,0.219,190.04,4
spotify:track:6IA63Wf2Onw1kq9ur1ygFi,"U.N.I.T.Y.","She's A Queen: A Collection Of Greatest Hits","Queen Latifah",2002-01-01,251906,0,false,111573307,2017-02-14T16:12:42Z,"musicales,hip hop de la costa este","Motown",0.659,0.738,4,-4.077,0,0.362,0.00561,0,0.319,0.516,93.796,4
spotify:track:2bQdgtO42TfS37YWupeMrr,"Int'l Players Anthem (I Choose You) (feat. Outkast)","The Essential UGK","UGK;Outkast",2014-03-14,258986,50,true,111573307,2017-02-14T16:13:58Z,"hip hop sureño americano,hip hop old school,hip hop","Jive/Legacy",0.697,0.681,4,-5.084,0,0.219,0.0598,0,0.301,0.82,77.847,4
spotify:track:3hgCGowpiG57RVt7A4vNvM,"Too High (feat. Wicked)","O's Clothes and Kicks","Golden;Wicked",2014-05-27,228093,0,true,111573307,2017-02-14T16:14:31Z,"k-rap,hip hop mexicano,hip hop latino,g-funk","Golden",0.603,0.574,7,-6.53,0,0.165,0.499,0.0000259,0.124,0.167,119.856,4
spotify:track:6pNWsPS93NXjzgjRyCB4fY,"Whine & Kotch - Radio","Whine & Kotch - Single","J Capri;Charly Black",2012-11-13,203495,0,false,111573307,2017-02-14T16:15:30Z,"dancehall,shatta,ragga,soca","Head Concussion",0.715,0.651,9,-5.316,1,0.392,0.0481,0,0.179,0.487,105.187,4
spotify:track:4t8joxPmbYmcnx5eb7SVK3,"Jika","Su Casa (Europe Release)","Mi Casa",2014-08-26,286649,0,false,111573307,2017-02-22T22:29:13Z,"","34 Music",0.87,0.597,1,-9.934,1,0.0783,0.0153,0.0106,0.0629,0.7,123.949,4
spotify:track:22Yq5tkMN8JE7h1Bq3pWHS,"Wreckonize - Remix Vocal","Wreckonize bw Sound Bwoy Bureill","Smif-N-Wessun",1900-01-01,233199,46,false,111573307,2017-02-22T22:29:24Z,"hip hop de la costa este,hip hop old school,boom bap,hip hop","Nervous Records",0.775,0.451,1,-9.164,1,0.0567,0.296,0.00000631,0.123,0.559,92.986,4
spotify:track:6ubNZ5edKBKH3MQKatUY3S,"4Ever (feat. Fabolous)","4 Ever (feat. Fabolous)","Lil' Mo;Fabolous",2003-02-11,222946,51,false,111573307,2017-02-22T22:29:39Z,"","Elektra/EEG",0.683,0.657,6,-10.668,1,0.099,0.0279,0.0000449,0.367,0.764,99.059,4
spotify:track:0S2h1YrmQFfiMfyF4mVuYI,"Bumaye","KINGS soundtrack","The Flexican;Typhoon",2005,235200,0,true,111573307,2017-02-22T22:30:05Z,"nederpop,holandesa","Made in Da Shade",0.869,0.582,5,-5.598,0,0.0891,0.0835,0.00000957,0.0729,0.885,98.039,4
spotify:track:4cufuaqSyHyL6bNXhmw2bK,"It's Nothin' (feat. Donell Lewis)","It's Nothin' (feat. Donell Lewis)","TY;Donell Lewis",2014-07-11,187428,0,true,111573307,2017-02-22T22:30:19Z,"reggae neozelandés","WM New Zealand",0.924,0.637,4,-5.976,0,0.0651,0.0189,0,0.0897,0.571,105.043,4
spotify:track:16bHRxM89ue0TiCKARYbRp,"Sorry Not Sorry","T R A P S O U L","Bryson Tiller",2015-10-02,200756,72,true,111573307,2017-02-22T22:31:18Z,"trap soul,r&b","TrapSoul/RCA Records",0.681,0.608,1,-6.093,1,0.207,0.0477,0,0.225,0.262,97.934,4
spotify:track:20Sp7dNLM3NjIu3TInDqjq,"What Happened To That Boy","Birdman","Baby;Clipse",2002-01-01,258066,53,false,111573307,2017-02-22T22:31:53Z,"hip hop sureño americano","Cash Money",0.764,0.873,2,-6.21,1,0.291,0.0608,0.000363,0.0757,0.719,93.073,4
spotify:track:49zD0wr2S3d0lZPib0K4e1,"Fuck Up Some Commas","DS2 (Deluxe)","Future",2015-07-17,237400,68,true,111573307,2017-02-22T22:37:15Z,"rap,trap","Epic/Freebandz/A1",0.874,0.568,11,-5.896,0,0.224,0.0698,0.0000138,0.149,0.46,139.995,4
spotify:track:6OJ5jV3ClJbMgyZj6H5hK0,"Lock Doh","Landlord","Giggs;Donae'o",2016-08-05,189426,0,true,111573307,2017-02-22T22:38:45Z,"grime,uk grime,drill británico,funky británico,funky house,azonto,bassline,afroswing","SN1 Records",0.883,0.637,6,-5.779,1,0.0756,0.183,0.000721,0.111,0.672,92.502,4
spotify:track:3XrYVxmqDEFU725or3B59w,"One More Drink (co-starring T-Pain)","Theater Of The Mind","Ludacris;T-Pain",2008-01-01,220840,0,true,111573307,2017-02-22T22:39:28Z,"hip hop sureño americano","Universal/Island Def Jam",0.558,0.773,0,-4.764,1,0.292,0.0647,0,0.283,0.593,98.125,4
spotify:track:6NLLIPKjqFRnbCorRNTEHe,"Express Yourself - Remix","Greatest Hits","N.W.A.",1996-07-02,261399,58,true,111573307,2017-03-08T16:28:01Z,"hip hop old school,rap gangster,hip hop de la costa oeste,hip hop,rap,g-funk","Priority Records",0.852,0.803,6,-6.929,0,0.264,0.00204,0,0.121,0.752,96.2,4
spotify:track:4csoLz9xpiBBXYuhZLeQlx,"Makaveli","My Color It Is My Strength.3","DJ Max Star;DJ Carbozo",2016-12-05,294478,0,true,111573307,2017-03-17T17:10:57Z,"ndombolo,coupé décalé","Bousmara Division N°1",0.419,0.625,10,-8.785,0,0.0891,0.0293,0.0000117,0.348,0.235,141.731,1
spotify:track:1O47QA69Ij1ToeuHpF2rB4,"Jupa","Sounds of the Libra","Showa Shins;Starboy Willz;Stormzy",2015-08-01,237728,0,true,111573307,2017-03-17T17:18:53Z,"azonto,afroswing,afrobeats,grime,uk grime,drill británico","My Team Records Label",0.765,0.617,9,-8.789,1,0.151,0.647,0,0.0854,0.963,100.056,4
spotify:track:4HQ1uUWcYDBgIXU3MAL9Eh,"My Boo - Remix","Purple City Presents: The Need for Weed","Cam'ron, Un Kasa, JR Writer",2005-06-14,185013,14,true,111573307,2017-03-17T17:21:01Z,"","Purple City Productions",0.858,0.668,11,-4.863,0,0.048,0.0034,0,0.128,0.466,130.053,4
spotify:track:0C8SYz809pprLLcA4kNY9E,"Chillin'","Lost Soul","Coops",2014-06-02,273057,0,true,111573307,2017-03-17T17:22:36Z,"jazz rap","Deadicated",0.748,0.87,10,-5.161,0,0.244,0.6,0,0.213,0.731,92.481,4
spotify:track:5kGPWL4R52GJMs9awAGCmz,"Why I Do It","Why I Do It","August Alsina;Lil Wayne",2015-08-28,221040,33,true,111573307,2017-03-17T17:22:53Z,"rap,hip hop","Def Jam Recordings",0.691,0.669,9,-7.328,0,0.15,0.00311,0,0.123,0.621,125.966,4
spotify:track:2xUsihWJyl7epgCX5u8m86,"Joints & Jam","Behind The Front","Black Eyed Peas",1998-01-01,215560,0,true,111573307,2017-03-17T17:23:09Z,"","Universal Music Group",0.937,0.735,10,-7.215,0,0.0922,0.0182,0.0000143,0.0555,0.703,106.916,4
spotify:track:4UCNGmp2jX1YhokWQk5Ak4,"Live and Die for Hip Hop (with Aaliyah)","Young, Rich & Dangerous","Kris Kross;Aaliyah",1996-01-09,223866,43,false,111573307,2017-03-17T17:25:51Z,"hip hop old school,r&b,r&b contemporáneo","Ruffhouse",0.755,0.536,5,-9.643,0,0.181,0.0133,0,0.0794,0.656,87.088,4
spotify:track:4X14Wjext8BlNW9lbtU7dL,"","","",0000,0,0,true,111573307,2017-03-17T17:26:09Z,"","",0.578,0.633,8,-10.117,0,0.279,0.331,0,0.635,0.658,101.534,4
spotify:track:6dEwByRwJTnycFUlSz4ufp,"Shabba REMIX (feat. Shabba Ranks, Busta Rhymes & Migos)","Shabba REMIX (feat. Shabba Ranks, Busta Rhymes & Migos)","A$AP Ferg;Shabba Ranks;Busta Rhymes;Migos",2013-11-22,296613,39,true,111573307,2017-03-17T17:26:24Z,"rap,dancehall,ragga,reggae,lovers rock,hip hop de la costa este,trap","A$AP Worldwide/Polo Grounds Music",0.841,0.765,11,-6.099,0,0.225,0.0632,0,0.518,0.341,120.072,4
spotify:track:24ZzwmpFaa2dB46pcEon8o,"Fi Di Jockey (Raw)","Cariibean Girl EP","Aidonia",2013-06-11,187067,0,true,111573307,2017-03-17T17:26:47Z,"dancehall,soca,riddim,ragga","Tad's Record Inc.",0.777,0.882,6,-4.106,1,0.0867,0.161,0,0.0753,0.462,100.958,4
spotify:track:6iPzFPafHG23FomvNwgOLl,"Every Step Every Way","Majid Jordan","Majid Jordan",2016-02-05,214920,0,false,111573307,2017-03-25T11:19:12Z,"","OVO Sound/Warner Records",0.707,0.492,0,-9.388,1,0.302,0.124,0.0000376,0.103,0.246,105.06,4
spotify:track:2quUAPPRKyBot46tH6aVKp,"Be Like You","Be Like You","Linden Jay",2014-06-05,261760,21,false,111573307,2017-03-30T07:54:04Z,"","RME Records Limited",0.803,0.71,4,-7.081,0,0.309,0.0693,0.0102,0.102,0.578,118.008,4
spotify:track:1Rgj113AaUPHeRWCRubD9n,"My Life (In The Sunshine)","A Day In The Life....","Rico",2008-04-11,252826,36,false,111573307,2017-03-30T07:59:59Z,"","Blaqrhythm Recordings",0.545,0.626,11,-6.557,0,0.186,0.15,0,0.183,0.614,80.43,4
spotify:track:5MAScTGPHzWAeivPjpATa9,"My Woman, My Everything (feat. Wandecoal)","My Woman, My Everything (feat. Wandecoal) - Single","Patoranking;Wande Coal",2015-07-06,233717,58,false,111573307,2017-03-30T08:03:31Z,"afrobeats,afrobeat,afropop,azonto,hiplife,bongo flava,dancehall,afropiano,r&b afro,afroswing,alté","Greensleeves Records",0.902,0.845,11,-2.695,1,0.0644,0.0438,0,0.0867,0.625,112.005,4
spotify:track:5Or8xOLeprwhmag6b9KjmM,"Bad Boy for Life (feat. Busta Rhymes & M.O.P) - Club Mix","Special Delivery / Bad Boy For Life","Diddy;The Bad Boy Family",2001,280026,28,false,111573307,2017-03-30T08:03:45Z,"hip hop,hip hop de la costa este","Rhino Atlantic",0.419,0.933,9,-2.802,0,0.275,0.0308,0,0.378,0.552,88.68,4
spotify:track:2lMg3lCMOGistaWBNGjuT3,"Blow the Whistle","Blow The Whistle","Too $hort",2006-08-28,163133,70,true,111573307,2017-03-30T08:04:06Z,"hyphy,hip hop de la costa oeste,g-funk,hip hop old school,rap gangster","Jive",0.907,0.625,1,-5.557,1,0.198,0.0042,0,0.151,0.605,99.918,4
spotify:track:2fnhNj2TOQzQBX6OlVvQq6,"Caught Up","R.U.L.E.","Ja Rule;Lloyd",2004-01-01,269133,0,true,111573307,2017-04-03T00:57:10Z,"hip hop de la costa este,r&b","Def Jam Recordings",0.762,0.711,1,-4.219,0,0.17,0.037,0,0.122,0.471,99.066,4
spotify:track:3DGG8PpaMutQSwRX2H2DBc,"Boom Boom (feat. Shhhean)","Boom Boom (feat. Shhhean)","Shaggy;Shhhean",2015-07-24,217959,27,true,111573307,2017-04-03T01:00:15Z,"reggae","Brooklyn Knights/RED MUSIC/Sony Music Entertainment",0.944,0.577,2,-7.664,1,0.078,0.00305,0.000188,0.087,0.465,98.008,4
spotify:track:1cXNrbTL8z4eLPrrFbqYUh,"Man","Man","Gracy Hopkins",2016-08-02,163917,11,true,111573307,2017-04-03T01:01:04Z,"r&b francés","IXI",0.915,0.564,10,-7.914,0,0.199,0.0764,0.000025,0.317,0.665,123.013,4
spotify:track:3el6maOvA5wL0z6S2q1Wzk,"Money Trees","Black Hippy","Black Hippy;Kendrick Lamar;Jay Rock",2013-05-16,395613,0,true,111573307,2017-04-03T01:03:29Z,"hip hop,hip hop de la costa oeste","Dundridge Entertainment / Unlimited Business",0.75,0.542,1,-8.641,1,0.162,0.0744,0,0.24,0.345,141.045,4
spotify:track:1M19CsUTAAhmOaQvN8z4y9,"Alkayida (feat. Guru)","Alkayida (feat. Guru)","DJ Stretch;Guru",2014-12-01,218070,0,false,111573307,2017-04-03T01:04:04Z,"jungle,drum and bass,breakbeat,azonto,hiplife","Independent",0.877,0.721,7,-6.011,1,0.201,0.188,0,0.223,0.681,103.543,4
spotify:track:3A1r8OzzZafJ65FU8uS7u0,"Money, Pt. 1","Money, Pt. 1","Jelleestone",2001-08-28,259946,21,true,111573307,2017-04-03T01:05:14Z,"","Rex Entertainment Inc.",0.781,0.821,0,-5.683,1,0.102,0.116,0,0.179,0.924,100.803,4
spotify:track:59HbD49X21J7usbuqUrQ3j,"Koffi Anan - Freestyle","Mama Africa (The Diary of an African Woman) [Deluxe Version]","Yemi Alade",2016-04-06,205008,0,false,111573307,2017-04-03T01:05:35Z,"afrobeats,afrobeat,azonto,afropop","Effyzzie Music Group",0.937,0.872,4,-1.43,0,0.133,0.265,0.000466,0.164,0.826,112.983,4
spotify:track:3Anq9Wv4KB4Ltba5BGvojg,"Love Yourself","Love Yourself","Mary J. Blige;Kanye West",2017-03-30,298573,0,true,111573307,2017-04-03T01:06:42Z,"r&b,rap","Universal Music Group",0.544,0.789,11,-5.299,0,0.206,0.0711,0,0.0986,0.379,77.867,4
spotify:track:3b49pVSg4GHEchiDVl2abt,"Run Up (feat. PARTYNEXTDOOR & Nicki Minaj) - Big Fish Remix","Run Up (feat. PARTYNEXTDOOR & Nicki Minaj) [Big Fish Remix]","Major Lazer;PARTYNEXTDOOR;Nicki Minaj;Big Fish",2017-03-31,207777,0,false,111573307,2017-04-03T01:08:42Z,"moombahton,dark r&b,r&b,trap soul,trap italiano","Because Music/WMI",0.756,0.865,1,-3.832,0,0.228,0.0369,0,0.714,0.69,108.007,4
spotify:track:1bVGWGMSNAzc8qhnXzx328,"Since Way Back","More Life","Drake;PARTYNEXTDOOR",2017-03-18,368035,0,false,111573307,2017-04-03T01:11:34Z,"rap,dark r&b,r&b,trap soul","Universal Music Group",0.468,0.266,0,-11.121,1,0.13,0.348,0.00000955,0.209,0.222,153.292,4
spotify:track:3NRgC9yCkATmwnhMo1dZI7,"Nikes on My Feet (Extended)","The Rough Draft","Shun Gawd",2016-03-19,328411,22,true,111573307,2017-04-09T20:04:50Z,"","$hun & co.",0.805,0.49,9,-10.926,0,0.453,0.731,0,0.109,0.467,92.082,4
spotify:track:2kHdu1N31NkD5roBf1EHh7,"F With U (feat. Ty Dolla $ign)","F With U (feat. Ty Dolla $ign)","Kid Ink;Ty Dolla $ign",2017-04-07,179108,38,true,111573307,2017-04-09T20:09:15Z,"trap soul","Tha Alumni Music Group/88 Classic/RCA Records",0.54,0.52,5,-7.193,0,0.343,0.363,0,0.337,0.603,98.162,4
spotify:track:2A1RPZzGu3qxFL6PiFtyPw,"Gwan Big up Urself","Waking at Dawn","Roy Woods",2016-07-01,200000,0,false,111573307,2017-04-12T13:54:50Z,"","OVO Sound/Warner Records",0.674,0.527,5,-7.397,0,0.0388,0.0714,0,0.0756,0.272,90.027,4
spotify:track:5gptszZCNzlEpefS0tV3Lt,"Soul Train","Let Me Put Some Frio on It","Isa Blaque",2016-09-18,341253,0,true,111573307,2017-04-12T13:55:20Z,"","Ruby Recordings",0.503,0.749,7,-6.942,1,0.355,0.0131,0,0.165,0.459,163.779,4
spotify:track:3GkCiqans0m9RhhNPfrnHU,"Love Voodoo","No Hard Feelings","Bizzy Crook",2014-08-27,199748,0,true,111573307,2017-04-12T14:00:05Z,"","Good Luck Forever",0.406,0.577,11,-8.681,0,0.34,0.599,0,0.0953,0.416,75.582,4
spotify:track:0CpAxE7vyGd8KIe6MrU89C,"Welcome To My Center (feat. Notorious BIG)","Beatrice's Son","Don Blaq;The Notorious B.I.G.",2012-01-10,226899,0,true,111573307,2017-04-12T14:05:36Z,"hip hop old school,rap gangster,hip hop de la costa este,hip hop","Legendary Music",0.803,0.751,6,-5.758,1,0.313,0.059,0.0000226,0.0961,0.695,171.974,4
spotify:track:5NcAIpNih0YsH8sk5DPKAU,"Bodmon","Venis","Ramriddlz",2016-03-20,235645,0,true,111573307,2017-04-12T14:06:06Z,"trap soul","Sweetersound LLC",0.34,0.648,11,-9.833,0,0.235,0.275,0.00000343,0.108,0.475,79.815,4
spotify:track:3CCS6y9BPowg2jYiaY94UZ,"Let Me Out (feat. Mavis Staples & Pusha T)","Let Me Out (feat. Mavis Staples & Pusha T)","Gorillaz;Mavis Staples;Pusha T",2017-04-06,175813,32,false,111573307,2017-04-12T14:06:38Z,"soul","Parlophone UK",0.607,0.785,1,-5.955,0,0.258,0.211,0.00000334,0.915,0.517,81.087,4
spotify:track:2BAAzpTTKbsZsx0S4BrvU0,"MILF","Hall Of Fame (Deluxe)","Big Sean;Nicki Minaj;Juicy J",2013-01-01,262105,28,true,111573307,2017-04-15T10:55:52Z,"crunk","Getting Out Our Dreams Inc. (G.O.O.D.) Music / IDJ",0.515,0.861,1,-7.68,1,0.385,0.0122,0.00000558,0.619,0.766,143.931,4
spotify:track:4iYRa2btalAzPZoSYfROqF,"XXX. FEAT. U2.","DAMN.","Kendrick Lamar;U2",2017-04-14,254200,68,true,111573307,2017-04-15T11:09:39Z,"hip hop,hip hop de la costa oeste,rock","Aftermath",0.568,0.619,1,-6.899,1,0.414,0.138,0.00000167,0.11,0.293,170.115,4
spotify:track:2HbKqm4o0w5wEeEFXm2sD4,"Money Trees","good kid, m.A.A.d city","Kendrick Lamar;Jay Rock",2012,386906,81,true,111573307,2017-04-15T11:12:20Z,"hip hop,hip hop de la costa oeste","Aftermath",0.716,0.531,7,-7.355,1,0.122,0.0703,0,0.224,0.344,71.994,4
spotify:track:6H7w7e8zC8QYJyqe7fZHVa,"Lean Back","True Story","Terror Squad",2004-01-01,247426,1,true,111573307,2017-04-17T11:16:31Z,"","Universal Music AS",0.799,0.916,1,-3.344,1,0.471,0.11,0,0.0746,0.697,126.687,5
spotify:track:2cxeRjK4XNTykVMXocMqzv,"Swimming Pools","The Playboy Diaries","Lloyd",2016-01-15,168586,0,true,111573307,2017-04-22T18:33:21Z,"r&b","Young Goldie Music",0.577,0.606,9,-5.862,1,0.285,0.0819,0,0.214,0.204,147.534,4
spotify:track:3JvdXT8Wy1ZruZ3JYpvwjL,"Game Ova","Game Ova","tobi lou",2016-07-18,240000,0,true,111573307,2017-04-22T18:36:55Z,"","tobi lou",0.575,0.517,1,-6.422,1,0.121,0.289,0.0000354,0.113,0.234,172.034,4
spotify:track:3pt3WoId5BLSCGWsHAOHAW,"Ayye Mane (feat. Blue November, Lauren Truee & Garrott Odom)","Ayye Mane (feat. Blue November, Lauren Truee & Garrott Odom)","J.Robb;Blue November;Lauren Truee;Garrott Odom",2016-12-23,248580,25,true,111573307,2017-04-22T18:39:05Z,"","j.robb",0.813,0.6,8,-4.19,1,0.203,0.145,0.00816,0.109,0.754,139.975,4
spotify:track:3pt3WoId5BLSCGWsHAOHAW,"Ayye Mane (feat. Blue November, Lauren Truee & Garrott Odom)","Ayye Mane (feat. Blue November, Lauren Truee & Garrott Odom)","J.Robb;Blue November;Lauren Truee;Garrott Odom",2016-12-23,248580,25,true,111573307,2017-04-23T10:16:04Z,"","j.robb",0.813,0.6,8,-4.19,1,0.203,0.145,0.00816,0.109,0.754,139.975,4
spotify:track:5wc8hdKL3CenlXvpoq29L6,"Paradise","Last Breed","Puffy Corleone",2015-10-31,231967,0,true,111573307,2017-04-26T07:49:01Z,"","Puffy Corleone",0.646,0.663,5,-9.687,1,0.0672,0.0731,0.0000158,0.0782,0.399,90.985,4
spotify:track:0Hau3F3FEKH0u9abGWdspA,"Hell Naw","Hell Naw","Nasty C",2016-03-18,244083,0,true,111573307,2017-04-26T07:50:57Z,"afropop","New A Free Ka",0.933,0.299,1,-11.297,0,0.288,0.649,0,0.0958,0.554,118.027,4
spotify:track:5sLRzyETNOUjMNoPmgyGPU,"Poundcake Freestyle","Poundcake Freestyle","TRU Tactics;Joe Geezy;Kendrick",2014-04-11,252607,0,true,111573307,2017-04-26T07:52:00Z,"","TRU Tactics",0.565,0.733,4,-7.504,0,0.226,0.393,0.000071,0.115,0.448,93.717,4
spotify:track:00kYtO6UJq0q9aJ1n3iY1c,"Girls @ (feat. Chance the Rapper)","Girls @ (feat. Chance the Rapper)","Joey Purp;Chance the Rapper",2016-07-15,212773,37,true,111573307,2017-04-26T07:58:15Z,"","Independent",0.939,0.579,4,-6.161,0,0.271,0.00835,0.0000478,0.0914,0.635,110.031,4
spotify:track:02t0a1rmItzyIhNNThYRcG,"Yams feat. Masego","Monday","starRo;Masego",2016-10-12,260478,0,false,111573307,2017-04-26T07:59:06Z,"r&b japonés","starRo",0.75,0.563,2,-8.09,0,0.512,0.0623,0,0.351,0.498,120.086,4
spotify:track:67LMAva8z70M7ea5bUQQoc,"Shut Down","Surreal feels","Froogle;Yung Fusion",2016-02-25,194526,0,true,111573307,2017-04-26T07:59:37Z,"","Heroic",0.682,0.469,6,-9.961,0,0.444,0.54,0.000456,0.0915,0.583,127.114,5
spotify:track:0RJPcHHwu7aKRroKLUNWky,"Lemon Pon Goose (feat. Jean Deaux)","Lemon Pon Goose (feat. Jean Deaux)","Smino;Jean Deaux",2016-09-21,155851,26,true,111573307,2017-04-26T08:01:38Z,"r&b alternativo","Zero Fatigue",0.694,0.532,7,-7.337,1,0.402,0.0867,0,0.0697,0.461,95.634,4
spotify:track:29PKceZYR9ynXLwToCvSOj,"Body (feat. Childish Gambino)","R.I.P. #1","Prodigy;Childish Gambino",2016-09-30,239452,0,true,111573307,2017-04-27T09:32:53Z,"hip hop de la costa este,hip hop old school","Vodka & Milk",0.46,0.632,10,-5.098,0,0.102,0.0338,0,0.213,0.199,79.93,3
spotify:track:5Vlo2PJl9Zg9boil9BLHBy,"Sell My Gun","Sell My Gun","Chronixx",2016-02-12,184000,0,false,111573307,2017-05-01T11:11:04Z,"reggae,roots reggae,dancehall,lovers rock,ragga","ZINC FENCE RECORDS",0.552,0.709,4,-7.395,0,0.352,0.121,0,0.107,0.617,117.789,5
spotify:track:6LKCvcslU8LN4mEvjLZvXr,"Sing For Me (feat. Elijah Blake, Rick Ross, The Game)(Main Mix)","Sing For Me (feat. Elijah Blake, Rick Ross & The Game) - Single","The Midi Mafia",2014-03-18,228487,24,true,111573307,2017-05-01T11:11:36Z,"","Familyties Entertainment Group",0.695,0.5,8,-6.584,0,0.0758,0.0239,0,0.24,0.472,88.981,4
spotify:track:2CVtAa5vNEBS0dD4kENkm3,"What We Do (feat. BYP)","What We Do (feat. BYP)","TroyBoi;BYP",2015-11-06,185660,29,false,111573307,2017-05-01T11:12:37Z,"edm trap","Mad Decent",0.813,0.686,1,-5.295,0,0.186,0.106,0.000171,0.0947,0.472,105.905,4
spotify:track:6PWhhoa7SSf0W5ZF3BEtfi,"Infrared","Red 2","Game",2014-01-01,139363,0,true,111573307,2017-05-01T11:13:32Z,"canciones de las islas molucas,lagu timur,indorock","Huslte team",0.763,0.668,1,-8.113,0,0.234,0.372,0,0.41,0.944,91.998,4
spotify:track:2xKLE9YQiWI5bwlqYcNvs6,"Niggas","God's Plan","50 Cent;DJ Whoo Kid",2006-10-10,211573,0,true,111573307,2017-05-02T09:48:12Z,"hip hop old school,hip hop de la costa este","BCD Music Group",0.826,0.585,6,-8.371,1,0.449,0.628,0,0.0895,0.945,95.686,4
spotify:track:2vGCC908XjptO8KY52ChKw,"Bad Girl","Confessions","USHER",2004-03-08,261800,0,false,111573307,2017-05-03T10:03:10Z,"r&b","Arista",0.71,0.825,6,-6.935,0,0.313,0.254,0,0.189,0.843,87.974,4
spotify:track:3Lh1nB92RIA8w6jdw9XeMG,"Point Seen Money Gone (feat. Jeremih)","COOLAID","Snoop Dogg;Jeremih",2016-07-01,259106,0,true,111573307,2017-05-12T07:30:01Z,"g-funk,hip hop de la costa oeste,rap gangster,hip hop old school,hip hop,rap","eOne Music",0.786,0.624,11,-6.186,0,0.38,0.187,0,0.694,0.387,101.993,4
spotify:track:0KHSD7lg8iU4CkQpVruthn,"Ijwp","Underestimated","Tom Francis;Sid Diamond",2016-06-13,184645,23,true,111573307,2017-05-12T07:30:32Z,"reggae neozelandés","Black Market Enterprise",0.776,0.395,6,-9.42,1,0.246,0.0356,0.00000131,0.136,0.329,99.998,4
spotify:track:0mthoq11Upfjny6hxjSy3O,"Ask Somebody (feat. Ty Dolla Sign & Tony Yayo)","Ask Somebody (feat. Ty Dolla Sign & Tony Yayo)","Consequence;Ty Dolla $ign;Tony Yayo",2016-07-27,141244,0,false,111573307,2017-05-12T07:31:05Z,"trap soul,hip hop,hip hop de la costa este","Company of Greatness",0.653,0.771,11,-5.399,0,0.268,0.42,0,0.151,0.862,101.784,4
spotify:track:3ODRL8fyJee2TKmq0d8h8c,"III. Life: The Biggest Troll [Andrew Auernheimer]","because the internet","Childish Gambino",2013-01-01,342048,0,true,111573307,2017-05-14T13:19:26Z,"","Glassnote",0.53,0.621,1,-7.659,1,0.276,0.0207,0,0.139,0.461,80.505,4
spotify:track:3K2rqaoivUyEXQkFjxZBG9,"Gangsta Boogie - feat. Snoop Dogg & Kokane","The Diary","J Dilla;Snoop Dogg;Kokane",2002,198506,0,true,111573307,2017-05-16T10:56:02Z,"plunderphonics,hip hop alternativo,jazz rap,g-funk,hip hop de la costa oeste,rap gangster,hip hop old school,hip hop,rap","Mass Appeal Records / Hostess",0.896,0.548,4,-5.566,0,0.402,0.037,0,0.137,0.825,94.12,4
spotify:track:43KGgVeO6p5ICD4auHrpLC,"That Good Ship","The Upper Hand","AllttA;20syl;Mr. J. Medeiros",2017-02-17,242139,0,false,111573307,2017-05-16T10:57:36Z,"","On And On Records",0.853,0.543,1,-6.526,1,0.31,0.319,0,0.0824,0.728,99.965,4
spotify:track:7nHRHXAlM0jmod0T1gf6Xh,"Mask Off Oldschool - Remix","Mask Off Oldschool (Remix)","HunesBeats",2017-03-30,169572,35,true,111573307,2017-05-23T11:41:20Z,"","EXMGE Music",0.895,0.519,10,-9.42,1,0.297,0.414,0.00000581,0.307,0.512,91.983,4
spotify:track:0OGzuE7ZOnVFbXTT16EUuN,"OG Bobby Johnson 2014 (feat. Young Jeezy & Que)","Paperwork: Trap Music","T.I.;Jeezy;Que",2014-06-16,190272,0,true,111573307,2017-05-23T11:43:21Z,"hip hop sureño americano,crunk,rap gangster,rap","Dundridge Entertainment / Unlimited Business",0.906,0.85,1,-6.718,1,0.226,0.0438,0,0.323,0.751,110.948,4
spotify:track:39hnH8WdPmNT3Q3yzwC9Rg,"Why You Always Hatin?","Still Brazy (Deluxe)","YG;Drake;Kamaiyah",2016-06-17,196600,0,true,111573307,2017-06-14T12:10:24Z,"hyphy,rap","Def Jam Recordings",0.926,0.336,0,-9.326,0,0.594,0.0392,0,0.138,0.38,92.995,4
spotify:track:0nWx0KtQOstWXL6pkJpvnM,"Go 2","3","Netsky",2016-06-10,252372,39,false,111573307,2017-06-14T12:12:15Z,"drum and bass,liquid funk,drumstep,chillstep","Sony Music UK",0.585,0.651,5,-5.317,0,0.2,0.0229,0.0105,0.097,0.4,172.082,4
spotify:track:3Ee089i84NBYu6XdTeXOzq,"Seeking Closure","Seeking Closure","DVTCH NORRIS",2016-06-24,199100,0,false,111573307,2017-06-14T12:13:34Z,"","Beatville",0.564,0.651,6,-5.452,0,0.269,0.23,0,0.356,0.333,90.165,1
spotify:track:0kDmcf1FKAWBzk4s4DUw3S,"Be Inspired","Be Inspired","Kabaka Pyramid;Raekwon",2016-01-08,224000,18,false,111573307,2017-06-16T01:15:59Z,"reggae,roots reggae,ragga,dancehall,hip hop de la costa este,hip hop old school,hardcore hip hop,hip hop,boom bap","Walshy Fire",0.438,0.89,7,-5.178,1,0.452,0.012,0,0.343,0.513,102.203,4
spotify:track:5Ur85pXOqvuJasdeu29dWR,"Top Shotter","Anything Goes (Int'l. 4 trk)","DMX;Sean Paul;Mr. Vegas",2003-01-01,215333,0,true,111573307,2017-06-16T01:17:07Z,"hip hop de la costa este,hip hop old school,hardcore hip hop,dancehall,ragga,reggae,soca,riddim,azonto","Universal Music",0.72,0.405,7,-10.615,1,0.346,0.107,0,0.0998,0.469,99.079,4
spotify:track:4s3OfGdynY7WPNPf1xLbO4,"Big Plays","Big Plays","JZAC",2017-01-06,207151,26,true,111573307,2017-06-16T01:20:41Z,"","Triiibe Entertainment",0.588,0.822,10,-6.833,0,0.371,0.141,0,0.0708,0.521,80.557,4
spotify:track:5ekWKoxrE0h0cSJzFueySz,"Pride's Cloak","Pride's Cloak","The Doppelgangaz;Thonio",2017-06-14,186619,0,true,111573307,2017-06-16T01:21:44Z,"lo-fi beats,jazz rap,hip hop underground,boom bap","Groggy Pack Entertainment LLC",0.764,0.734,8,-9.124,0,0.153,0.00408,0.0000136,0.0907,0.508,92.988,4
spotify:track:7MIGNUCE2lKsWXHjUT4EHO,"Zipporah","And After That, We Didn't Talk","GoldLink",2015-11-06,162007,23,true,111573307,2017-06-16T01:33:31Z,"","Soulection",0.561,0.752,5,-7.336,0,0.58,0.0707,0,0.414,0.719,134.327,4
spotify:track:2LvpVkv0z8oFMcc048FfJd,"Spectrum","And After That, We Didn't Talk","GoldLink",2015-11-06,191099,39,true,111573307,2017-06-16T01:34:08Z,"","Soulection",0.727,0.616,7,-11.139,0,0.318,0.206,0,0.098,0.483,117.54,4
spotify:track:2LbPSwV00SZImj0PlqkUJM,"My Own (feat. JMSN)","Genesis","Domo Genesis;JMSN",2016-03-25,157146,23,true,111573307,2017-06-16T01:36:54Z,"","Odd Future",0.464,0.451,2,-11.974,0,0.333,0.295,0,0.288,0.301,80.881,4
spotify:track:3Tqi3BMq3bhuX6hT36M0Ni,"Money","Money","Leikeli47",2016-08-26,176805,32,true,111573307,2017-06-20T11:34:46Z,"voguing","Hardcover/RCA Records",0.934,0.595,7,-7.167,1,0.277,0.0696,0,0.0793,0.411,100.053,4
spotify:track:3sdDgcU2XvO8EwkUsIe7VW,"Want Her","Want Her","Mustard;Quavo;YG",2017-03-06,275560,45,true,111573307,2017-06-20T11:36:58Z,"hyphy","Roc Nation/DJ Mustard P&D",0.828,0.607,1,-6.241,1,0.0432,0.0769,0.000683,0.108,0.409,101.012,4
spotify:track:2RISD4aJrioDB54exm5WWM,"Fall in Love (feat. Ciscero)","Fall in Love (feat. Ciscero)","GoldLink;Ciscero",2016-08-26,184571,46,true,111573307,2017-06-22T13:20:38Z,"jazz rap","Squaaash Club/RCA Records",0.627,0.837,1,-7.162,1,0.36,0.058,0.000567,0.328,0.504,105.105,4
spotify:track:5PR09nMAHAOOklMQMJchch,"Function","The Block Brochure: Welcome To The Soil 2","E-40;YG;Iamsu!;JasonMartin",2012-01-01,259200,0,true,111573307,2017-06-22T13:25:29Z,"hyphy,hip hop de la costa oeste,g-funk","Heavy On The Grind",0.881,0.564,2,-5.239,1,0.224,0.00138,0,0.0983,0.37,99.99,4
spotify:track:1HAUtll1MUZmQaNE1XEDiU,"Trash Bags","Neva Left","Snoop Dogg;K CAMP",2017-05-19,207470,29,true,111573307,2017-06-22T13:27:51Z,"g-funk,hip hop de la costa oeste,rap gangster,hip hop old school,hip hop,rap","Doggystyle Records / EMPIRE",0.833,0.523,8,-7.069,0,0.0505,0.0137,0.000118,0.212,0.363,133.043,4
spotify:track:7bp82X8aj8BGFPrZpmnCED,"Toss It","Neva Left","Snoop Dogg;Too $hort;Nef The Pharaoh",2017-05-19,194757,28,true,111573307,2017-06-22T13:30:54Z,"g-funk,hip hop de la costa oeste,rap gangster,hip hop old school,hip hop,rap,hyphy","Doggystyle Records / EMPIRE",0.88,0.691,8,-5.304,1,0.216,0.0264,0,0.346,0.591,98.01,4
spotify:track:2Ce5IyMlVRVvN997ZJjJJA,"Selfish (feat. Rihanna)","HNDRXX","Future;Rihanna",2017-08-04,251400,20,true,111573307,2017-06-22T13:43:03Z,"rap,trap","Epic/Freebandz/A1",0.415,0.369,8,-10.044,1,0.0741,0.0303,0.00000764,0.383,0.0913,95.746,4
spotify:track:5EV7N6yz9MUXf2Y8ZduwEe,"For the River","Feed the Machine","Nickelback",2017-06-16,208604,46,false,111573307,2017-06-23T09:27:24Z,"post-grunge,rock","Rhino",0.588,0.978,1,-4.274,0,0.0742,0.00148,0.0000743,0.11,0.455,107.028,4
spotify:track:46HZ8l9wPo9JNsk7dZLamb,"PEACE OF MIND","COLOURS 2","PARTYNEXTDOOR",2017-06-02,303030,0,true,111573307,2017-06-23T09:29:42Z,"dark r&b,r&b,trap soul","OVO Sound/Warner Records",0.782,0.367,1,-5.28,0,0.0548,0.283,0,0.0899,0.425,99.005,4
spotify:track:0TkqDPbH8QHt5JuGm6jrVI,"Riot (feat. Damian Jr. Gong Marley)","Dutty Classics Collection","Sean Paul;Damian Marley",2017-06-02,200226,24,false,111573307,2017-06-23T09:50:46Z,"dancehall,reggae,ragga,roots reggae","VP Records",0.609,0.884,6,-4.646,1,0.292,0.0822,0,0.109,0.758,151.015,4
spotify:track:2i4buOUlaA1GBOB8kdL1mo,"Bloodclaute Song","Bloodclaute Song","Future Fambo",2014-11-18,165600,0,true,111573307,2017-06-26T20:43:38Z,"dancehall,soca,riddim","Blaze Entertainment Records",0.869,0.885,2,-2.734,1,0.215,0.000612,0.0000346,0.0939,0.363,99.995,4
spotify:track:3rOSwuTsUlJp0Pu0MkN8r8,"Mask Off","FUTURE","Future",2017-08-04,204600,54,true,111573307,2017-06-28T21:00:45Z,"rap,trap","Epic/Freebandz/A1",0.833,0.434,2,-8.795,1,0.431,0.0102,0.0219,0.165,0.281,150.062,4
spotify:track:68pWLkspLFIfIPPtzyTkQy,"Regulate","Regulate… G Funk Era (Special Edition)","Warren G;Nate Dogg",1994-06-07,248866,1,true,111573307,2017-06-29T17:47:39Z,"g-funk,hip hop de la costa oeste,hip hop old school,rap gangster","Def Jam Recordings",0.849,0.521,11,-12.999,0,0.216,0.306,0.00000165,0.115,0.763,95.262,4
spotify:track:4F69LVvV9fWsMRLUGz8C4f,"Mama Said Knock You Out","Mama Said Knock You Out (Deluxe Edition)","LL COOL J",1990-08-27,289693,0,true,111573307,2017-06-29T17:47:43Z,"hip hop old school,hip hop de la costa este","Universal Music Group",0.795,0.761,10,-7.266,0,0.159,0.0322,0.573,0.275,0.594,102.376,4
spotify:track:6EElYDYyvvohMNDbYnrvn4,"Simon Says","Classic Hip-Hop","Pharoahe Monch",2011-05-17,173266,1,true,111573307,2017-06-29T17:47:46Z,"hip hop de la costa este,hip hop old school","Legacy Recordings",0.684,0.916,1,-3.857,1,0.43,0.169,0.0000163,0.123,0.553,93.477,4
spotify:track:26zWdOUpB6P9E9OtQQc0qp,"Fight The Power","Fear Of A Black Planet","Public Enemy",1990-04-10,282640,33,true,111573307,2017-06-29T17:47:47Z,"hip hop old school,hip hop de la costa este,hip hop,hardcore hip hop","Def Jam Recordings",0.798,0.586,2,-13.001,1,0.255,0.00556,0.00000234,0.473,0.381,105.979,4
spotify:track:38fJv1GvxHkHlgbERUuBCJ,"Slam","Bacdafucup","Onyx",1993-03-30,218506,0,true,111573307,2017-06-29T17:47:49Z,"hip hop de la costa este,hardcore hip hop,hip hop old school","Def Jam Recordings",0.878,0.711,4,-12.924,1,0.335,0.0577,0.00635,0.922,0.718,98.332,4
spotify:track:5jXNOgH5A7yI76BU9kaP6N,"Monster","My Beautiful Dark Twisted Fantasy","Kanye West;JAŸ-Z;Rick Ross;Nicki Minaj;Bon Iver",2010-01-01,378893,1,true,111573307,2017-06-29T17:47:53Z,"rap,hip hop,hip hop de la costa este,hip hop sureño americano","Universal Music Group",0.622,0.679,11,-5.621,0,0.245,0.00275,0.00683,0.606,0.0878,123.38,5
spotify:track:7w9bgPAmPTtrkt2v16QWvQ,"Lose Yourself - From ""8 Mile"" Soundtrack","Curtain Call (Deluxe)","Eminem",2005-12-06,326466,16,true,111573307,2017-06-29T17:47:56Z,"rap,hip hop","Universal Music Group",0.701,0.728,2,-4.554,1,0.255,0.00971,0.00115,0.361,0.0591,171.388,4
spotify:track:2tNmhDlMbwQZLxQtWMt2EU,"Gravel Pit (feat. RZA, Method Man, Ghostface Killah, Raekwon & U-God)","Legend Of The Wu-Tang: Wu-Tang Clan's Greatest Hits","Wu-Tang Clan;RZA;Method Man;Ghostface Killah;Raekwon;U-God",2004-10-26,253466,59,true,111573307,2017-06-29T17:48:05Z,"hip hop old school,hip hop de la costa este,hip hop,rap gangster,hardcore hip hop,boom bap","NITRON concepts",0.787,0.72,7,-7.569,1,0.313,0.223,0,0.633,0.521,121.003,4
spotify:track:5xmWmZCN4397q8qdwEnLqi,"Jah World (feat. Ghostface Killah, RZA & Junior Reid)","The W","Wu-Tang Clan;Ghostface Killah;RZA;Junior Reid",2000-11-20,231040,26,true,111573307,2017-07-10T23:43:19Z,"hip hop old school,hip hop de la costa este,hip hop,rap gangster,hardcore hip hop,madchester,roots reggae,reggae,ragga","LOUD Records",0.476,0.829,5,-5.129,0,0.116,0.735,0.0106,0.208,0.462,69.798,4
spotify:track:5jCsMKfXS6NEJTIC4eCyu3,"Betta Watch Yo Self","Chachiville","JasonMartin",2017-01-20,202630,0,true,111573307,2017-07-15T09:27:09Z,"hyphy,hip hop de la costa oeste","Diamond Lane Music Group, Inc.",0.841,0.78,10,-6.424,0,0.172,0.0559,0,0.199,0.382,100.031,4
spotify:track:1G7EVTWhEbzkUClIyqASkS,"Lovenvy","Lovenvy","Renz Young",2017-01-17,216920,2,true,111573307,2017-07-16T19:34:27Z,"","Vogel Park",0.557,0.685,4,-5.102,1,0.365,0.506,0,0.123,0.625,135.099,4
spotify:track:1gdMfFTB6r0e7KE1MBVptM,"I'm Juiced","I'm Juiced","Adam Vida",2016-10-28,216266,0,true,111573307,2017-07-17T18:33:25Z,"","Universal Music Group",0.792,0.854,6,-3.725,1,0.242,0.347,0,0.106,0.699,90.076,4
spotify:track:2w09f6L0MtqErtZeytlIt6,"Bilderberg","Bilderberg","La Base",2017-06-16,291458,22,true,111573307,2017-07-17T18:33:33Z,"hip hop latino,boom bap","Comin Tru Records",0.748,0.693,7,-7.722,1,0.295,0.0166,0,0.136,0.407,177.865,4
spotify:track:4ipQQbAWXrpNyhApYEuOyI,"Jamrock Takeover","Focus Mode","Klashnekoff",2016-01-22,132666,0,true,111573307,2017-07-17T18:35:23Z,"grime,uk grime","S.O.N. Entertainment",0.591,0.919,7,-4.447,1,0.389,0.149,0,0.489,0.623,73.417,4
spotify:track:0Fqq3kC4cLgXSl9jycVHwf,"A Girl Who Don't Matter","Dude, I'm in a Rush","Thomson & Ismael",2015-08-08,178886,11,true,111573307,2017-07-17T18:39:51Z,"","Thomson & Ismaël",0.713,0.513,9,-3.523,0,0.101,0.00223,0.0000026,0.109,0.177,95.935,4
spotify:track:2UjtbszTz9LV6wsN0cMCf6,"Stoners Anthem","Dance or Die","Birdy Nam Nam;Pablo Velour",2016-09-16,224106,12,false,111573307,2017-07-17T18:43:06Z,"house francés,dubstep,electro","BNN / KIF",0.744,0.703,6,-5.721,1,0.0578,0.238,0,0.0701,0.372,135.881,4
spotify:track:66zNOPkMeF6u1XNvuzzOBa,"High (feat. Hamza)","Cerebral","Myth Syzer;Ikaz Boi;Hamza",2016-06-17,196000,0,true,111573307,2017-07-17T18:45:37Z,"rap francés,pop urbaine,r&b francés","WM Australia",0.728,0.622,10,-5.704,0,0.0621,0.126,0,0.111,0.617,120.009,4
spotify:track:3LE6oaTvpfu3nN4t9U0DmJ,"Serial Killa (feat. The D.O.C., Tha Dogg Pound & RBX)","Doggystyle","Snoop Dogg;The Doc;Tha Dogg Pound",1993,212853,10,true,111573307,2017-07-19T00:25:17Z,"g-funk,hip hop de la costa oeste,rap gangster,hip hop old school,hip hop,rap,gabber,hardcore","Death Row Records",0.697,0.943,2,-4.954,1,0.175,0.00269,0,0.0773,0.754,99.468,4
spotify:track:7cBKP407wUr50o0DGTBdG8,"Ny Nigga","Ny Nigga","Show Mugga",2016-10-11,178076,16,true,111573307,2017-08-12T11:13:16Z,"","Show Mugga E.N.T",0.611,0.642,10,-7.159,0,0.504,0.267,0,0.122,0.344,113.877,5
spotify:track:6IFOw9Ck9mWHRQgw6QrPYx,"Music (feat. Marvin Gaye)","Music","Erick Sermon;Marvin Gaye",2001-10-29,223133,58,true,111573307,2017-08-12T11:18:18Z,"hip hop de la costa este,hip hop old school,motown,soul clásico,soul,northern soul,quiet storm","J Records",0.897,0.466,10,-9.053,0,0.203,0.187,0.00000135,0.0757,0.884,100.01,4
spotify:track:5Q0rdfKuuMtFjR6yxjkj7Y,"NY State of Mind","Live & Uncut","Soul Square;Melodiq & Shinobi Stalin",2010-12-06,241120,23,false,111573307,2017-08-12T11:18:55Z,"jazz rap,nu jazz,electro swing","Kif music",0.707,0.56,8,-10.235,0,0.157,0.137,0.0000834,0.142,0.663,95.998,4
spotify:track:7fbF4391CCylszvVsEB6Ei,"For The Nasty - Main","For The Nasty","Q-Tip;Busta Rhymes",2005-01-01,201146,27,true,111573307,2017-08-16T17:50:32Z,"hip hop de la costa este","Mr. Incognito Productions",0.909,0.496,6,-7.774,0,0.15,0.16,0.0000145,0.0606,0.858,96.066,4
spotify:track:5b1GCiDjsOv3731sV3uL3L,"16 Shots","16 Shots","Stefflon Don",2017-05-22,224727,0,true,111573307,2017-08-26T07:33:35Z,"dancehall","Universal Music Group",0.682,0.812,3,-4.936,0,0.0586,0.0254,0.000201,0.104,0.569,95.063,4
spotify:track:1zkHdND4gKwhhA70pq9fk9,"Lunch ' N ' Breakfast","Lunch ' N ' Breakfast","AtariJones",2016-03-26,153548,23,true,111573307,2017-08-26T07:33:49Z,"","Atari Jones",0.715,0.82,1,-8.89,1,0.368,0.639,0.00000138,0.137,0.578,135.909,4
spotify:track:6z0v5VPI6Nj8Jf0HvDvjdw,"Topper Top","Topper Top","Sir Spyro;Teddy Bruckshot;Lady Chann;Killa P",2016-09-30,200678,30,false,111573307,2017-08-26T07:36:47Z,"grime,uk grime,funky británico,ragga,dub,uk garage,bassline,drum and bass,jungle","Deep Medi Musik",0.749,0.768,11,-6.642,1,0.521,0.154,0,0.116,0.651,140.111,4
spotify:track:2voOwJI7IJZ0oBx6UJp1VU,"Catwalk Killer","Catwalk Killer","Chris Porter",2016-09-02,256341,0,false,111573307,2017-08-26T07:37:08Z,"","Life On Planes Records",0.891,0.812,6,-7.144,0,0.123,0.0816,0,0.0828,0.751,108.01,4
spotify:track:1JLOcFucojv8ceeXrV16tk,"Boo Boo Nah Nah","Boo Boo Nah Nah","Marcosus;52 Savage",2017-06-19,222667,4,true,111573307,2017-08-26T07:37:38Z,"","Young Doggystyle Records",0.698,0.693,4,-6.629,0,0.256,0.141,0,0.0791,0.372,137.862,4
spotify:track:5osSw3tL07Tuid7AWsvYcc,"Ante Up Remix (feat. Busta Rhymes, Teflon & Remi Martin) - Remix","Warriorz","M.O.P.;Busta Rhymes;Teflon;Remi Martin",2000-08-29,247693,65,true,111573307,2017-08-26T07:37:47Z,"hip hop de la costa este,hardcore hip hop,hip hop old school,boom bap,hip hop underground","Epic",0.68,0.894,1,-4.86,1,0.255,0.0206,0,0.462,0.803,94.089,4
spotify:track:2OgamvpssY4fBgw2IAi0vS,"Rich Soul","F.Y.O","Avelino",2016-04-10,142040,0,true,111573307,2017-08-26T07:38:12Z,"grime,uk grime,afroswing","OddChild / More Music Records",0.577,0.734,1,-4.884,1,0.294,0.157,0,0.134,0.343,90.725,4
spotify:track:25NZqO0TbsrA0zXoUzIZEU,"1 of 1","Bitch I'm the Shit 2","Tyga",2017-07-21,204126,0,true,111573307,2017-08-26T07:39:06Z,"","Last Kings Music / EMPIRE",0.582,0.526,8,-8.134,1,0.402,0.28,0,0.101,0.694,146.841,3
spotify:track:4P9smcmRinPPIwcdOYU1zi,"Lavender (feat. Kaytranada & Snoop Dogg) - Nightfall Remix","Lavender","BADBADNOTGOOD;KAYTRANADA;Snoop Dogg",2017-03-12,200463,0,true,111573307,2017-08-26T07:39:45Z,"g-funk,hip hop de la costa oeste,rap gangster,hip hop old school,hip hop,rap","Innovative Leisure",0.641,0.666,11,-6.95,1,0.191,0.0245,0.0000261,0.0835,0.578,98.739,4
spotify:track:26o9fyQgdfh7518f55G0ng,"Nutshell","Nutshell","Phife Dawg",2016-04-05,164926,0,true,111573307,2017-08-26T07:40:12Z,"hip hop de la costa este","Smokin Needles Records",0.823,0.65,1,-8.955,1,0.354,0.0882,0,0.0816,0.749,94.2,4
spotify:track:0PY7hkxiwp1tqGD8IBB1W1,"Real Smooth","Chaos 93'","Ocean Wisdom;The Four Owls",2016-02-22,303960,45,true,111573307,2017-09-22T19:04:35Z,"grime,uk grime","High Focus Records",0.759,0.804,1,-4.617,1,0.294,0.338,0,0.192,0.828,100.175,4
spotify:track:6EqzQj41ouk0ANwJXCgK6M,"73 Degrees (feat. Masego)","Tropical Fruit","Mars Today;Masego",2015-10-23,174573,0,false,111573307,2017-09-22T19:11:25Z,"","Mixto Music",0.846,0.668,9,-5.879,0,0.0427,0.00643,0.501,0.128,0.576,121.006,4
spotify:track:5UjvRW0KekWgbZghCtDV8t,"123 Victory (feat. Pharrell Williams) - Remix","Losing My Religion","Kirk Franklin;Pharrell Williams",2016-09-02,239622,29,false,111573307,2017-09-22T20:01:15Z,"góspel,r&b cristiano,adoración","Fo Yo Soul Recordings/RCA Records",0.713,0.612,4,-6.245,0,0.0554,0.112,0,0.0972,0.379,153.947,4
spotify:track:1rLGgiEroCYgOdLZgYM91z,"The World Is Yours","The World Is Yours","AKA",2016-12-02,291612,37,true,111573307,2017-10-01T23:42:34Z,"afropop","Vth Season",0.735,0.797,4,-6.127,0,0.337,0.00896,0,0.148,0.725,92.924,4
spotify:track:2mnQSfxDVIdO74cmMW4gFt,"Izzo","Le mix du dragon (Double H Merchandising présente Cut Killer)","JAŸ-Z",2001-11-14,288786,0,false,111573307,2017-10-02T14:05:26Z,"hip hop,hip hop de la costa este,rap","Hh mixtapes",0.77,0.828,7,-7.599,1,0.32,0.00357,0.0000075,0.34,0.575,92.406,4
spotify:track:50syQBVh8BSo4isDWVmmeJ,"Conceited","Conceited","STAR-iSLAND",2016-12-31,212009,7,true,111573307,2017-10-02T14:06:03Z,"","STAR-iSLAND",0.73,0.475,10,-7.478,1,0.108,0.00179,0,0.174,0.342,136.969,4
spotify:track:6ptJ3y9QvcFgoH7eJIQDf3,"Tropicana (Bonus)","Arcade","Topaz Jones",2016-10-28,145031,0,true,111573307,2017-10-02T14:08:36Z,"","New Funk Academy",0.834,0.464,11,-8.08,0,0.338,0.0417,0,0.0971,0.786,136.953,4
spotify:track:1jv7UIw65V0vDFNHIGK64l,"Coco Chanel","Coco Chanel","ICEKIID",2015-06-15,226933,0,false,111573307,2017-10-09T18:14:37Z,"rap danés,pop danés,dansktop","Cannibal Records",0.819,0.704,1,-5.164,0,0.149,0.0774,0,0.0502,0.917,97.981,4
spotify:track:72B2JxK056Mmcp3jMlFQaQ,"Kokolechel","Kokolechel","Mob",2017-05-23,112091,43,false,111573307,2017-10-09T18:20:40Z,"shatta,dancehall,zouk,kompa","MOB MUSIC",0.944,0.467,11,-8.243,0,0.293,0.718,0.00000901,0.0753,0.863,102.031,4
spotify:track:5If3EU8AnktQS0yf8rc3BA,"Gangstas Life (feat. Snoop Dogg)","The Leaks, Vol 1.","Nipsey Hussle;Snoop Dogg",2013-09-01,234973,0,true,111573307,2017-10-09T18:20:49Z,"hip hop de la costa oeste,g-funk,rap gangster,hip hop old school,hip hop,rap","All Money In No Money Out, Inc",0.857,0.449,0,-10.013,1,0.333,0.0133,0,0.145,0.672,94.053,4
spotify:track:7pN5xeBGywMaE5JLIJzZ6Q,"Soweto Baby (feat. Wizkid & DJ Buckz)","Soweto Baby (feat. DJ Buckz & Wizkid)","DJ Maphorisa;Wizkid;DJ Buckz",2016-01-08,258000,57,false,111573307,2017-10-09T18:22:22Z,"amapiano,private school amapiano,gqom,3 step,afropiano,bacardi,afrobeats,afrobeat,afropop,azonto,afroswing,r&b afro,afro tech,afro house","New Money Gang Music",0.889,0.728,4,-6.995,0,0.141,0.292,0.00000409,0.0748,0.767,120.016,4
spotify:track:0WrMJilQ0X8AGH0htE9yCp,"Yeah Right","Yeah Right","Mwuana",2016-05-20,216354,18,true,111573307,2017-10-09T18:22:54Z,"pop sueco","ART:ERY",0.559,0.476,5,-9.836,1,0.0967,0.319,0,0.168,0.441,180.162,4
spotify:track:20ccLIFUpfzgX5kSbDakH4,"The Learning (Burn) (feat. Big Noyd)","Infamy","Mobb Deep;Big Noyd",2001-12-11,255093,54,true,111573307,2017-10-09T18:23:00Z,"hip hop old school,hip hop de la costa este,hardcore hip hop,hip hop,rap gangster,boom bap","LOUD/Columbia",0.746,0.736,11,-5.21,0,0.227,0.0101,0.00000556,0.0333,0.808,95.58,4
spotify:track:2a8exXjnyktjH1S9180aSf,"Limoncello","Limoncello","Skratch Bastid;Shad",2016-07-22,211512,0,false,111573307,2017-10-09T18:23:26Z,"","Scissor Records",0.563,0.899,3,-5.236,1,0.174,0.137,0.000269,0.431,0.887,80.24,4
spotify:track:5lcv6M5asxphZOGDnfelM1,"Women No Cry (feat. Donell Lewis)","Women No Cry (feat. Donell Lewis)","SESH;Donell Lewis",2016-10-26,197142,9,true,111573307,2017-10-09T18:23:46Z,"reggae neozelandés","Juvenile Music",0.866,0.627,6,-7.25,1,0.0637,0.0237,0.00118,0.0856,0.961,112.005,4
spotify:track:6VruwNw14F1gyQrFvkaP0l,"Carbo Cake (Freestyle)","My Color It Is My Strength.3","DJ Max Star;Dj 2clau",2016-12-05,169743,0,true,111573307,2017-10-09T18:26:46Z,"ndombolo","Bousmara Division N°1",0.682,0.576,4,-8.209,0,0.246,0.246,0.0000099,0.274,0.372,93.838,4
spotify:track:3nqnWEZnYoetfO2ksMZZVK,"I Like It (I Wanna Be Where You Are)","2000","Grand Puba",1995-06-20,263533,0,true,111573307,2017-11-01T13:01:10Z,"hip hop de la costa este,jazz rap,hip hop old school,boom bap","Tommy Boy Music, LLC",0.865,0.641,10,-6.652,0,0.162,0.0611,0.000107,0.218,0.762,95.307,4
spotify:track:5vSHYNU0YDiNEWcXpkovWy,"Whippin Excursion","Landlord","Giggs",2016-08-05,151520,45,true,111573307,2017-11-01T13:03:15Z,"grime,uk grime,drill británico","SN1 Records",0.788,0.586,1,-4.276,1,0.048,0.00588,0.00753,0.11,0.0851,130.028,4
spotify:track:2x3jEO2bXIrBHYqGSuhTWU,"Alright","Feals","Leafs;Ramiks;Nnelg",2017-05-26,164571,0,true,111573307,2017-11-01T13:04:36Z,"","Universal Music Group",0.733,0.571,11,-8.814,0,0.111,0.0191,0,0.109,0.564,139.959,4
spotify:track:1NtD3sTKz7HKH3fu0xsdjY,"Cali Iz Active","Cali Iz Active","Tha Dogg Pound",2006-06-27,284200,0,true,111573307,2017-11-01T13:05:40Z,"g-funk,hip hop de la costa oeste,rap gangster,hip hop old school","Koch Records",0.679,0.694,6,-3.481,1,0.422,0.241,0,0.602,0.674,103.305,4
spotify:track:54twSJr4f3abwuxtjiYIUv,"Bring Yo Friends","Missed Calls","Tunji Ige",2016-04-01,217368,39,true,111573307,2017-11-01T13:05:52Z,"","Brain Bandits/ Bad Habit",0.583,0.808,11,-5.9,0,0.313,0.239,0,0.103,0.58,114.147,5
spotify:track:3c810GgvNfZf3dzQbkIshW,"That Chicken","That Chicken","DyMe-A-DuZiN",2015-06-19,310831,0,true,111573307,2017-11-01T13:06:18Z,"","Dyme A Duzin",0.549,0.577,7,-10.954,1,0.525,0.319,0.000123,0.285,0.665,125.228,4
spotify:track:3hc79xQgmpgBf9EoIiY4nZ,"Naysayers & Playmakers","Ugly Heroes - EP","Ugly Heroes",2014-08-19,189940,0,true,111573307,2017-11-30T11:36:38Z,"hip hop underground","Mello Music Group",0.26,0.841,7,-3.814,1,0.0702,0.0292,0,0.55,0.387,171.132,4
spotify:track:2tedhWpUZEfAtP70l7umnl,"Brottsling","Brottsling (feat. Keya)","Chris & Fada;Keya",2016-05-25,304532,17,false,111573307,2017-11-30T11:37:07Z,"","Masa Music",0.829,0.53,6,-8.057,0,0.236,0.0443,0,0.119,0.639,144.965,4
spotify:track:2UTwlAKW0d3l3VWuq7OPo7,"Know About Me","Know About Me","Ryan De La Cruz",2016-10-21,221690,0,false,111573307,2017-11-30T11:37:18Z,"afroswing,ndombolo","Void UK",0.884,0.594,0,-4.85,1,0.201,0.128,0,0.467,0.34,132,4
spotify:track:7x2zy4YgLY731TKaDFFeuj,"When It Rains (feat. Aloe Blacc)","E&J","Dag Savage;Exile;Johaz;Aloe Blacc",2014-02-04,176605,44,true,111573307,2017-11-30T11:38:27Z,"jazz rap,hip hop underground","Fat Beats Records",0.68,0.51,7,-9.126,1,0.281,0.155,0,0.691,0.698,90.055,4
spotify:track:3VXdEVTbT6SLTrOLEX7MCr,"Da B Side (feat. The Notorious B.I.G.)","ANUTHAFUNKDAFIEDTANTRUM","Da Brat;The Notorious B.I.G.",1996,223693,54,true,111573307,2017-11-30T11:41:58Z,"g-funk,hip hop old school,rap gangster,hip hop de la costa este,hip hop","So So Def/Columbia",0.849,0.61,8,-10.822,1,0.154,0.0204,0.00000476,0.0454,0.566,99.01,4
spotify:track:2r9e9UN0arHHL1XlhRSWSV,"World Wide Remix - Feat. 2Pac & T-Low","Novakane","Outlawz",2001-11-06,310146,38,true,111573307,2017-11-30T11:42:11Z,"hip hop de la costa oeste,hip hop old school,g-funk,rap gangster","Outlaw Recordz",0.876,0.851,7,-6.554,1,0.228,0.082,0,0.0985,0.914,100.003,4
spotify:track:6XRXEK0vKJghkW1MjVxVWU,"Swear Down (feat. Yungen)","Glenville Grove","Tiggs Da Author;Yungen",2016-11-11,213146,21,true,111573307,2018-01-14T13:13:13Z,"grime,uk grime,afroswing","RCA Records Label",0.74,0.833,6,-3.498,1,0.167,0.256,0,0.1,0.823,118.269,4
spotify:track:60xaS8mYBKUW4VQQ666N0T,"All Night (feat. Knox Fortune)","Coloring Book","Chance the Rapper;Knox Fortune",2016-05-27,141542,64,true,111573307,2018-01-14T13:13:47Z,"","Chance the Rapper",0.704,0.777,2,-5.729,1,0.195,0.0358,0,0.151,0.392,111.921,4
spotify:track:7nUUjeie8nspkmlWF9LxmJ,"Look Like","Afro High Sound","DJ Blue",2017-10-25,168019,36,false,111573307,2018-01-14T13:17:15Z,"dancehall,ragga,kuduro,azonto,shatta","Ldn Music",0.919,0.572,11,-8.126,0,0.109,0.0878,0.294,0.0939,0.499,130.046,4
spotify:track:4CmEntYYHDNUgsutRgiKkl,"Mansion Party","California Livin","Blanco;YG;DB Tha General",2015-10-09,199806,0,true,111573307,2018-02-13T14:38:01Z,"hyphy","Guerrilla Entertainment",0.86,0.642,10,-4.598,0,0.176,0.0833,0,0.0824,0.763,99.989,4
spotify:track:02vbwgCw4piXoMteswBt5I,"Pain","and the Anonymous Nobody...","De La Soul;Snoop Dogg",2016-08-26,279754,0,false,111573307,2018-02-13T14:38:12Z,"jazz rap,hip hop de la costa este,g-funk,hip hop de la costa oeste,rap gangster,hip hop old school,hip hop,rap","A.O.I., LLC",0.908,0.417,10,-8.244,0,0.255,0.0452,0.0824,0.0895,0.81,104.504,4
spotify:track:6x7FLLfsw7idrSU0u4ltWO,"Dear Dilla","Dear Dilla","Phife Dawg",2014-01-21,206909,31,false,111573307,2018-02-26T08:15:16Z,"hip hop de la costa este","Smokin' Needles Records",0.669,0.834,8,-3.086,1,0.271,0.223,0.00000236,0.064,0.216,96.791,4
spotify:track:0ODbw5xKtgdxODLtWWTjMa,"Yo","Yo","E. Mak;Big Zeeks",2017-08-25,211498,0,true,111573307,2018-02-26T08:16:23Z,"afroswing,uk grime,grime,dancehall,funky británico","Universal Music Group",0.813,0.533,1,-5.369,1,0.402,0.139,0,0.121,0.454,96.668,4
spotify:track:1OSzm5Xwg1pnOCOUov6MVi,"Love$ick - Mumdance Remix","Love$ick (Mumdance Remix)","Mura Masa;A$AP Rocky;Riko Dan;Mumdance",2016-12-09,201586,0,true,111573307,2018-02-26T08:16:47Z,"rap,uk garage,drum and bass,bassline,grime,uk grime","Universal Music Group",0.608,0.609,8,-10.339,1,0.422,0.653,0,0.171,0.44,88.818,4
spotify:track:0eGlogmvq7Md7XoJQV83pe,"Rum Punch","Rum Punch","Footsteps;SNE",2017-07-31,225000,8,false,111573307,2018-02-26T08:19:15Z,"afroswing,funky británico,r&b británico","The Heights/My-ish inc",0.757,0.552,1,-11.019,0,0.345,0.0522,0,0.0961,0.587,96.177,4
spotify:track:7qLPPvEduJStVkG2eiPbPB,"Link Up","Link Up","Ycee;Reekado Banks",2016-12-13,251212,32,false,111573307,2018-02-26T08:19:42Z,"afrobeats,afrobeat,alté,afroswing,afropop,azonto,afropiano,hiplife","SM Entertainment West Africa Limited",0.886,0.596,10,-6.749,0,0.168,0.38,0,0.173,0.757,106.99,4
spotify:track:7emZsOguTbyF9QexFMwIqF,"Uncle Phil","Uncle Phil","Meko Supreme",2014-05-11,215537,20,true,111573307,2018-03-07T16:09:03Z,"","Meko Supreme",0.648,0.489,2,-13.264,1,0.356,0.223,0,0.343,0.391,126.149,4
spotify:track:5WY2nfub0krPVi3sMlK13Z,"Luther's Joint","IMANI - EP","IAMNOBODI",2016-09-30,207316,0,false,111573307,2018-03-07T16:09:57Z,"","Jakarta",0.82,0.446,6,-7.778,1,0.0564,0.0231,0.148,0.162,0.426,105.928,4
spotify:track:4Wm7um6Da9cDCoG66eAubX,"Still Standing","The Story so Far...","Children of Zeus",2017-10-06,232828,0,false,111573307,2018-03-07T16:12:54Z,"r&b británico,neo soul","First Word Records",0.574,0.229,4,-10.683,0,0.3,0.408,0.000874,0.332,0.497,184.104,4
spotify:track:2fSzKr2j61NQNkeHRmL4On,"Kiss And Tell","Kiss And Tell","ROMderful;Naji",2016-12-24,194029,21,false,111573307,2018-04-02T20:34:14Z,"r&b británico,r&b alternativo","ROM & Naji",0.754,0.511,8,-6.538,1,0.147,0.0525,0.00000233,0.0842,0.517,77.925,4
spotify:track:6mwygSyrbsZmUqOXiPZJGb,"Yardcore","Yardcore","Born Jamericans",1997-01-01,272906,0,false,111573307,2018-04-02T21:05:56Z,"ragga,reggae,dancehall","Universal Music Group",0.739,0.597,1,-5.981,1,0.19,0.135,0,0.0971,0.549,83.171,4
spotify:track:3ABG1UQTk0eLYUAeWkmfMi,"Shimmy Shimmy Ya","Return to the 36 Chambers: The Dirty Version","Ol' Dirty Bastard",1995,161400,69,true,111573307,2018-04-02T21:24:13Z,"hip hop de la costa este,hip hop old school,hardcore hip hop","Rhino/Elektra",0.814,0.481,0,-5.183,1,0.245,0.097,0.0000383,0.0495,0.193,96.252,4
spotify:track:1oTHteQbmJw15rPxPVXUTv,"Insane in the Brain","Black Sunday","Cypress Hill",1993-07-20,208266,75,true,111573307,2018-04-02T21:25:23Z,"hip hop de la costa oeste,hip hop old school,rap rock,hip hop","Columbia",0.897,0.611,11,-10.489,1,0.211,0.0291,0.186,0.0894,0.769,102.304,4
spotify:track:65VJxeMXGdAlyQUlEA3oEX,"Kiss'n in the Dark","Kiss'n in the Dark","ENI",2016-09-09,188499,0,true,111573307,2018-04-04T17:37:54Z,"","IN THE STRUGGLE PRODUCTIONS LLC",0.552,0.729,9,-7.661,0,0.283,0.199,0.00762,0.109,0.209,113.645,4
spotify:track:0JwG03lkrLmyd0XavtkCVw,"Sego Hotline (ft. Krs.)","The Pink Polo EP","Masego,Medasin;KRS",2016-04-05,224040,30,false,111573307,2018-04-04T17:38:17Z,"","TrapHouseJazz",0.844,0.384,9,-11.385,0,0.254,0.377,0.000492,0.321,0.324,112.975,4
spotify:track:1cpNxvmA6GuWwIGijcFthc,"Indigo","Indigo","NAHOM",2017-08-11,240006,9,false,111573307,2018-04-04T17:38:28Z,"","NAHOM",0.734,0.511,0,-7.53,1,0.257,0.667,0,0.103,0.578,89.963,4
spotify:track:1LLZV0tcGFkdIJTLEOr1Zj,"Talk Less","Passion & Patience","Ye Ali",2017-07-07,149333,0,true,111573307,2018-04-04T17:39:05Z,"trap soul,drill sexy","Artclub / Ye Ali",0.616,0.554,0,-9.588,1,0.0912,0.0286,0.00424,0.144,0.477,89.958,4
spotify:track:2SnSLdX17lJYKoFSqSeLfa,"Feelings (feat. Raq)","Good","Deante' Hitchcock;RAq",2016-07-28,214080,17,true,111573307,2018-04-04T17:39:40Z,"rap japonés,r&b japonés,improvisación","Do Better, LLC",0.538,0.572,7,-7.847,0,0.222,0.019,0.0000125,0.163,0.413,125.014,4
spotify:track:6mjeb1PdpJOMg37NOEGngF,"Pleasure","Pleasure","CJ Flemings",2016-02-22,248209,9,true,111573307,2018-04-04T17:41:39Z,"","Cj Flemings",0.774,0.636,10,-8.18,0,0.147,0.127,0.00000433,0.0858,0.53,110.003,4
spotify:track:66hR2G9eo93SAMZedGfBpt,"Mayo (feat. Yung Swiss, Tellaman, Shane Eagle & Frank Casino)","Mayo (feat. Yung Swiss, Tellaman, Shane Eagle & Frank Casino)","DJ Speedsta;Yung Swiss;Tellaman;Shane Eagle;Frank Casino",2016-09-02,306640,0,true,111573307,2018-04-20T16:10:28Z,"r&b afro,alté,afropop","Sound African Recordings",0.736,0.61,6,-6.578,0,0.0626,0.253,0,0.0922,0.142,129.033,4
spotify:track:6x0Oa5bygHSTMilMTPbwlk,"Get Mine (Wantigga Remix) [feat. Shakka]","The High (Remixes)","Midas Hutch;Shakka",2017-06-02,185720,0,false,111573307,2018-04-20T16:12:22Z,"nu disco","Midas Hutch",0.713,0.615,7,-6.696,1,0.139,0.0314,0.00000785,0.0811,0.445,94.028,4
spotify:track:5oy4VFaAESEx7z45Oy0eXE,"Here (feat. Xavier Omär)","Free Your Soul: Side A (Deluxe Version)","Asaiah Ziv;Xavier Omär",2016-02-01,196650,0,false,111573307,2018-04-20T16:12:33Z,"r&b alternativo","HIPSAVVY",0.495,0.577,9,-6.097,0,0.879,0.556,0,0.172,0.439,192.021,4
spotify:track:1QwgOsR7M0vVYO1mBZs9uP,"By My Side","By My Side","Kaleem Taylor",2016-12-02,208152,15,false,111573307,2018-04-20T16:12:46Z,"r&b británico","Epic Amsterdam",0.645,0.615,7,-7.09,1,0.104,0.148,0.0000037,0.128,0.462,145.025,4
spotify:track:2MIeCVwGGNj92InDRtJQrV,"STICKY SITUATION","Sticky Situation","QUIN;Syd",2017-08-03,183000,0,false,111573307,2018-04-20T16:13:12Z,"r&b indie","Fantasy Soul Music",0.822,0.513,11,-5.6,1,0.167,0.219,0.00302,0.142,0.516,129.998,4
spotify:track:7ao5gxRowgb0fTTuwvhDeu,"Be The One","Be The One","Cupidon;UMI",2017,187050,42,false,111573307,2018-04-20T16:13:44Z,"","TrackRecord AI",0.818,0.468,8,-8.676,1,0.0846,0.233,0.000139,0.0972,0.0374,111.019,4
spotify:track:2lXpJ5msDSdET25dLeIjz5,"Gotham","Flawed Up Shawty","FXXXXY",2017-03-01,299180,13,true,111573307,2018-04-24T16:59:31Z,"","PoweredByCMG",0.732,0.693,1,-5.398,1,0.125,0.313,0,0.156,0.453,121.152,4
spotify:track:5iGj6bCMWlgYWFTDIJlgGw,"Bruh","Bruh","Hovey Benjamin",2017-06-16,203385,28,true,111573307,2018-04-24T16:59:42Z,"","MegaCom GloboCorp.",0.864,0.593,0,-8.954,1,0.085,0.0116,0.0308,0.12,0.191,144.018,4
spotify:track:059zcSqBOpvmd8iUr9IWO7,"DREAMIN","SLIGHT COLLECTION VOL. 1","SLIGHT",2017-11-28,171754,0,false,111573307,2018-04-24T17:00:29Z,"","Indigo League",0.719,0.816,7,-4.771,1,0.406,0.551,0.0016,0.0919,0.111,92.718,4
spotify:track:4l39GIAyd1AKAnLbDME699,"Through Enough (feat. GoldLink)","Through Enough (feat. GoldLink)","VanJess;GoldLink",2017-09-01,268918,20,true,111573307,2018-04-24T17:00:54Z,"r&b alternativo","Keep Going",0.833,0.72,8,-4.011,1,0.187,0.194,0,0.0652,0.884,103.129,4
spotify:track:0JBeVi0zquZr5S6ITbRkIm,"Chopping Game","Good Sense 3","Young Roddy;Le$",2016-04-20,254857,7,true,111573307,2018-04-24T17:03:28Z,"hip hop sureño americano","GOOD$ENSE / iHipHop Distribution",0.45,0.738,0,-9.381,1,0.442,0.0539,0,0.342,0.451,159.351,4
spotify:track:6PhZwZ7QaJa79y7AVrHHHr,"Yuca","Yuca","Warner Meadows",2017-07-07,138913,0,true,111573307,2018-04-24T17:03:42Z,"jazz rap","Warner Meadows",0.818,0.864,10,-5.71,0,0.124,0.0281,0.0935,0.128,0.556,92.039,4
spotify:track:1rxbz8vhGvydIbOWkh60gw,"Like Really","The Iceberg","Oddisee",2017-02-24,224000,0,false,111573307,2018-04-24T17:04:19Z,"jazz rap","Mello Music Group",0.903,0.623,6,-6.692,0,0.125,0.14,0,0.0742,0.121,120.055,4
spotify:track:1kZbQVHoFhQJh0goczJxvE,"Universe","Illa J","Illa J",2015-10-02,269736,0,true,111573307,2018-05-05T09:38:31Z,"jazz rap","Bastard Jazz Recordings",0.841,0.475,0,-9.14,1,0.305,0.0907,0.0000567,0.0936,0.532,105.012,4
spotify:track:5vS0exugk3uvkQCqKLWVyD,"Kompany","Kompany","monte booker;Smino;Phoelix",2017-06-23,209868,0,true,111573307,2018-05-05T09:47:50Z,"","Zero Fatigue",0.784,0.512,11,-7.661,0,0.229,0.271,0.00000215,0.277,0.7,138.946,4
spotify:track:7wwD6VnkhVmYPL9P36huUY,"Sam Cooke & Marvin Gaye","Xover","Blue Lab Beats;Kojey Radical;Tiana Major9",2018-03-30,244360,18,false,111573307,2018-05-06T11:02:39Z,"nu jazz,indie jazz,soul jazz,alté,r&b británico,r&b alternativo","Blue Adventure / AllPoints",0.638,0.544,11,-5.664,0,0.26,0.295,0.0000173,0.0836,0.642,94.671,4
spotify:track:6x8o78q3vItAIIqGeMCTvO,"Roll the Dice","Mellow Mermaids and Malibu","KinKai;glue70",2017-11-30,216163,19,true,111573307,2018-05-06T11:04:42Z,"jazz rap,vaporwave","LousyLyrics",0.557,0.448,1,-13.659,0,0.528,0.856,0.0000406,0.105,0.659,85.051,4
spotify:track:2V7CZkJU3Y6IMq1L5IsdKP,"Did You See - Conducta Remix","Did You See (Conducta Remix)","J Hus;Conducta",2017-07-21,216027,33,true,111573307,2018-05-06T11:05:17Z,"afroswing,grime,uk grime,uk garage,bassline,funky británico","Black Butter",0.849,0.816,11,-5.59,0,0.0623,0.0326,0.000146,0.0327,0.962,125.003,4
spotify:track:2rYyq0b3XWwmWl0k727OVG,"Nuh Ready Nuh Ready (feat. PARTYNEXTDOOR)","Nuh Ready Nuh Ready (feat. PARTYNEXTDOOR)","Calvin Harris;PARTYNEXTDOOR",2018-02-08,184172,42,true,111573307,2018-05-06T11:05:57Z,"edm,dark r&b,r&b,trap soul","Columbia",0.754,0.779,1,-3.288,0,0.0387,0.063,0.0000281,0.0758,0.41,116.003,4
spotify:track:43t7FCfgdQoGl5sNZNx0lO,"Glide","Glide","Hoodboi;Tkay Maidza",2018-02-14,233739,0,false,111573307,2018-05-16T10:02:48Z,"future bass,r&b alternativo","Universal Music Group",0.749,0.552,8,-8.584,0,0.116,0.175,0,0.0701,0.248,114.947,4
spotify:track:5lJAZ8IMBzfeWcV3PjCMMO,"Leather in The Rain (feat. Kyndall)","Kyoto","Tyga;Kyndall",2018-02-16,213798,43,true,111573307,2018-05-23T10:49:31Z,"","Last Kings Music / EMPIRE",0.809,0.533,0,-7.419,1,0.0561,0.0794,0.00112,0.113,0.282,128.013,4
spotify:track:2twuWVm42q3E4okRqfv8U1,"Nowo","Nowo","SPINALL;Wizkid",2018-02-26,197851,44,false,111573307,2018-05-23T12:54:32Z,"afrobeats,afrobeat,afropop,afropiano,alté,afroswing,r&b afro,azonto","TheCAPMusic",0.793,0.721,11,-5.256,0,0.0905,0.237,0.00000294,0.134,0.519,107.978,4
spotify:track:3qnoOm4fwZPBS116f5hpgF,"All Mine","ye","Kanye West",2018-06-01,145506,0,true,111573307,2018-06-01T21:05:25Z,"rap","Getting Out Our Dreams, Inc./Def Jam Recordings",0.925,0.308,11,-6.562,0,0.338,0.125,0,0.0933,0.265,122.099,4
spotify:track:1N9H3MGwicqMIS2vx1yuu2,"Mississippi Masala (feat. Warren Xclnce)","Mississippi Masala (feat. Warren Xclnce)","Thutmose;Warren Xclnce",2016-04-04,226795,0,true,111573307,2018-07-31T12:57:49Z,"","Thutmose",0.678,0.902,2,-6.516,1,0.308,0.395,0,0.246,0.629,120.018,4
spotify:track:5WlGOU9WVSW9fZXoVfHNsZ,"Odd Soul","Odd Soul (Deluxe Version)","Mutemath",2011-09-30,195160,22,false,111573307,2019-07-15T12:06:49Z,"","Teleprompt/Warner Records",0.484,0.931,7,-3.582,0,0.163,0.00883,0,0.408,0.416,150.009,4
spotify:track:7KEzVso5asMgdZHmYwnunh,"How You Feel - A COLORS SHOW","How You Feel - A COLORS SHOW","Swsh",2019-07-15,178193,0,true,111573307,2019-08-12T17:08:09Z,"","colorsxstudios",0.558,0.389,7,-10.099,0,0.293,0.749,0.0000598,0.103,0.42,81.137,4
spotify:track:6tByydPskASjm9jTPkNQq0,"Numb Numb Juice","CrasH Talk","ScHoolboy Q",2019-04-26,107146,63,true,111573307,2019-08-12T17:10:24Z,"","Top Dawg Entertainment/Interscope Records",0.885,0.492,1,-6.015,1,0.367,0.00172,0.0000746,0.081,0.203,156.958,4
spotify:track:7tXCV0UwFwBxqum6i25you,"Coño","Coño","Puri;Jhorrmountain;Adje",2017-12-08,137595,56,true,111573307,2019-08-17T16:56:58Z,"moombahton","Spinnin' Records",0.847,0.573,0,-6.032,1,0.253,0.00739,0.0149,0.0845,0.332,99.919,4
spotify:track:7MGEwM4J5EZQ06UdWsgT9f,"How Many Times","How Many Times","Afro Bros;Sean Kingston",2019-05-31,187456,22,false,111573307,2019-08-17T16:58:34Z,"moombahton,dancehall","Spinnin' Records",0.694,0.694,8,-6.261,1,0.087,0.0159,0,0.189,0.524,117.068,4
spotify:track:5dqWIDaD75Odn61M0p9B2v,"GUMMO - Remix","Day69: Graduation Day","6ix9ine;Offset",2018-04-10,205635,0,true,111573307,2019-09-04T09:16:13Z,"","ScumGang Records / TenThousand Projects",0.692,0.785,1,-4.995,1,0.178,0.013,0,0.288,0.531,78.437,4
spotify:track:7wPHEEGn0rWMZEDrDcOaDa,"Carrollton","I Want To Die In New Orleans","$uicideboy$",2018-09-07,203897,0,true,111573307,2019-09-16T18:14:19Z,"rap emo,horrorcore,cloud rap,trap metal,hip hop underground","G59 Records, LLC",0.844,0.52,5,-10.626,0,0.533,0.00221,0.00122,0.7,0.289,149.995,4
spotify:track:7GX5flRQZVHRAGd6B4TmDO,"XO Tour Llif3","Luv Is Rage 2","Lil Uzi Vert",2017-08-25,182706,84,true,111573307,2019-09-24T23:36:23Z,"rap melódico,rage rap","Generation Now/Atlantic",0.732,0.75,11,-6.366,0,0.231,0.00264,0,0.109,0.401,155.096,4
spotify:track:78uUSmxaoXEBf9gFKFYK3y,"Gordon Ramsay","Gordon Ramsay","HL Wave;Jhonny Flames",2019-08-25,141150,0,true,111573307,2019-10-11T21:37:41Z,"","1035563 Records DK",0.883,0.733,10,-7.134,0,0.343,0.0207,0,0.2,0.812,74.991,4
spotify:track:2qx0FYGob348g1BdwEyMJA,"Duck Ya Head","Breakin' Combs","Dred Scott",2017-12-04,289160,0,true,111573307,2019-11-20T13:15:11Z,"jazz rap","VinDig",0.845,0.819,10,-4.35,0,0.385,0.0303,0,0.115,0.747,94.984,4
spotify:track:0bH5YzmIgaQ4ay1t89eMAh,"YUCK","YUCK","JOYRYDE;Gold",2019-03-22,180000,0,true,111573307,2019-11-20T13:19:56Z,"bass house,g-house,edm trap","HARD Recs",0.715,0.86,1,-3.212,1,0.238,0.0798,0.000834,0.252,0.371,149.99,4
spotify:track:7quZuZfqxUXf8NwuzSEVBK,"Blowing Smoke","B-Sides and Rarities","Home Brew",2018-07-23,209655,0,true,111573307,2020-01-14T10:09:07Z,"","Years Gone By",0.533,0.735,6,-6.348,0,0.335,0.11,0,0.156,0.492,175.81,4
spotify:track:5yY9lUy8nbvjM1Uyo1Uqoc,"Life Is Good (feat. Drake)","Life Is Good (feat. Drake)","Future;Drake",2020-01-10,237735,74,true,111573307,2020-02-28T13:59:19Z,"rap,trap","Epic/Freebandz",0.676,0.609,2,-5.831,0,0.481,0.0706,0,0.152,0.508,142.037,4
spotify:track:1xsuirDzVPOp4G8P5cmtjY,"TYPE","EXOTIGAZ","A.CHAL",2018-12-08,199365,35,true,111573307,2020-03-13T20:29:21Z,"","Epic/Gazi World",0.8,0.76,1,-7.882,1,0.104,0.00294,0.206,0.0983,0.223,108.01,4
spotify:track:7ghCK0foXp00AcPEIVjxvN,"Boss","Boss","Mercer",2018-11-30,178345,41,true,111573307,2020-03-13T20:30:12Z,"disco house","PREMIERE CLASSE RECORDS",0.906,0.884,8,-5.25,1,0.0819,0.0364,0.0000208,0.281,0.574,114.971,4
spotify:track:0kUC8JPbrAsx5FvR26TUlw,"101 FM (feat. Spragga Benz) - Toddla T Remix","101 FM (feat. Spragga Benz) [Toddla T Remix]","Little Simz;Spragga Benz;Toddla T",2019-06-07,203070,0,true,111573307,2020-03-13T20:31:24Z,"dancehall,ragga,reggae,riddim,funky británico,uk garage,bassline,grime","AGE 101",0.8,0.701,10,-4.995,0,0.234,0.445,0,0.0929,0.66,77.032,4
spotify:track:2NmUBhcOXn2fGXX9LUUrGq,"Public School","Keep in Touch","Armani White",2019-11-08,201750,0,true,111573307,2020-03-13T20:32:11Z,"","Armani White",0.854,0.689,10,-7.357,0,0.283,0.0848,0,0.07,0.635,135.176,4
spotify:track:5Rg8SptHd3tESvn4fzAV3i,"Corpo sensual","Corpo sensual","MC Kevinho;Tyga",2020-03-06,175478,38,false,111573307,2020-03-13T20:49:35Z,"funk brasileño,funk pop","WM Brazil",0.702,0.662,4,-4.748,1,0.208,0.396,0.00000619,0.137,0.607,194.001,4
spotify:track:7p5ulqrjClq0SOScmoxiPA,"Dumpling - THRDL!FE Remix","Dumpling (THRDL!FE Remix)","Stylo G;Sean Paul;Spice;THRDL!FE",2020-02-28,163800,16,true,111573307,2020-03-13T20:53:04Z,"dancehall,hip hop indio,soca,desi hip hop,shatta,ragga","3Beat",0.939,0.803,1,-5.063,1,0.296,0.17,0.00000277,0.116,0.875,125.022,4
spotify:track:4u8xrKWeF7xBO9kGwIk6u7,"Proud Of U (feat. Young Thug)","Mirrorland","EARTHGANG;Young Thug",2019-09-06,238200,48,true,111573307,2020-03-13T20:56:35Z,"rap,rap melódico,trap","Dreamville/Interscope",0.768,0.456,2,-8.676,1,0.354,0.0691,0,0.162,0.39,77.582,4
spotify:track:3JrYkRVUNq5QLUgVJMCLYz,"Bet (feat. Skepta & Michael Phantom)","Endorphins","Octavian;Skepta;Michael Phantom",2019-06-13,169211,46,true,111573307,2020-03-13T20:57:52Z,"grime,uk grime,afroswing","Black Butter",0.857,0.6,7,-8.694,1,0.38,0.00124,0.0000275,0.124,0.841,156.065,4
spotify:track:0nbXyq5TXYPCO7pr3N8S4I,"The Box","Please Excuse Me for Being Antisocial","Roddy Ricch",2019-12-06,196652,86,true,111573307,2020-04-04T00:54:13Z,"rap melódico","Atlantic Records",0.896,0.586,10,-6.687,0,0.0559,0.104,0,0.79,0.642,116.971,4
spotify:track:59XfkUPhqn61BhHx21HYjL,"Spiders","Spiders","Illa J",2016-10-13,186200,37,true,111573307,2020-04-09T12:52:12Z,"jazz rap","Illa J",0.632,0.666,0,-8.908,1,0.385,0.175,0.00000112,0.167,0.637,168.11,4
spotify:track:2aXOUrab5HieJCZR3fIqpY,"Ground Control","Unholy","Collard;Kojey Radical",2019-05-10,259106,21,true,111573307,2020-04-09T12:52:39Z,"alté","EMI",0.612,0.359,10,-13.231,1,0.402,0.594,0,0.193,0.0564,90.004,4
spotify:track:4NYzuuSf3lqmXogSd1tnFP,"SHIBUYA (GHOST II) (feat. Jaden, VIC MENSA & Belly)","SHIBUYA (GHOST II) (feat. Jaden, VIC MENSA & Belly)","Christian Rich;Jaden;VIC MENSA;Belly",2019-06-07,157000,28,true,111573307,2020-04-09T12:54:22Z,"","Epic Local",0.705,0.623,1,-5.292,1,0.307,0.232,0.000123,0.268,0.4,73.862,4
spotify:track:2krXaWJ9y1C6WC4ZCXJOXj,"IRATE (Freestyle)","IRATE (Freestyle)","ICECOLDBISHOP",2019-09-05,123050,0,true,111573307,2020-04-09T13:01:19Z,"hip hop underground,hip hop alternativo","PROPERTY OF ICE COLD RECORDS / Human Re Sources",0.803,0.73,10,-6.724,0,0.621,0.186,0.00000515,0.12,0.311,75.202,4
spotify:track:1FR3Cmsjh1Vi0dyrW6iABe,"Janet","Janet","Meanz Of Operation",2018-09-26,262283,31,true,111573307,2020-04-13T03:12:52Z,"","Independent",0.882,0.657,9,-5.162,1,0.115,0.176,0.0000127,0.328,0.274,124.997,4
spotify:track:59tc0lKbVbQcOHDjK5ZH9Q,"Madeleine","Madeleine","Michael Phantom",2019-07-12,155000,28,true,111573307,2020-06-04T18:05:14Z,"grime,uk grime","Essie World",0.812,0.814,11,-9.324,0,0.202,0.0249,0.0276,0.12,0.902,155.955,4
spotify:track:3vzPlTLm621MpvZY1rzpKX,"4AM","Big Talk Vol. 1","Ocean Wisdom",2019-10-11,200250,0,true,111573307,2020-06-04T18:32:38Z,"","Ocean Wisdom",0.764,0.71,8,-10.213,0,0.131,0.334,0.000236,0.124,0.87,159.997,4
spotify:track:6BvtitRX5lQC87YlA6rq0n,"Bubblin","Bubblin","Anderson .Paak",2018-05-17,209093,54,true,111573307,2020-06-22T16:23:08Z,"","Aftermath",0.568,0.873,1,-5.22,1,0.265,0.0731,0,0.367,0.547,106.783,5
spotify:track:1ZpkA90CZ0rgEaxQIMx1z0,"Mmmyea","Mmmyea","Brevis;bbno$",2019-03-14,120004,0,true,111573307,2020-06-29T10:59:16Z,"phonk brasileño,g-house","Tribal Trap",0.827,0.736,1,-9.998,1,0.298,0.167,0.0000133,0.144,0.689,154.2,4
spotify:track:6225vlQNgif1W5dE5KN6Y6,"Slum Anthem","Slum Anthem","K CAMP",2014-11-17,171746,63,true,111573307,2020-06-30T08:37:30Z,"","Family Ties / Interscope",0.759,0.454,1,-6.594,1,0.137,0.192,0.00000569,0.0853,0.0551,140.04,4
spotify:track:7rWLqeQJabrK7FbY8X0TyI,"Suburban, Pt. 2","Growth & Development","22Gz",2020-04-10,190746,59,true,111573307,2020-08-09T21:26:44Z,"drill de brooklyn,drill neoyorquino,drill","Atlantic Records",0.83,0.574,11,-6.892,1,0.701,0.281,0,0.124,0.538,143.892,4
spotify:track:3lq06iX09nUI5DH2014BWi,"Whisky and Spice","Whisky and Spice","Yeico X Toni",2020-03-23,188836,0,true,111573307,2020-08-17T21:17:59Z,"","1864055 Records DK2",0.941,0.573,2,-7.54,1,0.254,0.0406,0.0000359,0.0748,0.438,120.063,4
spotify:track:0mfEHC4z5a7533o7VNOH2c,"Ay Caramba","Ay Caramba","Stay Flee Get Lizzy;Fredo;Young T & Bugsey",2018-07-26,211525,52,true,111573307,2020-08-19T20:24:31Z,"grime,drill británico,afroswing,uk grime,drill","Universal-Island Records Ltd.",0.629,0.647,1,-3.791,1,0.199,0.0355,0.00373,0.0797,0.531,139.787,5
spotify:track:55ogmYPTA0pBxaqFpvaaIq,"Drip","Drip","Tru Story;$ockyy",2018-06-27,222500,0,true,111573307,2020-08-29T09:06:07Z,"","L.O.D Records",0.816,0.562,5,-9.213,0,0.336,0.00268,0,0.166,0.483,159.977,4
spotify:track:5RdGN9K6Gy5jwAAqaJ1wIv,"Like This","Like This / U Like My Style","Shortie No Mass",2019-11-29,216145,0,true,111573307,2020-08-29T09:08:19Z,"boom bap,hip hop underground","VinDig",0.869,0.691,11,-12.178,0,0.0965,0.0165,0.0189,0.0795,0.848,90.963,4
spotify:track:0TSxzhkLn7IZcVQmEBrMqH,"Flex","Capsules","Arma Jackson",2019-04-19,180299,38,false,111573307,2020-08-29T09:09:26Z,"r&b francés,rap francés,pop urbaine","Mukongo Business",0.858,0.605,6,-6.963,1,0.072,0.0118,0.0000224,0.0561,0.853,139.998,4
spotify:track:5CuuJ2Wm6bkgY43hsHtz90,"heat","IDALY","Idaly;Bokoesam;NAVI",2019-04-26,165977,17,true,111573307,2020-09-03T14:51:11Z,"","Top Notch Music BV",0.796,0.737,3,-6.277,0,0.235,0.169,0.000439,0.121,0.59,140.025,4
spotify:track:4w8NEPbPk4AtVwg3ekVSpV,"Het Is Mani","Mani","MocroManiac",2019-06-26,146147,24,true,111573307,2020-10-23T21:07:49Z,"","Top Notch Music BV",0.651,0.57,1,-6.993,1,0.297,0.00133,0,0.0651,0.32,74.377,3
spotify:track:6y6Yg1VnKqWs5MiL4LpJkk,"Sou Sou","85 to Africa","Jidenna",2019-08-23,228604,35,true,111573307,2020-10-23T21:10:23Z,"","Wondaland Records/Epic",0.897,0.555,3,-9.043,0,0.112,0.0301,0,0.158,0.535,119.977,4
spotify:track:1hFQpuCbGRGriaWJsF7OeX,"Le tour de force","Le savoir faire","L'Entourloop;Troy Berkley;Skarra Mucci;Ruffian Rugged;Blackout JA",2017-09-22,302554,0,false,111573307,2020-10-23T21:12:48Z,"dub,ragga,reggae,roots reggae,jungle,drum and bass","X-Ray Production",0.744,0.712,2,-8.46,1,0.136,0.042,0,0.126,0.677,98.117,4
spotify:track:20cGOXZMmOQBO9ueskdHQo,"Dope I Mean","Dope I Mean","Rob the Bank;Finn Foxell",2019-03-22,204638,29,false,111573307,2020-10-23T21:14:39Z,"","Bank",0.872,0.607,5,-6.677,0,0.201,0.904,0.0000385,0.0922,0.615,94.996,4
spotify:track:3A4z42OKt6FV4tnGOL9Xda,"War Pigs","The Ultimate Collection","Black Sabbath",2016-10-28,474400,0,false,111573307,2020-10-23T21:31:18Z,"metal,heavy metal,rock,stoner rock,doom metal,hard rock","Sanctuary Records",0.464,0.612,9,-12.019,1,0.0591,0.116,0.00559,0.171,0.496,91.499,4
spotify:track:3gLEhKDJrwbb94WctCHCix,"Cockiness (Love It) Remix","Cockiness (Love It) Remix [Explicit Version]","Rihanna;A$AP Rocky",2012-09-07,218826,45,true,111573307,2020-10-23T21:38:23Z,"rap","Def Jam Recordings",0.654,0.617,8,-9.935,1,0.101,0.00888,0.000902,0.0997,0.366,124.948,4
spotify:track:68UU9oaQtMDnh6PRlW842H,"I Like Him","Everything Sucks","Princess Nokia",2020-02-26,132453,59,true,111573307,2020-11-07T11:38:12Z,"","Platoon",0.893,0.579,9,-8.995,1,0.113,0.0641,0.000121,0.215,0.611,133.018,4
spotify:track:3JAeYOjyJodI4PRs44lx2l,"Off Deez (with J. Cole)","DiCaprio 2","JID;J. Cole",2018-11-26,213357,60,true,111573307,2020-11-22T10:33:46Z,"rap","J. Cole/ DreamVille",0.836,0.579,9,-6.164,1,0.243,0.00207,0,0.11,0.431,85.486,4
spotify:track:3FWSVJ0wBNgt3e9ODLwdjv,"OGs Told Me","Loyalty Is Royalty","Masta Killa;Boy Backs;Moe Roc",2017-09-29,210356,22,true,111573307,2020-12-04T13:20:16Z,"hip hop de la costa este","Nature Sounds",0.631,0.563,2,-8.966,1,0.299,0.146,0,0.112,0.226,90.29,4
spotify:track:0UkjGY8R1PATz0sYxf9n99,"Highly Possible (feat. Waka Flocka Flame)","Brighter Future (Deluxe Version)","Big Gigantic;Waka Flocka Flame",2017-08-30,221935,0,true,111573307,2020-12-06T09:41:27Z,"","Big Gigantic",0.647,0.978,5,-0.868,0,0.469,0.0642,0,0.243,0.57,92.775,4
spotify:track:6imaoKkU3JVj5TsJMZiD4G,"Suede Jaw","Billy's Home","808INK",2015,143925,43,true,111573307,2020-12-18T13:33:58Z,"","Sanus Hao Recordings",0.934,0.667,6,-5.294,0,0.238,0.0138,0.0091,0.447,0.554,104.249,4
spotify:track:6jk2VnkSnarhrMu1YXDQDw,"WHO YOU","WHO YOU","KVKA",2019-08-17,179043,0,true,111573307,2020-12-18T14:49:17Z,"","StaySavage",0.91,0.321,0,-14.486,0,0.263,0.124,0,0.173,0.299,98.057,4
spotify:track:0kRxyGBM6vfZ5ulLkBL14Y,"Smile","Hungry","808INK",2016-11-10,202864,33,false,111573307,2020-12-21T13:18:48Z,"","Sanus Hao Recordings",0.803,0.663,5,-6.357,0,0.137,0.041,0.00257,0.348,0.64,104.92,4
spotify:track:2KmdDi3rHxQK2haG7GdERI,"GANG","Seasons II","House of Pharaohs",2019-09-26,211022,23,true,111573307,2020-12-21T13:21:17Z,"grime,uk grime","House of Pharaohs",0.819,0.596,11,-8.334,0,0.247,0.015,0.000136,0.102,0.381,86.521,4
spotify:track:1RRlUJMxjp2FmkTExBT2T7,"Fkn Around (feat. Megan Thee Stallion)","Fkn Around (feat. Megan Thee Stallion)","Phony Ppl;Megan Thee Stallion",2020-01-31,244048,45,true,111573307,2020-12-28T17:18:42Z,"indie soul","300 Entertainment",0.837,0.738,1,-5.297,0,0.117,0.0381,0.00000692,0.0589,0.715,110.993,4
spotify:track:4mNq8ro9jvZniCEPVfxq4B,"Bum-Rush","Carnivore","Body Count",2020-03-06,203564,36,true,111573307,2020-12-28T17:23:00Z,"rap metal,rap rock","Century Media",0.511,0.967,8,-1.721,1,0.0995,0.0000243,0.000785,0.308,0.351,141.336,4
spotify:track:1bdHow2lJMGSx3bjcZeCjC,"casablanco freestyle","casablanco freestyle","Armani White;Sango",2018-05-08,155500,26,true,111573307,2021-01-03T21:35:33Z,"","Armani White",0.747,0.796,10,-4.7,0,0.439,0.0299,0,0.242,0.745,141.97,4
spotify:track:5ZbkbqTLU9qcgBnKHGdGZz,"Rax","Rax","Kent Loon",2020-05-18,114044,0,true,111573307,2021-01-09T11:30:05Z,"","POW Recordings",0.899,0.586,1,-9.006,1,0.192,0.467,0.000012,0.183,0.654,122.06,4
spotify:track:1y22ZW33kYlSgSW2UtNVa8,"Close Your Eyes","Born Again","Soom T",2018-03-02,209297,27,false,111573307,2021-01-17T11:38:15Z,"dub,ragga,reggae","Strong Foundation",0.802,0.781,10,-4.494,0,0.32,0.234,0,0.131,0.703,88.916,4
spotify:track:7y2rpY12g9kdyvuGCNpxxc,"Fruit Punch (feat. Brevi & James Savage)","Serial Killers: Day of the Dead","Xzibit;B-Real;Demrick;Brevi;James Savage",2018-10-30,181918,42,true,111573307,2021-02-18T17:07:13Z,"hip hop de la costa oeste,rap gangster,g-funk,hip hop old school,hardcore hip hop,hip hop","Open Bar Entertainment",0.851,0.566,11,-2.851,1,0.408,0.301,0,0.0683,0.584,133.012,4
spotify:track:45uHGiGRrrMYAYFPVz5iR5,"Hustle","Street Certified","M.O.P.",2014-11-18,258936,0,true,111573307,2021-02-18T20:36:15Z,"hip hop de la costa este,hardcore hip hop,hip hop old school","Greenstreets Entertainment",0.459,0.889,6,-2.948,0,0.232,0.00958,0,0.0376,0.574,84.942,4
spotify:track:2iZI9xiiJdX3P20NzlSBg9,"Cry Baby","State Of The Arts","Afu-Ra;Q;Lady Blue",2005-06-14,271613,0,true,111573307,2021-02-22T22:20:25Z,"hip hop de la costa este,hip hop old school,boom bap,disco italiana,post-disco,hi-nrg","Mass Appeal",0.599,0.829,7,-4.249,1,0.167,0.0199,0.000135,0.0871,0.719,171.356,4
spotify:track:7pXKHhayzs2JVDP5VKxUo6,"Cash Money","Cash Money - Single","Tyga",2016-05-20,210114,51,true,111573307,2021-07-16T11:37:25Z,"","Last Kings Music",0.928,0.58,5,-4.268,0,0.163,0.163,0,0.112,0.473,99.984,4
spotify:track:5PUBJH25AxUPqqviyzQzhc,"Givin' Up The Nappy Dug Out","Death Certificate (25th Anniversary Edition)","Ice Cube",2017-06-09,255200,0,true,111573307,2021-09-25T07:00:08Z,"hip hop old school,rap gangster,hip hop de la costa oeste,g-funk,hip hop","Cubevision JV New Agreements",0.825,0.843,2,-3.486,1,0.268,0.195,0,0.6,0.523,102.398,4
spotify:track:79DldNfXM19dZvHRNBYM8Q,"211","211","Casanova",2020-12-25,139320,37,true,111573307,2021-11-12T07:55:51Z,"drill de brooklyn","2xentertainment LLC.",0.665,0.484,1,-11.994,1,0.196,0.037,0,0.178,0.186,95.291,4
spotify:track:2f6PfM0BVPBtJVayoSVPus,"FWMGAB","They Got Amnesia","French Montana",2021-11-19,187819,36,true,111573307,2022-01-09T10:22:51Z,"","Epic/Bad Boy Entertainment",0.653,0.792,10,-2.018,0,0.0342,0.0994,0,0.731,0.175,94.126,4
spotify:track:3tC8SJpOwJhDg8WGG1NKGR,"Oh No","Lyricist Lounge Volume 2","Mos Def;Pharoahe Monch;Nate Dogg",2002-01-01,239933,55,true,111573307,2022-01-12T08:45:54Z,"hip hop de la costa este,hip hop old school,hip hop,g-funk,hip hop de la costa oeste","Rawkus Entertainment",0.719,0.863,5,-4.148,0,0.435,0.414,0.00000519,0.147,0.765,87.579,1
spotify:track:03FuHKN1UVDOnVkhd8fuuy,"God Nem","Grove","Waldo;Savon;Sango",2019-11-11,132099,19,true,111573307,2022-01-20T08:46:15Z,"lo-fi house","AGO / W.D.D.",0.755,0.411,1,-10.786,1,0.489,0.028,0,0.633,0.49,75.009,4
spotify:track:0nOFMnG5wCIgTyA8RaY4iJ,"All We Got Is This","All We Got Is This","Troy;Mick Jenkins",2020-12-03,180705,32,true,111573307,2022-02-02T22:14:03Z,"jazz rap","POVERTY LLC",0.527,0.526,7,-9.993,1,0.186,0.0488,0.0633,0.0983,0.245,85.024,4
spotify:track:64N6kmOcJRlPcKzGicLCTY,"Multi Multi","Talou","$hirak;Frenna;Mula",2021-11-04,216386,34,true,111573307,2022-02-02T22:19:08Z,"","Maison $hirak",0.953,0.498,1,-8.927,1,0.352,0.0102,0,0.0963,0.511,131.992,4
spotify:track:5VlvjTZGEosS3uq6eKqiiN,"Terra N Ya Era","Veteranz Day","Big Daddy Kane",1998-04-28,230480,44,true,111573307,2022-02-02T22:20:56Z,"hip hop old school,hip hop de la costa este,hardcore hip hop,hip hop","On The Low",0.747,0.865,7,-5.226,1,0.296,0.203,0.00373,0.0882,0.773,92.995,4
spotify:track:0E1NCpOWUweGB674Hhu7sc,"Candy (Drippin' Like Water)","Tha Blue Carpet Treatment","Snoop Dogg;E-40;MC Eiht;Goldie Loc;Daz;Kurupt",2006-01-01,288040,45,true,111573307,2022-02-18T21:11:41Z,"g-funk,hip hop de la costa oeste,rap gangster,hip hop old school,hip hop,rap,hyphy","Geffen",0.696,0.655,10,-6.926,0,0.521,0.205,0,0.0898,0.411,98.065,4
spotify:track:03M43BuPcn8LapDoNIosPD,"U Better Recognize - Remix","Nothin' but the Cavi Hit: G-Funk Favorites","Sam Sneed",2000-11-07,240922,38,true,111573307,2022-02-23T23:06:43Z,"g-funk,hip hop de la costa oeste,rap gangster,hip hop old school","RED Solar Music",0.74,0.805,6,-4.801,0,0.247,0.0581,0,0.0499,0.5,90.176,4
spotify:track:2Wm6GOCXBADZ5fiXL1UuqC,"Gimme the Loot","Gimme the Loot","The Colleagues;Freddie Gibbs",2021-01-22,164702,0,true,111573307,2022-02-23T23:07:15Z,"jazz rap,hip hop alternativo","The Colleagues Music, LLC",0.644,0.631,11,-7.177,0,0.318,0.03,0,0.158,0.165,77.022,4
spotify:track:3ysekpjPtqYR1YvW50KOBI,"DAPS, HANDSHAKES & HUGS","DFD","Nami",2021-10-20,123767,0,true,111573307,2022-02-23T23:07:45Z,"","ONDAS",0.924,0.704,0,-4.481,1,0.0854,0.0107,0.0000641,0.117,0.201,124.05,4
spotify:track:1t2ZxgMhUmOprCILh0UjlX,"Life of a Sinner","True 2 the Streets: G-Funk Hood Classics","Sinister",2000-11-07,265253,32,true,111573307,2022-02-23T23:08:58Z,"g-funk,hip hop de la costa oeste","RED Solar Music",0.819,0.618,11,-6.144,0,0.168,0.46,0.148,0.105,0.851,94.283,4
spotify:track:6MtawOWcSDL2YJAhGD6SC3,"WHERE YOU COME FROM (feat. Buju Banton, Capleton & Bounty Killer)","KHALED KHALED","DJ Khaled;Buju Banton;Capleton;Bounty Killer",2021-04-30,222038,44,true,111573307,2022-02-23T23:10:31Z,"reggae,dancehall,ragga,lovers rock,roots reggae,soca,riddim","Epic/We The Best",0.624,0.76,1,-6.05,1,0.398,0.0724,0,0.443,0.528,158.449,4
spotify:track:6tHTBacyjFBbp3clUbySxv,"Say It Witcha Booty","From Tha Streets 2 Tha Suites","Snoop Dogg;Prohoezak",2021-04-20,162540,25,true,111573307,2022-02-23T23:11:37Z,"g-funk,hip hop de la costa oeste,rap gangster,hip hop old school,hip hop,rap","Doggy Style Records",0.88,0.422,9,-6.132,1,0.248,0.00116,0.0000138,0.112,0.0562,51.008,4
spotify:track:5KyUNaYffTjuLIEo2TG2JG,"N","Streets Is Still Watching 2","Docman",2020-05-26,184031,47,true,111573307,2022-02-23T23:12:40Z,"","Empier Entertainment",0.867,0.526,1,-7.408,1,0.377,0.057,0,0.0736,0.482,89.998,4
spotify:track:4yVEpUXxYgBwfSOKGTFxv5,"REEL IT IN (feat. Gucci Mane) - Remix","REEL IT IN","Aminé;Gucci Mane",2018-11-20,166960,46,true,111573307,2022-03-24T02:16:34Z,"hip hop sureño americano,rap,trap","Republic Records",0.779,0.355,10,-8.971,0,0.0789,0.0624,0,0.159,0.362,128.805,4
spotify:track:3Dah4SWoWwekrG4GShaHVP,"From the Garden (feat. Lil Uzi Vert)","The House Is Burning","Isaiah Rashad;Lil Uzi Vert",2021-07-30,189306,51,true,111573307,2022-03-24T02:19:24Z,"rap melódico,rage rap","Top Dawg Entertainment/Warner Records",0.866,0.64,6,-6.195,0,0.413,0.000697,0.000114,0.702,0.636,142.04,4
spotify:track:1qkMjWTD1QY2OYZY6nFAAy,"SUN","SUN / BABY BLUE 4’s","Shane Eagle",2021-11-19,147692,30,true,111573307,2022-03-24T02:20:01Z,"","Eagle Entertainment",0.897,0.39,1,-10.988,0,0.317,0.0159,0,0.182,0.212,117.042,4
spotify:track:1JI2WS38kkoRLCygl0udFh,"Certified (feat. Demrick)","Back in Black","Cypress Hill;Demrick",2022-03-18,189227,0,true,111573307,2022-03-24T02:22:48Z,"hip hop de la costa oeste,hip hop old school,rap rock,hip hop","BMG Rights Management GmbH",0.739,0.896,10,-2.625,0,0.37,0.0466,0.00000612,0.146,0.668,75.923,4
spotify:track:70jjParnrP2X3mOVkoljGE,"Ye Not Crazy","Ye Not Crazy","Joyner Lucas",2022-04-01,226758,0,true,111573307,2022-04-12T09:11:36Z,"","Twenty Nine Music Group",0.862,0.547,8,-9.557,1,0.333,0.144,0,0.0691,0.645,145.191,4
spotify:track:3aOmRscxeXJqnywqdjyoEN,"MAMA","MAMA","Kidd Keo",2022-03-06,265116,55,true,111573307,2022-04-12T09:15:40Z,"trap,trap argentino","WEA Latina",0.868,0.42,0,-11.167,1,0.262,0.236,0,0.225,0.454,86.001,4
spotify:track:7zF8R12fP9fX4b11arc1FP,"Cruel","Cruel","OBOY",2020-11-06,186461,43,true,111573307,2022-04-22T00:04:00Z,"rap francés,pop urbaine","Syndicate Records",0.729,0.491,6,-8.871,0,0.168,0.312,0,0.101,0.594,141.886,4
spotify:track:2xkZjneR9X9NQ1xXSi0HqR,"American Beauty","The Realness","Cormega",2001-07-24,123720,0,true,111573307,2022-04-27T00:00:34Z,"hip hop de la costa este","Aura",0.728,0.525,0,-10.477,1,0.37,0.825,0,0.108,0.569,91.461,4
spotify:track:7rrPANmUDxWbA9e6rtenLa,"Everybody","Everybody","Bentley",2008-01-01,199175,48,false,111573307,2022-05-10T19:14:36Z,"","Bentley",0.787,0.864,9,-4.092,0,0.281,0.0116,0,0.182,0.651,100.102,4
spotify:track:478bNaXnrz0uF2AwVl4gyT,"Dog Food (feat. Denzel Curry)","Dog Food (feat. Denzel Curry)","IDK;Denzel Curry",2022-04-29,184123,35,true,111573307,2022-05-16T23:38:53Z,"","Clue/Warner Records",0.704,0.893,7,-5.403,1,0.0571,0.00301,0.0000182,0.571,0.367,105.018,4
spotify:track:5FxKZ4IajYIRDjAWAboiB4,"Pimpin Ain't Eazy","Pimpin' Ain't Eazy","Kodak Black",2019-03-01,177000,55,true,111573307,2022-05-17T13:35:20Z,"","Atlantic Records",0.644,0.501,0,-8.959,1,0.491,0.311,0,0.106,0.173,129.828,4
spotify:track:71Rdw1dYa80OUd3kYe3hKx,"1-2 STEP","Loading","Sika Deva;Gracy Hopkins",2021-07-30,149140,22,true,111573307,2022-05-20T07:53:32Z,"r&b francés","IXI / Le Sofa",0.816,0.507,3,-8.772,0,0.299,0.24,0,0.136,0.398,120.125,4
spotify:track:16bI8fQjDkvje1ttQzb9RA,"ADRENALINE","ADRENALINE","Kenzo Alvares",2022-03-18,116695,15,false,111573307,2022-05-30T08:04:47Z,"","Team Kenzo Records",0.89,0.567,5,-10.511,0,0.132,0.467,0.0000609,0.104,0.392,110.033,4
spotify:track:3chXOTVpH5vTS0JbELaOHK,"Take Dem Clothes Off (Featuring Frank-n-Dank)","ABB Records' Always Bigger and Better 1.5","J Dilla",2005-01-01,208800,0,false,111573307,2022-06-27T09:08:12Z,"plunderphonics,hip hop alternativo,jazz rap","ABB Records",0.786,0.658,2,-7.279,1,0.515,0.319,0,0.0275,0.936,100.819,4
spotify:track:4rZJQ5qYMCEGsICBsVD1Bh,"higher","higher","agajon;Jay Prince",2022-05-13,211063,0,false,111573307,2022-06-27T09:10:59Z,"","Kabul Fire Records",0.444,0.459,8,-7.862,1,0.063,0.077,0.00167,0.119,0.184,140.792,4
spotify:track:29OI30JZBNDnuuoedErjKE,"Purple Fox","Emergency Raps, Vol. 1","Tuamie;Big Kahuna Og",2018-11-12,203468,21,true,111573307,2022-06-27T09:13:28Z,"hip hop underground","Mutant Academy",0.505,0.806,8,-8.268,1,0.827,0.284,0,0.227,0.949,67.05,3
spotify:track:4BqWpN1B0LqoRJRGYEj9gl,"Veuve Clicquot","Veuve Clicquot","Di-Meh;Caballero",2022-05-25,144000,19,true,111573307,2022-06-27T09:18:13Z,"rap francés","Todos - Grand Musique Management",0.721,0.491,8,-7.113,0,0.348,0.0764,0,0.0965,0.214,87.232,4
spotify:track:6xfsFPOgpGNlzPw0NmUvko,"ICL (feat. TraviS)","ICL (feat. TraviS)","Elzzz;Travy",2021-10-01,216607,16,true,111573307,2022-06-27T09:18:43Z,"uk garage","Elzzz",0.622,0.547,9,-10.675,1,0.41,0.218,0,0.123,0.59,142.261,4
spotify:track:1S1bZVv8sqYY39S6KWchuk,"Papi Chulo","Papi Chulo","Octavian;Skepta",2020-03-13,161667,61,true,111573307,2022-07-08T11:17:42Z,"grime,uk grime,afroswing","Black Butter",0.866,0.563,6,-6.965,0,0.102,0.187,0,0.0888,0.309,127.905,4
spotify:track:5WJdUrZ4ND1TCZ2AsjYK3P,"Broke Leg (with Quavo & Tyga)","Broke Leg (with Quavo & Tyga)","Tory Lanez;Quavo;Tyga",2019-05-31,165604,43,true,111573307,2022-07-18T23:21:26Z,"","Mad Love/Interscope Records",0.851,0.85,1,-3.4,1,0.0904,0.226,0,0.145,0.642,99.975,4
spotify:track:1M6SuEJZJkZf2S419vIPkB,"FEFE","DUMMY BOY","6ix9ine;Nicki Minaj;Murda Beatz",2018,179404,0,true,111573307,2022-07-18T23:22:54Z,"","Scumgang Records/TenThousand Projects, LLC",0.931,0.387,1,-9.127,1,0.412,0.088,0,0.136,0.375,125.978,4
spotify:track:4X70hLzIDfY5T2BcsOcv6Q,"REDMERCEDES","REDMERCEDES","Aminé",2017-03-03,169706,53,true,111573307,2022-07-18T23:28:10Z,"","Universal Records",0.816,0.63,1,-5.729,0,0.183,0.00639,0.0304,0.173,0.599,101.997,4
spotify:track:6AomCkEOQUODCYzQwH4SWC,"Floor Seats","Floor Seats","A$AP Ferg",2019-08-16,157501,60,true,111573307,2022-07-18T23:30:05Z,"rap","A$AP Worldwide/Polo Grounds Music/RCA Records",0.705,0.733,5,-4.942,1,0.102,0.069,0.154,0.823,0.681,135.993,4
spotify:track:0kIHfcHGFGm5xb0dSlKEdp,"Hood Go Crazy","Special Effects","Tech N9ne;2 Chainz;B.o.B",2015-05-04,225040,62,true,111573307,2022-07-18T23:32:16Z,"horrorcore,hip hop sureño americano,rap","Strange Music, Inc",0.912,0.644,11,-6.63,1,0.288,0.00714,0,0.107,0.492,95.999,4
spotify:track:79s5XnCN4TJKTVMSmOx8Ep,"Dior","Meet The Woo","Pop Smoke",2019-07-26,216386,20,true,111573307,2022-07-18T23:34:45Z,"drill de brooklyn,drill neoyorquino,drill","Victor Victor Worldwide/Republic Records",0.548,0.805,7,-5.732,1,0.351,0.212,0.000405,0.408,0.649,142.096,4
spotify:track:0RGpd5zCowfEItCUF7Itpr,"NAZARENO","NAZARENO","Farruko",2022-05-19,223173,58,true,111573307,2022-07-18T23:36:45Z,"reggaetón,trap latino","Sony Music Latin",0.658,0.725,7,-4.604,0,0.0321,0.0292,0.000107,0.163,0.368,128.117,4
spotify:track:6bTVP50bbtMtD6RGe2cUoQ,"GIVENCHY","GIVENCHY","Duki",2022-07-20,182610,65,true,111573307,2022-07-22T09:21:25Z,"trap argentino,trap,trap latino","DALE PLAY Records / SSJ Records",0.607,0.619,8,-6.726,1,0.396,0.142,0,0.231,0.377,102.974,3
spotify:track:4MjuJ071Jqp9DlZVpK1hRE,"Jersey Anniversary Club Mix Aye Bay Bay","Jersey Anniversary Club Mix Aye Bay Bay","Marbo Beatz",2022-02-27,143351,21,true,111573307,2022-07-27T09:47:01Z,"","The Hitz Mechanikz LLC",0.78,0.769,3,-6.569,0,0.0608,0.0433,0,0.108,0.472,134.102,4
spotify:track:26Xy0J09lAM6mopWN2VWLc,"Make Some Money (Fabolous & Dave East feat. Snoop Dogg)","Make Some Money","Fabolous;Dave East;Snoop Dogg",2021-11-26,162728,31,true,111573307,2022-07-27T09:53:09Z,"g-funk,hip hop de la costa oeste,rap gangster,hip hop old school,hip hop,rap","Def Jam Recordings",0.86,0.68,0,-4.393,1,0.292,0.00254,0,0.427,0.677,105.032,4
spotify:track:5UlBBoRRstO2tFEb0rGgV1,"You Are My Starship - Urbanstar Mix","You Are My Starship (Urbanstar Mix)","Dazz Band",2020-01-28,302666,40,false,111573307,2022-08-23T08:18:17Z,"funk,post-disco","Urbanstar Records",0.5,0.661,0,-7.984,0,0.456,0.0666,0.000019,0.089,0.827,191.991,4
spotify:track:6Dy6L7C0OJQnoz40AfaFZO,"How Many Times (feat. Chris Brown, Lil Wayne & Big Sean)","I Changed A Lot (Deluxe)","DJ Khaled;Chris Brown;Lil Wayne;Big Sean",2015-10-23,265013,0,true,111573307,2022-08-23T08:28:35Z,"r&b,rap,hip hop","We The Best Music Group",0.797,0.694,10,-4.469,0,0.2,0.114,0,0.294,0.865,116.128,4
spotify:track:1nVSfJ9XDIJlEzLkAz798P,"Que Oso","Que Oso","Snow Tha Product",2021-07-02,150259,53,true,111573307,2022-09-10T10:19:06Z,"hip hop latino,hip hop mexicano","Snow Tha Product",0.875,0.671,10,-4.735,0,0.307,0.379,0,0.0882,0.933,131.957,4
spotify:track:3h9K06ylGlUJy5cP1Qt70P,"Humble Giant","Humble Giant","Chris Webby",2021-10-13,183071,29,true,111573307,2022-09-20T00:31:04Z,"","EightyHD",0.721,0.721,3,-10.138,0,0.413,0.151,0,0.225,0.834,85.075,4
spotify:track:7y2kb8dToqdP50h69qh4wO,"No Rules","No Rules","BZ",2021-09-24,154800,19,true,111573307,2022-10-07T06:15:47Z,"drill británico","BGW Records",0.73,0.457,11,-10.529,0,0.411,0.56,0.00000675,0.105,0.429,99.217,4
spotify:track:4M96yip3UVqQA4XvvsuTWM,"Aston","Heat Wave","Prince K",2021-08-20,135483,20,true,111573307,2022-10-07T06:16:37Z,"r&b francés","OneTruePath",0.764,0.406,5,-11.864,0,0.119,0.701,0.032,0.106,0.147,100.041,4
spotify:track:1tJywxlJ2rdINtSrcjUDT2,"New Crib (I'm Feeling Great)","Songs From The Internet. RELOADED","Piff Marti",2021-01-15,85259,0,true,111573307,2022-10-18T10:37:42Z,"","Piff Marti, under exclusive license to Amuseio AB",0.876,0.505,10,-11.849,0,0.0558,0.0335,0,0.142,0.689,105.94,4
spotify:track:3UnYMo1aeD0o8VtHy3R8cs,"Neva Cared","Neva Cared","Polo G",2018-03-11,186000,66,true,111573307,2022-11-24T08:24:46Z,"","Polo G",0.822,0.35,1,-12.207,0,0.574,0.0213,0,0.0757,0.346,77.528,4
spotify:track:6pcywuOeGGWeOQzdUyti6k,"Glock In My Lap","SAVAGE MODE II","21 Savage;Metro Boomin",2020-10-02,193591,76,true,111573307,2022-11-24T08:25:03Z,"","Slaughter Gang, LLC/Epic/Boominati Worldwide/Republic",0.847,0.733,10,-6.439,0,0.16,0.00574,0.0000104,0.151,0.202,130.029,4
spotify:track:0PV1TFUMTBrDETzW6KQulB,"93 'Til Infinity","93 'til Infinity","Souls Of Mischief",1993-02-13,286440,73,false,111573307,2022-11-24T08:25:25Z,"jazz rap,hip hop old school","Jive",0.59,0.672,1,-11.792,1,0.412,0.125,0.00000104,0.147,0.688,206.247,4
spotify:track:4trNk9rtGQdiRFZULFlw92,"Boy!","Nehruvian Tuesdays Volume: 2","Bishop Nehru",2022-08-26,193288,14,true,111573307,2023-03-15T13:33:43Z,"","Nehruvia LLC",0.85,0.533,8,-9.625,1,0.214,0.177,0,0.518,0.468,149.057,4
spotify:track:70Yu7ObPPPTQKpSNTOsg3E,"WILM","WILM","350;YGTUT",2021-02-02,196017,26,false,111573307,2023-03-15T13:37:52Z,"hip hop cristiano","SOULACE MUSIC",0.836,0.638,0,-5.778,1,0.0844,0.0892,0.00000771,0.271,0.388,120.053,4
spotify:track:6G3dHbM7BKV6G5eQ8g9EWf,"Mystery","Vibes","Big Stove",2020-10-14,200097,34,false,111573307,2023-04-14T07:18:44Z,"club de baltimore","Boss Made Productions",0.731,0.787,4,-7.433,1,0.143,0.0128,0,0.208,0.72,102.053,4
spotify:track:73fmW1b06uvxQu97TasHcJ,"No No No","No No No","GASHI",2017-10-20,231497,35,true,111573307,2023-09-29T07:14:13Z,"","Honesty Saves Time/RCA Records",0.697,0.683,8,-3.484,1,0.0359,0.022,0,0.266,0.178,109.95,4
spotify:track:5z8oTybJ16TO50fr4PkipK,"Paid In Full (feat. Tobe Nwigwe)","Don D.O.L.L.A.","Dame D.O.L.L.A;Tobe Nwigwe",2023-08-18,215829,28,true,111573307,2023-09-29T07:14:24Z,"hip hop cristiano","Front Page Music, Inc",0.678,0.526,1,-10.577,1,0.26,0.102,0,0.127,0.632,80.121,4
spotify:track:4qv195z7bYUbgyLiw24IFK,"Crunk Ain't Dead","Crunk Ain't Dead","C3",2020-01-01,105240,10,true,111573307,2023-09-30T14:03:58Z,"","1150384 Records DK",0.864,0.576,11,-7.871,0,0.345,0.0654,0,0.363,0.461,146.05,4
spotify:track:1LHymgSIeKtoJs3NbLX5XC,"MICHAEL","MICHAEL","KAS;BARii",2020-09-25,171533,26,true,111573307,2024-01-15T19:32:45Z,"r&b indie","HOMESKOOL",0.93,0.609,2,-9.394,1,0.38,0.178,0,0.11,0.552,124.005,4
spotify:track:6UdwV6DTQDmZyFPDhHMHkQ,"Act","Act","EXXCLUSlVE",2022-11-18,236866,20,true,111573307,2024-01-26T18:28:52Z,"","popys.",0.768,0.75,4,-3.309,1,0.177,0.0564,0,0.304,0.426,149.954,4
spotify:track:7EFZ7hhX731hVc0YmOSQ1q,"Too Smooth","Special Edition Grandmaster Deluxe","The Cool Kids",2017-09-15,188537,23,true,111573307,2024-02-01T07:11:16Z,"","Cake Records / EMPIRE",0.583,0.632,8,-5.476,1,0.386,0.314,0.0000301,0.659,0.652,163.078,4
spotify:track:1a73gcEg6h6Re6hHXoVltJ,"FTCU","Pink Friday 2","Nicki Minaj",2023-12-08,172137,68,true,111573307,2024-02-02T18:09:46Z,"","Republic Records",0.93,0.435,11,-6.694,1,0.202,0.0173,0.000287,0.117,0.227,144.978,4
spotify:track:4ZwpcOICaUL3VotDBugF60,"Back From the Dead","Back From the Dead","iamjakehill;Josh A",2022-10-26,139120,44,true,111573307,2024-02-02T18:20:16Z,"rap emo","Better Off Dead",0.689,0.793,1,-7.218,1,0.15,0.0452,0,0.302,0.606,87.998,4
spotify:track:7Gs3otHnZDq514kFHf0nx7,"Blue Notes","DC4","Meek Mill",2016-10-28,227808,72,true,111573307,2024-06-13T06:49:57Z,"rap","MMG/Atlantic",0.515,0.431,4,-8.251,1,0.257,0.665,0,0.147,0.184,141.392,4
spotify:track:269ISgQGHfs7E3gd0sn3ST,"Boricuas on da Set","Boricuas on da Set","Frankie Cutlass;Fat Joe;Doo Wop;Ray Boogie;True God",1995-04-22,245343,27,false,111573307,2024-06-13T16:06:09Z,"hip hop old school,hip hop de la costa este","Cmg",0.88,0.775,8,-10.959,1,0.139,0.00204,0.669,0.2,0.538,94.887,4
spotify:track:2WrldKXSBVbNNm3A9vJryi,"Dance Now (feat. Kenny Mason)","The Forever Story (Extended Version)","JID;Kenny Mason",2022-10-31,227555,68,true,111573307,2024-07-23T19:48:28Z,"","Dreamville/Interscope",0.782,0.476,1,-10.972,1,0.239,0.0942,0.000022,0.162,0.27,135.024,4
spotify:track:2tudvzsrR56uom6smgOcSf,"Like That","WE DON'T TRUST YOU","Future;Metro Boomin;Kendrick Lamar",2024-03-22,267706,83,true,111573307,2024-11-21T18:53:01Z,"rap,trap,hip hop,hip hop de la costa oeste","Wilburn Holding Co./Boominati/Epic/Republic",0.814,0.676,11,-4.67,0,0.231,0.00709,0.0000128,0.119,0.312,162.012,4
spotify:track:0nj9Bq5sHDiTxSHunhgkFb,"squabble up","GNX","Kendrick Lamar",2024-11-22,157992,80,true,111573307,2024-11-27T06:46:49Z,"hip hop,hip hop de la costa oeste","pgLang, under exclusive license to Interscope Records",0.874,0.672,0,-5.568,1,0.198,0.0206,0,0.0783,0.711,103.921,4
spotify:track:19X1yhvMTLxwnLF4Onr2bG,"kidsgonemad!","kidsgonemad!","ISOxo",2023-10-20,124800,48,true,111573307,2025-01-10T13:46:12Z,"bass house,edm trap,edm","88rising Music",0.523,0.995,10,-2.008,1,0.35,0.000954,0.0172,0.915,0.282,150.182,4
spotify:track:5GZ0currErGJhl0G0yxgRg,"Dum, Dumb, and Dumber (with Young Thug & Future)","Dum, Dumb, and Dumber (with Young Thug & Future)","Lil Baby;Young Thug;Future",2025-01-02,227400,57,true,111573307,2025-11-27T08:13:39Z,"rap,rap melódico,trap","Quality Control Music/Motown Records",0.783,0.729,11,-5.455,1,0.228,0.00809,0,0.283,0.268,129.979,4
spotify:track:3QQvSQKV8YmQxGolwwWe59,"CATFISH","Alligator Bites Never Heal","Doechii",2024-08-30,134097,68,true,111573307,2026-07-27T10:40:52Z,"","Top Dawg Entertainment/Capitol Records",0.819,0.691,8,-5.76,1,0.193,0.0143,0.0301,0.441,0.706,90.631,4
spotify:track:6Le2vR39JUDggDgOxiiHX5,"Mi barrio huele a Widow","Albayzín Recopilatorio","Ayax y Prok",2016-05-20,242567,0,true,111573307,2026-07-27T11:11:41Z,"rap","ALBZ Records",0.732,0.72,4,-6.452,0,0.277,0.07,0,0.1,0.562,93.772,4
