Track URI,Track Name,Album Name,Artist Name(s),Release Date,Duration (ms),Popularity,Explicit,Added By,Added At,Genres,Record Label,Danceability,Energy,Key,Loudness,Mode,Speechiness,Acousticness,Instrumentalness,Liveness,Valence,Tempo,Time Signature
spotify:track:2dCDC6FXz80njhDidJVkAx,"I Wish","Original Musiquarium","Stevie Wonder",1982-05-04,253746,0,false,111573307,2013-09-29T03:29:50Z,"motown,soul clásico,soul","Universal Music Group",0.828,0.746,10,-9.615,0,0.0595,0.116,0.0000604,0.0594,0.921,105.9,4
spotify:track:74yt57iOVeQZWXScUQu0pn,"I'll Be There","Songs About Love (UMGI Version)","The Jackson 5",2010-01-01,237346,0,false,111573307,2013-09-29T03:29:52Z,"motown,navidad","Universal Music Group",0.52,0.493,5,-8.052,1,0.0257,0.585,0.00000639,0.599,0.295,93.695,4
spotify:track:36ELpqVAiCgJSOJdEpdQoc,"Here Comes the Hotstepper","100 Hits of the '90s","iNi Kamoze",2010-02-26,249066,0,false,111573307,2013-09-29T03:30:16Z,"reggae,roots reggae","Sony Music Entertainment",0.882,0.456,7,-9.163,1,0.188,0.0178,0.000186,0.127,0.452,100.362,4
spotify:track:0kwENjv9F98MZLPEN3gCQT,"Gonna Make You Sweat (Everybody Dance Now)","100 Hits of the '90s","C & C Music Factory;Freedom Williams",2010-02-26,243800,0,false,111573307,2013-09-29T03:30:32Z,"hip house","Sony Music Entertainment",0.561,0.789,6,-9.134,1,0.0952,0.00217,0.446,0.194,0.796,112.815,4
spotify:track:6ay1tA7aQqWY4YcuZnYYkp,"Get Down On It - Single Version","Cool - Funk","Kool & The Gang",2009-01-01,213293,30,false,111573307,2013-09-29T03:30:36Z,"disco,funk","Universal Music Group International",0.83,0.618,7,-6.981,1,0.0499,0.154,0.0000263,0.0341,0.972,110.893,4
spotify:track:0RWqE2ZaulvnN1i40qIhDh,"Canned Heat","Synkronized","Jamiroquai",1999-06-08,331760,2,false,111573307,2013-09-29T03:30:56Z,"acid jazz","S2",0.7,0.865,9,-5.827,0,0.133,0.0136,0.0000756,0.0718,0.78,128.04,4
spotify:track:1Rvl8qsKJurfFTyWLBI9ib,"Baby, I Love Your Way","The Best of Big Mountain","Big Mountain",1999-01-01,249520,75,false,111573307,2013-09-29T03:31:03Z,"reggae","Giant",0.651,0.747,1,-7.269,0,0.0699,0.0528,0,0.207,0.776,147.518,4
spotify:track:4Y35EUCGm3nD2OdgvGzhgP,"One Love / People Get Ready - Extended Version","Legend (Rarities Edition)","Bob Marley & The Wailers",2010-06-14,420040,0,false,111573307,2013-09-29T03:31:49Z,"reggae,roots reggae","The Island Def Jam Music Group",0.801,0.606,10,-9.395,1,0.125,0.193,0.000691,0.0531,0.905,78.086,4
spotify:track:7DJsL4jyXA39GDiHFQYQ0t,"Mess Around","Ray Charles (aka: Hallelujah, I Love Her So)","Ray Charles",1957-01-01,160226,63,false,111573307,2013-09-29T03:31:53Z,"soul,soul blues,soul clásico,vocal jazz,jazz","Rhino Atlantic",0.565,0.962,8,-2.981,1,0.064,0.437,0,0.056,0.906,148.808,4
spotify:track:0651FOAfvX33QIjpYL4F95,"My Girl","Favorites","The Temptations",2008-01-01,163000,0,false,111573307,2013-09-29T03:31:58Z,"motown,soul clásico,soul","Universal Music Group",0.575,0.545,0,-6.177,1,0.0341,0.547,0,0.116,0.676,104.664,4
spotify:track:5GYcaVfaFBHe2gzA6Oybgj,"Me and Mrs. Jones","R&B: From Doo-Wop To Hip-Hop","Billy Paul",1999-10-08,285293,50,false,111573307,2013-09-29T03:32:03Z,"sonido filadelfia,soul clásico,soul,motown","Sony Music Entertainment",0.416,0.404,0,-14.133,0,0.0373,0.479,0.000105,0.056,0.413,100.423,1
spotify:track:0GfkQQtDoI4K8A4TdQR1oe,"Long Tall Sally","Specialty Profiles: Lloyd Price (With Bonus Disc)","Little Richard",2006-01-01,131746,0,false,111573307,2013-09-29T03:32:09Z,"rockabilly,rock and roll,doo-wop,boogie-woogie","Concord Records",0.402,0.753,5,-5.929,1,0.119,0.776,0,0.184,0.823,185.509,4
spotify:track:00chLpzhgVjxs1zKC9UScL,"Poison","Gold","Bell Biv DeVoe",2005-01-01,262466,0,false,111573307,2013-09-29T03:33:19Z,"new jack swing","Universal Music",0.845,0.652,6,-7.504,0,0.216,0.00432,0.00723,0.489,0.65,111.904,4
spotify:track:4kjgGgDbNN4nR3OZYuRkUe,"All Night Long (All Night)","The Definitive Collection (International 2CD Version)","Lionel Richie",2003-01-01,260826,1,false,111573307,2013-09-29T03:36:25Z,"motown","Universal Music Group",0.728,0.556,1,-12.888,1,0.0472,0.136,0.00298,0.0455,0.805,108.81,4
spotify:track:56H98l4uinRifnTH8e308N,"Ch-Check It Out","To The 5 Boroughs","Beastie Boys",2004-01-01,192426,57,true,111573307,2013-09-29T03:38:39Z,"rap rock,hip hop old school,hip hop de la costa este,hip hop","Capitol Records",0.795,0.899,1,-7.02,1,0.292,0.0766,0,0.0852,0.694,115.062,4
spotify:track:3WMbD1OyfKuwWDWMNbPQ4g,"Daddy Cool","Take The Heat Off Me","Boney M.",1976,208600,79,false,111573307,2013-09-29T03:39:27Z,"disco","MCI",0.763,0.777,5,-6.932,0,0.0364,0.281,0.79,0.134,0.929,124.431,4
spotify:track:6VBy3FLlKZOWV85xmAXmr8,"Get Down Tonight - Edit","The Best of KC & the Sunshine Band","KC & The Sunshine Band",1990-09-10,191493,51,false,111573307,2013-09-29T03:40:27Z,"disco","Parlophone UK",0.655,0.889,10,-7.667,1,0.0332,0.0937,0.0000685,0.374,0.88,112.745,4
spotify:track:1E3BZjG5SDMy0dYANdbc3u,"Get Up Offa That Thing","James Brown Vol 2. - Universal Masters","James Brown",2003-02-27,251066,0,false,111573307,2013-09-29T03:40:33Z,"funk,soul,motown,soul clásico","Universal Music Ltd.",0.852,0.682,2,-10.041,1,0.404,0.181,0,0.934,0.763,117.959,4
spotify:track:5P11rW6aJErF37MTfRZS31,"Hallelujah, I Love Her So","Ray Charles (aka: Hallelujah, I Love Her So)","Ray Charles",1957-01-01,155506,67,false,111573307,2013-09-29T03:41:12Z,"soul,soul blues,soul clásico,vocal jazz,jazz","Rhino Atlantic",0.696,0.547,5,-5.954,0,0.169,0.792,0,0.155,0.623,73.203,4
spotify:track:7sXxvOVFtMr31xj0kX9BFV,"Hit The Road Jack","Miami Lighthouse for the Blind Presents: Instrumental Magic","Jeff Zavac;The Craetts",2006-10-01,129906,0,false,111573307,2013-09-29T03:41:38Z,"","Henry Stone",0.593,0.752,8,-6.617,0,0.0313,0.0841,0.00308,0.197,0.935,172.087,4
spotify:track:269TXy0nskEBvKXXAaK6tR,"Hits from the Bong","Playlist: The Very Best Of Cypress Hill","Cypress Hill",2008-06-17,161213,0,true,111573307,2013-09-29T03:41:41Z,"hip hop de la costa oeste,hip hop old school,rap rock,hip hop","Columbia/Legacy",0.804,0.594,1,-12.676,1,0.192,0.00776,0.79,0.344,0.514,92.18,4
spotify:track:0PRzE8BoTGCQ8xcxJBvTOY,"How Can You Mend A Broken Heart","Al Green - Greatest Hits","Al Green",1987-02-13,384866,0,false,111573307,2013-09-29T03:42:19Z,"soul,soul clásico,motown,soul blues","Hi Records",0.555,0.247,4,-14.257,1,0.041,0.522,0.00000366,0.0628,0.394,73.343,3
spotify:track:4bM8EypbcVO1qTLklaHBhR,"I Got You (I Feel Good)","Cruisin' To The Hits Of The '50s & '60s","James Brown",2007-08-28,182426,0,false,111573307,2013-09-29T03:42:41Z,"funk,soul,motown,soul clásico","Goldenlane",0.531,0.83,7,-9.098,1,0.253,0.0266,0.0385,0.311,0.787,164.597,4
spotify:track:27m1soUndRthrAA1ediOXn,"I Heard It Through The Grapevine","I Heard It Through The Grapevine / In The Groove (Stereo)","Marvin Gaye",1969-08-26,195266,1,false,111573307,2013-09-29T03:42:45Z,"motown,soul clásico,soul,northern soul,quiet storm","Universal Music Group",0.729,0.324,8,-13.017,0,0.0393,0.195,0,0.101,0.679,116.855,4
spotify:track:6bBwFPgVdWxuc4uWEyALCa,"I Say A Little Prayer","Definitive Soul: Aretha Franklin","Aretha Franklin",1985,214346,0,false,111573307,2013-09-29T03:42:50Z,"soul,motown,soul clásico","Rhino",0.587,0.535,9,-7.792,1,0.0319,0.545,0,0.0782,0.536,133.178,4
spotify:track:3QHONiXGMGU3z68mQInncF,"I'll Be Missing You (feat. Faith Evans, 112)","Bad Boy's 10th Anniversary- The Hits","Diddy;Faith Evans;112",2004-03-09,301520,75,false,111573307,2013-09-29T03:43:21Z,"hip hop,hip hop de la costa este,r&b","Bad Boy Records",0.862,0.479,7,-9.199,1,0.0645,0.0523,0.00126,0.589,0.924,109.877,4
spotify:track:2HPVtKMWRlP1r9ODenvePM,"I'll Be Waiting","It Is Time For A Love Revolution","Lenny Kravitz",2008-02-05,259186,54,false,111573307,2013-09-29T03:43:26Z,"","Virgin Records",0.677,0.452,10,-6.468,1,0.0332,0.0736,0.0065,0.0969,0.595,72.779,4
spotify:track:3vZJ16ifle5iNXv41Xnwk1,"I'm Prison Bound","Blues In Transition 1955-59","John Lee Hooker",2010,240546,0,false,111573307,2013-09-29T03:43:31Z,"classic blues,blues,blues rock,country blues,soul blues","Jasmine Records",0.705,0.0339,8,-22.984,1,0.267,0.863,0.000318,0.137,0.464,80.673,4
spotify:track:11JLU8pu3gRx4KleXJQ3ce,"(I'm Your) Hoochie Coochie Man","The Best of Chess Records Original Artist Recordings Of Songs In The Film ""Cadillac Records""","Muddy Waters",2008-01-01,165520,0,false,111573307,2013-09-29T03:43:34Z,"classic blues,blues,blues rock,soul blues,country blues","Universal Music Group",0.704,0.42,2,-8.824,1,0.0721,0.875,0,0.065,0.874,73.921,4
spotify:track:4pdLyulbYLCrPmDzWWeJIZ,"I've Been Loving You Too Long","Otis Blue: Otis Redding Sings Soul (Collector's Edition)","Otis Redding",1965-09-15,181666,66,false,111573307,2013-09-29T03:44:10Z,"motown,soul,soul clásico,soul blues","Rhino Atlantic",0.499,0.246,9,-12.806,1,0.0325,0.7,0.00227,0.0965,0.152,148.482,3
spotify:track:014VslOQ0eBixAn6Or9b6f,"Is This Love","Bob Marley (3CD)","Bob Marley & The Wailers",2003-08-11,232200,0,false,111573307,2013-09-29T03:44:20Z,"reggae,roots reggae","Universal International Music B.V.",0.775,0.553,6,-8.371,0,0.102,0.106,0,0.0518,0.753,122.232,4
spotify:track:55bvjj1m7GbJwABrsBRx3D,"Just The Way You Are","Barry White - The Collection","Barry White",1988-01-01,289106,0,false,111573307,2013-09-29T03:44:26Z,"disco,soul,soul clásico,quiet storm,sonido filadelfia,motown","Universal Music Group",0.564,0.327,9,-14.63,1,0.0494,0.166,0.0000345,0.149,0.309,74.948,4
spotify:track:2oTDOIAdsxPTE7yAp4YOcv,"Jump Around","House Of Pain","House Of Pain",1992,214946,6,false,111573307,2013-09-29T03:44:30Z,"","Rhino",0.854,0.71,4,-6.32,0,0.0793,0.0113,0.0000872,0.166,0.818,106.894,4
spotify:track:1reoMnAbO4HxnEahet75tl,"Let's Get It On","The Complete Collection","Marvin Gaye",2008-01-01,291706,0,false,111573307,2013-09-29T03:44:59Z,"motown,soul clásico,soul,northern soul,quiet storm","Universal Music Group",0.496,0.602,3,-12.656,1,0.0666,0.228,0,0.0659,0.659,167.173,4
spotify:track:0PRodEMDFd6m58qg4GtqWA,"Let's Groove","Playlist: The Very Best Of Earth, Wind & Fire","Earth, Wind & Fire",1981,332666,3,false,111573307,2013-09-29T03:45:08Z,"funk,disco","Columbia/Legacy",0.865,0.616,11,-10.229,0,0.0665,0.205,0.000133,0.188,0.904,126.749,4
spotify:track:4TAoENTHYy7u4q4phwhJXh,"Say You, Say Me","Motown Essentials","Lionel Richie",2009-01-01,240573,0,false,111573307,2013-09-29T03:45:59Z,"motown","Universal Music",0.635,0.458,8,-9.177,1,0.0275,0.293,0,0.0765,0.234,128.192,4
spotify:track:7nVzOpFNZVFZtbq3OGJHX9,"Sexual Healing","Songbook","Marvin Gaye",2009-03-05,239800,51,false,111573307,2013-09-29T03:46:19Z,"motown,soul clásico,soul,northern soul,quiet storm","Sony BMG Music UK",0.799,0.602,0,-9.714,0,0.061,0.117,0.000267,0.0658,0.717,94.333,4
spotify:track:61xvgZVz1DiR628nmGtsZH,"She's Got Her Ticket","Tracy Chapman","Tracy Chapman",1988-04-05,234506,56,false,111573307,2013-09-29T03:46:45Z,"","Elektra Records",0.765,0.486,7,-13.819,1,0.0469,0.0745,0.00000989,0.282,0.856,87.054,4
spotify:track:0VaYWZe8BAeiU54fESSDwL,"Signed, Sealed, Delivered (I'm Yours)","Essential Stevie Wonder","Stevie Wonder",1987,159426,0,false,111573307,2013-09-29T03:46:59Z,"motown,soul clásico,soul","Motown Records, a Division of UMG Recordings, Inc.",0.673,0.541,5,-12.559,1,0.0331,0.0246,0,0.0684,0.847,108.857,4
spotify:track:50uGbeaQIxKiSc7jvRTjWx,"(Sittin' On) the Dock of the Bay","Atlantic 60th: Soul, Sweat And Strut","Otis Redding",2007-10-30,166826,59,false,111573307,2013-09-29T03:47:02Z,"motown,soul,soul clásico,soul blues","Rhino Atlantic",0.484,0.312,2,-13.522,1,0.0535,0.724,0.00000165,0.0601,0.598,205.981,4
spotify:track:5JNfpFuU4ew1kq1oEc9OaX,"Soul Man - 45 Version","Soul Man / May I Baby","Sam & Dave",1967,156627,39,false,111573307,2013-09-29T03:47:28Z,"motown,soul,soul clásico","Rhino Atlantic",0.767,0.647,0,-5.059,1,0.0306,0.0471,0.252,0.14,0.708,112.546,4
spotify:track:4iVTi7nx4knGmPuxxSntLo,"Stand By Me","The Ultimate Collection","Ben E. King",1987,181600,47,false,111573307,2013-09-29T03:47:58Z,"","Rhino Atlantic",0.654,0.168,9,-16.969,1,0.0421,0.167,0.000581,0.103,0.641,119.527,4
spotify:track:300RfAPZ57B0y6YYj9n6DN,"Superstition - Single Version","Number Ones","Stevie Wonder",2007-01-01,244826,3,false,111573307,2013-09-29T03:48:04Z,"motown,soul clásico,soul","Universal Music Group",0.642,0.735,8,-8.866,1,0.0806,0.0172,0.000733,0.0391,0.864,99.682,4
spotify:track:1ZLfFD73tvtazwdbZ6uyRn,"Telling Stories","Pavarotti & Friends for Cambodia and Tibet","Tracy Chapman",2000-01-01,239304,0,false,111573307,2013-09-29T03:48:39Z,"","Universal Music Group",0.572,0.764,7,-7.229,1,0.0343,0.277,0.0000786,0.684,0.266,121.919,4
spotify:track:7gP0iSDthTnTTxD3uUDRTA,"The Best","Tina Turner Love Songs","Tina Turner",2006-02-03,330253,1,false,111573307,2013-09-29T03:48:47Z,"","Parlophone UK",0.655,0.871,0,-5.142,1,0.0316,0.109,0.00475,0.0962,0.711,103.844,4
spotify:track:0GnIuLvtgvVrNM4aGEpBg7,"Three Little Birds","Bob Marley 3CD","Bob Marley & The Wailers",2003-08-11,180266,0,false,111573307,2013-09-29T03:49:35Z,"reggae,roots reggae","Universal International Music B.V.",0.826,0.49,9,-10.477,1,0.0676,0.00916,0.00000441,0.0415,0.627,74.126,4
spotify:track:3izmDSRpDQbSWSeetEh1lZ,"U Can't Touch This","Hip To The Hop: 30th Anniversary Of Hip Hop Hip To Da Hop","MC Hammer",2009-12-28,250146,0,false,111573307,2013-09-29T03:49:41Z,"","Universal Music Group International",0.856,0.727,11,-7.161,0,0.0714,0.000992,0.000238,0.166,0.867,133.17,4
spotify:track:1IRptRzJ7ZqtkXTqWJ1q5o,"What A Difference A Day Makes","Laid Back Jazz","Dinah Washington",2008-05-05,149693,0,false,111573307,2013-09-29T13:48:08Z,"vocal jazz,jazz,swing","Marathon Media International Ltd.",0.266,0.0626,0,-19.122,1,0.0391,0.936,0.00367,0.163,0.162,169.556,3
spotify:track:2LcV5dZWN47XVCVZ1dFwfQ,"You Never Can Tell - 1964 Single Version / Mono","The Ultimate Chuck Berry","Chuck Berry",2007-05-14,160866,0,false,111573307,2013-09-29T14:19:07Z,"rockabilly,rock and roll","Spectrum Music",0.573,0.837,0,-10.224,1,0.0977,0.72,0.0000324,0.242,0.929,157.138,4
spotify:track:26mDHU83VNkobcI4BadliK,"You Sexy Thing - Single Version","Their Greatest Hits","Hot Chocolate",1997-10-20,242906,27,false,111573307,2013-09-29T14:19:11Z,"","Parlophone UK",0.788,0.728,5,-5.912,1,0.0571,0.533,0.00165,0.218,0.963,105.881,4
spotify:track:2shH36IytTvWBMMQi1KhNL,"You're The First, The Last, My Everything","Barry White - The Collection","Barry White",1988-01-01,206936,3,false,111573307,2013-09-29T14:19:17Z,"disco,soul,soul clásico,quiet storm,sonido filadelfia,motown","Universal Music Group",0.633,0.542,5,-12.318,1,0.0316,0.000679,0.00434,0.0754,0.879,130.314,4
spotify:track:0PX5DeeFUEVhA5LEeomIlG,"Africa","Africa: The Best Of Toto","TOTO",2009-06-11,296186,0,false,111573307,2013-09-29T14:19:38Z,"yacht rock,rock suave","Legacy Recordings",0.694,0.584,9,-9.085,1,0.0297,0.235,0.000182,0.05,0.7,92.655,4
spotify:track:3c3b5daSKE7C83YLIOrSnX,"Don't Let Me Be Lonely Tonight","Greatest Hits","James Taylor",1976,155199,50,false,111573307,2013-09-29T14:20:22Z,"folk rock,cantautores,rock suave","Rhino/Warner Records",0.622,0.145,4,-18.549,0,0.0332,0.813,0.0808,0.148,0.335,75.139,4
spotify:track:4cWY9CzwEqeDYM4Ucaos3m,"If You Leave Me Now (2007 Remastered Version)","Billboard #1s: The '70s","Chicago",2006-08-01,237920,0,false,111573307,2013-09-29T14:22:14Z,"yacht rock,rock suave","Rhino",0.506,0.414,11,-11.028,1,0.0272,0.155,0.000068,0.0893,0.285,104.274,4
spotify:track:3bINd6fURyFLT0sQwkjbCG,"Over The Rainbow","Somewhere Over The Rainbow - The Best Of Israel Kamakawiwo'ole","Israel Kamakawiwo'ole",2011-01-01,212080,1,false,111573307,2013-09-29T14:22:46Z,"","Zeitgeist",0.677,0.116,0,-15.703,1,0.0412,0.909,0.0000259,0.0756,0.68,85.1,4
spotify:track:6mz1fBdKATx6qP4oP1I65G,"Pony","R&B: From Doo-Wop To Hip-Hop","Ginuwine",1999-10-08,251733,76,true,111573307,2013-09-29T14:23:03Z,"r&b","Sony Music Entertainment",0.749,0.605,8,-9.359,0,0.086,0.00186,0.0381,0.115,0.966,142.024,4
spotify:track:71tkj3MPQLKGr6eiHA6eBB,"Another One Bites The Dust - 2011 Remaster","Greatest Hits (2011 Remaster)","Queen",1981-10-26,215333,0,false,111573307,2013-09-29T14:28:30Z,"rock clásico,rock,glam rock","Queen Productions Ltd.",0.928,0.531,5,-6.52,0,0.161,0.0969,0.314,0.16,0.765,109.963,4
spotify:track:6bBwFPgVdWxuc4uWEyALCa,"I Say A Little Prayer","Definitive Soul: Aretha Franklin","Aretha Franklin",1985,214346,0,false,111573307,2013-09-29T14:28:33Z,"soul,motown,soul clásico","Rhino",0.587,0.535,9,-7.792,1,0.0319,0.545,0,0.0782,0.536,133.178,4
spotify:track:11I3sRmPhmBKwQtz5dAsXF,"Boogie Wonderland - with The Emotions","Boogie Wonderland: The Best Of Earth, Wind & Fire","Earth, Wind & Fire;The Emotions",2010-04-23,288226,0,false,111573307,2013-09-29T14:29:05Z,"funk,disco,motown","Sony Music Entertainment",0.803,0.821,2,-9.639,0,0.0332,0.104,0.0129,0.0197,0.968,131.81,4
spotify:track:0D7L4pBEGv8ni1cRfaTdMJ,"Play That Funky Music","Shaun White Snowboarding: Official Soundtrack","Wild Cherry",2008-11-18,301800,50,false,111573307,2013-09-29T14:30:02Z,"","SONY BMG MUSIC (CANADA) INC.",0.822,0.871,9,-6.257,1,0.059,0.124,0,0.045,0.901,109.174,4
spotify:track:6BuSv8oI8WIAh4yIX2XYCP,"Hold the Line","The Definitive 70's","TOTO",2008-02-12,236080,0,false,111573307,2013-09-29T14:31:33Z,"yacht rock,rock suave","Sony BMG Music Entertainment",0.492,0.834,6,-7.037,0,0.0524,0.0207,0.00708,0.124,0.782,95.797,4
spotify:track:68ZOBzR0AffpQM6AgSA5n4,"Stuck On You","Tuskegee (Deluxe Version)","Lionel Richie;Darius Rucker",2012-01-01,201706,53,false,111573307,2013-09-29T14:34:14Z,"motown,country","Universal Music Group International",0.557,0.496,5,-9.272,1,0.0276,0.626,0.00000132,0.102,0.293,132.716,4
spotify:track:1xPSDf8z4dH46gkvlLtvDO,"Maniac","Flashdance Original Soundtrack From The Motion Picture","Michael Sembello",1983-01-01,244706,8,false,111573307,2013-09-29T14:35:31Z,"","Casablanca Records",0.617,0.533,3,-11.516,0,0.0651,0.0891,0.00000404,0.0415,0.835,158.86,4
spotify:track:2CeqxyOZEyiL6pTDYZ9gPH,"Fever","The Best Of Peggy Lee","Peggy Lee",1988-01-01,201333,58,false,111573307,2013-09-29T14:36:17Z,"vocal jazz,swing,big band,jazz","EMI Catalogue",0.742,0.0899,9,-19.187,0,0.158,0.0906,0,0.113,0.351,137.473,4
spotify:track:6onVtBLxZpq4cwMa3fUMJs,"Moonlight Sonata: Adagio Sostenuto","Classical Best Of","Ludwig van Beethoven",2009-06-01,328000,0,false,111573307,2013-09-29T14:36:28Z,"clásica,piano clásico,música de cámara,concerto","Essential World Masters",0.151,0.00153,1,-45.393,0,0.0451,0.993,0.914,0.0711,0.127,75.079,3
spotify:track:5olYKlNYCELRBQzxQ6Tr1V,"Everybody Needs Somebody To Love","TPH Production Perform The Blues Brothers","The Blues Brothers",2005-08-08,150125,0,false,111573307,2013-09-29T14:37:09Z,"blues,blues rock","GR8",0.525,0.686,5,-8.879,1,0.0325,0.18,0.00000266,0.274,0.91,193.667,4
spotify:track:1WYEDcS7WGjv0rG7rmMX3o,"Bitter Sweet Symphony","This Is Music: The Singles 92-98","The Verve",2004-01-01,359546,65,false,111573307,2013-09-29T14:37:13Z,"britpop,shoegaze","Virgin Records",0.356,0.913,9,-6.015,1,0.0499,0.0339,0,0.221,0.537,171.157,4
spotify:track:2AkcjsKlRbIBYGAgpQVFii,"Comptine d'un autre été, l'après-midi","Amelie from Montmartre","Yann Tiersen",2001-04-23,140733,0,false,111573307,2013-09-29T14:37:59Z,"","Parlophone France",0.484,0.192,2,-15.378,1,0.0465,0.991,0.908,0.106,0.0559,100.084,4
spotify:track:0aNDuUfXnTtXDIHhbqAQ3O,"Piano Sonata No. 11 in A major, K. 331: III. Rondo alla turca","Great Composers - Mozart 2","Wolfgang Amadeus Mozart",2009-06-29,209000,0,false,111573307,2013-09-29T14:38:24Z,"clásica,piano clásico,ópera,concerto,música de cámara","Cavendish Music",0.574,0.204,9,-16.906,1,0.0467,0.99,0.935,0.0927,0.664,133.725,4
spotify:track:1a22CQ0sNg5iWh5jMfrdA1,"Cuban Pete","I Love Lucy - The Best Of","Lucille Ball;Desi Arnaz",2011-03-01,196304,10,false,111573307,2013-09-29T14:38:39Z,"humor,spoken word,jazz afrocubano,jazz latino,big band","Master Classics Records",0.447,0.576,7,-14.52,1,0.0668,0.81,0.433,0.878,0.851,101.583,4
spotify:track:5nAXp1Vypbcsk9RLJCJLvO,"Ring of Fire","Johnny Cash - 16 Biggest Hits","Johnny Cash",1999-02-02,155733,0,false,111573307,2013-09-29T14:38:43Z,"country clásico,outlaw country,country","Columbia Nashville",0.67,0.519,7,-9.28,1,0.0308,0.73,0.000031,0.379,0.76,104.357,4
spotify:track:7jEUxosffRXOZ7rNSajygF,"Moves Like Jagger - Studio Recording From The Voice Performance","Moves Like Jagger","Maroon 5;Christina Aguilera",2011-06-22,201240,0,false,111573307,2013-09-29T14:43:29Z,"pop","Universal Music Ltd.",0.723,0.758,9,-4.418,1,0.0506,0.0175,0,0.307,0.657,128.033,4
spotify:track:0Ko737UNjXO17LK4Urdlwo,"Fortunate Son","More Creedence Gold","Creedence Clearwater Revival",1973-01-01,138400,3,false,111573307,2013-09-29T14:49:28Z,"rock clásico,rock sureño,country rock","Fantasy Records",0.623,0.529,0,-12.419,1,0.0353,0.17,0.0201,0.489,0.603,132.74,4
spotify:track:1cA75QXzCkJYPaDw7jnDoH,"The Payback","Funky President...The Very Best Of James Brown Volume 2","James Brown",1993-01-01,449600,0,false,111573307,2013-09-29T14:49:44Z,"funk,soul,motown,soul clásico","Universal Music Ltd.",0.87,0.645,10,-11.548,0,0.221,0.126,0.000106,0.0684,0.759,97.795,4
spotify:track:0h87GbMRuU8ENP8LmdeA22,"At Last","Music From The Motion Picture Cadillac Records","Beyoncé",2008-11-28,180706,51,false,111573307,2013-09-29T14:49:49Z,"","Music World Music/Columbia",0.26,0.26,5,-10.669,1,0.0329,0.666,0.00447,0.175,0.318,172.655,3
spotify:track:5DfTZU85TEG9jt1XTHkAhg,"The Godfather","The Essential Movie Soundtracks (40 Tracks)","The Essential",2009-01-01,212400,0,false,111573307,2013-09-29T15:02:40Z,"","Rendez-Vous Digital",0.23,0.327,0,-7.319,0,0.0354,0.958,0.927,0.143,0.119,64.78,4
spotify:track:4fOK2Xl42QCs9Ap45dHe4k,"Boombastic","The Boombastic Collection - Best Of Shaggy (International Version)","Shaggy",2008-01-01,246920,45,false,111573307,2013-09-29T15:20:28Z,"reggae","Geffen",0.852,0.887,2,-4.468,1,0.263,0.246,0.0000187,0.311,0.788,158.565,4
spotify:track:08rAk10XOjR2MIHVMUnUo5,"Sex Bomb","The Tune Robbers Play the Best of Tom Jones","Tune Robbers",2009-01-01,210500,0,false,111573307,2013-09-29T15:34:49Z,"","Rosenklang",0.807,0.662,8,-6.814,0,0.0351,0.0143,0.00000332,0.103,0.877,123.033,4
spotify:track:1mMhEpt1IxM0LTqLTwlcDi,"Rigoletto / Act 1: ""Questa o quella""","Luciano Pavarotti - The Best","Giuseppe Verdi;Luciano Pavarotti;Orchestra of the Royal Opera House, Covent Garden;Sir Edward Downes",2005-01-01,119400,0,false,111573307,2013-09-29T15:37:58Z,"ópera,clásica,canzone napoletana,clásica para todos los gustos,ballet,orquestal","Universal Music Group",0.51,0.2,8,-16.666,1,0.0468,0.947,0.00101,0.0794,0.466,106.509,4
spotify:track:1PpvOW7oSU8qhTQWFBlwHR,"It Takes Two - Radio Edit","Work It Out!","Rob Base & DJ EZ Rock",2010-12-17,234213,0,false,111573307,2013-09-29T15:39:28Z,"hip house,hip hop old school","Sony Music UK",0.811,0.827,2,-7.045,1,0.119,0.015,0,0.067,0.659,112.961,4
spotify:track:60Ctoy2M8nmDaI7Fax3fTL,"I'm A Believer - Soundtrack Version","Shrek (Music From The Original Motion Picture)","Smash Mouth",2001-01-01,185760,0,false,111573307,2013-09-29T15:39:48Z,"","DreamWorks",0.534,0.976,6,-2.337,1,0.0782,0.0175,0.00000102,0.27,0.912,164.68,4
spotify:track:0gia2DwlNqiyAtsICI878X,"America","Xbox Soundtracks Presents...Start","Razorlight",2007-01-01,249560,35,false,111573307,2013-09-29T15:44:11Z,"britpop,indie","Universal Music Group International",0.321,0.544,2,-5.615,1,0.0311,0.284,0.00000691,0.349,0.2,89.786,4
spotify:track:61lqNlVRnWYiR9C7BDJw2l,"You Give Love A Bad Name","Bon Jovi Greatest Hits","Bon Jovi",2010-01-01,223146,3,false,111573307,2013-09-29T15:45:55Z,"glam metal","Universal Music Group",0.53,0.964,0,-2.571,0,0.0553,0.0528,0.00000484,0.372,0.823,122.807,4
spotify:track:04Mh4OWSBUBn5Vpna4DXrA,"The Power","World Power","SNAP!",1990,344306,0,false,111573307,2013-09-29T15:46:53Z,"eurodance","Bookmark",0.752,0.729,1,-15.565,1,0.0443,0.0814,0.34,0.861,0.572,108.91,4
spotify:track:6z6gfAd6tr6dqDhICQsqum,"Come Back to Me Baby","Back Again","US5",2010-11-27,278570,0,false,111573307,2013-09-29T15:48:11Z,"","major",0.668,0.401,11,-14.202,1,0.038,0.118,0,0.108,0.546,112.98,4
spotify:track:27AHAtAirQapVldIm4c9ZX,"Jump","Totally Krossed Out","Kris Kross",1992-03-17,195106,70,false,111573307,2013-09-29T15:48:29Z,"hip hop old school","Ruffhouse/Columbia",0.749,0.745,2,-10.625,1,0.164,0.000501,0.00403,0.333,0.481,101.972,4
spotify:track:5GHO0VvfNWHv82DZLFmMIU,"I'll Be There for You - Theme From ""Friends""","Rhino Hi-Five: The Rembrandts","The Rembrandts",2005-12-20,188359,0,false,111573307,2013-09-29T15:50:46Z,"","Rhino Atlantic",0.32,0.917,9,-5.903,1,0.0771,0.0717,0,0.169,0.715,190.757,4
spotify:track:1bRY3Uq50317xP0JncynRQ,"Feeling Good","Repo Men","Nina Simone",2010-05-31,177333,0,false,111573307,2013-09-29T15:51:49Z,"vocal jazz,soul jazz,soul,jazz","Silva Screen Records",0.391,0.452,7,-5.305,0,0.0376,0.807,0,0.173,0.589,81.447,4
spotify:track:7nVzOpFNZVFZtbq3OGJHX9,"Sexual Healing","Songbook","Marvin Gaye",2009-03-05,239800,51,false,111573307,2013-09-29T15:54:56Z,"motown,soul clásico,soul,northern soul,quiet storm","Sony BMG Music UK",0.799,0.602,0,-9.714,0,0.061,0.117,0.000267,0.0658,0.717,94.333,4
spotify:track:3LmpQiFNgFCnvAnhhvKUyI,"Stayin' Alive - Remastered Version","Number Ones","Bee Gees",2004-11-09,285200,3,false,111573307,2013-09-29T15:56:57Z,"disco","Bee Gees/Reprise",0.675,0.899,10,-6.124,0,0.0418,0.0696,0.000139,0.33,0.91,103.683,4
spotify:track:00FCfK15gIqylm8xeO4pjx,"Super Freak","Motown 50","Rick James",2008-12-01,198706,6,false,111573307,2013-09-29T15:57:12Z,"funk,motown,disco","Universal Music TV",0.884,0.684,9,-9.058,0,0.0407,0.112,0.000114,0.0614,0.962,131.016,4
spotify:track:09ityNOMUHKZ1sldYGWRCk,"Fly Me To The Moon - Remastered ) [The Frank Sinatra Collection]","Nothing But The Best [The Frank Sinatra Collection]","Frank Sinatra",2008-05-05,147520,0,false,111573307,2013-09-29T15:57:27Z,"navidad,big band,adult standards,swing,jazz,vocal jazz","Frank Sinatra Enterprises",0.567,0.298,4,-12.269,0,0.0608,0.549,0.00000222,0.0797,0.372,119.966,4
spotify:track:0VaYWZe8BAeiU54fESSDwL,"Signed, Sealed, Delivered (I'm Yours)","Essential Stevie Wonder","Stevie Wonder",1987,159426,0,false,111573307,2013-09-29T15:57:36Z,"motown,soul clásico,soul","Motown Records, a Division of UMG Recordings, Inc.",0.673,0.541,5,-12.559,1,0.0331,0.0246,0,0.0684,0.847,108.857,4
spotify:track:3UaE7sNMxgJXBoVvhr4jcY,"Fortune Faded","Greatest Hits","Red Hot Chili Peppers",2003-11-18,201266,0,false,111573307,2013-09-29T15:57:41Z,"funk rock,rock alternativo,rock","Warner Bros.",0.524,0.946,11,-3.081,0,0.0395,0.00163,0,0.242,0.613,119.156,4
spotify:track:7yKiU63ecP8bN7avSDNRjR,"Glamour Boys","Playlist: The Very Best Of Living Colour","Living Colour",2009-04-09,220240,0,false,111573307,2013-09-29T15:57:49Z,"funk rock,hard rock","Epic/Legacy",0.477,0.889,3,-6.053,1,0.0324,0.0211,0.0149,0.111,0.83,121.671,4
spotify:track:3K24ilECgcNajpHO2sELtK,"Word Up! - Single Version","Plásticos Y Decibelios: 30 Aniversario","Cameo",2008-01-01,258986,0,false,111573307,2013-09-29T15:59:12Z,"funk","Universal Music Spain S.L.",0.872,0.932,6,-6.696,0,0.07,0.0599,0.000694,0.0542,0.909,116.189,4
spotify:track:5V7LogbYVxv2DO4uHnpqd7,"Nessun Dorma - Tourandot","Nessun Dorma - None Shall Sleep","Giacomo Puccini;Luciano Pavarotti",2008-06-23,190186,0,false,111573307,2013-09-29T16:04:06Z,"ópera,clásica,canzone napoletana,clásica para todos los gustos","Vanilla OMP",0.222,0.442,11,-10.951,0,0.0658,0.978,0.557,0.697,0.106,79.866,4
spotify:track:2vvwBjUBTQWZMIum68CPWx,"With a Little Help from My Friends","The Ultimate Collection 1968-2003","Joe Cocker",2003-12-01,302253,40,false,111573307,2013-09-29T16:04:14Z,"","Parlophone UK",0.365,0.47,2,-10.295,1,0.066,0.352,0.00000385,0.0983,0.321,71.578,3
spotify:track:4tCWWnk3BXinf7FllmSyHW,"Everybody Hurts","Automatic For The People (U.S. Version)","R.E.M.",1992-10-05,318240,0,false,111573307,2013-09-29T16:04:26Z,"jangle pop,rock alternativo,rock","Warner Bros.",0.254,0.383,2,-8.036,1,0.0282,0.614,0.0237,0.172,0.178,188.2,3
spotify:track:5fPsfvEZuKACueVVipaRZk,"The Lions Sleeps Tonight","The Hits of 1961","The Tokens",2012-01-10,163786,0,false,111573307,2013-09-29T16:05:06Z,"doo-wop","Track Music",0.444,0.342,5,-14.339,1,0.0357,0.708,0,0.0903,0.719,122.26,4
spotify:track:6tmFjTWkPw866t636CagXy,"Toccata And Fugue In D Minor BWV 565","Piano","Johann Sebastian Bach",1992,511164,0,false,111573307,2013-09-29T16:05:35Z,"barroca,clásica,concerto,piano clásico,música antigua","Fabula Classica Ermitage Records",0.0935,0.182,2,-18.048,0,0.0382,0.579,0.176,0.195,0.136,173.973,4
spotify:track:5AJrhrwz4oSZX2PwwV4qrN,"Time of the Season - Mono Version","Odessey and Oracle","The Zombies",1968-04-19,214026,1,false,111573307,2013-09-29T16:06:31Z,"pop barroco,rock psicodélico","Marquis Enterprises Ltd",0.537,0.7,4,-6.852,0,0.0366,0.142,0.00000158,0.383,0.695,117.111,4
spotify:track:5tKbrFMvQJlG1reK5aDmkc,"Bump, Bump, Bump (feat. P. Diddy)","Playlist: The Very Best Of Omarion","B2K;Diddy",2010-07-27,279000,42,false,111573307,2013-10-15T01:24:57Z,"hip hop,hip hop de la costa este","Epic/Legacy",0.838,0.66,1,-6.388,0,0.195,0.107,0,0.115,0.888,95.493,4
spotify:track:45Ets69GWFmSz6R9MvL0Kf,"Now That We Found Love","Hitch - Music From The Motion Picture","Heavy D;The Boyz;Aaron Hall",2005-02-14,257400,0,false,111573307,2013-10-15T01:27:25Z,"new jack swing,hard house,breakbeat,quiet storm","Columbia",0.722,0.94,0,-5.942,0,0.0844,0.0371,0,0.156,0.682,119.943,4
spotify:track:1ooBXg4GkmOG642SJpd3Dw,"It's Alright","Soul Masters: It's Alright","Solomon Burke",2005-12-14,151306,1,false,111573307,2013-10-16T13:26:41Z,"soul,soul blues,soul clásico,motown","Carinco AG",0.53,0.717,3,-12.044,1,0.231,0.739,0,0.856,0.542,108.112,4
spotify:track:2464ygHB5b1LmOcLP5OU3o,"Cry To Me","Soul Masters: It's Alright","Solomon Burke",2005-12-14,154826,28,false,111573307,2013-10-16T13:26:41Z,"soul,soul blues,soul clásico,motown","Carinco AG",0.798,0.452,4,-14.834,1,0.0503,0.617,0,0.196,0.942,117.029,4
spotify:track:3HvvJD1RWFWW6twn4lIPh3,"Sway","Repo Men","Rosemary Clooney;Pérez Prado",2010-05-31,157333,0,false,111573307,2013-10-16T13:32:54Z,"vocal jazz,big band,mambo,chachachá,son cubano,jazz afrocubano,jazz latino,exótica","Silva Screen Records",0.676,0.443,10,-5.879,1,0.0533,0.781,0,0.0715,0.863,107.097,4
spotify:track:4aMT5LHe8A2uIc11H8Cx2m,"Conga","Exitos de gloria estefan","Gloria Estefan;Miami Sound Machine",2010-02-10,255106,61,false,111573307,2013-10-16T13:44:08Z,"","Sony Music Media",0.791,0.805,2,-10.202,1,0.0464,0.16,0.0583,0.0563,0.882,122.219,4
spotify:track:07TaUxan2koUnBPPzrtU04,"Dr. Beat","Exitos de gloria estefan","Gloria Estefan",2010-02-10,262093,40,false,111573307,2013-10-16T13:44:08Z,"","Sony Music Media",0.909,0.679,0,-10.875,1,0.0537,0.237,0.0402,0.12,0.871,117.517,4
spotify:track:1Oh7rLFbTIc5PA0pKTrqGz,"In My Dreams","I Ain't Movin'","Des'ree",1994-05-09,253666,0,false,111573307,2013-10-16T13:54:05Z,"","Sony Soho Square",0.622,0.57,0,-12.428,1,0.0623,0.487,0.0000366,0.306,0.722,98.944,4
spotify:track:2DYtBXueUkZyUZAHKJAAIs,"We Are Family - 2006 Remaster","Definitive Groove: Sister Sledge","Sister Sledge;Bernard Edwards",2007-02-05,500866,47,false,111573307,2013-11-08T14:57:03Z,"disco,sonido filadelfia,post-disco","Rhino Atlantic",0.808,0.789,2,-6.805,1,0.0715,0.201,0.000128,0.0406,0.842,116.006,4
spotify:track:4x2hEPpQyDBwDpbCwZAECL,"Cheek to Cheek - From ""Purple Rose of Cairo""","Songs from Woody Allen' Films","Fred Astaire",2011-09-19,201933,0,false,111573307,2013-11-13T12:33:17Z,"big band,swing,adult standards","Wnts",0.484,0.101,0,-13.475,1,0.0474,0.983,0.00385,0.0978,0.65,161.221,4
spotify:track:5NoUgO4Kr93QymQGQlBC7b,"Up Where We Belong","The Ultimate Collection 1968-2003","Joe Cocker;Jennifer Warnes",2003-12-01,233240,62,false,111573307,2013-11-13T12:33:45Z,"","Parlophone UK",0.573,0.429,2,-8.68,1,0.0294,0.597,0.0000818,0.0839,0.361,139.097,4
spotify:track:4FjW57WZIFyaMC07LdNh62,"Woman In Red","Concarnage","Chris Con Carne",2002,170866,0,false,111573307,2013-11-13T12:34:54Z,"","Double Crown Records",0.385,0.804,2,-3.747,1,0.0549,0.818,0.921,0.126,0.638,126.011,3
spotify:track:3Otjx9ULpmWdUbkDTYDXHc,"Only Time","The Very Best of Enya (Deluxe Edition)","Enya",2009-12-01,218546,0,false,111573307,2013-11-18T23:31:56Z,"new age,celta","WM UK",0.418,0.249,3,-13.744,1,0.0301,0.841,0.661,0.112,0.213,82.803,4
spotify:track:4xP9rjS2iT1ANZPDKPTAgR,"Dream A Little Dream Of Me","ELLA & LOUIS The Very Best Of Ella Fitzgerald & Louis Armstrong","Ella Fitzgerald;Louis Armstrong",2011-01-06,187466,0,false,111573307,2013-11-18T23:36:31Z,"jazz,vocal jazz,swing,big band,navidad","Track Music",0.456,0.236,9,-9.372,0,0.0862,0.924,0,0.184,0.366,79.058,4
spotify:track:3lAun9V0YdTlCSIEXPvfsY,"La Vie en rose","Edith Piaf - The Best Of","Édith Piaf",2008-10-13,187733,62,false,111573307,2013-11-18T23:36:42Z,"chanson,variété francesa,jazz francés","Parlophone (France)",0.371,0.278,7,-8.596,0,0.0303,0.981,0,0.272,0.338,82.331,4
spotify:track:1CsuK5dlnWAkWhffeteqH3,"Waterloo","ABBA Gold","ABBA",2008-01-01,165800,0,false,111573307,2013-12-11T20:29:52Z,"","Universal Music Group",0.414,0.944,2,-2.87,1,0.0486,0.231,0.0000213,0.336,0.723,147.216,4
spotify:track:64gpgh5jBMxyh7iVJll23t,"The Sound of Silence","The Collection","Simon & Garfunkel",2002-10-14,185200,1,false,111573307,2013-12-11T20:30:53Z,"folk rock,folk","Columbia/Legacy",0.531,0.217,6,-13.883,1,0.0302,0.871,0.00000259,0.101,0.34,106.842,4
spotify:track:52NyHlnCKoLAXvUIufaTvw,"Country Road","Jazz Blues Fusion","John Mayall",1972-01-01,436533,0,false,111573307,2013-12-20T21:54:40Z,"blues rock,blues,blues modern,classic blues,soul blues","Universal Music Group",0.389,0.403,6,-12.346,0,0.057,0.247,0.211,0.775,0.432,205.503,3
spotify:track:4KvL7mhd5DSmkOAIeBeCbM,"Let's Get It On - Single Version","The Best Of Marvin Gaye","Marvin Gaye",1994-01-01,238133,0,false,111573307,2013-12-20T22:05:26Z,"motown,soul clásico,soul,northern soul,quiet storm","Universal Music Group",0.573,0.616,3,-8.975,1,0.0536,0.0735,0.00000294,0.0467,0.732,168.418,4
spotify:track:33K1u1kovHtnBt9sZoz2Eb,"I Just Want To Make Love To You","The Genuine Article: The Best Of Etta James","Etta James",1996-01-01,188333,36,false,111573307,2013-12-20T22:07:13Z,"soul,soul blues,vocal jazz","Geffen*",0.469,0.618,8,-9.904,1,0.131,0.815,0,0.0787,0.588,108.751,4
spotify:track:7z0JcZ8PQoAfUaLIXvbyTH,"More Than Words","The Best Of Extreme (An Accidental Collication Of Atoms)","Extreme",1998-01-01,335946,1,false,111573307,2013-12-20T22:11:32Z,"glam metal","A&M",0.621,0.144,6,-14.201,1,0.0298,0.464,0,0.12,0.255,91.354,4
spotify:track:4M3VwtxRWIlbWkdZ6ueSBG,"My Babe","The Chess Box","Little Walter",1988-01-01,162666,0,false,111573307,2013-12-20T22:13:38Z,"classic blues,blues,soul blues,blues rock","Chess",0.687,0.207,5,-16.549,1,0.0462,0.961,0,0.102,0.897,157.559,4
spotify:track:32kgOw8wejH7zUhtXCM8DH,"More Than a Feeling","Boston","Boston",1976,285133,3,false,111573307,2014-01-06T23:00:07Z,"rock clásico,aor","Epic",0.377,0.682,7,-8.039,1,0.0299,0.000894,0.00217,0.0504,0.288,108.736,4
spotify:track:4U1b8TcHa7sUgq4SmZgkV6,"The Chill Is On","Bump Miss Suzie (Atlantic Rhythm & Blues 1951)","Joe Turner;Vann ""Piano Man"" Walls' Orchestra",2012-01-01,171040,0,false,111573307,2014-01-08T23:13:13Z,"classic blues,blues","Rhythm & Blues Classics",0.427,0.413,10,-11.134,0,0.044,0.798,0.000285,0.0598,0.535,93.388,4
spotify:track:29YBihzQOmat0U74k4ukdx,"Ironic","The Collection (Standard Edition)","Alanis Morissette",2005-11-11,228573,66,false,111573307,2014-01-09T00:04:38Z,"","Maverick",0.456,0.635,11,-5.731,1,0.0573,0.245,0,0.194,0.293,170.652,4
spotify:track:6PuutgFN4BnUq1ZKzlhhkt,"A Woman Needs To Be Loved","The Ultimate Tyrone Davis","Tyrone Davis",2005,168373,8,false,111573307,2014-01-10T22:33:13Z,"blues,zydeco,soul clásico,footwork,soul blues,northern soul,soul","Brunswick Records",0.617,0.535,1,-5.844,0,0.0292,0.645,0,0.141,0.739,94.089,3
spotify:local:Grandmaster+Flash::Grandmaster+Flash+-+The+Roof+Is+On+Fire:331,"Grandmaster Flash - The Roof Is On Fire","","Grandmaster Flash",,331000,0,false,111573307,2014-01-10T22:50:07Z,"","undefined",,,,,,,,,,,,
spotify:track:6ZrGL8SnNy8GYtLQtfwvux,"Dance (Disco Heat)","The Original Hits","Sylvester",1989-01-01,351026,0,false,111573307,2014-01-10T22:52:42Z,"disco,hi-nrg,post-disco","Concord Records",0.765,0.634,5,-15.906,0,0.0372,0.0293,0.633,0.0621,0.96,133.503,4
spotify:track:6SavQZM5TtnpDARG5HQTSB,"Too Hot To Stop - Pt. 1","True Funk [3 CD Set]","The Bar-Kays",2007-01-01,233906,0,false,111573307,2014-01-10T22:54:26Z,"funk,post-disco","Universal Music",0.783,0.751,4,-8.275,0,0.115,0.0713,0.0000255,0.148,0.804,102.4,4
spotify:track:5stPdVFNnyEahYLpWs2akd,"Flower duet from Lakme - Remasterisé en 1987","Classical Chillout","Léo Delibes;Orchestre Du Théatre National De L'Opéra Comique - Alain Lombard - Mady Mesple - Danielle Millet;Alain Lombard",2009-04-27,210720,0,false,111573307,2014-01-21T02:57:34Z,"ballet,ópera,clásica","Parlophone UK",0.224,0.121,11,-19.321,1,0.0447,0.97,0.622,0.264,0.0481,89.567,1
spotify:track:7xdLNxZCtY68x5MAOBEmBq,"All Along the Watchtower","Experience Hendrix: The Best Of Jimi Hendrix","Jimi Hendrix",1997-09-16,238626,57,false,111573307,2014-01-21T02:57:55Z,"rock psicodélico,rock clásico,rock ácido,blues rock","Legacy Recordings",0.429,0.812,8,-6.252,1,0.0657,0.00282,0.0000244,0.0882,0.625,113.279,4
spotify:track:3yCRbRnRraIpWzWTOZDyX9,"War","Motown Remixed & Unmixed","Edwin Starr",2005-01-01,203373,0,false,111573307,2014-02-02T14:36:44Z,"northern soul,motown,soul clásico","Universal Music Taiwan",0.598,0.816,1,-7.531,1,0.169,0.0485,0,0.225,0.717,109.21,4
spotify:track:1A3OA6zON5HHueFm4ejrRF,"Because the Night","Outside Society","Patti Smith",2011-08-23,202866,54,false,111573307,2014-02-02T14:51:53Z,"protopunk","Arista/Legacy",0.442,0.793,11,-5.378,0,0.0354,0.0557,0,0.0934,0.547,123.67,4
spotify:track:5HPWNRdTPZvloAkpqmMOKK,"Stand By Me","Stand By Me","Ben E. King",2005-09-15,200680,0,false,111573307,2014-02-04T15:04:36Z,"","San Juan Music Group Ltd.",0.686,0.242,9,-16.802,1,0.0344,0.667,0,0.0692,0.645,116.073,4
spotify:track:6zzHrnrodZh2pDj1Kr07yp,"Slippery When Wet","The Ultimate Collection: The Commodores","Commodores",1997-01-01,197173,0,false,111573307,2014-02-04T15:07:31Z,"motown,soul clásico","Universal Music Group",0.726,0.872,4,-7.054,1,0.112,0.0428,0.0000216,0.0512,0.942,101.339,4
spotify:track:2hB0KsBNQPVb7sSx6rhUs0,"Gravel Pit (feat. RZA, Method Man, Ghostface Killah, Raekwon & U-God) - LP Version (Dirty)","20 RAP GEMS","Wu-Tang Clan;RZA;Method Man;Ghostface Killah;Raekwon;U-God",2009-05-15,273373,24,false,111573307,2014-02-09T10:47:28Z,"hip hop old school,hip hop de la costa este,hip hop,rap gangster,hardcore hip hop,boom bap","Columbia",0.786,0.61,7,-11.677,1,0.228,0.18,0,0.315,0.539,120.987,4
spotify:track:2oezpnnea1VXHpJEbqnBhw,"It's Your Thing","It's Your Thing: The Story Of The Isley Brothers","The Isley Brothers",1999,166506,51,false,111573307,2014-02-15T10:33:28Z,"motown,quiet storm,soul,soul clásico,funk,northern soul","Epic",0.378,0.682,10,-10.228,1,0.124,0.0777,0.00000283,0.0573,0.89,185.273,4
spotify:track:6JEK0CvvjDjjMUBFoXShNZ,"Never Gonna Give You Up","The Best Of","Rick Astley",2003-09-27,213453,2,false,111573307,2014-03-13T10:58:23Z,"","BMG Entertainment",0.728,0.974,8,-8.134,1,0.0408,0.0936,0.0000154,0.0855,0.923,113.325,4
spotify:track:0Z7O8GMQShj9TJrm2yX1R6,"Jump - 2004 Remaster","The Very Best of Van Halen (UK Release)","Van Halen",2007-05-14,244106,57,false,111573307,2014-03-14T23:43:13Z,"glam metal,rock clásico,rock,hard rock","Rhino/Warner Records",0.553,0.838,0,-5.824,1,0.0317,0.123,0.0000301,0.053,0.821,129.893,4
spotify:track:19OUs1NzU15Fe3oSIeTuyG,"Club Foot","Discover Kasabian","Kasabian",2008-07-25,214386,34,false,111573307,2014-03-15T00:40:38Z,"britpop,indie,indie rock","Sony Music UK",0.433,0.912,0,-6.83,1,0.0729,0.022,0.0000196,0.0929,0.115,102.382,4
spotify:track:4MymCsjbOkhuP2kWNSZgLo,"L-O-V-E - Long Version","The Best Of Joss Stone 2003 - 2009","Joss Stone",2011-01-01,168973,47,false,111573307,2014-03-16T15:35:50Z,"neo soul","Virgin Records",0.527,0.78,11,-5.654,0,0.0651,0.383,0.0000859,0.166,0.645,94.693,4
spotify:track:31er9IGsfFbwqy1pH4aiTP,"I Have Nothing","The Bodyguard - Original Soundtrack Album","Whitney Houston",1992-11-17,289160,82,false,111573307,2014-03-16T20:12:51Z,"","Arista",0.541,0.401,0,-10.499,1,0.0365,0.576,0,0.164,0.24,152.943,3
spotify:track:0LL0rYi05YRd2F2LxvSV0r,"Stand Up and Be Counted","Candy Kissis","Bill Haley",2014-03-09,168138,0,false,111573307,2014-03-16T22:35:09Z,"rockabilly,rock and roll","Blue Playa Records",0.795,0.493,7,-9.913,1,0.0361,0.928,0.000977,0.206,0.885,106.498,4
spotify:track:6ybViy2qrO9sIi41EgRJgx,"Don't Know Why","Come Away With Me","Norah Jones",2002-02-26,186146,1,false,111573307,2014-03-19T16:08:37Z,"jazz pop","Blue Note Records",0.732,0.198,5,-11.775,1,0.028,0.883,0.000011,0.0659,0.618,88.174,4
spotify:track:6PgVDY8GTkxF3GmhVGPzoB,"Hold On, I'm Comin'","Hold On, I'm Comin'","Sam & Dave",1966,155706,74,false,111573307,2014-03-19T16:48:36Z,"motown,soul,soul clásico","Rhino Atlantic",0.803,0.338,6,-14.029,1,0.0349,0.196,0.038,0.097,0.912,106.841,4
spotify:track:01gDLZsi0j5fWC28FLPNO8,"Move on Up - Extended Version","Curtis (Expanded Edition)","Curtis Mayfield",1970,535333,60,false,111573307,2014-04-07T10:59:00Z,"soul clásico,soul,motown,funk","Rhino",0.584,0.975,11,-6.534,0,0.0651,0.141,0.501,0.101,0.876,138.341,4
spotify:track:6fgjU6IfBOXHI3OKtndEeE,"Suspicious Minds","Elvis 75 - Good Rockin' Tonight","Elvis Presley",2009-12-28,260973,0,false,111573307,2014-04-09T13:24:47Z,"rockabilly,rock and roll","RCA/Legacy",0.474,0.387,7,-11.203,1,0.0299,0.0369,0.00000859,0.358,0.694,116.368,4
spotify:track:0zKkAcHCmh5vpuLsB49Dol,"Ring-A-My Phone","Buzzin'","Dusty Springfield",2014,141253,0,false,111573307,2014-04-09T13:29:11Z,"","Rapier Music",0.409,0.811,10,-8.18,1,0.132,0.57,0,0.164,0.914,178.89,4
spotify:track:6Tsu3OsuMz4KEGKbOYd6A0,"Hypnotize - 2007 Remaster","Greatest Hits","The Notorious B.I.G.",2007-03-02,230000,74,true,111573307,2014-04-10T00:32:23Z,"hip hop old school,rap gangster,hip hop de la costa este,hip hop","Bad Boy Records",0.895,0.694,9,-4.384,1,0.275,0.176,0,0.292,0.632,93.944,4
spotify:track:4H9gTvO9RJKNMroiqRxmUi,"Ready Or Not Here I Come (Can’t Hide From Love)","The Very Best Of","The Delfonics",2007-01-01,121666,22,false,111573307,2014-04-10T09:10:44Z,"sonido filadelfia,soul clásico,motown","Goldenlane",0.693,0.701,1,-6.515,1,0.0468,0.409,0.0179,0.203,0.527,83.753,4
spotify:track:3nFJbZCHP4d9vduKjJLdBL,"Never Too Much","Never Too Much","Luther Vandross",1981-07-23,230269,77,false,111573307,2014-04-10T09:12:25Z,"quiet storm,soul,soul clásico","Epic/Legacy",0.734,0.586,2,-11.866,1,0.129,0.125,0,0.0367,0.762,109.933,4
spotify:track:5khRmtWTXRluVyGJdpW0Jv,"Be Bop a Lula","Treasures","Gene Vincent",2014-03-25,159474,0,false,111573307,2014-04-10T09:25:35Z,"rockabilly,rock and roll,doo-wop,psychobilly,roots rock","X5 Music Group",0.485,0.83,9,-6.711,1,0.0488,0.732,0,0.103,0.947,133.284,4
spotify:track:57Y3UccJEJqT8w8RWkUAz0,"Upside Down","Diana","Diana Ross",1980-05-22,244826,2,false,111573307,2014-04-20T19:56:12Z,"motown,disco","Motown",0.887,0.904,5,-5.107,0,0.0703,0.079,0.0101,0.0165,0.89,107.955,4
spotify:track:00cP99zN0bsUZSpXbAlQXg,"I Try","I Try: The Macy Gray Collection","Macy Gray",2008-10-10,238066,0,false,111573307,2014-04-20T19:58:04Z,"","Columbia/Epic",0.559,0.637,2,-7.495,1,0.0321,0.304,0.000195,0.0783,0.782,152.885,4
spotify:track:1jkxx0h1vDNS1yIZ6cDFw8,"Touch The Hem Of His Garment","Portrait of a Legend (Remastered)","Sam Cooke",2003-01-01,121266,0,false,111573307,2014-04-20T20:13:02Z,"motown,soul,soul clásico","Universal Music Ltd.",0.524,0.488,10,-9.038,1,0.0452,0.853,0,0.104,0.659,101.018,4
spotify:track:4vKIxFRx4AQ16QEZebo0gC,"I'm Every Woman","Imprescindibles M-80","Chaka Khan",2012-01-01,245746,0,false,111573307,2014-04-23T21:52:10Z,"","Universal Music Spain S.L.",0.576,0.943,0,-4.82,0,0.0732,0.0834,0.0000214,0.285,0.633,114.148,4
spotify:track:3SIomddpyM8X7xQjIRS5zt,"Shop Around - National Version","The Hits : Remastered","The Miracles",2014-04-19,168986,0,false,111573307,2014-04-28T00:00:02Z,"motown,doo-wop,soul clásico","ATF Media",0.56,0.634,7,-6.382,1,0.0291,0.736,0,0.758,0.932,132.205,4
spotify:track:7mRZHVDDk3fxg7dlcBP7cK,"Music Sounds Better With You","Music Sounds Better With You - Single","1998 Hot Dance Trax",2011-11-23,250046,10,false,111573307,2014-07-20T20:56:35Z,"","BigS Music, Inc",0.841,0.731,9,-6.872,0,0.0626,0.0503,0.079,0.111,0.83,124.49,4
spotify:track:2BcvvHttiZRvguFM4hR398,"Sunshine Of Your Love","Disraeli Gears (Remastered)","Cream",1967-11-02,250000,0,false,111573307,2014-07-22T19:53:07Z,"rock clásico,rock psicodélico,rock ácido,blues rock","Universal Music Group",0.684,0.482,2,-12.59,1,0.0384,0.475,0.0000732,0.118,0.785,115.066,4
spotify:track:3YXlTtlYDXI2SyofNm1ccg,"Don't Sweat The Technique","Gold","Eric B. & Rakim",2005-06-14,261600,0,false,111573307,2014-07-28T18:59:41Z,"hip hop old school,hip hop de la costa este,hip hop","Universal Music Group",0.712,0.908,4,-6.898,1,0.146,0.00669,0.0373,0.0938,0.777,105.893,4
spotify:track:7nk7oS0G6qG3ofHUAKbg9F,"Da Joint","Back In Business","EPMD",1997-09-16,208360,0,true,111573307,2014-07-28T19:04:04Z,"hip hop old school,hip hop de la costa este,hip hop","Def Jam Recordings",0.809,0.467,10,-8.777,0,0.444,0.26,0,0.107,0.78,89.692,4
spotify:track:51H9vbUYd7aaa3vpdjFluC,"Rapper's Delight","The Best of Grandmaster Flash & Sugar Hill","The Sugarhill Gang",2013-08-01,239466,0,false,111573307,2014-07-29T19:21:15Z,"hip hop old school,funk","Sanctuary",0.912,0.836,2,-7.615,1,0.231,0.076,0.00000322,0.0285,0.724,111.7,4
spotify:track:5L8ta4ECl5zeA6bGqY7G38,"Sing, Sing, Sing","The Essential Benny Goodman","Benny Goodman",2007-05-22,520293,53,false,111573307,2014-07-31T19:46:54Z,"big band,swing,jazz,ragtime","Columbia/Legacy",0.62,0.67,2,-11.575,0,0.0591,0.853,0.896,0.156,0.295,113.492,4
spotify:track:0qwzC38XHdo8nmulMRLbQn,"Mr Sandman","Mr Sandman","The Chordettes",2011-02-28,147400,0,false,111573307,2014-08-03T21:21:37Z,"doo-wop","Cherished Records",0.618,0.294,9,-13.03,1,0.0537,0.837,0,0.0706,0.63,108.527,4
spotify:track:58567S92gVMCbImxnYVkXu,"Ready Teddy","The Essential Little Richard (Remastered)","Little Richard",1985-01-01,127426,0,false,111573307,2014-08-03T21:24:26Z,"rockabilly,rock and roll,doo-wop,boogie-woogie","Universal Music Ltd.",0.691,0.677,0,-8.394,1,0.0497,0.588,0,0.103,0.973,103.348,4
spotify:track:0M5EaPIXN3FneJ7exwpYNM,"The Twist (Rerecorded)","#1 Hits of the 60's","Chubby Checker",2009-09-30,158560,0,false,111573307,2014-08-04T19:53:53Z,"rock and roll","K-Tel",0.524,0.712,4,-12.848,1,0.0314,0.0188,0.00572,0.0402,0.974,155.034,4
spotify:track:3wW2JDyDJYQzTpT8XL4IpB,"Limbo Rock","Let's Twist Again - 20 Twist & Limbo Hits","Chubby Checker",1993,147333,9,false,111573307,2014-08-04T19:54:10Z,"rock and roll","Blaricum CD Company (B.C.D.) B.V.",0.703,0.681,8,-12.465,1,0.0328,0.209,0.000697,0.117,0.927,87.636,4
spotify:track:6Ac4NVYYl2U73QiTt11ZKd,"Hooked On A Feeling","Hooked On A Feeling","Blue Swede;Björn Skifs",1974-04-01,172866,75,false,111573307,2014-08-07T17:47:42Z,"","Parlophone Sweden",0.547,0.82,8,-6.728,1,0.0805,0.261,0,0.3,0.933,118.208,4
spotify:track:63vL5oxWrlvaJ0ayNaQnbX,"Istanbul (Not Constantinople)","Flood","They Might Be Giants",1990-01-02,153813,66,false,111573307,2014-08-07T17:51:15Z,"","Rhino",0.688,0.748,5,-9.39,0,0.0377,0.0801,0.00453,0.136,0.892,114.144,4
spotify:track:5VFzIzR8nACf9Bad4O73f6,"Hurt","The Legend Of Johnny Cash","Johnny Cash",2005-01-01,218586,0,false,111573307,2014-08-13T20:26:25Z,"country clásico,outlaw country,country","MDI / Johnny Cash GH",0.514,0.292,9,-11.768,0,0.0291,0.827,0.00223,0.0926,0.157,90.459,4
spotify:track:5fuGP7Dze9tkadS9WoPbar,"Fly","Rhino Hi-Five: Sugar Ray","Sugar Ray",2005-12-20,244560,0,false,111573307,2014-08-15T22:44:57Z,"","RT Industries",0.836,0.644,1,-8.11,1,0.0522,0.0235,0.194,0.297,0.652,99.721,4
spotify:track:1JO1xLtVc8mWhIoE3YaCL0,"Happy Together","Happy Together","The Turtles",1967,176293,80,false,111573307,2014-08-19T20:11:39Z,"","Flo & Eddie, Inc.",0.584,0.367,6,-9.638,0,0.0328,0.55,0.0000138,0.0818,0.588,120.175,4
spotify:track:2Vim06YsRb4uJRpbeq6NR6,"Hush - 1998 Remaster","Shades of Deep Purple","Deep Purple",1968-07-01,266840,63,false,111573307,2014-08-21T20:54:59Z,"hard rock,rock clásico,rock","Parlophone UK",0.57,0.635,10,-10.231,1,0.0482,0.00459,0.176,0.0901,0.196,108.431,4
spotify:track:7KW8zYlJwFieEHMgMresJN,"True Love Ways","The Very Best Of Buddy Holly","Buddy Holly",1999-01-01,169760,0,false,111573307,2014-09-02T12:57:43Z,"rockabilly,rock and roll,doo-wop","Universal Music Group",0.309,0.162,10,-16.832,1,0.0355,0.793,0.0243,0.168,0.326,83.576,4
spotify:track:040LZooTwrxA0MasbEZtCu,"When the Saints Go Marching In","In Person","Louis Armstrong",2014-09-08,190546,0,false,111573307,2014-09-09T09:50:47Z,"jazz,swing,vocal jazz,big band","U-5",0.538,0.653,2,-4.524,1,0.169,0.674,0.0000276,0.126,0.545,151.192,4
spotify:track:1GtQRAi4F6sZYjsjlpJXcg,"Open Your Eyes","Cat In The Hat","Bobby Caldwell",1980,225026,0,false,111573307,2014-09-15T19:49:34Z,"yacht rock","Big Deal Records, Llc",0.745,0.286,2,-17.572,1,0.0454,0.881,0.00239,0.0553,0.404,95.538,4
spotify:track:0293bTPojlkLvyr8ojc74y,"You Make My Dreams","(500) Days of Summer (Music from the Motion Picture)","Daryl Hall & John Oates",2009-07-10,191480,49,false,111573307,2014-09-15T19:55:25Z,"yacht rock,rock suave","Sire/Warner Records",0.752,0.694,5,-5.385,1,0.062,0.312,0.0348,0.0577,0.869,167.263,4
spotify:track:2WfaOiMkCvy7F5fcp2zZ8L,"Take on Me","Hunting High and Low","a-ha",1985-06-01,225280,91,false,111573307,2014-09-16T10:45:38Z,"new wave,synthpop","Rhino",0.573,0.902,6,-7.638,0,0.054,0.018,0.00125,0.0928,0.876,84.412,4
spotify:track:2gXvnH6ecbZRX0NmiS3UI8,"Time in a Bottle","Shining '70s (Best Of '70s Easy Rock)","Jim Croce",2000-07-05,146666,0,false,111573307,2014-09-22T21:28:10Z,"folk rock,cantautores","Metacom Music",0.547,0.265,2,-11.61,1,0.0378,0.803,0,0.26,0.599,133.865,3
spotify:track:4TpLyHBlvBqm8visdsevLw,"Cry Me a River","Cry Me a River","Julie London",2014-01-01,178600,0,false,111573307,2014-09-26T18:52:43Z,"vocal jazz,jazz,adult standards","Overjazz Records",0.394,0.0192,4,-22.11,0,0.0561,0.975,0.000596,0.103,0.142,178.549,3
spotify:track:4Li2WHPkuyCdtmokzW2007,"Ni**as In Paris","Watch The Throne (Deluxe)","JAŸ-Z;Kanye West",2011-08-08,219333,17,true,111573307,2014-10-01T21:07:26Z,"hip hop,hip hop de la costa este,rap","Roc Nation/RocAFella/IDJ",0.789,0.858,1,-5.542,1,0.311,0.129,0,0.349,0.776,140.022,4
spotify:track:0OMKrsWtAulTctAlN7taLW,"This Is the Love","This Is the Love","Spandau Ballet",2014-10-03,224626,35,false,111573307,2014-10-08T10:47:53Z,"new wave,synthpop","Rhino",0.514,0.704,4,-6.832,0,0.032,0.16,0,0.104,0.498,137.984,4
spotify:track:0Mbt4mulsW55ZfwMWXdOV1,"Bug a Boo","Destiny's Child/The Writing's On The Wall","Destiny's Child",2002-08-29,212440,21,false,111573307,2014-10-13T21:27:39Z,"","Columbia",0.787,0.718,6,-3.069,1,0.136,0.00501,0.00000181,0.204,0.906,104.435,4
spotify:track:45OyOKbm1puyH8p5U0wkE5,"Crazy On You","Harold & Kumar Go To White Castle: The Album (Original Soundtrack)","Heart",2004-01-01,293479,16,false,111573307,2014-10-27T23:49:34Z,"rock clásico,aor,rock","Sall Entertainment Group Inc. \ Fontana North",0.375,0.702,9,-3.97,0,0.0322,0.072,0.0000446,0.214,0.348,129.607,4
spotify:track:6EGX86y1vFyV71gX8RNvoR,"Also sprach Zarathustra, Op. 30: I. Einleitung; II. Von den Hinterweltlern; III. Von der grossen Sehnsucht; IV. Von den Freunden und Leidenschaften","World Classical Concert","Orchestral Academy Of Los Angeles",2011-05-03,534491,20,false,111573307,2014-10-27T23:52:05Z,"clásica","Essential World Classics",0.12,0.204,0,-16.809,1,0.0312,0.167,0.755,0.114,0.101,82.62,4
spotify:track:3kSbNCvrnQwokxQByicP6p,"Everyday I Have The Blues","No Regrets","Randy Crawford;Joe Sample",2008-01-01,305250,0,false,111573307,2014-11-05T13:04:23Z,"soul clásico,smooth jazz,jazz,cool jazz,jazz funk,jazz fusión,vocal jazz","Universal Music Group",0.69,0.376,8,-10.602,1,0.0399,0.822,0.000206,0.122,0.414,115.327,4
spotify:track:49bYmPFsxazEZS2h691wgs,"Twist and Shout","Teenage Memories, Vol. 2","The Isley Brothers",2012-09-25,150070,0,false,111573307,2014-11-24T16:59:39Z,"motown,quiet storm,soul,soul clásico,funk,northern soul","Cherished Records",0.725,0.768,5,-8.72,1,0.0536,0.152,0.0000109,0.117,0.92,125.444,4
spotify:track:0mUyMawtxj1CJ76kn9gIZK,"Bad Day","Daniel Powter","Daniel Powter",2005-02-22,233640,79,false,111573307,2014-11-30T23:28:47Z,"","Warner Records",0.599,0.785,3,-4.013,1,0.0309,0.448,0.00336,0.151,0.52,140.046,4
spotify:track:2ahnofp2LbBWDXcJbMaSTu,"What Is Love - 7"" Mix","What Is Love (Remixes)","Haddaway",1993-03-22,270373,7,false,111573307,2014-12-08T12:16:17Z,"eurodance","Coconut Music",0.683,0.772,7,-7.907,0,0.0311,0.0222,0.0149,0.203,0.737,123.871,4
spotify:track:4255lYm0MNtm4lr9XTE7VG,"Space Oddity - 2009 Remastered Version","Nothing Has Changed (The Best Of David Bowie)","David Bowie",2014-11-14,317026,0,false,111573307,2014-12-12T18:24:51Z,"glam rock,art rock","Parlophone UK",0.337,0.365,0,-15.091,1,0.0318,0.0788,0.0000384,0.202,0.497,136.264,4
spotify:track:7cGfrVoC7G03XeXn7yflx5,"Move Your Feet","D-D-Don't Don't Stop the Beat","Junior Senior",2002-04-03,181826,2,false,111573307,2014-12-14T17:22:36Z,"","Crunchy Frog",0.747,0.904,9,-2.623,1,0.0803,0.046,0.106,0.203,0.846,118.877,4
spotify:track:07vLro0xCweIrBwqSS3K0k,"Ti amo","Ti amo & I Grandi Successi","Umberto Tozzi",2009-10-09,242160,1,false,111573307,2014-12-14T17:38:29Z,"cantautores italianos","Fonit Cetra WMI",0.283,0.52,9,-5.712,1,0.0328,0.612,0,0.11,0.702,185.478,3
spotify:track:4S4dCACmtuPWbhvMSfDXqN,"Pata Pata","Pata Pata","Miriam Makeba",1967,180146,0,false,111573307,2014-12-14T17:39:03Z,"afropop,chachachá","Rhino/Warner Bros.",0.818,0.788,3,-7.278,1,0.0382,0.465,0,0.0793,0.974,126.038,4
spotify:track:75fuzn623bYyKISKlFHdCw,"Kiss Me","6 PICKS: Essential Radio Hits EP","Sixpence None The Richer",2009-02-03,205239,0,false,111573307,2014-12-14T17:39:48Z,"","Squint/Word",0.529,0.741,3,-5.661,1,0.0268,0.116,0.00000122,0.0736,0.455,100.008,4
spotify:track:3yP0cohcr97BUNJcgvmSVg,"The Passenger","Lust For Life","Iggy Pop",1977-09-09,284066,3,false,111573307,2014-12-14T17:44:40Z,"protopunk,glam rock","Virgin Records",0.5,0.846,0,-8.098,1,0.0457,0.0797,0,0.241,0.738,134.937,4
spotify:track:1KRy2REKqKQa9EOB4Ka5zU,"Gold - 2003 Remaster","True (2003 Remaster)","Spandau Ballet",1983-02-25,290720,49,false,111573307,2014-12-14T17:46:53Z,"new wave,synthpop","Parlophone UK",0.724,0.802,10,-6.117,0,0.0337,0.25,0.0016,0.342,0.729,143.116,4
spotify:track:6Wiamk8BAAP50gAAJopsy2,"Don't Get Me Wrong - 2007 Remaster","Get Close (Expanded & Remastered)","Pretenders",1986-11-04,227626,63,false,111573307,2014-12-14T17:47:54Z,"","Rhino/Warner Records",0.46,0.932,0,-6.264,1,0.0469,0.138,0.00496,0.101,0.849,203.617,4
spotify:track:4bj3Hjx3nLEdzLHQsRHHIR,"Rama Lama Ding Dong","Doo Wop","The Edsels",2008-10-27,149133,0,false,111573307,2014-12-14T17:48:42Z,"doo-wop","Vine",0.635,0.573,1,-8.449,1,0.0426,0.373,0,0.174,0.946,122.529,4
spotify:track:0D4gIeyrMtxOAvCWsTHN9x,"Non, je ne regrette rien","Edith Piaf - The Best Of","Édith Piaf",2008-10-13,142280,49,false,111573307,2014-12-14T18:56:41Z,"chanson,variété francesa,jazz francés","Parlophone (France)",0.382,0.354,7,-6.595,1,0.0289,0.858,0.00000311,0.168,0.435,87.018,4
spotify:track:76HnRI6IQX4YHzYTgcM0RV,"All I Have to Do Is Dream - Single Version; 2006 Remaster","Definitive Pop: The Everly Brothers","The Everly Brothers",2007-02-05,140373,51,false,111573307,2014-12-14T18:57:06Z,"doo-wop","Rhino/Warner Records",0.581,0.368,1,-11.264,0,0.0263,0.788,0,0.157,0.568,103.716,4
spotify:track:1ZA8L9IOkRhmmz4nPXXx7h,"Hotel California - 2013 Remaster","The Complete Greatest Hits (2013 Remaster)","Eagles",2013-04-26,391376,59,false,111573307,2014-12-14T18:57:48Z,"rock clásico,yacht rock,rock suave","Rhino/Elektra",0.579,0.508,2,-9.484,1,0.027,0.00574,0.000494,0.0575,0.609,147.125,4
spotify:track:0Y2SrByf4G3kbq2nBEHQRn,"Spirit in the Sky","Music From The Motion Picture Michael","Norman Greenbaum",1996,239600,3,false,111573307,2014-12-18T21:38:22Z,"rock clásico","Giant",0.601,0.643,2,-5.828,1,0.0314,0.112,0.00209,0.088,0.552,128.262,4
spotify:track:3MtmLNzU2usLhwVHIE4cK2,"Trusty and True","My Favourite Faded Fantasy","Damien Rice",2014-10-31,489215,37,false,111573307,2015-01-04T18:44:29Z,"cantautores","Atlantic Records UK",0.534,0.229,8,-13.088,1,0.033,0.515,0.000136,0.111,0.21,118.204,3
spotify:track:2pM15qcmuGUPslSRsvvm7v,"I’ll Make Love To You","Twenty","Boyz II Men",2011-10-25,237306,0,false,111573307,2015-01-05T01:32:15Z,"new jack swing,r&b,quiet storm","Universal Music Group",0.463,0.621,2,-5.111,1,0.0291,0.189,0,0.086,0.218,140.647,3
spotify:track:58PSYdY0GFg0LFb2PxYk4T,"Mannish Boy","King Of The Electric Blues","Muddy Waters",1977,321133,65,false,111573307,2015-01-07T12:44:33Z,"classic blues,blues,blues rock,soul blues,country blues","Epic/Legacy",0.598,0.735,2,-10.882,1,0.0973,0.44,0.000215,0.681,0.615,111.129,3
spotify:track:1pHP4JeQV9wDx87D6qH9hD,"Here It Goes Again","Oh No","OK Go",2005-01-01,179813,66,false,111573307,2015-01-17T16:05:52Z,"","Capitol Records",0.537,0.882,0,-2.306,1,0.0403,0.00035,0.0000906,0.12,0.81,145.73,4
spotify:track:77JMNgqdAWqu6Vzl6EhP5y,"Back & Forth","Best Of Hip Hop & R&B, Vol. 4","Aaliyah",2014-02-26,229933,0,true,111573307,2015-01-29T16:39:07Z,"r&b,r&b contemporáneo","Rapier Music",0.701,0.762,5,-7.02,1,0.033,0.0563,0.00000746,0.27,0.859,92.93,4
spotify:track:3tXzOcxvj5XAjwiTiRWUGP,"Can't Get Enough (Remastered Album Version)","Bad Company","Bad Company",1974,254400,0,false,111573307,2015-02-02T13:54:02Z,"rock clásico,aor,rock sureño,hard rock","Rhino Atlantic",0.662,0.763,0,-7.475,1,0.0397,0.132,0.0013,0.067,0.699,126.333,4
spotify:track:3WcjVXsImca7k4vp2mxhH6,"Mr. Tambourine Man - Alternate Take","No Direction Home: Bootleg Volume 7 (Movie Soundtrack)","Bob Dylan",1966-06-23,402600,20,false,111573307,2015-02-11T03:42:13Z,"folk rock,folk,cantautores,roots rock","Columbia",0.491,0.355,4,-9.913,1,0.0349,0.764,0,0.147,0.446,146.973,4
spotify:track:2ZCs3CbZkxpTIcqc2fFV1U,"Marry You","Riding with the King","Eric Clapton;B.B. King",2000-06-13,299520,0,false,111573307,2015-02-17T20:02:53Z,"blues rock,rock clásico,classic blues,blues,soul blues","Reprise",0.581,0.806,9,-6.458,1,0.0437,0.399,0.000898,0.0761,0.758,184.016,4
spotify:track:1X7iYIHrw4RMqNCmkwINnc,"Where Were You Tomorrow","Pilgrimage","Wishbone Ash",1971,626493,0,false,111573307,2015-02-17T20:04:22Z,"rock progresivo,art rock","Geffen",,,,,,,,,,,,
spotify:track:5exn5lXnpCw7VmirSSRaJk,"All Right Now - Live In Sunderland (end crowd noise shortened)","Fire And Water (Deluxe Edition)","Free",2008-01-01,384733,0,false,111573307,2015-02-17T20:05:00Z,"rock clásico,blues rock","Universal Music Group",0.561,0.891,4,-7.842,0,0.219,0.0215,0.000224,0.894,0.417,125.581,4
spotify:track:1yX5KuXlOhF9ChsG0C3E8j,"Cherry Pie","The Best Of Warrant","Warrant",1996-02-28,199946,40,false,111573307,2015-02-21T17:38:01Z,"glam metal,glam rock","Legacy Recordings",0.476,0.882,2,-9.146,1,0.0945,0.0315,0,0.37,0.442,177.406,4
spotify:track:0pvA063uNyGQFp7DNtmk0P,"Sweet Soul Music","Rhino Hi-Five: Arthur Conley","Arthur Conley",2005-04-19,141066,0,false,111573307,2015-02-27T10:35:06Z,"northern soul,motown,soul clásico,soul","Rhino Atlantic",0.59,0.659,5,-9.669,1,0.0697,0.104,0.00000656,0.356,0.965,80.201,4
spotify:track:4vDBJeeQCbhP9FaPPMsYkY,"Give Me One Reason","New Beginning","Tracy Chapman",1995-10-31,268333,79,false,111573307,2015-02-27T10:35:14Z,"","Elektra Records",0.608,0.419,11,-10.016,1,0.0331,0.602,0.00000758,0.108,0.602,100.22,4
spotify:track:1HYtXEOlJ6C0KjtZIlJXTE,"Sea of Love","Sea of Love","Phil Phillips;The Twilights",2013-11-17,144480,0,false,111573307,2015-03-01T13:43:33Z,"doo-wop,pop barroco,rock psicodélico,power pop","OVC Media",0.35,0.43,7,-9.547,1,0.0319,0.9,0.0000204,0.128,0.345,127.597,3
spotify:track:0qkHoRTBCcbDoxrbj9tQrI,"Shop Around","Hi We're The Miracles","The Miracles",1961-01-01,170760,0,false,111573307,2015-03-25T00:10:04Z,"motown,doo-wop,soul clásico","Universal Music Group",0.556,0.701,7,-4.535,1,0.0295,0.795,0,0.807,0.896,132.172,4
spotify:track:5XkVQZWvsVwedk0Jv54SVH,"Buddy Holly","Weezer (Deluxe Edition)","Weezer",1994-05-10,159586,0,false,111573307,2015-03-25T00:10:32Z,"rock alternativo","Universal Music Group",0.536,0.932,8,-4.11,1,0.0436,0.00483,0.0000202,0.105,0.755,121.004,4
spotify:track:65jrjEhWfAvysKfnojk1i0,"Under the Boardwalk","Under the Boardwalk","The Drifters",1964-06-01,161960,72,false,111573307,2015-03-25T00:13:15Z,"doo-wop,motown","Rhino Atlantic",0.747,0.226,7,-13.635,1,0.0414,0.908,0.000168,0.107,0.778,123.792,4
spotify:track:0Puj4YlTm6xNzDDADXHMI9,"Sabotage","Ill Communication","Beastie Boys",1994-05-23,178440,77,true,111573307,2015-03-25T00:15:25Z,"rap rock,hip hop old school,hip hop de la costa este,hip hop","Capitol Records",0.324,0.938,6,-7.332,0,0.102,0.032,0.0321,0.0961,0.543,168.131,4
spotify:track:6yz8hKpO3s2byra8Et3w9x,"Where Did Our Love Go - Stereo Version","Where Did Our Love Go: 40th Anniversary Edition","The Supremes",1964-08-31,151440,0,false,111573307,2015-03-25T00:17:13Z,"motown,northern soul,soul clásico,soul","Universal Music Group",0.562,0.54,0,-7.875,1,0.0365,0.803,0.00000386,0.106,0.793,134.676,4
spotify:track:0uxu2GzsOMGNZ7C1ul84Mf,"Runaway","Pure 60s","Del Shannon",2007-09-24,138586,0,false,111573307,2015-03-25T00:18:02Z,"doo-wop","Parlophone UK",0.527,0.791,10,-1.869,1,0.035,0.682,0.00000863,0.129,0.847,150.04,4
spotify:track:4vtraETxj6q2K58am1KLrT,"Surrender","Heaven Tonight","Cheap Trick",1978-04,253733,0,false,111573307,2015-03-25T00:18:48Z,"power pop,aor,rock clásico,glam rock","Epic/Legacy",0.524,0.955,0,-7.081,1,0.0411,0.00717,0.00000877,0.659,0.869,133.849,4
spotify:track:5jXBDpVOO8uyPZJuExdLSR,"Standing In The Shadows Of Love","Four Tops Greatest Hits","Four Tops",2009-01-07,186373,0,false,111573307,2015-03-25T00:19:16Z,"motown,northern soul,soul clásico,soul","Soul Concerts",0.769,0.74,1,-7.579,1,0.0423,0.514,0,0.418,0.794,115.221,4
spotify:track:2UnY8ApZT4roi66n1LDAil,"Sheena Is a Punk Rocker - 2001 Remaster","Rocket to Russia (Expanded 2005 Remaster)","Ramones",1977-11-04,169893,41,false,111573307,2015-03-25T00:20:23Z,"punk,protopunk","Rhino/Warner Records",0.481,0.93,0,-6.046,1,0.0341,0.106,0.000647,0.0879,0.88,176.172,4
spotify:track:6VuO6xcpSeeLfqBo4ePbkw,"Cupid","The Man Who Invented Soul","Sam Cooke",2000-09-26,154866,45,false,111573307,2015-03-25T00:21:30Z,"motown,soul,soul clásico","RCA Records Label",0.469,0.393,7,-9.968,1,0.0348,0.843,0,0.168,0.601,120.066,4
spotify:track:28SKEi3NKRYoDO44vea0ws,"Pressure Drop","Toots & The Maytals - Pressure Drop","Toots & The Maytals",2013-03-15,176213,40,false,111573307,2015-03-25T00:22:50Z,"reggae,rocksteady,roots reggae,ska,dub,ragga","Delta - X5 Music Group",0.629,0.713,8,-4.642,1,0.037,0.624,0,0.059,0.982,146.265,4
spotify:track:2SWBfqj1FrS8t8z56G55rP,"I Got You Babe","The Beat Goes On: Best Of","Sonny & Cher",1991-11-05,193840,58,false,111573307,2015-03-25T00:25:06Z,"","Rhino",0.621,0.708,6,-9.057,1,0.0259,0.246,0.000002,0.143,0.624,110.533,3
spotify:track:1yEBTalGbbuMQqAYZ8gsic,"I Shot The Sheriff","Legend (The Definitive Remasters)","The Wailers",1984,280466,0,false,111573307,2015-03-25T00:25:09Z,"reggae,roots reggae,rocksteady,dub","Island Records",0.797,0.644,8,-9.253,1,0.188,0.338,0.0000651,0.0592,0.706,96.87,4
spotify:track:4eRdlW0SvlRpq285jI9uf5,"Come Go With Me","Del Vikings Doo Wop","The Del-Vikings",2010-09-22,160467,35,false,111573307,2015-03-25T00:25:45Z,"doo-wop","TVI Records & Filmworks",0.66,0.511,5,-10.016,0,0.047,0.784,0,0.117,0.545,127.603,4
spotify:track:1iOYJHnqiKgyBw84hvjVWg,"Pink Houses","The Best That I Could Do 1978 - 1988","John Mellencamp",1997-01-01,283893,0,false,111573307,2015-03-25T00:26:11Z,"rock clásico","Universal Music Group",0.642,0.722,7,-7.434,1,0.0272,0.0678,0.00000302,0.0854,0.654,115.266,4
spotify:track:672N8DGGTOLCOgWe0koX5g,"I Wanna Be Your Dog","The Stooges","The Stooges",1969-08-05,188560,59,false,111573307,2015-03-25T00:27:13Z,"protopunk,punk,garage rock","Rhino/Elektra",0.527,0.871,4,-8.708,1,0.0354,0.0229,0.155,0.419,0.107,120.722,4
spotify:track:6hXHOrhKW9dgQt35Mc5dCb,"Alone Again Or","Forever Changes","Love",1967-11-01,197013,0,false,111573307,2015-03-25T00:28:17Z,"rock psicodélico,rock ácido,pop barroco,protopunk","Elektra Records",0.307,0.379,11,-11.8,0,0.031,0.684,0.000577,0.113,0.184,173.728,4
spotify:track:5Sz09kaSzvpTC8lgm5W8Mt,"Mustang Sally","The Wicked Pickett","Wilson Pickett",2005-02-08,187760,63,false,111573307,2015-03-25T00:28:26Z,"motown,soul clásico,soul,northern soul","Rhino Atlantic",0.725,0.327,0,-17.714,1,0.0387,0.113,0.326,0.214,0.688,110.438,4
spotify:track:3MODES4TNtygekLl146Dxd,"Ramble On - 1990 Remaster","Led Zeppelin II (1994 Remaster)","Led Zeppelin",1969-10-22,263333,73,false,111573307,2015-03-25T00:28:54Z,"rock clásico,rock,hard rock,rock and roll","Rhino Atlantic",0.468,0.607,9,-11.367,1,0.0336,0.072,0.000852,0.225,0.886,98.429,4
spotify:track:0aEFDZE21jhW1WEgcaZBz1,"Ain't It a Shame ?","BD Rock: Fats Domino","Fats Domino",2007,147706,0,false,111573307,2015-03-25T00:33:24Z,"rock and roll,doo-wop,rockabilly,boogie-woogie","BD Jazz",0.449,0.309,11,-11.736,1,0.0358,0.834,0.0000464,0.0707,0.953,124.358,4
spotify:track:3FCto7hnn1shUyZL42YgfO,"Piano Man","The Essential Billy Joel","Billy Joel",2001-10-02,339290,67,false,111573307,2015-03-25T00:35:31Z,"rock suave","Columbia",0.334,0.472,0,-8.791,1,0.0277,0.6,0.00000362,0.317,0.431,179.173,3
spotify:track:2aIOTkgPOLwCQgTfzdE82d,"I Can't Help Myself (Sugar Pie, Honey Bunch)","The Ultimate Collection: Four Tops","Four Tops",1997-01-01,165866,0,false,111573307,2015-03-25T00:38:58Z,"motown,northern soul,soul clásico,soul","Universal Music Group",0.703,0.807,0,-2.988,1,0.0282,0.112,0,0.0804,0.967,127.666,4
spotify:track:55f4JiHsK46ftCjzr5CiKl,"Young Blood","The Coasters","The Coasters",2005-02-08,143026,41,false,111573307,2015-03-25T00:39:32Z,"doo-wop,rock and roll","Rhino/Elektra",0.503,0.447,8,-13.25,1,0.27,0.662,0.0000124,0.341,0.681,111.264,4
spotify:track:07bEZWP1PqS5jCR0iiz1zt,"In Bloom - Nevermind Version","Nirvana (International Version)","Nirvana",2002-01-01,253440,0,false,111573307,2015-03-25T00:41:46Z,"grunge,rock","Universal Music Group",0.438,0.851,10,-5.802,0,0.0505,0.0000267,0.000136,0.301,0.592,157.088,4
spotify:track:2tqYlC46W7FQzlD5EY6mDg,"C’Mon Everybody","Somethin' Else","Eddie Cochran",2004-01-01,117266,40,false,111573307,2015-03-25T00:44:13Z,"rockabilly,rock and roll,doo-wop","Parlophone Catalogue",0.621,0.718,4,-9.73,1,0.0435,0.162,0.0000854,0.0954,0.881,175.937,4
spotify:track:4nLXfOGueq3NLSZ8SmMFky,"Remember (Walkin' in the Sand)","GoodFellas - Music From The Motion Picture","The Shangri-Las",1990-09-18,138333,0,false,111573307,2015-03-25T00:45:36Z,"doo-wop","Atlantic Records",0.451,0.414,2,-11.755,0,0.0367,0.751,0.496,0.1,0.499,66.407,4
spotify:track:0UsOyDkyTTr1UbIvtExfCd,"O-o-h Child","Riding In Cars With Boys - Music From The Motion Picture","The Five Stairsteps",2001-10-02,194733,17,false,111573307,2015-03-25T00:46:05Z,"","Columbia",0.507,0.709,10,-7.586,0,0.0377,0.00517,0.00000863,0.616,0.717,88.476,4
spotify:track:4gKkrvF43rvvO2NpSNbxuk,"Summer In The City","Woodstock Generation","The Lovin' Spoonful",2009-07-23,158773,39,false,111573307,2015-03-25T00:46:30Z,"folk rock","Sony Music Entertainment",0.34,0.757,10,-6.939,1,0.0381,0.00255,0.898,0.0975,0.603,108.541,4
spotify:track:1THKXwqvjb7g1CSuJkC87s,"Miss California","R'n'B Dancefloor","Dante Thomas;Pras",2001-12-10,196400,0,false,111573307,2015-03-26T20:53:50Z,"hip hop old school","Funky Maestro",0.704,0.67,6,-7.846,0,0.0616,0.000756,0.0000032,0.276,0.853,103.089,4
spotify:track:6iKGj3dMZDiSV61yDATW68,"Lollipop","Mister Sand Man","The Chordettes",2004-01-08,131039,0,false,111573307,2015-04-27T11:23:36Z,"doo-wop","River Records",0.653,0.63,7,-4.123,0,0.138,0.5,0.01,0.131,0.791,143.149,4
spotify:track:1cmzjpLJ9dTGp5fqj0cHZL,"Mr. Lee","Atlantic Top 60: R&B Grooves","The Bobbettes",2007-10-30,135573,7,false,111573307,2015-05-06T13:35:50Z,"doo-wop","Rhino Atlantic",0.493,0.602,5,-9.836,1,0.334,0.607,0.00000182,0.122,0.872,203.334,4
spotify:track:5fdNHVZHbWB1AaXk4RBGVD,"Just the Two of Us","Winelight","Grover Washington, Jr.;Bill Withers",1980,443773,79,false,111573307,2015-05-10T18:29:28Z,"soul jazz,smooth jazz,soul","Rhino/Elektra",0.743,0.429,10,-14.576,0,0.0902,0.447,0.362,0.0455,0.597,95.406,4
spotify:track:3UCmuRdeTriWgOZMEJsfqZ,"Spanish Harlem","Spanish Harlem","Ben E. King",1961,174293,61,false,111573307,2015-05-10T18:29:50Z,"","Rhino Atlantic",0.608,0.594,2,-11.86,1,0.0435,0.32,0.0000475,0.129,0.789,125.166,4
spotify:track:79OgBUg4KXBrb8Zq3bo0xp,"Half a Minute","The Best Of Matt Bianco","Matt Bianco",1990-01-01,229933,36,false,111573307,2015-05-10T18:29:58Z,"jazz pop","Rhino",0.769,0.701,5,-7.769,1,0.0384,0.188,0.144,0.243,0.64,106.939,4
spotify:track:3D0lIULqq69bjhQEVS1V1A,"You Are The Best Thing","Gossip in The Grain","Ray LaMontagne",2008-10-13,234760,0,false,111573307,2015-05-27T10:45:13Z,"","14th Floor Records",0.578,0.724,7,-4.922,0,0.0342,0.0325,0.0000225,0.182,0.872,170.614,4
spotify:track:4RXUY0SWptHzlLQy9UTToJ,"Get Ready","After Hours The Collection: Northern Soul Masters","Ella Fitzgerald",2011-08-08,155320,20,false,111573307,2015-05-27T10:45:20Z,"jazz,vocal jazz,swing,big band,navidad","WM UK",0.6,0.811,1,-6.08,1,0.0676,0.603,0,0.0839,0.95,144.594,4
spotify:track:3caZCKEGwrazrtQ0iKOXAF,"Tainted Love - Original Single Version","100 Soul","Gloria Jones",2012-01-01,156806,0,false,111573307,2015-06-03T22:00:32Z,"northern soul,motown","Universal Music",0.663,0.583,1,-10.595,0,0.0731,0.0615,0.00000122,0.215,0.751,164.82,4
spotify:track:29N4xnL6SpjkQiuPaTvQXA,"(You Make Me Feel Like) A Natural Woman","Soul Queen","Aretha Franklin",2007-10-29,159933,46,false,111573307,2015-06-03T22:00:43Z,"soul,motown,soul clásico","Rhino Atlantic",0.605,0.315,0,-8.958,1,0.0264,0.288,0,0.599,0.441,111.247,3
spotify:track:2Y0wEnPL2aVpeFsMaeao8v,"Don't Stop - 2004 Remaster","Rumours (Deluxe Edition)","Fleetwood Mac",1977-02-04,193346,32,false,111573307,2015-06-28T15:23:07Z,"yacht rock,rock clásico,rock suave","Rhino/Warner Records",0.672,0.72,9,-7.781,1,0.035,0.0373,0.00000938,0.0371,0.828,118.731,4
spotify:track:56riBKFYCtJIocChuLTx17,"Night Nurse","Blue (Expanded Version)","Simply Red;GOTA",1998,236413,37,false,111573307,2015-06-28T15:24:21Z,"rock suave,smooth jazz,cool jazz","Rhino/Elektra",0.753,0.57,7,-11.786,1,0.0619,0.0237,0.000205,0.25,0.748,156.685,4
spotify:track:3dOAXUx7I1qnzWzxdnsyB8,"Lonely Boy","Lonely Boy","The Black Keys",2011-10-26,193653,53,false,111573307,2015-06-28T15:24:36Z,"blues rock,garage rock,blues modern,rock","Nonesuch",0.356,0.872,2,-7.837,1,0.068,0.00417,0.00975,0.0997,0.607,166.3,4
spotify:track:66S14BkJDxgkYxLl5DCqOz,"I'm Gonna Be (500 Miles)","Finest","The Proclaimers",2003-09-01,219466,72,false,111573307,2015-07-06T20:46:33Z,"rock celta","Parlophone UK",0.851,0.551,4,-5.177,1,0.0396,0.151,0,0.0827,0.807,131.922,4
spotify:track:2oFxITGDiTZ1JRwP8yinRt,"On Broadway","The George Benson Collection","George Benson",2009-07-14,316160,51,false,111573307,2015-07-06T20:46:41Z,"smooth jazz,yacht rock,jazz funk,soul jazz","Rhino/Warner Records",0.77,0.319,10,-17.098,0,0.0579,0.205,0.000151,0.0687,0.863,117.232,4
spotify:track:01kajEqjHkel6y36NTFgd1,"Magic Party - Outtake","Ted Nugent","Ted Nugent",1975,175333,20,false,111573307,2015-07-06T20:50:45Z,"rock clásico,rock ácido,rock sureño","Epic/Legacy",0.51,0.903,4,-6.781,1,0.0576,0.299,0,0.692,0.844,144.697,4
spotify:track:5TAf4lnZCZTLlZHNZMLFLi,"I Try","On How Life Is","Macy Gray",1999-07-03,239440,76,false,111573307,2015-07-08T19:49:48Z,"","Epic",0.593,0.642,2,-7.284,1,0.0299,0.313,0.000582,0.0804,0.736,76.403,4
spotify:track:1jjO9DOHrnCJrpiuyiavKw,"Caught Up","Complex Simplicity","Teedra Moses",2004-08-10,254840,0,false,111573307,2015-07-08T21:02:30Z,"","The Orchard",0.72,0.457,8,-7.999,0,0.0434,0.216,0.00332,0.119,0.819,97.089,4
spotify:track:5aStVuk8kWHsxYHaNwVX4o,"Boogie Shoes","The TK Years","KC & The Sunshine Band",2009-03-09,139800,48,false,111573307,2015-07-13T22:29:00Z,"disco","Parlophone UK",0.935,0.883,3,-7.876,1,0.0523,0.458,0.208,0.0613,0.965,113.996,4
spotify:track:1TjNPmm8BdKGpoc1yflgcU,"Tripe Face Boogie","Sailin' Shoes","Little Feat",1972-01-01,195506,33,false,111573307,2015-07-13T22:29:51Z,"rock sureño,improvisación,country rock","Warner Records",0.404,0.809,9,-6.779,1,0.0404,0.0564,0.00396,0.0858,0.65,148.677,4
spotify:track:40fD7ct05FvQHLdQTgJelG,"Splish Splash","Bobby Darin","Bobby Darin",1958,131693,63,false,111573307,2015-07-13T22:36:44Z,"big band,adult standards,swing,doo-wop","Rhino Atlantic",0.645,0.943,0,-1.526,1,0.0393,0.385,0,0.37,0.965,147.768,4
spotify:track:1EtH9DOk60hxw1HkRrqdkq,"Brand New House","Bobby Darin","Bobby Darin",1958,155306,19,false,111573307,2015-07-13T22:37:57Z,"big band,adult standards,swing,doo-wop","Rhino Atlantic",0.689,0.498,7,-12.041,1,0.0834,0.824,0,0.289,0.844,126.754,4
spotify:track:0K1WQyjSA6W4LpawD2ebeU,"Can't Get Enough","Johnny Kemp (Expanded Edition)","Johnny Kemp",2015-06-19,258626,3,false,111573307,2015-07-17T21:36:51Z,"new jack swing","Columbia/Legacy",0.881,0.5,0,-12.615,1,0.129,0.0279,0,0.0304,0.799,120.597,4
spotify:track:0b2bsYKWKnt4ypdpBxX3wi,"Love and Mercy - Remastered","Brian Wilson","Brian Wilson",1988,174400,33,false,111573307,2015-07-22T20:06:19Z,"pop barroco","Rhino/Warner Records",0.545,0.514,9,-7.78,1,0.0274,0.789,0.00021,0.117,0.377,108.888,4
spotify:track:7xyLWH5wZj76nbELj5pZjp,"So Far Away","Tapestry (Legacy Edition)","Carole King",1971,235626,0,false,111573307,2015-07-23T20:03:08Z,"cantautores,folk rock","Epic/Legacy",0.488,0.172,2,-14.264,1,0.0372,0.895,0.0000352,0.0753,0.362,143.631,4
spotify:track:7yBUJ2IriVtHZx8RleLMBY,"Rebel Rebel - 2014 Remastered Version","Nothing Has Changed (The Best Of David Bowie)","David Bowie",2014-11-14,270026,0,false,111573307,2015-08-13T20:07:15Z,"glam rock,art rock","Parlophone UK",0.629,0.891,9,-8.911,1,0.0515,0.0162,0,0.219,0.523,125.973,4
spotify:track:5tvUKx4zFTOFuP1uj135gd,"Dance All Night","Booty Super Party Club Classics","Poison Clan",2000-02-18,295333,0,true,111573307,2015-08-13T20:14:58Z,"miami bass,hip hop sureño americano","Lil' Joe Records",0.889,0.781,6,-8.096,0,0.13,0.000119,0.106,0.0765,0.532,132.181,4
spotify:track:5cq7IxxCTwE1c58ckgELsc,"Far From Any Road","Singing Bones","The Handsome Family",2003,168226,0,false,111573307,2015-08-13T20:17:06Z,"southern gothic,country alternativo,folk americano","Loose Music",0.706,0.552,9,-10.028,0,0.0312,0.234,0.0116,0.477,0.738,120.009,4
spotify:track:6otqZiIqqzzzggZdd1rKgO,"Doo Wop (That Thing) - Edit","Doo Wop","Ms. Lauryn Hill",1998-05-13,240666,61,false,111573307,2015-09-27T22:09:51Z,"neo soul","Columbia",0.795,0.56,2,-8.908,1,0.0659,0.00867,0,0.226,0.635,99.922,4
spotify:track:33iQW2OneB0oNh2NfrAzqW,"Blitzkrieg Bop - 2001 Remastered Version","Ramones (Expanded)","Ramones",1976-04-23,133440,2,false,111573307,2015-10-15T07:42:52Z,"punk,protopunk","Rhino/Warner Bros.",0.547,0.733,9,-6.558,1,0.0433,0.0103,0.131,0.117,0.962,176.198,4
spotify:track:0O9PxcgvimH5RswMrNywNq,"Dream Come True","Brand New Heavies","The Brand New Heavies",1990,465093,0,false,111573307,2015-10-15T07:44:44Z,"acid jazz,jazz funk,funk","London Records",0.647,0.9,4,-5.92,1,0.0409,0.0843,0.0323,0.163,0.79,123.417,4
spotify:track:1AO8sSbod0Rog6ZlBkcKyH,"Treat Her Like A Lady","Playlist Plus","The Temptations",2008-01-01,254573,0,false,111573307,2015-10-28T11:18:56Z,"motown,soul clásico,soul","Universal Music",0.79,0.912,0,-7.35,1,0.0461,0.126,0.000045,0.298,0.903,113.186,4
spotify:track:1ElsvWNXbo3jXs4OuakQLn,"Sorry! (Didn't Know) [Original Radio Edit]","Sorry","Monsta Boy",2000-09-25,250160,0,false,111573307,2015-10-29T19:57:48Z,"uk garage,funky británico,funky house,bassline","XL Recordings",0.755,0.631,11,-9.76,1,0.0422,0.0323,0.00000121,0.0506,0.839,129.963,4
spotify:track:0F6HIKLZvEB57r7tTYVECI,"All This Love That I'm Givin'","The Best Of Gwen McCrae","Gwen McCrae",2004-09-17,233373,40,false,111573307,2015-10-29T19:59:27Z,"post-disco,disco,funk","Parlophone UK",0.747,0.746,11,-7.666,1,0.127,0.339,0.00000104,0.441,0.855,112.618,4
spotify:track:3mnVgyzn5HC7Sqkn3B5zHs,"I Wanna Be Where You Are","Got To Be There","Michael Jackson",1972-01-24,182786,54,false,111573307,2015-12-07T14:22:58Z,"","Motown",0.605,0.843,4,-8.546,0,0.0604,0.469,0.00235,0.118,0.662,103.817,4
spotify:track:28NBmftocOzTPEb6OYA9fW,"Le Freak","C'est Chic","CHIC",1978-08-11,327573,4,false,111573307,2015-12-21T12:47:37Z,"disco,funk","Atlantic Records",0.867,0.746,7,-7.445,1,0.0475,0.0453,0,0.123,0.933,118.616,4
spotify:track:6Fba9RZtC6vTY814JToDtP,"Jump","Best of Volume 1","Van Halen",1996-09-24,239560,65,false,111573307,2015-12-21T12:47:48Z,"glam metal,rock clásico,rock,hard rock","Warner Records",0.542,0.822,0,-7.201,1,0.0291,0.0745,0.00947,0.0645,0.772,130.011,4
spotify:track:7CAhxeaTYXn1qWNRkZl9ad,"Everybody's Talkin' - From ""Midnight Cowboy""","Everybody's Talkin': The Very Best of Harry Nilsson","Harry Nilsson",2006-04-28,164906,0,false,111573307,2015-12-21T12:47:58Z,"pop barroco,cantautores","RCA/Legacy",0.412,0.473,4,-10.964,1,0.037,0.383,0.0000841,0.541,0.676,124.411,4
spotify:track:4uOKFydzAejjSFqYbv1XPt,"Red Red Wine","The Very Best Of","UB40",2000,183733,78,false,111573307,2015-12-21T12:48:14Z,"reggae","Virgin Records",0.857,0.468,1,-8.53,1,0.0476,0.00414,0.0000132,0.269,0.843,89.119,4
spotify:track:5Q7cE6wGHMehLFo2ppkk5D,"One Way Or Another","Atomic: The Very Best Of Blondie","Blondie",1998-01-01,208360,56,false,111573307,2015-12-21T12:48:25Z,"","Parlophone Catalogue",0.445,0.872,6,-6.294,0,0.0602,0.00402,0.00909,0.047,0.834,162.407,4
spotify:track:3xItQdRD55pFfPDhmvvlMH,"No particular place to go","Rock 'n Roll Music","Chuck Berry",2009-05-11,162226,0,false,111573307,2015-12-21T12:48:54Z,"rockabilly,rock and roll","Synergie OMP",0.549,0.6,8,-12.477,1,0.0563,0.0412,0.0000397,0.256,0.979,130.665,4
spotify:track:6lYeYgSkWh6TZDQy6YZuvG,"Just A Gigolo - Remastered","Capitol Collectors Series","Louis Prima",1991-01-01,283200,52,false,111573307,2015-12-21T12:49:15Z,"swing,big band","Capitol Records",0.525,0.403,8,-11.987,1,0.0945,0.597,0,0.0565,0.718,125.187,4
spotify:track:1VPxfXor7iSIAXKH34O8uH,"Do I Do - 1982 Musiquarium Version","Original Musiquarium","Stevie Wonder",1982-05-04,628480,0,false,111573307,2015-12-21T23:58:16Z,"motown,soul clásico,soul","Universal Music Group",0.757,0.805,11,-10.022,1,0.0614,0.0498,0.0000047,0.0543,0.929,113.385,4
spotify:track:1MOl6vGP299N8vd4zaHMTE,"Outstanding - Original 12"" Mix","The Best Of The Gap Band","The Gap Band",1994-01-01,376640,0,false,111573307,2015-12-22T00:00:39Z,"funk,quiet storm","Island Def Jam",0.797,0.504,6,-10.533,1,0.0411,0.406,0.015,0.0313,0.849,98.871,4
spotify:track:4j1Bk0BEIGCF9hR7cSwl9d,"Candy Rain","Candy Rain","Soul For Real",1995,276066,75,false,111573307,2015-12-22T00:01:02Z,"new jack swing,r&b","Geffen*",0.589,0.699,11,-7.529,0,0.0788,0.00389,0.0000476,0.0577,0.63,188.253,4
spotify:track:3bmdzcKPdbP32AUUF9hQUP,"Eighties","Laugh? I Nearly Bought One!","Killing Joke",1992-01-01,231133,0,false,111573307,2016-02-02T10:51:27Z,"post-punk,rock gótico,rock industrial,metal industrial,new wave,deathrock,dark wave,industrial,coldwave","EG Records",0.404,0.946,2,-11.562,0,0.088,0.000217,0.00168,0.411,0.437,151.716,4
spotify:track:3QAe8v7ieyecZ2z2frVg2D,"You Can't Catch Me","Johnny B. Goode/His Complete `50s Chess Recordings","Chuck Berry",2007-01-01,162346,0,false,111573307,2016-02-02T10:54:10Z,"rockabilly,rock and roll","Universal Music Group",0.833,0.851,8,-5.486,1,0.0579,0.754,0.00000196,0.347,0.903,122.472,4
spotify:track:3okPiJwW5nCLpug12sCL4p,"All Day and All of the Night","Kinks (Deluxe Edition)","The Kinks",1964-10-02,142226,0,false,111573307,2016-02-02T10:57:47Z,"protopunk,pop barroco","Sanctuary",0.563,0.915,7,-5.062,1,0.08,0.247,0.0000846,0.0613,0.71,136.345,4
spotify:track:0RtTelNjd7ISpac3b3wxak,"He's So Fine","The Chiffons","The Chiffons",2016-01-29,111686,0,false,111573307,2016-02-02T10:59:11Z,"doo-wop,motown","exclusiv for streaming partners",0.475,0.338,7,-12.623,1,0.0404,0.234,0.00000114,0.412,0.755,145.667,4
spotify:track:6b0pGSjYCLCM1APv0fVBq8,"Happy Anniversary (Bon Anniversaire)","Aznavour Sings In English - Best Of","Charles Aznavour",2014-01-01,354160,0,false,111573307,2016-02-09T18:11:39Z,"chanson,variété francesa,jazz francés","Universal Music Division Barclay",0.464,0.369,5,-10.636,0,0.041,0.442,0,0.131,0.305,112.435,4
spotify:track:59ixmaIhjcHSius9YmtEkb,"I Like","The Very Best Of Guy","Guy",2002-01-01,289106,0,false,111573307,2016-02-22T01:44:27Z,"new jack swing,quiet storm","Geffen* Records",0.475,0.971,5,-6.084,0,0.124,0.0316,0,0.326,0.583,103.581,4
spotify:track:2SUpC3UgKwLVOS2FtZif9N,"Carry on Wayward Son","The Essential Kansas","Kansas",2010,322093,63,false,111573307,2016-04-19T11:19:59Z,"rock clásico,rock progresivo,aor","Epic/Legacy",0.452,0.788,7,-5.712,1,0.0326,0.00283,0.000116,0.441,0.793,126.739,4
spotify:track:6y20BV5L33R8YXM0YuI38N,"No One Knows","Songs For The Deaf","Queens of the Stone Age",2002-01-01,278746,76,false,111573307,2016-04-19T11:22:35Z,"stoner rock,rock alternativo","Polydor Associated Labels",0.509,0.584,0,-4.907,1,0.057,0.0368,0.0000996,0.384,0.685,170.411,4
spotify:track:2jLZR0KqDdnTtW3RmOzQ1o,"Sing It Back - Boris Musical Mix Edit","Catalogue","Moloko",2006,278000,0,false,111573307,2016-05-07T22:04:20Z,"trip hop","BMG",0.761,0.775,3,-7.495,0,0.0339,0.00698,0.000543,0.0512,0.966,123.017,4
spotify:track:2UVLuddklEVak5PXgC7baA,"Groove Is in the Heart","Rhino Hi-Five: Deee-Lite","Deee-Lite",2005-04-19,231786,2,false,111573307,2016-05-07T22:05:14Z,"","Rhino/London-Sire",0.694,0.881,1,-4.053,0,0.0701,0.0153,0.0196,0.0851,0.924,121.554,4
spotify:track:2lBpN5CZ3zLyVIPejUhN6Y,"Smack My Bitch Up","The Fat of the Land","The Prodigy",1997-06-30,342733,2,true,111573307,2016-05-07T22:05:17Z,"big beat,breakbeat","XL Recordings",0.603,0.993,10,-4.516,0,0.142,0.00334,0.629,0.11,0.247,136.223,4
spotify:track:3NedXYWKO1O2EqH8yOaM9r,"Corner of the Earth","A Funk Odyssey","Jamiroquai",2001-09-03,338960,0,false,111573307,2016-05-07T22:51:51Z,"acid jazz","S2",0.473,0.552,2,-6.621,1,0.0302,0.252,0.0000912,0.288,0.276,79.486,4
spotify:track:0TuMqSmrKZNH4CeRg6I9er,"Losing My Religion","Part Lies Part Heart Part Truth Part Garbage 1982-2011","R.E.M.",2011-11-11,267760,0,false,111573307,2016-05-07T23:49:03Z,"jangle pop,rock alternativo,rock","Warner Bros.",0.667,0.877,9,-4.541,0,0.0291,0.122,0,0.124,0.811,125.416,4
spotify:track:2pNrFj3AYoCU1uQTvJmtw3,"Don't Go - 2008 Remaster","Essential: Eighties","Yazoo",2011-06-24,176026,51,false,111573307,2016-05-08T00:18:03Z,"synthpop,new wave","Parlophone Belgium",0.816,0.457,6,-13.061,0,0.0439,0.179,0.00975,0.0417,0.57,126.254,4
spotify:track:1Kg5EWNURq8OYai9VhC2tZ,"Green Light - Instrumental","Juicy Fruit (Expanded)","Mtume",2016-05-13,316139,3,false,111573307,2016-05-16T17:31:14Z,"post-disco,funk,quiet storm","Epic/Legacy",0.897,0.717,2,-9.88,1,0.0658,0.0174,0.229,0.0397,0.599,115.71,4
spotify:track:02zwufrjDR4aUmGkSXIn08,"Electric Nation","Electric Universe (Expanded Edition)","Earth, Wind & Fire",1983,270968,17,false,111573307,2016-05-16T17:38:29Z,"funk,disco","Legacy Recordings",0.687,0.756,8,-8.699,1,0.0385,0.00766,0.000841,0.231,0.857,136.205,4
spotify:track:7nrtHjt4Vk4Z5jMHOwaS8F,"Hit Me With Your Best Shot - 1999 Digital Remaster","Synchronistic Wanderings","Pat Benatar",1999-09-23,171293,2,false,111573307,2016-05-16T17:40:06Z,"aor","Chrysalis Records Ltd., Uk",0.715,0.702,4,-6.055,1,0.0296,0.109,0.00000773,0.255,0.954,127.446,4
spotify:track:1sYRkVKdT2ize1HSDCwbEF,"Say It Loud - I'm Black And I'm Proud - Pt. 1","20 All-Time Greatest Hits!","James Brown",1991,166533,0,false,111573307,2016-06-08T14:19:36Z,"funk,soul,motown,soul clásico","Polydor",0.853,0.529,3,-9.692,1,0.22,0.288,0.0118,0.0452,0.934,115.131,4
spotify:track:6hsQO3hz648zS7t2QyUpfz,"Can't Hide Love","Gratitude","Earth, Wind & Fire",1975-11-11,249983,55,false,111573307,2016-06-08T14:19:58Z,"funk,disco","Columbia/Legacy",0.515,0.412,5,-10.995,0,0.033,0.691,0.09,0.0907,0.444,78.352,4
spotify:track:2RwFdFIN9JAyVUzevwkzez,"How Sweet It Is (To Be Loved by You)","Gorilla","James Taylor",1975,214133,0,false,111573307,2016-06-08T14:32:39Z,"folk rock,cantautores,rock suave","Rhino/Warner Records",0.764,0.567,0,-13.361,1,0.0412,0.252,0,0.104,0.79,108.805,4
spotify:track:3x92kI6a22OU3ou2n4tFvQ,"O Mio Babbino Caro - from 'Gianni Schicchi'","Amira","Giacomo Puccini;Amira Willighagen;William Hayward",2014-03-28,137480,32,false,111573307,2016-08-03T17:37:26Z,"ópera,clásica,clásica para todos los gustos","RCA/Sony Masterworks",0.207,0.295,8,-12.229,1,0.0374,0.974,0.00151,0.128,0.097,94.5,3
spotify:track:3ZJAp1N2Stlo2ixvn9rmuM,"Diamond Hoo Ha Man","Diamond Hoo Ha","Supergrass",2008-01-14,204966,0,false,111573307,2016-08-04T17:06:40Z,"britpop","Echo",0.47,0.714,0,-11.262,1,0.0467,0.00558,0.0112,0.123,0.545,148.464,4
spotify:track:0FokMXctAEFRczLcj8topE,"Many Rivers To Cross","Best Of / 20th Century Masters","Jimmy Cliff",2004-04-20,163453,0,false,111573307,2016-08-06T21:38:20Z,"reggae,rocksteady,roots reggae","Universal Music",0.406,0.278,5,-12.723,1,0.064,0.703,0.0132,0.16,0.147,137.468,4
spotify:track:1LiwqqaafXkNQuWGW3HeId,"More Bounce to the Ounce","Zapp","Zapp",1980,311120,59,false,111573307,2017-02-02T23:17:57Z,"funk,post-disco","Warner Records",0.85,0.818,0,-8.623,1,0.0904,0.124,0.00135,0.349,0.839,105.266,4
spotify:track:2oX46s90nkZtTbCowHiWVs,"You Give Me Something","A Funk Odyssey","Jamiroquai",2001-09-03,199600,0,false,111573307,2017-02-12T20:21:02Z,"acid jazz","S2",0.639,0.69,7,-10.047,1,0.264,0.0265,0.000551,0.146,0.579,119.63,4
spotify:track:0Aj8EagrPfDoOe5OlUdrLC,"Candy","Word Up","Cameo",1986-01-01,339933,66,false,111573307,2017-02-14T16:11:14Z,"funk","Island Mercury",0.705,0.709,11,-12.649,0,0.0489,0.119,0.0000169,0.286,0.853,110.522,4
spotify:track:119c93MHjrDLJTApCVGpvx,"C.R.E.A.M. (Cash Rules Everything Around Me)","Enter The Wu-Tang (36 Chambers) [Expanded Edition]","Wu-Tang Clan",1993-11-09,252026,77,true,111573307,2017-02-14T16:18:07Z,"hip hop old school,hip hop de la costa este,hip hop,rap gangster,hardcore hip hop","RCA Records Label",0.512,0.514,11,-11.562,0,0.387,0.555,0.00958,0.126,0.565,181.033,4
spotify:track:0S2h1YrmQFfiMfyF4mVuYI,"Bumaye","KINGS soundtrack","The Flexican;Typhoon",2005,235200,0,true,111573307,2017-02-22T22:29:56Z,"nederpop,holandesa","Made in Da Shade",0.869,0.582,5,-5.598,0,0.0891,0.0835,0.00000957,0.0729,0.885,98.039,4
spotify:track:3pb7zHl6E5WorxQGflHSsH,"Def Squad Delite","El Nino","Def Squad",1998-01-01,405573,0,false,111573307,2017-02-22T22:31:26Z,"hip hop de la costa este","Def Jam Recordings",0.873,0.806,2,-7.861,1,0.431,0.12,0,0.074,0.841,111.886,4
spotify:track:3jDdpx9PMlfMBS5tOBHFm9,"Return of the Mack","Return of the Mack","Mark Morrison",1996-04-22,213093,83,false,111573307,2017-02-22T22:41:52Z,"","WM UK",0.715,0.833,2,-5.379,1,0.108,0.00631,0,0.164,0.612,95.487,4
spotify:track:6uXtDWPxADvkOeeGcwMKx3,"Son of a Preacher Man","Respect - The Very Best of","Aretha Franklin",2017-03-25,199266,35,false,111573307,2017-04-03T01:11:07Z,"soul,motown,soul clásico","Warner Music Group - X5 Music Group",0.474,0.473,2,-11.454,1,0.0601,0.545,0.00000125,0.0356,0.561,77.583,4
spotify:track:3aKBXypD3xTgKYVpeBIgLj,"Big Boys","Big Boys","Chuck Berry",2017-03-22,185845,0,false,111573307,2017-04-03T01:15:51Z,"rockabilly,rock and roll","Universal Music Group",0.554,0.958,0,-4.213,1,0.147,0.0455,0,0.108,0.725,161.962,4
spotify:track:4HPXIcxhlEVtmUvVli3anA,"Riders On The Storm - New Stereo Mix Advanced Resolution","The Very Best Of [Redemption]","The Doors",2001,427280,0,false,111573307,2017-04-17T11:17:04Z,"rock psicodélico,rock clásico,rock ácido","Rhino/Elektra",0.547,0.543,11,-16.041,0,0.0342,0.507,0.136,0.241,0.595,104.828,4
spotify:track:1ArfDNJVfisvAaowOCkpVc,"Supersexy Girl","Looking For La Fiesta","Fundacion Tony Manero",2013-03-05,232280,27,false,111573307,2017-06-17T16:26:34Z,"funk,acid jazz","Parlophone Spain",0.644,0.799,0,-6.771,0,0.0459,0.00507,0,0.197,0.782,112.288,4
spotify:track:7kH8DJlIfQJUWB3njRKZsY,"Kiss","The Best Of ... Tom Jones","Tom Jones;The Art Of Noise",1997-01-01,211533,0,false,111573307,2017-06-17T16:37:30Z,"synthpop","Decca",0.961,0.804,10,-10.174,1,0.0931,0.0919,0,0.319,0.761,115.71,4
spotify:track:5NFSmOkFwjx51Jo4BcrQDU,"One Love / People Get Ready - Exodus 40 Mix","Exodus 40","Bob Marley & The Wailers;Ziggy Marley",2017-06-02,178866,0,false,111573307,2017-06-23T09:34:06Z,"reggae,roots reggae","Universal Music",0.503,0.511,10,-9.921,1,0.38,0.202,0,0.0854,0.937,76.377,4
spotify:track:27TDTeTQHQzBIKthxDukhV,"Né quelque part","Essentielles","Maxime Le Forestier",1997-01-01,238360,0,false,111573307,2017-07-17T20:21:45Z,"variété francesa,chanson,house francés,pop francés","Universal Music",0.754,0.537,11,-12.467,0,0.089,0.194,0.0005,0.462,0.649,149.544,4
spotify:track:47Hl7stDTmTWF8DgL99B0F,"Ain't Too Proud To Beg","Gettin' Ready","The Temptations",1966,156173,0,false,111573307,2017-07-17T20:30:47Z,"motown,soul clásico,soul","Universal Music Group",0.763,0.656,0,-6.86,1,0.0417,0.549,0,0.125,0.926,118.394,4
spotify:track:0tQg5fcYxx1yTKyFHu0LEo,"You Keep Me Hangin' On","The Supremes Sing Holland, Dozier, Holland","The Supremes",1967-01-23,163280,0,false,111573307,2017-07-17T20:30:58Z,"motown,northern soul,soul clásico,soul","Universal Music Group",0.682,0.612,8,-7.004,0,0.0381,0.284,0,0.0783,0.845,127.647,4
spotify:track:6OsefWNJtsWqO7myze1HEX,"Money (That's What I Want) - Single Version / Mono","The Collection","Barrett Strong",2004-01-01,158493,51,false,111573307,2017-07-17T20:31:05Z,"motown,northern soul,soul clásico","UNI/MOTOWN",0.656,0.813,5,-7.324,1,0.033,0.349,0,0.114,0.96,132.313,4
spotify:track:488nVOcYpUXrkHsGJRt6Sp,"Summer Of Love - Original Extended","Summer Of Love","Lonyo",2000-03-03,363266,35,false,111573307,2017-08-26T07:38:58Z,"uk garage,funky británico","Altra Moda Music",0.882,0.723,9,-7.751,1,0.143,0.0448,0.00161,0.335,0.911,129.976,4
spotify:track:6ghe4sMRzup1cOu7TyEztf,"Everybody Loves the Sunshine","Anthology","Roy Ayers Ubiquity;Roy Ayers",2014-04-02,240933,0,false,111573307,2017-10-09T18:21:48Z,"jazz funk,acid jazz,funk","U-5",0.591,0.578,11,-10.313,0,0.0351,0.165,0.00000283,0.164,0.691,80.307,4
spotify:track:4hn4PMqQqOY4sBRcVnQdtP,"Vesoul","Amsterdam","Jacques Brel",1990-01-01,189093,0,false,111573307,2017-11-16T13:42:11Z,"chanson,variété francesa","Universal Music Group",0.515,0.579,1,-11.318,0,0.0762,0.65,0.0000302,0.512,0.902,110.792,3
spotify:track:69j70vmDJ5CL0LiSk04Dzj,"Amsterdam - Live, Olympia / 1964","Olympia 1964 (Live)","Jacques Brel",2016-03-25,225520,25,false,111573307,2017-11-16T13:42:52Z,"chanson,variété francesa","Universal Music Division Barclay",0.315,0.709,6,-9.302,0,0.466,0.801,0,0.977,0.472,86.748,3
spotify:track:1HhvOSzP85ye744Rfoilly,"Tango funèbre - Live Olympia 1964","Olympia 1964 (Live)","Jacques Brel",2016-03-25,180346,16,false,111573307,2017-11-16T13:43:10Z,"chanson,variété francesa","Universal Music Division Barclay",0.555,0.702,0,-9.48,1,0.492,0.583,0,0.976,0.629,118.225,4
spotify:track:7qHQc9hJ9GoiOS2l7wRuoZ,"All Night Long","Mary Jane Girls","Mary Jane Girls",1983-01-01,333293,0,false,111573307,2018-01-28T14:19:02Z,"post-disco,funk","Universal Music Group",0.835,0.295,0,-14.846,0,0.0533,0.131,0.0423,0.102,0.925,98.013,4
spotify:track:2RCOWNCxDIphjhqTtkwtwR,"Love Come Down - Single Version","The Best Of Evelyn ""Champagne"" King","Evelyn ""Champagne"" King",1990-04-09,220626,58,false,111573307,2018-01-28T14:19:25Z,"post-disco,disco,funk","RCA Records Label",0.88,0.395,11,-14.629,1,0.103,0.0187,0.0000324,0.0571,0.854,117.16,4
spotify:track:5AUlDwO6DJtMRYbSDT3WRu,"Wake Up and Move... Funky","Delicious Disco","Eddy Rosemond",2011-01-01,230736,0,false,111573307,2018-02-03T17:39:37Z,"disco","Musiques & Solutions",0.846,0.682,1,-7.668,1,0.21,0.00185,0.0000743,0.0414,0.816,129.308,4
spotify:track:6Xit7c1KLAJ1A00azHuafw,"Never Too Much","Classic 3","Fingazz",2016-06-08,205600,9,false,111573307,2018-02-13T14:40:49Z,"g-funk","Universal Music LLC",0.842,0.75,11,-5.419,0,0.197,0.259,0,0.149,0.736,109.074,4
spotify:track:1wPuzroWKHgRcilvHUZNen,"She Can't Love You","A Night to Remember (Mixed By Tony Okungbowa & Jojoflores)","Chemise",2012-05-01,217666,43,false,111573307,2018-03-07T16:11:29Z,"disco italiana,post-disco,disco,funk,disco house","UNIDISC MUSIC INC.",0.963,0.742,4,-6.597,0,0.0904,0.036,0.000989,0.303,0.694,114.689,4
spotify:track:5MoDQWMDMaAGDEiWsJfeCi,"Eternal Flame","The Essential Bangles","The Bangles;Susanna Hoffs",2004,238026,71,false,111573307,2018-03-10T11:43:03Z,"jangle pop,power pop","Columbia",0.526,0.358,4,-7.239,0,0.0243,0.525,0,0.0942,0.399,78.989,3
spotify:track:5TgD3Wh5ZUZnUU4tmVvJbx,"It's Raining Men","80s 100 Hits","The Weather Girls",2010-03-01,212000,64,false,111573307,2018-03-10T11:43:15Z,"","Sony Music Entertainment",0.705,0.898,5,-6.371,0,0.0702,0.209,0.00118,0.702,0.656,136.282,4
spotify:track:6fqLce5TNAmNgbFwXD2DdG,"I'd Do Anything For Love (But I Won't Do That) - Live From The Beacon Theatre, New York, U.S.A./1995","Welcome To The Neighbourhood","Meat Loaf",1995,329400,56,false,111573307,2018-03-10T11:43:32Z,"","EMI Catalogue",0.265,0.553,0,-10.198,1,0.0702,0.727,0,0.983,0.237,76.115,4
spotify:track:49663cptFSCKPWa4pZt8Rs,"Thank U","1998","Alanis Morissette",2017-05-29,258773,25,false,111573307,2018-03-10T11:43:49Z,"","Warner Music Group - X5 Music Group",0.672,0.616,0,-5.764,1,0.0258,0.379,0.0000273,0.0887,0.566,92.094,4
spotify:track:3UoUMTLrAmjlHSmuC8aEKq,"Dancing In The Street","Dance Party","Martha Reeves & The Vandellas",1965-01-01,165226,0,false,111573307,2018-04-02T20:37:01Z,"motown,northern soul,soul clásico,soul","Universal Music Group",0.557,0.578,2,-9.423,1,0.0395,0.0121,0.000488,0.121,0.292,126.019,4
spotify:track:3WORyf3FVpYdVoHEgSEt1b,"My Guy","Mary Wells Sings My Guy","Mary Wells",1964,174440,0,false,111573307,2018-04-02T20:37:17Z,"motown,northern soul,soul clásico,doo-wop","Universal Music Group",0.697,0.576,10,-7.836,1,0.0563,0.559,0.0000496,0.132,0.927,126.454,4
spotify:track:5uM9zdUz8PpYJME9wZCM4W,"Baby Love - Juke Box Single Version","Where Did Our Love Go: 40th Anniversary Edition","The Supremes",1964-08-31,156333,0,false,111573307,2018-04-02T20:38:28Z,"motown,northern soul,soul clásico,soul","Universal Music Group",0.594,0.698,2,-6.524,0,0.0365,0.776,0,0.237,0.649,135.821,4
spotify:track:3b0EOvScbZUc0qJx0E1L2z,"I Want You Back","Diana Ross Presents The Jackson 5","The Jackson 5",1969-12-18,176333,1,false,111573307,2018-04-02T20:39:57Z,"motown,navidad","Universal Music Group",0.639,0.548,8,-13.534,1,0.0394,0.29,0.0000968,0.366,0.887,98.359,4
spotify:track:3Zo3FKbmAokun6k5FLE8Vr,"Who's Lovin' You","Hi We're The Miracles","The Miracles",1961-01-01,183253,0,false,111573307,2018-04-02T20:40:48Z,"motown,doo-wop,soul clásico","Universal Music Group",0.322,0.43,6,-6.662,0,0.0439,0.782,0,0.176,0.404,175.133,3
spotify:track:7av4raprzW2bWdjyAaH3hz,"What's Going On","What's Going On - 40th Anniversary (Super Deluxe)","Marvin Gaye",1971-05-21,232600,0,false,111573307,2018-04-02T20:41:58Z,"motown,soul clásico,soul,northern soul,quiet storm","Universal Music Group",0.245,0.833,1,-5.555,0,0.116,0.105,0,0.359,0.805,205.375,4
spotify:track:0r5Rmj8q54Yxk7sAXLMwou,"Needle In A Haystack","The Very Best Of The Velvelettes","The Velvelettes",1999-01-01,149866,0,false,111573307,2018-04-02T20:42:24Z,"northern soul,motown,soul clásico,soul","Universal Music Group",0.701,0.75,0,-3.581,1,0.0299,0.553,0.00000478,0.103,0.693,77.524,4
spotify:track:2Po67bkabDRE2BcquBNdu1,"Stop! In The Name Of Love","More Hits By The Supremes - Expanded Edition","The Supremes",1965-07-23,172933,0,false,111573307,2018-04-02T20:43:26Z,"motown,northern soul,soul clásico,soul","Universal Music Group",0.629,0.592,0,-7.556,1,0.0277,0.512,0,0.102,0.491,114.99,4
spotify:track:6kLcntOPE1j5JyvQZmb8oH,"Shotgun","Shotgun","Jr. Walker & The All Stars",1965-01-01,176626,0,false,111573307,2018-04-02T20:44:57Z,"motown,northern soul,soul clásico,soul","Universal Music Group",0.749,0.677,1,-5.746,1,0.0335,0.173,0.0000108,0.0612,0.627,120.983,4
spotify:track:6cb0HzFQPN4BGADOmSzPCw,"ABC","ABC","The Jackson 5",1970-05-08,174866,0,false,111573307,2018-04-02T20:45:22Z,"motown,navidad","Universal Music Group",0.572,0.786,8,-8.469,1,0.0642,0.519,0.00093,0.11,0.952,188.115,4
spotify:track:5TGNYOwaSrXUcSisVtwuEX,"Sweet And Dandy","Bla Bla Bla","Toots & The Maytals",1993,179240,17,false,111573307,2018-04-02T21:03:54Z,"reggae,rocksteady,roots reggae,ska,dub,ragga","Observer Music",0.64,0.618,3,-12.085,1,0.14,0.681,0.0000135,0.265,0.96,156.894,4
spotify:track:5bQduNI1lNfkNbDCKhBNX6,"You Can't Hurry Love","The Supremes A' Go-Go (Expanded Edition)","The Supremes",1966-08-25,167933,0,false,111573307,2018-04-22T19:40:46Z,"motown,northern soul,soul clásico,soul","Universal Music Group",0.472,0.712,10,-9.301,1,0.0758,0.318,0,0.0824,0.693,192.915,4
spotify:track:455HSLQfOn9vxG6UjzoTWw,"This Old Heart Of Mine (Is Weak For You)","This Old Heart Of Mine","The Isley Brothers",1966,172733,0,false,111573307,2018-04-22T19:44:27Z,"motown,quiet storm,soul,soul clásico,funk,northern soul","Universal Music Group",0.632,0.59,5,-10.206,1,0.0305,0.346,0,0.24,0.953,130.287,4
spotify:track:2H3ZUSE54pST4ubRd5FzFR,"Ain't No Mountain High Enough","United","Marvin Gaye;Tammi Terrell",1967-08-29,151666,1,false,111573307,2018-04-22T19:44:38Z,"motown,soul clásico,soul,northern soul,quiet storm","Universal Music Group",0.669,0.616,11,-10.776,0,0.033,0.482,0,0.179,0.818,130.037,4
spotify:track:1jggOij6b7svv2jWDfsffy,"Shotgun - Extended Stereo Mix 2005","The Definitive Collection","Jr. Walker & The All Stars",2008-01-01,198586,0,false,111573307,2018-04-22T19:45:28Z,"motown,northern soul,soul clásico,soul","Universal Music Group",0.752,0.762,1,-4.732,1,0.0342,0.0893,0.000278,0.319,0.723,121.029,4
spotify:track:4LmX2re9JJtbMa6chmMxrt,"The Marriage of Figaro (overture)","100 World Classical Masterpieces","Radio Orchestra Berlin",2010-04-01,249866,25,false,111573307,2018-04-22T19:45:42Z,"clásica","Essential World Classics",0.402,0.195,3,-14.244,1,0.0332,0.948,0.932,0.157,0.32,73.618,4
spotify:track:2G2YzndIA6jeWFPBXhUjh5,"Be My Baby","Be My Baby: The Very Best of The Ronettes","The Ronettes",2011-02-22,160906,77,false,111573307,2018-04-22T19:45:48Z,"navidad","Legacy Recordings",0.511,0.769,4,-7.032,1,0.042,0.181,0,0.0921,0.818,129.657,4
spotify:track:1Jaah2tmN9Hv81A87KZ1MU,"Torn","Left Of The Middle","Natalie Imbruglia",1997-11-10,244666,84,false,111573307,2019-08-01T02:36:32Z,"","RCA Records Label",0.575,0.886,5,-5.182,1,0.034,0.0647,0.000187,0.709,0.609,96.31,4
spotify:track:4aQxm07DiCmrw087lBiICT,"Peace In Liberia","No Child Soldiers","Alpha Blondy",2006-06-06,225213,32,false,111573307,2019-08-01T03:02:07Z,"reggae,roots reggae,ragga","O Plus",0.887,0.557,8,-9.064,1,0.0484,0.16,0.0000108,0.0679,0.904,146.047,4
spotify:track:6jX5mso4x00c1EiNMrTU9U,"Please Mr. Postman - Single Version / Mono","Please Mr. Postman","The Marvelettes",1961,148040,66,false,111573307,2019-08-09T22:39:24Z,"motown,northern soul,doo-wop,soul clásico","UNI/MOTOWN",0.785,0.776,2,-5.259,1,0.0312,0.729,0,0.181,0.967,121.505,4
spotify:track:2aALCCCqOJRFZyC7bU5prS,"Pagliacci, Act I: Recitar! – Vesti la giubba","Leoncavallo: Pagliacci","Ruggero Leoncavallo;Luciano Pavarotti;National Philharmonic Orchestra;Giuseppe Patanè",1978-12-03,248306,47,false,111573307,2019-09-17T01:10:18Z,"ópera,clásica,canzone napoletana,clásica para todos los gustos,orquestal","Decca Music Group Ltd.",0.176,0.201,4,-17.344,1,0.0423,0.961,0.00707,0.194,0.0446,83.433,4
spotify:track:7snT1xwb64YGqxCBiNZsMN,"Love Rears Its Ugly Head","Playlist: The Very Best Of Living Colour","Living Colour",2009-04-09,259560,0,false,111573307,2019-11-09T10:01:31Z,"funk rock,hard rock","Epic/Legacy",0.615,0.497,2,-7.954,1,0.0982,0.053,0.0000729,0.145,0.722,156.328,4
spotify:track:1z3ugFmUKoCzGsI6jdY4Ci,"Like a Prayer","Celebration (double disc version)","Madonna",2009-09-18,342680,22,false,111573307,2020-02-09T22:16:03Z,"","Warner Records",0.625,0.842,5,-5.285,1,0.0376,0.264,0.0000212,0.181,0.26,111.038,4
spotify:track:67NNpSngfv8ASDf6Kc8o4n,"Salam Alaykom","Khaled X Cookin Soul","Khaled;Cookin Soul",2017-10-20,178626,0,false,111573307,2020-02-18T09:08:40Z,"flamenco urbano","Khaled",0.718,0.546,7,-7.508,0,0.279,0.046,0,0.69,0.561,86.075,4
spotify:track:4yOU9FaCmFFo2qfy1FHIe3,"Désenchantée","Different","Kate Ryan",2002-01-01,218533,70,false,111573307,2020-02-22T08:52:30Z,"eurodance","WM Benelux BV",0.51,0.891,1,-7.517,1,0.0653,0.144,0.000641,0.208,0.326,139.973,4
spotify:track:2BstRQGodshjGpeDGQiNgo,"Do It Again","Can't Buy A Thrill","Steely Dan",1972-01-01,356733,2,false,111573307,2020-03-08T18:29:59Z,"yacht rock,rock clásico","Geffen*",0.682,0.537,2,-10.254,0,0.0323,0.218,0.0000307,0.0556,0.963,124.574,4
spotify:track:10HVM83xnUBiflNeglnv8h,"Somewhere In The Night - Live At Antibes Jazz Festival, 7/29/64","The Complete Piano Duets","Ella Fitzgerald",2020-03-13,129013,18,false,111573307,2020-03-13T20:45:49Z,"jazz,vocal jazz,swing,big band,navidad","Verve Reissues",0.341,0.313,5,-9.903,1,0.0372,0.973,0.0000367,0.955,0.184,105.601,4
spotify:track:1I7zHEdDx8Ny5RxzYPqsU2,"Reelin' In The Years","Can't Buy A Thrill","Steely Dan",1972-01-01,275466,2,false,111573307,2020-03-18T02:08:01Z,"yacht rock,rock clásico","Geffen*",0.523,0.758,2,-9.81,1,0.0403,0.133,0,0.0952,0.766,135.437,4
spotify:track:1o0CoS2hezqNHr802T3JW9,"Falling In Love Again","Desireless","Eagle-Eye Cherry",1998-01-01,210826,51,false,111573307,2020-03-18T02:09:58Z,"","Polydor Records",0.65,0.775,7,-8.14,1,0.0311,0.0106,0.00000522,0.168,0.673,100.01,4
spotify:track:1qfDfZAvrkSAFrAR2FTQDv,"Grandma's Hands","Just As I Am","Bill Withers",1971-05-01,122534,64,false,111573307,2020-04-04T01:15:50Z,"soul","Columbia/Legacy",0.731,0.312,4,-14.939,0,0.0878,0.593,0.00000169,0.111,0.578,82.366,4
spotify:track:1k1Bqnv2R0uJXQN4u6LKYt,"Ain't No Sunshine","Just As I Am","Bill Withers",1971-05-01,126458,84,false,111573307,2020-04-04T01:16:00Z,"soul","Columbia/Legacy",0.527,0.415,4,-11.451,0,0.122,0.457,0.0000172,0.117,0.515,78.169,4
spotify:track:1ko2lVN0vKGUl9zrU0qSlT,"Just the Two of Us (feat. Bill Withers)","Anthology","Grover Washington, Jr.;Bill Withers",2008-05-27,438493,75,false,111573307,2020-04-04T01:16:39Z,"soul jazz,smooth jazz,soul","Rhino/Elektra",0.749,0.497,10,-12.609,0,0.105,0.41,0.0499,0.0504,0.585,95.818,4
spotify:track:7dRfobhDNnsEgB2ZArxA1f,"El Cuarto de Tula","Buena Vista Social Club","Buena Vista Social Club",1997-06-23,444533,0,false,111573307,2020-06-25T10:51:49Z,"son cubano,jazz latino,jazz afrocubano,latina,bolero","World Circuit",0.553,0.664,9,-13.167,1,0.0453,0.595,0.000416,0.299,0.858,104.784,4
spotify:track:1jzDzZWeSDBg5fhNc3tczV,"Paranoid","Paranoid (2009 Remastered Version)","Black Sabbath",1970-09-18,168440,11,false,111573307,2020-06-29T11:02:47Z,"metal,heavy metal,rock,stoner rock,doom metal,hard rock","Sanctuary Records",0.429,0.631,4,-11.514,0,0.0769,0.0000785,0.00411,0.175,0.376,162.734,4
spotify:track:7pLPpTvMosiIheeOOr13TZ,"Little Green Bag - Single Edit","Golden Years Of Dutch Pop Music","George Baker Selection",2016-04-08,201640,61,false,111573307,2020-07-02T16:14:42Z,"nederpop","Universal Music B.V.",0.698,0.701,7,-7.629,1,0.0288,0.173,0.00000916,0.0768,0.899,103.026,4
spotify:track:0nLiqZ6A27jJri2VCalIUs,"Nothing Else Matters","Metallica","Metallica",1991-08-12,388266,14,false,111573307,2020-07-04T11:48:15Z,"metal,thrash metal,rock,heavy metal,hard rock","Blackened Recordings / Universal Music",0.553,0.362,4,-11.218,0,0.0263,0.0458,0.00000601,0.075,0.158,142.352,3
spotify:track:2aH5Pqq1F0sqZN1NFmWNvL,"Gloria (feat. Van Morrison) - Mono Version","The ""Angry"" Young Them! (feat. Van Morrison)","Them;Van Morrison",1965-06-11,159106,0,false,111573307,2020-08-09T21:18:20Z,"protopunk","Legacy Recordings",0.621,0.939,9,-6.761,1,0.0817,0.22,0.014,0.185,0.595,128.434,4
spotify:track:1FRP8d6l2jm3DS5f78ZrhK,"Route 66","The Rolling Stones","The Rolling Stones",1964-04-16,140400,54,false,111573307,2020-08-09T21:18:40Z,"rock clásico,rock","ABKCO (US)",0.671,0.725,2,-10.065,1,0.065,0.296,0.00022,0.0889,0.956,85.27,4
spotify:track:1pU1pXG43llTiLi1JXl57c,"Inner City Blues","Cold Fact","Rodríguez",1970-03-05,206680,55,false,111573307,2020-08-09T21:20:15Z,"folk rock,folk","Clarence Avant Catalog",0.556,0.542,6,-7.405,1,0.045,0.193,0.00000336,0.0868,0.424,119.222,4
spotify:track:7JL5sd7LaTkmg9dGopaFi3,"Yesterday's promises tomorrow","Sometimes the Truth","Neal Black",2011-03-15,311533,4,false,111573307,2020-08-09T21:20:41Z,"blues rock,blues,soul blues","Dixiefrog",0.343,0.849,9,-4.611,0,0.108,0.165,0.00186,0.29,0.564,141.737,3
spotify:track:0fP2QAupyx80ZZyPfDiJ3W,"Allumer Le Feu - Live","Live Au Parc Des Princes 2003","Johnny Hallyday",2003-01-01,360200,16,false,111573307,2020-08-09T21:24:39Z,"variété francesa,chanson,pop francés","Universal Music Division Mercury Records",0.443,0.908,0,-6.08,1,0.079,0.0237,0.0000016,0.981,0.308,144.902,4
spotify:track:1rxtY5YguwETxBmFt7EPht,"Casser la voix - Live ""Si ce soir""","Si ce soir, Vol. 2","Patrick Bruel",1991-11-01,454560,38,false,111573307,2020-08-09T21:25:47Z,"variété francesa,chanson,pop francés","RCA Records Label",0.268,0.718,0,-9.664,1,0.0545,0.0245,0.00000802,0.836,0.341,135.174,4
spotify:track:0HrtORrv567WfN2AoxcpQT,"Something Happened on the Way to Heaven - Live","Serious Hits...Live!","Phil Collins",1990-11-02,299240,0,false,111573307,2020-08-09T21:51:35Z,"rock suave","Atlantic Records",0.525,0.841,3,-9.95,1,0.0519,0.376,0.00475,0.982,0.633,120.026,4
spotify:track:3XIEWK1V9n25PS9Vb6axj5,"Born to Be Alive - The Original","Born to Be Alive (The Original)","Patrick Hernandez",1978,188133,78,false,111573307,2020-08-09T21:55:54Z,"disco,hi-nrg","Van Loo Music",0.704,0.868,2,-5.808,1,0.0315,0.0834,0,0.206,0.808,131.468,4
spotify:track:3qiyyUfYe7CRYLucrPmulD,"Baba O'Riley","Who's Next (Deluxe Edition)","The Who",1971-08-14,300400,79,false,111573307,2020-10-01T18:29:43Z,"rock clásico,rock","Polydor Records",0.489,0.724,5,-8.367,1,0.0352,0.313,0.185,0.287,0.15,117.292,4
spotify:track:0HZHXwvZDqV0NVuAqqRl1M,"That’s Life","Forever You","Dennis van Aarssen",2019-10-23,187928,40,false,111573307,2020-10-05T12:25:16Z,"jazz pop","DVA Music Powered By AOE",0.622,0.614,7,-4.838,1,0.0288,0.0841,0,0.0906,0.407,112.432,3
spotify:track:1ykYncbYWgaHapHMJWyGqi,"Wild World","The Best Of Cat Stevens 20th Century Masters The Millennium Collection","Yusuf / Cat Stevens",2007-01-01,199240,0,false,111573307,2020-12-12T19:13:09Z,"folk rock,folk,cantautores","A&M",0.48,0.491,0,-9.875,1,0.0373,0.389,0.000899,0.104,0.566,153.741,4
spotify:track:777zXDJpBufzttU4AJ2dGO,"I Don't Want To Set The World On Fire","The Anthology","The Ink Spots",1998-06-16,181066,66,false,111573307,2020-12-18T13:27:03Z,"adult standards","Geffen",0.445,0.146,5,-16.064,1,0.0333,0.962,0.0000105,0.249,0.332,86.637,4
spotify:track:0MRYsngZv8UGICDehOYuYJ,"Do You Love Me","Do You Love Me","The Contours",2012-12-24,174195,51,false,111573307,2020-12-31T01:14:41Z,"motown,northern soul,doo-wop","Hallmark",0.578,0.524,5,-12.602,1,0.0454,0.78,0.00868,0.141,0.861,150.361,4
spotify:track:7M9pPyt8Gr41THLhbz4NSB,"Don't Let Me Be Misunderstood","Broadway-Blues-Ballads","Nina Simone",1964-11-01,166200,65,false,111573307,2021-09-19T22:05:54Z,"vocal jazz,soul jazz,soul,jazz","Verve Reissues",0.388,0.501,11,-11.296,0,0.0736,0.78,0,0.305,0.534,158.345,4
spotify:track:5ry6DGjhCKVdo6ewfwhJqd,"Majestic","La La Land","Wax Fang",2010-05-11,337053,0,false,111573307,2022-02-24T22:37:10Z,"","Absolutely Kosher",0.498,0.355,2,-8.882,1,0.0289,0.445,0.0882,0.115,0.276,155.05,3
spotify:track:0H5dnOYw1mgdk7yhqpoVJh,"Pennsylvania 6-5000","Pure Gold","Glenn Miller",1980-04-09,192240,42,false,111573307,2022-02-24T22:42:03Z,"big band,swing,jazz","RCA Bluebird",0.707,0.279,1,-12.738,1,0.14,0.889,0.388,0.153,0.516,146.2,4
spotify:track:745H5CctFr12Mo7cqa1BMH,"My Girl","The Temptations Sing Smokey","The Temptations",1965-03-22,165000,83,false,111573307,2022-02-24T22:42:24Z,"motown,soul clásico,soul","UNI/MOTOWN",0.574,0.418,0,-10.739,1,0.0345,0.636,0,0.0961,0.692,104.57,4
spotify:track:1P4Frq8ZqkdJlChASoGFPZ,"Scarface (Push It To The Limit)","Scarface","Paul Engemann",1983,184706,4,false,111573307,2022-02-24T22:43:36Z,"","Geffen*",0.559,0.84,10,-6.772,0,0.031,0.0329,0.00000514,0.93,0.472,153.209,4
spotify:track:3SnGymj6ijE2iuUfWxLo1q,"I'm Coming Out","Diana","Diana Ross",1980-05-22,323346,70,false,111573307,2022-02-24T22:47:23Z,"motown,disco","UNI/MOTOWN",0.72,0.828,5,-9.211,1,0.0462,0.185,0.429,0.0839,0.768,110.071,4
spotify:track:3TlIt0ReIxPsVZcOEivT5U,"It's Not Unusual","Along Came Jones","Tom Jones",1965-05-01,119800,74,false,111573307,2022-02-24T22:48:19Z,"","UMC (Universal Music Catalogue)",0.476,0.722,0,-10.017,1,0.0646,0.598,0,0.184,0.909,92.966,4
spotify:track:6ek9SiEj5a65WIs2EV7qiM,"Son Of A Preacher Man","Dusty In Memphis","Dusty Springfield",1969-03-31,148053,75,false,111573307,2022-02-24T22:48:30Z,"","UMC (Universal Music Catalogue)",0.404,0.43,4,-12.327,1,0.224,0.538,0,0.0802,0.641,180.061,4
spotify:track:4fQMGlCawbTkH9yPPZ49kP,"Green Onions","Green Onions","Booker T. & the M.G.'s",1962,176333,73,false,111573307,2022-02-24T22:48:39Z,"","Rhino Atlantic",0.816,0.514,10,-8.741,1,0.0339,0.767,0.949,0.0899,0.912,136.837,4
spotify:track:3RNyGLgSvmVRZ7xKUp8Wgd,"In the Summertime","In the Summertime","Mungo Jerry",1970-01-01,215800,2,false,111573307,2022-02-24T22:49:00Z,"","Sanctuary Records",0.642,0.65,4,-8.567,1,0.0623,0.66,0,0.14,0.973,164.421,4
spotify:track:3G7tRC24Uh09Hmp1KZ7LQ2,"I'm a Believer - 2006 Remaster","More of The Monkees (Deluxe Edition)","The Monkees",1967-01-09,167373,77,false,111573307,2022-02-24T22:49:13Z,"","Rhino",0.526,0.775,0,-6.05,1,0.0352,0.707,0.0000205,0.217,0.962,80.106,4
spotify:track:2xar08Fq5xra2KKZs5Bw9j,"I've Got a Woman","Ray Charles (aka: Hallelujah, I Love Her So)","Ray Charles",1957-01-01,171466,72,false,111573307,2022-02-24T22:49:14Z,"soul,soul blues,soul clásico,vocal jazz,jazz","Rhino Atlantic",0.556,0.61,9,-4.729,1,0.213,0.833,0.00000222,0.258,0.665,199.373,4
spotify:track:76ICmoJ4PcoMWoooaTxnQs,"Land of 1000 Dances","The Exciting Wilson Pickett","Wilson Pickett",1966,146973,67,false,111573307,2022-02-24T22:49:39Z,"motown,soul clásico,soul,northern soul","Rhino Atlantic",0.618,0.588,2,-11.624,1,0.0735,0.0128,0.0266,0.351,0.768,86.903,4
spotify:track:7w5AOd6HrDIHewHfpABEss,"Wicked Game","Heart Shaped World","Chris Isaak",1989-06-13,289066,87,false,111573307,2022-03-17T08:19:40Z,"","Chris Isaak",0.663,0.296,9,-18.09,1,0.0294,0.68,0.00837,0.0879,0.359,112.306,4
spotify:track:3XTYgwvbBsNonoauUvZgo6,"Love That Girl","The Way I See It","Raphael Saadiq",2008-02-10,184413,38,false,111573307,2022-03-24T02:00:59Z,"neo soul,soul,retro soul","Columbia",0.712,0.682,8,-5.387,1,0.0348,0.0143,0.0000198,0.0413,0.67,124.05,4
spotify:track:4oDZ5L8izBals6jKBJDBcX,"Your Love","Play Deep","The Outfield",1985-06-29,216466,7,false,111573307,2022-04-15T06:02:35Z,"","Columbia/Legacy",0.579,0.654,1,-12.421,0,0.0553,0.121,0.00000362,0.0673,0.616,129.537,4
spotify:track:6ek9SiEj5a65WIs2EV7qiM,"Son Of A Preacher Man","Dusty In Memphis","Dusty Springfield",1969-03-31,148053,75,false,111573307,2022-06-26T14:03:11Z,"","UMC (Universal Music Catalogue)",0.404,0.43,4,-12.327,1,0.224,0.538,0,0.0802,0.641,180.061,4
spotify:track:5JnHzjo25FY1fMQMQVOawB,"She's A Lady","Tom Jones Sings She's A Lady","Tom Jones",1971-05-01,174146,71,false,111573307,2022-06-26T14:03:45Z,"","UMC (Universal Music Catalogue)",0.51,0.876,2,-9.101,1,0.161,0.212,0,0.248,0.624,119.702,4
spotify:track:7boKWlaNVmrhJdX8IbzUdD,"Hard to Say I'm Sorry - 2007 Remaster","The Best of Chicago, 40th Anniversary Edition","Chicago",2007-10-01,223280,61,false,111573307,2022-07-18T10:44:18Z,"yacht rock,rock suave","Rhino",0.551,0.416,4,-7.94,1,0.0274,0.648,0.00000226,0.312,0.255,72.174,4
spotify:track:4kOfxxnW1ukZdsNbCKY9br,"What's Love Got to Do with It","What's Love Got to Do with It?","Tina Turner",1993,226880,71,false,111573307,2022-07-18T10:47:26Z,"","Parlophone UK",0.851,0.406,1,-11.631,1,0.0661,0.219,0.00000641,0.0853,0.792,97.84,4
spotify:track:3u6v1F9EQqYFaCAou7ipzN,"Runaround Sue - Remastered 1991","The Best Of Dion","Dion",2001-01-01,160306,52,false,111573307,2022-10-04T03:24:57Z,"doo-wop","Capitol Records (CAP)",0.451,0.489,2,-12.425,1,0.122,0.302,0,0.488,0.654,159.043,4
spotify:track:4ByEFOBuLXpCqvO1kw8Wdm,"(I Just) Died In Your Arms","Broadcast","Cutting Crew",1986-01-01,280400,86,false,111573307,2022-10-05T06:44:15Z,"","Ten Records",0.625,0.726,11,-11.402,0,0.0444,0.0158,0.000169,0.0625,0.507,124.945,4
spotify:track:4j1Bk0BEIGCF9hR7cSwl9d,"Candy Rain","Candy Rain","Soul For Real",1995,276066,75,false,111573307,2022-10-29T08:36:08Z,"new jack swing,r&b","Geffen*",0.589,0.699,11,-7.529,0,0.0788,0.00389,0.0000476,0.0577,0.63,188.253,4
spotify:track:0AtVA7axXKVFnjQsN4xBIy,"Dream","What is This Thing Called Love?","The Pied Pipers",1942-06-20,168158,0,false,111573307,2022-12-04T21:26:51Z,"big band,adult standards","Legacy International",0.198,0.276,7,-10.588,1,0.0289,0.919,0.00261,0.21,0.0692,88.422,3
spotify:track:0cgcD73SD4nFdTK2oKofzW,"Love In Portofino","Les Annees Barclay","Dalida",1991-01-01,182066,61,false,111573307,2022-12-04T22:56:05Z,"variété francesa,chanson","Universal Music Division Barclay",0.418,0.29,8,-10.126,0,0.0317,0.78,0,0.173,0.505,89.499,4
spotify:track:2SpEHTbUuebeLkgs9QB7Ue,"Jolene","Jolene","Dolly Parton",1974-02-04,163275,75,false,111573307,2022-12-12T15:39:01Z,"country,country clásico","RLG/Legacy",0.674,0.537,1,-10.971,0,0.0363,0.566,0,0.131,0.809,110.578,4
spotify:track:6fcdDOwhDcQ4clIssyD6GF,"Les feuilles mortes","Poètes & chansons : Jacques Prévert","Jacques Prévert",2004-01-01,203840,0,false,111573307,2023-03-08T00:03:06Z,"chanson","Epm",0.37,0.067,8,-16.278,0,0.0868,0.991,0.0374,0.104,0.115,69.377,3
spotify:track:0WQiDwKJclirSYG9v5tayI,"There Is a Light That Never Goes Out - 2011 Remaster","The Queen Is Dead","The Smiths",1986-06-16,244586,85,false,111573307,2023-03-20T19:51:09Z,"new wave,madchester,jangle pop","WM UK",0.523,0.769,4,-5.855,1,0.0269,0.04,0,0.136,0.876,136.162,4
spotify:track:5jzma6gCzYtKB1DbEwFZKH,"London Calling - Remastered","London Calling (Remastered)","The Clash",1979,199703,73,false,111573307,2023-03-20T19:52:43Z,"punk","Sony Music UK",0.651,0.801,0,-7.34,1,0.0514,0.123,0,0.0825,0.776,133.769,4
spotify:track:56KqaFSGTb7ifpt16t5Y1N,"Rock the Casbah - Remastered","Combat Rock (Remastered)","The Clash",1982,222437,79,false,111573307,2023-03-20T19:55:26Z,"punk","Sony Music UK",0.797,0.872,9,-6.727,0,0.0575,0.291,0,0.284,0.866,129.885,4
spotify:track:1OWOsloFVHZd4810SbWl43,"Oh, Mon Bateau !","Ses Plus Grands Succès","Eric Morena",1996-03-03,223933,28,false,111573307,2023-04-01T19:09:55Z,"variété francesa","Mantra",0.698,0.512,5,-9.733,1,0.0352,0.782,0.0000103,0.442,0.693,131.146,4
spotify:track:2lnQcP5hr4RKR63TFvnI4k,"Overjoyed","In Square Circle","Stevie Wonder",1985-09-13,222586,62,false,111573307,2023-04-02T07:19:09Z,"motown,soul clásico,soul","Motown",0.221,0.264,10,-17.533,1,0.0332,0.541,0,0.148,0.169,83.128,4
spotify:track:5z3ZDMP02xF33yCvPFnct3,"Don't Know Much (with Aaron Neville)","Cry Like a Rainstorm Howl Like the Wind","Linda Ronstadt;Aaron Neville",1989,211973,69,false,111573307,2023-04-14T16:38:53Z,"country rock,mariachi,soul clásico","Iconic Artists Group",0.401,0.285,11,-11.005,1,0.0327,0.657,0.0000113,0.158,0.267,130.465,4
spotify:track:6Pkj4nv5K53i64cLVgkVyY,"Reach Out I'll Be There","Reach Out","Four Tops",1967-07-01,178533,67,false,111573307,2023-04-28T09:54:01Z,"motown,northern soul,soul clásico,soul","Motown",0.607,0.599,3,-8.908,0,0.0282,0.0253,0,0.188,0.735,119.846,4
spotify:track:1tL5a9jowsWMtn3wkFYsG9,"Footsteps in the Dark, Pts. 1 & 2","Go for Your Guns","The Isley Brothers",1977-08-21,306422,65,false,111573307,2023-05-02T07:46:40Z,"motown,quiet storm,soul,soul clásico,funk,northern soul","Epic/Legacy",0.679,0.374,11,-10.565,0,0.0482,0.402,0.0000249,0.0541,0.871,80.86,4
spotify:track:11MHES8pyNcArUdiApM0vL,"TRAVELERS","ADVENTURES","T-SQUARE",1984-04-01,305973,36,false,111573307,2023-05-05T09:00:53Z,"jazz fusión,city pop,jazz funk","Sony Music Direct (Japan) Inc.",0.514,0.841,2,-4.942,0,0.0386,0.0385,0.00139,0.406,0.662,112.6,4
spotify:track:0T4wPYibBqtaiiPFuVyqlY,"All For Love - From ""The Three Musketeers"" Soundtrack","The Best Of Me","Bryan Adams;Sting;Rod Stewart",1999-01-01,280026,0,false,111573307,2023-05-09T20:39:39Z,"rock suave","Universal Music Group",0.477,0.569,2,-6.56,1,0.0272,0.207,0,0.12,0.119,74.819,4
spotify:track:2yZf7hoPIVYNK2WEX14FeI,"I Want to Be Your Man","Rhino Hi-Five: Roger","Roger",2005-11-22,252960,0,false,111573307,2023-05-09T20:54:03Z,"funk,post-disco","Rhino/Warner Records",0.574,0.556,8,-7.582,1,0.0471,0.0545,0,0.0583,0.503,164.067,4
spotify:track:58r4JuwHhXLAkttkaUZfLw,"Got to Be Real","Cheryl Lynn (Expanded Edition)","Cheryl Lynn",1978-07-17,307946,73,false,111573307,2023-05-11T07:14:47Z,"post-disco,disco","Legacy Recordings",0.836,0.626,9,-10.143,0,0.0335,0.0943,0.742,0.153,0.898,114.657,4
spotify:track:3TlIt0ReIxPsVZcOEivT5U,"It's Not Unusual","Along Came Jones","Tom Jones",1965-05-01,119800,74,false,111573307,2023-05-23T22:03:05Z,"","UMC (Universal Music Catalogue)",0.476,0.722,0,-10.017,1,0.0646,0.598,0,0.184,0.909,92.966,4
spotify:track:2xar08Fq5xra2KKZs5Bw9j,"I've Got a Woman","Ray Charles (aka: Hallelujah, I Love Her So)","Ray Charles",1957-01-01,171466,72,false,111573307,2023-05-23T22:03:11Z,"soul,soul blues,soul clásico,vocal jazz,jazz","Rhino Atlantic",0.556,0.61,9,-4.729,1,0.213,0.833,0.00000222,0.258,0.665,199.373,4
spotify:track:2G0GextMwZJLkNxcSZ7ZJ3,"(What A) Wonderful World - Mono","The Wonderful World Of Sam Cooke","Sam Cooke",1960-02,128786,66,false,111573307,2023-05-23T22:03:15Z,"motown,soul,soul clásico","ABKCO Music & Records, Inc.",0.686,0.672,11,-5.523,1,0.0323,0.7,0,0.135,0.857,128.55,4
spotify:track:7s25THrKz86DM225dOYwnr,"Respect","I Never Loved a Man the Way I Love You","Aretha Franklin",1967-03-10,147600,77,false,111573307,2023-05-23T22:03:17Z,"soul,motown,soul clásico","Rhino Atlantic",0.805,0.558,0,-5.226,1,0.041,0.164,0.000022,0.0546,0.965,114.95,4
spotify:track:4N0TP4Rmj6QQezWV88ARNJ,"Superstition","Talking Book","Stevie Wonder",1972-10-28,266133,73,false,111573307,2023-05-23T22:03:31Z,"motown,soul clásico,soul","Motown",0.611,0.578,1,-14.171,1,0.0676,0.0598,0.0219,0.0983,0.884,100.625,4
spotify:track:6ek9SiEj5a65WIs2EV7qiM,"Son Of A Preacher Man","Dusty In Memphis","Dusty Springfield",1969-03-31,148053,75,false,111573307,2023-05-23T22:03:37Z,"","UMC (Universal Music Catalogue)",0.404,0.43,4,-12.327,1,0.224,0.538,0,0.0802,0.641,180.061,4
spotify:track:5z2F9FkKdhd9HOSTI1GxRq,"Soul Man - Live","Briefcase Full of Blues","The Blues Brothers",1978-11-01,180973,56,false,111573307,2023-05-23T22:03:42Z,"blues,blues rock","Rhino Atlantic",0.629,0.857,9,-7.059,1,0.0705,0.0157,0.00396,0.755,0.528,116.254,4
spotify:track:0dMd4rilfd6gPbXaLpNYhu,"Higher Ground","Innervisions","Stevie Wonder",1973-08-03,222600,70,false,111573307,2023-05-23T22:03:45Z,"motown,soul clásico,soul","Motown",0.716,0.85,8,-9.949,1,0.0426,0.0631,0.00133,0.189,0.821,125.474,4
spotify:track:2iXcvnD3d1gfLBum0cE5Eg,"Tutti Frutti","Here's Little Richard (Deluxe Edition)","Little Richard",1957-03,144226,67,false,111573307,2023-05-23T22:03:47Z,"rockabilly,rock and roll,doo-wop,boogie-woogie","Craft Recordings",0.555,0.658,5,-3.866,1,0.0541,0.793,0,0.118,0.937,184.835,4
spotify:track:2goLsvvODILDzeeiT4dAoR,"Believe","Believe","Cher",1998,239026,84,false,111573307,2023-06-22T08:03:41Z,"","Warner Records",0.652,0.917,6,-6.72,1,0.0548,0.0082,0,0.0509,0.459,132.975,4
spotify:track:7bOxfICJnT0av0ICxY2tZS,"Duel of the Fates","Star Wars: La Menace Fantôme (Bande Originale du Film)","John Williams;London Symphony Orchestra",1999-05-04,254346,44,false,111573307,2023-09-29T07:14:35Z,"banda sonora,música incidental,clásica,orquestal,ballet,ópera","Walt Disney Records",0.471,0.411,2,-15.755,1,0.041,0.733,0.853,0.28,0.282,79.986,4
spotify:track:1PFNcjEKBz1BwrgCYuFJR3,"El Carretero","Buena Vista Social Club","Buena Vista Social Club",1997-06-23,210133,62,false,111573307,2024-02-02T18:09:36Z,"son cubano,jazz latino,jazz afrocubano,latina,bolero","World Circuit",0.513,0.345,4,-15.272,1,0.0495,0.749,0.00789,0.1,0.605,169.951,4
spotify:track:0ULXIAoxSZBcOwygC3PA0i,"Será Que No Me Amas (Blame It on the Boogie)","20 Años","Luis Miguel",1990-01-01,249000,68,false,111573307,2024-02-02T18:11:25Z,"mariachi,bolero,pop latino,ranchera,villancicos","WEA Latina",0.629,0.979,5,-5.985,1,0.0904,0.286,0.000205,0.0516,0.592,107.853,4
spotify:track:6Wo5YxkdXgwzKQZbDg2r17,"Either Way","From A Room: Volume 1","Chris Stapleton",2017-05-05,248053,64,false,111573307,2024-02-02T18:12:29Z,"country,outlaw country","Mercury Nashville",0.655,0.0645,4,-14.765,1,0.0429,0.854,0.0000111,0.107,0.278,129.399,4
spotify:track:3WXfQDsASfXrSojk9WB3aR,"En Barranquilla Me Quedo","32 Cañonazos","Joe Arroyo;La Verdad",2015-07-01,312480,69,false,111573307,2024-02-02T18:15:09Z,"salsa,merengue,música tropical","2015 Discos Fuentes",0.642,0.7,1,-9.213,1,0.0552,0.172,0.000232,0.0895,0.784,103.899,4
spotify:track:3L8WgDYS5TtwbyxOPSAiFf,"Paranoid","Paranoid","Black Sabbath",1970-09-18,167933,2,false,111573307,2024-02-02T18:36:52Z,"metal,heavy metal,rock,stoner rock,doom metal,hard rock","Universal Music Ltd.",0.418,0.668,6,-11.297,0,0.082,0.000143,0.00113,0.173,0.379,162.663,4
spotify:track:0Pu71wxadDlB8fJXfjIjeJ,"Shoop","Very Necessary","Salt-N-Pepa",1993-10-12,248573,71,false,111573307,2024-02-02T18:55:21Z,"hip hop old school","Mercury Records",0.939,0.674,0,-7.232,1,0.212,0.091,0,0.0565,0.792,96.918,4
spotify:track:17W8bZBSty1TJ4CRG4GGJK,"For My Lover","Tracy Chapman","Tracy Chapman",1988-04-05,192440,60,false,111573307,2024-03-30T22:00:46Z,"","Elektra Records",0.557,0.426,4,-13.813,0,0.0532,0.14,0.00000685,0.145,0.354,162.713,4
spotify:track:1HOMkjp0nHMaTnfAkslCQj,"My Sharona","Get The Knack","The Knack",1979-01-01,295400,75,false,111573307,2024-05-19T10:43:25Z,"power pop","Capitol Records",0.586,0.7,0,-9.558,1,0.0363,0.0589,0.00125,0.0318,0.897,147.245,4
spotify:track:1hQFF33xi8ruavZNyovtUN,"December, 1963 (Oh What a Night!)","Who Loves You","The Four Seasons",1975,197146,78,false,111573307,2024-05-19T10:44:16Z,"","Rhino",0.737,0.495,1,-13.489,1,0.027,0.0588,0.00000912,0.0542,0.967,104.409,4
spotify:track:4kP69y3GKHi9tXckfgp4bK,"For Once In My Life","For Once In My Life","Stevie Wonder",1968-12-01,169800,75,false,111573307,2024-05-19T10:44:37Z,"motown,soul clásico,soul","Motown",0.524,0.519,6,-11.903,1,0.043,0.195,0,0.523,0.847,110.121,4
spotify:track:3Vby4nGmtbDo7HDJamOWkT,"Stuck In The Middle With You","Stealers Wheel","Stealers Wheel",1972-01-01,208946,81,false,111573307,2024-05-19T10:45:51Z,"","UMC (Universal Music Catalogue)",0.82,0.575,7,-9.144,1,0.0408,0.0936,0.000135,0.109,0.964,123.765,4
spotify:track:0iOZM63lendWRTTeKhZBSC,"Mrs. Robinson - From ""The Graduate"" Soundtrack","Bookends","Simon & Garfunkel",1968-04-03,247420,77,false,111573307,2024-05-19T10:48:20Z,"folk rock,folk","Columbia",0.606,0.457,6,-14.035,0,0.0497,0.713,0.0000253,0.0747,0.813,92.033,4
spotify:track:62LJFaYihsdVrrkgUOJC05,"Kiss","Parade - Music from the Motion Picture Under the Cherry Moon","Prince",1986-03-31,226240,79,false,111573307,2024-05-20T21:09:40Z,"funk,funk rock","Warner Records",0.898,0.271,7,-12.238,1,0.091,0.0135,0.00138,0.0461,0.742,111.485,4
spotify:track:4yQw7FR9lcvL6RHtegbJBh,"Think","Aretha Now","Aretha Franklin",1968-06-14,139733,67,false,111573307,2024-05-20T21:09:50Z,"soul,motown,soul clásico","Rhino Atlantic",0.687,0.63,6,-10.817,1,0.0389,0.251,0,0.221,0.926,110.051,4
spotify:track:5haXbSJqjjM0TCJ5XkfEaC,"I Got You (I Feel Good)","I Got You (I Feel Good)","James Brown & The Famous Flames",1966-02-01,165800,73,false,111573307,2024-05-20T21:09:51Z,"","Universal Records",0.611,0.487,7,-8.781,1,0.0938,0.417,0.00001,0.287,0.699,143.321,4
spotify:track:6mHOcVtsHLMuesJkswc0GZ,"The Logical Song - Remastered 2010","Breakfast In America (Deluxe Edition)","Supertramp",1979-03-29,251253,72,false,111573307,2024-05-20T21:10:50Z,"rock progresivo,rock clásico","A&M",0.625,0.758,5,-6.213,0,0.0463,0.512,0.00022,0.153,0.695,119.719,4
spotify:track:46eu3SBuFCXWsPT39Yg3tJ,"Don't Stop 'Til You Get Enough","Off the Wall","Michael Jackson",1979-08-10,364441,92,false,111573307,2024-06-03T20:44:08Z,"","Epic",0.878,0.821,11,-9.875,1,0.089,0.126,0.0461,0.183,0.947,118.881,4
spotify:track:0aAR5HogGoT68EWFbyRFqx,"What A Feeling","What A Feeling","Irene Cara",2007-01-01,244533,72,false,111573307,2024-06-03T20:46:48Z,"","Cleopatra",0.532,0.729,10,-6.84,1,0.0474,0.382,0,0.366,0.595,121.97,4
spotify:track:3X7uFMzJrEE0sxn62qd8Ch,"Nothing's Gonna Stop Us Now","No Protection","Starship",1987-07-27,270333,86,false,111573307,2024-06-03T20:47:47Z,"","Rhino",0.643,0.802,6,-4.92,1,0.0227,0.0299,0,0.0719,0.53,95.99,4
spotify:track:2wSAWEYUHkt92X4SBAPqZE,"Karma Chameleon - Remastered 2002","Colour By Numbers (Remastered / Expanded Edition)","Culture Club",1983-10-01,252773,79,false,111573307,2024-06-03T20:49:24Z,"","EMI Marketing",0.668,0.73,10,-7.182,1,0.0366,0.225,0,0.188,0.894,92.049,4
spotify:track:3fH4KjXFYMmljxrcGrbPj9,"Don't You (Forget About Me)","Once Upon A Time (Super Deluxe)","Simple Minds",1985,263040,80,false,111573307,2024-06-03T20:49:50Z,"new wave","UMC (Universal Music Catalogue)",0.66,0.816,2,-6.61,1,0.0299,0.168,0.0181,0.0608,0.678,111.346,4
spotify:track:0cGG2EouYCEEC3xfa0tDFV,"Tainted Love","Non-Stop Erotic Cabaret","Soft Cell",1981,153800,77,false,111573307,2024-06-03T20:51:44Z,"synthpop,new wave","EMI",0.5,0.501,0,-8.284,0,0.0376,0.462,0,0.26,0.623,144.438,4
spotify:track:4RvWPyQ5RL0ao9LPZeSouE,"Everybody Wants To Rule The World","Songs From The Big Chair (Super Deluxe Edition)","Tears For Fears",1985-02-25,251488,87,false,111573307,2024-06-03T20:53:19Z,"new wave,synthpop","UMC (Universal Music Catalogue)",0.645,0.795,7,-12.095,1,0.0527,0.347,0.00389,0.104,0.535,112.067,4
spotify:track:0qi4b1l0eT3jpzeNHeFXDT,"Just Can't Get Enough","Speak and Spell (Deluxe)","Depeche Mode",1981-11-02,220893,78,false,111573307,2024-06-03T20:55:28Z,"new wave,synthpop,dark wave","Venusnote Ltd.",0.766,0.772,0,-9.362,1,0.0353,0.403,0.0584,0.183,0.919,128.168,4
spotify:track:1ChulFMnwxoD74Me8eX2TU,"You Spin Me Round (Like a Record)","Evolution: The Hits","Dead Or Alive",2003-05-19,195146,72,false,111573307,2024-06-03T20:56:02Z,"hi-nrg,synthpop","Epic",0.554,0.963,6,-3.762,0,0.035,0.000244,0.0702,0.431,0.918,128.175,4
spotify:track:0GjEhVFGZW8afUYGChu3Rr,"Dancing Queen","Arrival","ABBA",1976,230400,89,false,111573307,2024-06-09T07:05:01Z,"","Polar Music International AB",0.543,0.87,9,-6.514,1,0.0428,0.358,0.000939,0.792,0.754,100.804,4
spotify:track:7HW5WIw7ZgZORCzUxv5gW5,"Don't Go Breaking My Heart","Rock Of The Westies","Elton John;Kiki Dee",1975-10-24,275440,84,false,111573307,2024-06-09T07:05:12Z,"","EMI",0.729,0.844,5,-8.824,1,0.0344,0.149,0.00000287,0.0604,0.777,131.459,4
spotify:track:54OR1VDpfkBuOY5zZjhZAY,"YMCA - Original Version 1978","YMCA","Village People",1978-01-01,286800,30,false,111573307,2024-06-09T07:08:28Z,"disco","Scorpio Music",0.723,0.969,6,-4.516,1,0.142,0.0643,0,0.115,0.728,126.653,4
spotify:track:0B5kY9i9bmP7554oU4jRoO,"Funkytown - Single Version","'80s Pop #1's","Lipps Inc.",2007-01-01,245413,57,false,111573307,2024-06-09T07:08:45Z,"disco","Universal Music Group International",0.906,0.564,0,-9.29,1,0.0568,0.000928,0.65,0.108,0.229,122.632,4
spotify:track:3K7Q9PHUWPTaknlbFPThn2,"Celebration","Celebrate!","Kool & The Gang",1980-09-29,298866,75,false,111573307,2024-06-09T07:08:59Z,"disco,funk","Island Mercury",0.886,0.664,1,-11.795,1,0.0524,0.145,0.0483,0.0767,0.906,121.631,4
spotify:track:45PwEQFU7EPFvz7zMa2FYg,"Mirando al Mar","El Increíble Jorge Sepúlveda","Jorge Sepúlveda",1950-02-04,191586,30,false,111573307,2024-10-27T12:53:02Z,"bolero","Universal Digital Enterprises",0.356,0.401,3,-12.202,1,0.0393,0.932,0.169,0.296,0.424,100.334,4
spotify:track:1YQWosTIljIvxAgHWTp7KP,"Take Five","Time Out","The Dave Brubeck Quartet",1959-12-14,328831,72,false,111573307,2025-05-31T17:19:37Z,"jazz,cool jazz","Columbia/Legacy",0.454,0.26,8,-13.193,0,0.0401,0.539,0.00078,0.0675,0.598,174.322,5
spotify:track:6Wy3X4jSszfisnRscJCHdq,"I Like It Like That","I Like It Like That","Pete Rodriguez",1966-12-31,265080,66,false,111573307,2025-07-13T18:35:59Z,"chachachá,salsa,jazz latino,son cubano","Fania",0.596,0.7,5,-4.911,0,0.0323,0.68,0.000277,0.623,0.926,133.45,4
spotify:track:5XyfJqyQbBXiZtG98a8RBY,"La Colegiala","Cumbia Cumbia 1 & 2","Rodolfo y su Típica RA7",2012-04-16,220440,62,false,111573307,2025-07-13T18:40:57Z,"cumbia","World Circuit",0.644,0.579,5,-7.776,1,0.0454,0.0625,0.0052,0.0855,0.963,103.671,4
spotify:track:6MQlNH8e6jG0LZg2mocK1R,"The World (Is Going Up in Flames)","No Time For Dreaming","Charles Bradley;Menahan Street Band",2011-01-25,202492,66,false,111573307,2025-07-13T18:55:39Z,"soul,retro soul,funk","Daptone Records",0.715,0.6,5,-7.728,0,0.0264,0.0714,0.00165,0.0876,0.77,86.998,4
spotify:track:4A48ckONJNoXU5smWT9CeG,"If You Don't Want My Love","Come Around and Love Me","Jalen Ngonda",2023-09-08,146813,78,false,111573307,2025-07-13T19:19:00Z,"retro soul","Daptone Records",0.595,0.776,11,-5.772,0,0.0386,0.129,0.000602,0.246,0.933,92.881,4
spotify:track:4nXkbcTj3nyww1cHkw5RAP,"Long Train Runnin'","The Captain and Me","The Doobie Brothers",1973,207266,79,false,111573307,2025-07-25T18:56:19Z,"yacht rock,rock clásico,rock suave,rock sureño","Warner Records",0.575,0.912,7,-7.275,0,0.0393,0.0916,0.00211,0.0562,0.843,117.399,4
spotify:track:7MiLmLbwNoyf47xQ4TCVYp,"Papa Was A Rollin' Stone - Single Version","20th Century Masters: The Millennium Collection: Best Of The Temptations, Vol. 2 - The '70s, '80s, '90s","The Temptations",2000-01-11,419640,68,false,111573307,2025-07-25T18:56:29Z,"motown,soul clásico,soul","UNI/MOTOWN",0.817,0.405,10,-13.513,0,0.0811,0.451,0.0507,0.0468,0.898,121.467,4
spotify:track:0G3fbPbE1vGeABDEZF0jeG,"Good Times","Risqué","CHIC",1979-07-30,495400,71,false,111573307,2025-07-25T18:56:52Z,"disco,funk","Atlantic Records",0.87,0.657,2,-7.32,1,0.0522,0.149,0.0102,0.053,0.893,110.596,4
spotify:track:5t9KYe0Fhd5cW6UYT4qP8f,"Good Vibrations - Remastered 2001","Smiley Smile (Remastered)","The Beach Boys",1967-09-18,219026,75,false,111573307,2025-07-25T18:58:32Z,"pop barroco","Capitol Records",0.396,0.473,10,-7.67,0,0.0345,0.326,0.000124,0.109,0.385,133.449,4
spotify:track:0DcrhZ12WcCqruCs8ibXSf,"I Can See Clearly Now - Edit","I Can See Clearly Now","Johnny Nash",1972,164733,75,false,111573307,2025-07-25T18:59:19Z,"","Epic",0.681,0.373,2,-13.2,1,0.0568,0.633,0.00113,0.0751,0.623,123.423,4
spotify:track:165NAtd2DRPKNQ6EVY0VG9,"The Tide Is High - Edit","Tide Is High","Blondie",1980-10-01,233893,66,false,111573307,2025-07-25T18:59:41Z,"","Chrysalis\EMI Records (USA)",0.778,0.667,11,-7.273,1,0.0258,0.0514,0.0312,0.092,0.964,96.954,4
spotify:track:3yrSvpt2l1xhsV9Em88Pul,"Brown Eyed Girl","Blowin' Your Mind!","Van Morrison",1967-09,183306,17,false,111573307,2025-07-25T19:00:00Z,"","Columbia/Legacy",0.491,0.583,7,-10.964,1,0.0376,0.185,0,0.406,0.908,150.566,4
spotify:track:5IMtdHjJ1OtkxbGe4zfUxQ,"Escape (The Pina Colada Song)","Partners In Crime","Rupert Holmes",1979-01-01,276493,79,false,111573307,2025-07-25T19:00:43Z,"yacht rock","Geffen*",0.835,0.509,0,-13.668,1,0.0548,0.469,0.00000411,0.0436,0.949,138.711,4
spotify:track:0qxYx4F3vm1AOnfux6dDxP,"You Can Call Me Al","Graceland (25th Anniversary Deluxe Edition)","Paul Simon",1986-08-12,280586,80,false,111573307,2025-07-25T19:01:35Z,"cantautores","Legacy Recordings",0.776,0.763,5,-8.124,1,0.0534,0.182,0.00647,0.077,0.82,128.433,4
spotify:track:3L7RtEcu1Hw3OXrpnthngx,"Don't You Want Me","Dare!","The Human League",1981,236920,77,false,111573307,2025-07-25T19:02:02Z,"new wave,synthpop","Virgin Records",0.731,0.738,9,-8.125,0,0.0377,0.184,0,0.214,0.958,117.656,4
spotify:track:1wZ7o1mZysv1l26ZWawVfW,"Freedom! '90 - Remastered","Listen Without Prejudice Vol. 1 (Remastered)","George Michael",1990-09-01,390861,71,false,111573307,2025-07-25T19:03:20Z,"","Sony Music CG",0.673,0.863,5,-10.352,1,0.0451,0.243,0.0000323,0.0601,0.938,91.703,4
spotify:track:5qyq1H5OPMlfuvZQ1wQNo7,"(Your Love Keeps Lifting Me) Higher & Higher","Higher And Higher","Jackie Wilson",1967,179120,68,false,111573307,2025-07-25T19:03:42Z,"motown,northern soul,soul clásico,soul,doo-wop","Brunswick Records",0.634,0.677,2,-7.19,1,0.0448,0.318,0,0.0902,0.939,95.792,4
spotify:track:0LoQuiekvzqx7n8flgEKzF,"Get It On","Electric Warrior","T. Rex",1971-09-24,262613,72,false,111573307,2025-07-25T19:03:56Z,"glam rock,protopunk","Universal Music Group International",0.728,0.878,11,-6.926,0,0.0564,0.176,0.856,0.61,0.911,126.59,4
spotify:track:17VWTx7LD7liGlpnlGhUbn,"Lady Marmalade","Nightbirds","LaBelle",1974-09-13,237121,58,false,111573307,2025-07-25T19:04:08Z,"disco,sonido filadelfia","Epic",0.631,0.563,2,-12.135,0,0.0552,0.398,0,0.0733,0.947,117.963,4
spotify:track:6WCeFNVAXUtNczb7lqLiZU,"Crocodile Rock","Don't Shoot Me I'm Only The Piano Player","Elton John",1973-01-22,235440,76,false,111573307,2025-07-25T19:04:23Z,"","EMI",0.621,0.8,4,-7.284,0,0.0344,0.0264,0.0000153,0.059,0.968,149.908,4
spotify:track:51FpzuGkRYXFgsE2zXt9av,"When a Man Loves a Woman","When a Man Loves a Woman","Percy Sledge",1966,173866,71,false,111573307,2025-07-25T19:04:38Z,"motown,soul clásico,soul","Rhino Atlantic",0.516,0.15,1,-20.41,1,0.0272,0.13,0.0755,0.122,0.205,97.398,3
spotify:track:5EoYc5wvRYOtkudLfrjsL1,"Bring It On Home to Me","The Best of Sam Cooke","Sam Cooke",1962,164252,70,false,111573307,2025-07-25T19:05:03Z,"motown,soul,soul clásico","RCA/Legacy",0.487,0.532,0,-7.496,1,0.0322,0.631,0,0.184,0.609,70.838,4
spotify:track:7MF7QAodbGzNYav5ZfIhAY,"Midnight Train to Georgia","Imagination (Expanded Edition)","Gladys Knight & The Pips",1973,279144,72,false,111573307,2025-07-25T19:05:11Z,"motown,soul clásico,soul,northern soul","Legacy Recordings",0.595,0.379,10,-12.058,0,0.0454,0.271,0.0000281,0.1,0.448,92.006,4
spotify:track:3gdewACMIVMEWVbyb8O9sY,"Rocket Man (I Think It's Going To Be A Long, Long Time)","Honky Chateau","Elton John",1972-05-19,281613,86,false,111573307,2025-07-25T19:05:56Z,"","EMI",0.601,0.532,10,-9.119,1,0.0286,0.433,0.00000595,0.0925,0.342,136.576,4
spotify:track:4wswaG5vmNINMZcVBsAyBP,"Got My Mind Set on You","Cloud Nine","George Harrison",1987-11-02,234653,76,false,111573307,2025-07-25T19:08:13Z,"","BMG Rights Management (US) LLC",0.759,0.85,4,-7.156,1,0.0418,0.456,0.00000172,0.488,0.963,149.211,4
spotify:track:1di1BEgJYzPvXUuinsYJGP,"Everybody (Backstreet's Back) - Radio Edit","Backstreet's Back","Backstreet Boys",1997-08-12,225360,83,false,111573307,2025-11-19T20:28:25Z,"","Jive",0.731,0.853,10,-4.219,0,0.0363,0.0352,0,0.268,0.605,108.016,4
spotify:track:2Ms33RTRCT6gArrpcrPxmo,"Feel","Escapology","Robbie Williams",2002,263866,79,false,111573307,2025-11-19T20:34:53Z,"","Chrysalis UK",0.599,0.732,5,-6.843,1,0.026,0.0145,0.000467,0.143,0.295,97.997,4
spotify:track:3pf96IFggfQuT6Gafqx2rt,"Sunny","Take The Heat Off Me","Boney M.",1976,242240,77,false,111573307,2025-11-19T20:47:29Z,"disco","MCI",0.647,0.868,0,-6.427,0,0.106,0.088,0.124,0.129,0.804,121.82,4
spotify:track:6AioOohg4bQZFA4jIYQQ2r,"Forty Six & 2","Ænima","TOOL",1996-09-17,364520,77,false,111573307,2025-12-10T08:22:57Z,"metal progresivo,metal alternativo,rock progresivo,metal","RCA Records Label",0.375,0.682,0,-6.898,0,0.0364,0.00152,0.598,0.0897,0.396,159.23,4
spotify:track:5vmRQ3zELMLUQPo2FLQ76x,"Smalltown Boy","The Age of Consent","Bronski Beat",1984-10-15,302413,84,false,111573307,2026-01-30T14:33:05Z,"synthpop,hi-nrg","London Records (Because Ltd)",0.685,0.584,5,-10.616,0,0.0276,0.29,0.01,0.124,0.94,134.546,4
spotify:track:2DHiTjxtVhQnLgQJbXQOFP,"Rum And Coca Cola","The Magic Of The Andrews Sisters","The Andrews Sisters",1999-01-01,183933,30,false,111573307,2026-02-20T18:04:41Z,"navidad,big band,swing","EMI Gold",0.757,0.274,10,-14.162,1,0.307,0.117,0,0.133,0.855,160.96,4
spotify:track:2jAaDaQ01dk74X4njfkXP3,"On My Mind - Purple Disco Machine Remix","Do You Dance?","Diplo;SIDEPIECE;Purple Disco Machine",2021-03-12,263414,49,false,111573307,2026-05-02T20:49:09Z,"moombahton,tech house,edm,disco house,nu disco,funky house,house","Higher Ground",0.73,0.69,0,-6.396,1,0.033,0.0983,0.0624,0.182,0.748,123.01,4
spotify:track:3evG0BIqEFMMP7lVJh1cSf,"Don't Let Me Down - Remastered 2009","The Beatles 1967 - 1970 (Remastered)","The Beatles",1973-04-02,215733,78,false,111573307,2026-05-12T08:04:21Z,"rock clásico,rock psicodélico","EMI Catalogue",0.591,0.289,4,-11.049,1,0.026,0.568,0.000777,0.0928,0.733,76.391,4
spotify:track:21qnJAMtzC6S5SESuqQLEK,"Pump Up The Jam","Pump Up The Jam","Technotronic",1989-11-28,320306,77,false,111573307,2026-06-04T10:31:04Z,"eurodance,hip house,dance","Universal Music S.A.",0.885,0.844,10,-9.225,0,0.0733,0.0147,0.00000449,0.0494,0.715,124.602,4
spotify:track:4oWMlgtuuWBpF91ZlaohvS,"Rebelion","Salsa Y Mas Para Gozar Vol I","Joe Arroyo Y La Verdad",2010-09-13,379627,0,false,111573307,2026-08-01T09:56:31Z,"","Tropicaliche",0.566,0.83,10,-4.605,0,0.0593,0.14,0.000116,0.215,0.803,106.055,4
spotify:track:1AHPsqF3EtHeWpOM06Y3Y4,"Hope There's Someone","I Am A Bird Now","Antony and the Johnsons;ANOHNI",2005-02-07,261200,52,false,111573307,2026-06-29T03:52:35Z,"pop barroco,art pop","Rough Trade",0.323,0.161,6,-10.383,1,0.0375,0.979,0.0225,0.175,0.113,118.851,3
spotify:track:6I86RF3odBlcuZA9Vfjzeq,"Eres Mía","Fórmula, Vol. 2 (Deluxe Edition)","Romeo Santos",2014-02-25,250640,84,false,111573307,2026-07-27T10:59:55Z,"bachata,latina","Sony Music Latin",0.843,0.729,6,-3.634,0,0.0374,0.401,0.0000012,0.206,0.903,123.046,4
spotify:track:2uoOm55gLvLMALwXmKrwXc,"Death Don't Have No Mercy","Harlem Street Singer","Rev. Gary Davis",1992-01-01,283106,46,false,111573307,2026-07-27T11:05:43Z,"country blues,ragtime,classic blues,blues,southern gothic","Original Blues Classics",0.655,0.185,4,-14.009,0,0.0511,0.872,0.000697,0.0789,0.558,116.652,4
spotify:track:3thrdAODIMuShxkKdAeCMP,"Pescador y Guitarrero","Abrazando al Caudillo","Chaqueño Palavecino",2008-01-01,171906,29,false,111573307,2026-07-27T11:12:51Z,"folclore argentino,chamamé,folklore latino","El Viejo Mistol",0.725,0.621,9,-6.087,0,0.0606,0.636,0,0.121,0.906,121.284,4
spotify:track:38LUbz74v3nmP8x0efElw2,"Last Summer Whisper","Heaven Beach","Anri",1982-11-21,299680,64,false,111573307,2026-07-27T11:14:06Z,"city pop,kayōkyoku,j-pop","FOR LIFE MUSIC ENTERTAINMENT,INC.",0.732,0.488,4,-8.65,1,0.0446,0.222,0.000149,0.0383,0.61,78.512,4
spotify:track:70LcF31zb1H0PyJoS1Sx1r,"Creep","Pablo Honey","Radiohead",1993-02-22,238640,94,true,111573307,2026-07-27T11:14:31Z,"art rock,rock alternativo","XL Recordings",0.515,0.43,7,-9.935,1,0.0372,0.0097,0.000133,0.129,0.104,91.844,4
spotify:track:4YwUVJPlq93RcAYDLz31uP,"Rosalía - Live","Rosalía (Live)","Juan Luis Guerra 4.40",2021-05-28,200520,25,false,111573307,2026-07-27T11:15:51Z,"merengue,bachata,salsa","Rimas Entertainment LLC.",0.756,0.855,2,-3.339,1,0.103,0.529,0,0.109,0.835,130.949,4
spotify:track:5sS4g0adkAUXvLJHQ1i2kj,"Little L","A Funk Odyssey","Jamiroquai",2001-09-03,295400,1,false,111573307,2026-08-01T10:01:53Z,"acid jazz","S2",0.878,0.724,10,-5.373,0,0.129,0.168,0.0116,0.133,0.904,121.906,4
spotify:track:2W29TNaSCiolWbPfQNgNOW,"Genesis","Cross","Justice",2007-06-18,234959,0,false,111573307,2026-08-01T10:06:42Z,"house francés,new rave","Because Music/WMI",0.712,0.788,2,-5.122,1,0.362,0.0202,0.329,0.0978,0.289,117.13,4
spotify:track:59sBlqdt1TdajPB2c1hyjn,"It's Not Unusual","Velvet + Steel = Gold - Tom Jones 1964-1969","Tom Jones",1993-01-01,123040,0,false,111573307,2026-08-01T10:35:53Z,"","Universal Music Group",0.507,0.737,0,-9.967,1,0.0616,0.64,0,0.234,0.914,91.298,4
spotify:track:7gHFBNy0Qn86xGKJ9OdFTw,"Misty","Sarah Vaughan's Golden Hits","Sarah Vaughan",1958-07-07,179373,58,false,111573307,2026-08-03T08:08:09Z,"vocal jazz,jazz,baladas de jazz","Mercury Records",0.21,0.214,5,-14.454,1,0.0376,0.976,0.000959,0.366,0.14,183.416,3
spotify:track:4pFrn7MBtpwXlsyO5CbCj2,"Por Tu Maldito Amor","Por Tu Maldito Amor","Vicente Fernández",1990-04-17,238000,70,false,111573307,2026-08-03T08:11:26Z,"ranchera,mariachi,música mexicana,norteño,bolero,banda","Columbia",0.551,0.286,9,-7.398,1,0.0332,0.752,0,0.27,0.408,83.086,4
spotify:track:6G1Prx5bZTrvYLjHeD5CvK,"Je t'aimais, je t'aime, je t'aimerai","L'essentiel / 1977 - 2007","Francis Cabrel",2007-04-04,276493,54,false,111573307,2026-08-04T19:41:33Z,"variété francesa,chanson,pop francés,house francés","Columbia",0.406,0.399,6,-9.863,1,0.0355,0.828,0.0000628,0.14,0.372,177.547,3
spotify:track:5ZoDwIP1ntHwciLjydJ8X2,"My Cherie Amour","My Cherie Amour","Stevie Wonder",1969-08-01,173306,69,false,111573307,2026-08-04T19:55:09Z,"motown,soul clásico,soul","Motown",0.574,0.507,6,-11.343,1,0.0258,0.228,0.00000457,0.279,0.514,101.085,4
spotify:track:2naqSVQHgiaoEpxtkVOhmK,"Llorarás","Una Dimensión De Éxitos","La Dimensión Latina;Oscar D'León",1996-01-17,228554,67,false,111573307,2026-08-07T17:15:21Z,"salsa,merengue","Musart-Balboa",0.704,0.884,8,-6.275,1,0.0527,0.549,0.000364,0.0492,0.964,93.058,4
spotify:track:2cebuDRXBsi89lb1Jz3TFs,"Cambalache (with Leopoldo Federico y Su Orquesta)","El Firulete","Julio Sosa;Leopoldo Federico y su Orquesta",1964-03-01,184026,50,false,111573307,2026-08-08T07:55:39Z,"tango,candombe","Columbia",0.545,0.574,0,-9.159,1,0.0751,0.804,0,0.45,0.845,120.522,4
spotify:track:6hu1f1cXSw7OAqhpSQ2zDy,"Dazed and Confused - 1990 Remaster","Led Zeppelin","Led Zeppelin",1969-01-12,386373,66,false,111573307,2026-08-10T12:05:28Z,"rock clásico,rock,hard rock,rock and roll","Rhino Atlantic",0.271,0.553,2,-9.526,1,0.0472,0.044,0.0096,0.0999,0.433,86.762,3
spotify:track:3RBdMtnhif7DnrtOqjLMb4,"Pasa el canutito","Lo que el tiempo no sabe borrar","Uña Y Carne",2021-06-11,228564,46,true,111573307,2026-08-10T16:29:02Z,"flamenco,flamenco pop","WM Spain",0.757,0.905,10,-7.138,1,0.0566,0.424,0.000189,0.058,0.934,120.087,4
spotify:track:6wrptu9SlLfq8bE6C86kEX,"Che Vuole Questa Musica Stasera","Profumo di donna (Original Motion Picture Soundtrack)","Armando Trovajoli",2003,217186,62,false,111573307,2026-08-10T20:07:53Z,"","Creazioni Artistiche Musicali",0.499,0.339,0,-10.147,0,0.0317,0.687,0.0000191,0.112,0.29,90.864,3
spotify:track:2IHaGyfxNoFPLJnaEg4GTs,"What Is Love - 7"" Mix","The Album","Haddaway",1993-09-13,270373,9,false,111573307,2026-08-11T14:46:42Z,"eurodance","Coconut Music",0.683,0.772,7,-7.907,0,0.0311,0.0222,0.0149,0.203,0.737,123.871,4
spotify:track:41LiGcvaTkXHyPjfsxKvWv,"Mi Tierra","Mi Tierra","Gloria Estefan",1993-06-03,278333,59,false,111573307,2026-08-11T21:20:45Z,"","Epic",0.77,0.668,1,-6.942,0,0.0399,0.151,0,0.0838,0.94,99.16,4
spotify:track:51R2M1JgyFfRS3e6v5wCt3,"Clandestino","Clandestino","Manu Chao",1998-10-06,149173,70,false,111573307,2026-08-11T21:41:15Z,"música alternativa latina","Radio Bemba",0.68,0.594,6,-6.417,0,0.0688,0.469,0,0.431,0.774,85.04,4
spotify:track:154TjwuLs3DNgrKfH1ecZ0,"She","The Greatest Hits (Deluxe)","Il Divo",2012-11-19,170333,32,false,111573307,2026-08-11T21:47:05Z,"clásica para todos los gustos,ópera","Syco Music UK",0.316,0.261,1,-8.72,1,0.0433,0.833,0,0.165,0.0619,58.794,4
spotify:track:3vSn1frPgFcRXrjWOfhMLl,"Be My Lover","Best Of La Bouche feat. Melanie Thornton (feat. Melanie Thornton)","La Bouche",2003-03-28,240866,72,false,111573307,2026-08-12T08:32:21Z,"eurodance,europop","MCI",0.658,0.963,1,-3.283,0,0.0326,0.00283,0.00000238,0.951,0.793,134.798,4
spotify:track:3QQl3tSiEooVLQvC8IT5EE,"Perfidia","A Mis Amigos","Nat King Cole",1959-09-13,140706,48,false,111573307,2026-08-12T15:40:10Z,"navidad,adult standards,vocal jazz","Capitol Records",0.504,0.286,5,-14.197,0,0.0466,0.707,0.00000255,0.112,0.593,97.916,4
