Track URI,Track Name,Album Name,Artist Name(s),Release Date,Duration (ms),Popularity,Explicit,Added By,Added At,Genres,Record Label,Danceability,Energy,Key,Loudness,Mode,Speechiness,Acousticness,Instrumentalness,Liveness,Valence,Tempo,Time Signature
spotify:track:7A0piuknKPVbFtf9gxI6le,"Emmenez Moi","Platinum Charles Aznavour","Charles Aznavour",2006-11-24,212200,0,false,111573307,2013-09-29T02:57:18Z,"chanson,variété francesa,jazz francés","Parlophone France",0.353,0.458,9,-10.235,0,0.0351,0.599,0,0.801,0.619,107.231,3
spotify:track:5oIm24djCmqNiIhsnyXLRZ,"Je M'voyais Déjà","Platinum Charles Aznavour","Charles Aznavour",2006-11-24,203066,0,false,111573307,2013-09-29T02:57:21Z,"chanson,variété francesa,jazz francés","Parlophone France",0.568,0.357,7,-13.204,1,0.196,0.705,0,0.165,0.918,131.099,4
spotify:track:2nwCO1PqpvyoFIvq3Vrj8N,"These Boots Are Made For Walkin'","Boots","Nancy Sinatra",1966-03,166008,1,false,111573307,2013-09-29T02:58:13Z,"","Boots Enterprises, Inc.",0.74,0.392,9,-11.996,1,0.0824,0.483,0.00000111,0.0965,0.387,82.742,4
spotify:track:1IRZwD3r9VOehOR8rGeV3Y,"Island In The Sun","Smallville: The Talon Mix","Weezer",2003-02-25,200666,0,false,111573307,2013-09-29T02:58:28Z,"rock alternativo","Atlantic Records/ATG",0.647,0.805,4,-6.269,0,0.0279,0.00789,0.00211,0.168,0.707,114.638,4
spotify:track:6Lphpr9Z6H282Sguw0dUWa,"Le Freak - Edit","Les Plus Grands Success De Chic - Chic's Greatest Hits","CHIC",2005-11-22,215693,65,false,111573307,2013-09-29T02:58:35Z,"disco,funk","Rhino Atlantic",0.832,0.553,7,-13.705,1,0.0487,0.0422,0.00356,0.249,0.89,119.825,4
spotify:track:1RW8p0NIkQcn81fA8wfMDd,"Livin' In A New World","Game Theory","The Roots;John-John",2006-08-29,107733,0,true,111573307,2013-09-29T02:58:38Z,"jazz rap,hip hop de la costa este,hip hop","Def Jam Recordings",0.689,0.58,11,-7,1,0.146,0.0905,0.0261,0.107,0.44,87.492,4
spotify:track:3YMZI5CAscPu0soWvcr6wp,"Dickes B (feat. Black Kappa)","Next!","Seeed;Black Kappa",2006-06-16,284906,0,false,111573307,2013-09-29T02:58:40Z,"pop alemán","WM Germany",0.643,0.794,7,-5.958,1,0.417,0.133,0,0.709,0.513,97.753,4
spotify:track:2ptQPuF6zfrtIKWCQlS1j7,"Celui","Celui","Colonel Reyel",2010,200438,49,false,111573307,2013-09-29T03:01:27Z,"","Play On",0.666,0.629,4,-7.197,0,0.125,0.35,0,0.493,0.762,92.985,4
spotify:track:17nFSc5cJ3AHKt7qsGFtsz,"Tutti Frutti","The Essential Little Richard (Remastered)","Little Richard",1985-01-01,144626,0,false,111573307,2013-09-29T03:03:38Z,"rockabilly,rock and roll,doo-wop,boogie-woogie","Universal Music Ltd.",0.498,0.55,5,-8.161,1,0.0722,0.746,0,0.0506,0.962,184.246,4
spotify:track:6N3Wc11mXiJUjcIvc0xzpn,"Money (That's What I Want) - Single Version / Mono","True Motown / Spectrum 3 CD Set","Barrett Strong",2006-01-01,156546,0,false,111573307,2013-09-29T03:04:14Z,"motown,northern soul,soul clásico","Universal Music",0.694,0.73,5,-8.626,1,0.0329,0.193,0,0.145,0.965,133.359,4
spotify:track:0yp6jw6F0LNnjbxLejWaPK,"La Vida Es Un Carnaval","Amores Perros (Soundtrack)","Celia Cruz",2000-01-01,276040,0,false,111573307,2013-09-29T03:04:17Z,"salsa,son cubano,bolero,chachachá,merengue,mambo,latina,latin dance,jazz latino","Surco",0.817,0.76,0,-5.06,0,0.0594,0.483,0.00215,0.312,0.849,104.014,4
spotify:track:5c1xei48JNZsGFmZld55qr,"Lady (Hear Me Tonight)","Fama Classic","Modjo",2008-01-01,305253,0,false,111573307,2013-09-29T03:04:24Z,"house francés,disco house","Universal Music Spain S.L.",0.722,0.807,6,-5.944,1,0.0372,0.00716,0.0253,0.0581,0.85,126.019,4
spotify:track:0RWqE2ZaulvnN1i40qIhDh,"Canned Heat","Synkronized","Jamiroquai",1999-06-08,331760,2,false,111573307,2013-09-29T03:04:27Z,"acid jazz","S2",0.7,0.865,9,-5.827,0,0.133,0.0136,0.0000756,0.0718,0.78,128.04,4
spotify:track:6mXp2JiILngDsyUB4LSKRM,"L'auto-stoppeuse","Faites vous des amis","LES ESCROCS",1994-01-01,200840,8,false,111573307,2013-09-29T03:04:30Z,"jazz francés","Big Thumb Records",0.707,0.68,7,-6.492,0,0.0919,0.18,0,0.0416,0.876,116.12,4
spotify:track:1WMPCPk9GEsHgsDmXVGdEL,"J'ai laissé","J'ai laissé","Christophe Maé",2010-02-15,220253,36,false,111573307,2013-09-29T03:04:35Z,"variété francesa,chanson,pop francés","Warner (France)",0.754,0.5,1,-7.133,1,0.0514,0.392,0,0.425,0.3,96.026,4
spotify:track:4E8hgGDOwG5CpiEke6qZMT,"On s'attache","Mon paradis","Christophe Maé",2007-03-19,191506,65,false,111573307,2013-09-29T03:04:38Z,"variété francesa,chanson,pop francés","Warner (France)",0.789,0.71,8,-5.815,1,0.0432,0.409,0.00000363,0.246,0.687,100.014,4
spotify:track:53t0aD0Suwofba0q4aY0B3,"Good Man","Stone Rollin'","Raphael Saadiq",2011-04-25,225213,40,false,111573307,2013-09-29T03:05:02Z,"neo soul,soul,retro soul","Columbia",0.498,0.636,4,-5.327,1,0.0406,0.0714,0.000383,0.139,0.38,77.974,4
spotify:track:2t9d54bSoDAiqruSsHTAQN,"Faith","Faith (George Michael)","Beto Cuevas",2010-12-24,160052,13,false,111573307,2013-09-29T03:05:20Z,"rock latino,rock en español","Pop Art",0.854,0.744,4,-5.449,1,0.16,0.0031,0.0000194,0.0909,0.863,95.852,4
spotify:track:6ajyEEzWZbw8ycDcJAN099,"Cupid's Chokehold / Breakfast in America - Radio Mix","Cupid's Chokehold / Breakfast in America","Gym Class Heroes",2007-01-02,237173,55,false,111573307,2013-09-29T03:06:18Z,"","Decaydance/Fueled By Ramen/ATL",0.584,0.681,1,-5.084,0,0.0781,0.495,0,0.289,0.821,79.702,4
spotify:track:4QBrx05HrLnohYaS1cPGHO,"Volvera","Zapatillas","El Canto Del Loco",2005,229746,64,false,111573307,2013-09-29T03:07:40Z,"","Ariola",0.568,0.892,1,-3.091,1,0.0464,0.0111,0,0.379,0.783,126.02,4
spotify:track:14EuA4iqmkT40PD7JC6zk7,"She's A Cutie","Circus","Jeremy Harding;Nigel Staff;Mr. Vegas",2010-08-31,188727,0,false,111573307,2013-09-29T03:09:47Z,"riddim,dancehall,ragga,reggae,soca,azonto","2 Hard Music",0.834,0.723,10,-4.521,0,0.299,0.0121,0,0.0422,0.899,109.867,4
spotify:track:61xvgZVz1DiR628nmGtsZH,"She's Got Her Ticket","Tracy Chapman","Tracy Chapman",1988-04-05,234506,56,false,111573307,2013-09-29T03:12:15Z,"","Elektra Records",0.765,0.486,7,-13.819,1,0.0469,0.0745,0.00000989,0.282,0.856,87.054,4
spotify:track:6Mn8V7yVkrzBmXo5qGYBKB,"(I Like) The Way You Love Me","Michael","Michael Jackson",2010-12-10,273800,0,false,111573307,2013-09-29T03:12:57Z,"","Epic",0.628,0.668,0,-4.268,1,0.0279,0.314,0.0000291,0.228,0.507,95.008,4
spotify:track:2CVqF1sLhwut4NiZxzNUnC,"Sweet Dreams (Are Made of This)","The Best Of The 80's","Eurythmics;Annie Lennox;Dave Stewart",2007-12-10,211626,50,false,111573307,2013-09-29T03:13:07Z,"new wave,synthpop","Sony BMG Music Entertainment",0.705,0.936,8,-3.111,1,0.0502,0.0437,0.000113,0.309,0.659,125.553,4
spotify:track:36ELpqVAiCgJSOJdEpdQoc,"Here Comes the Hotstepper","100 Hits of the '90s","iNi Kamoze",2010-02-26,249066,0,false,111573307,2013-09-29T03:13:36Z,"reggae,roots reggae","Sony Music Entertainment",0.882,0.456,7,-9.163,1,0.188,0.0178,0.000186,0.127,0.452,100.362,4
spotify:track:0kwENjv9F98MZLPEN3gCQT,"Gonna Make You Sweat (Everybody Dance Now)","100 Hits of the '90s","C & C Music Factory;Freedom Williams",2010-02-26,243800,0,false,111573307,2013-09-29T03:14:18Z,"hip house","Sony Music Entertainment",0.561,0.789,6,-9.134,1,0.0952,0.00217,0.446,0.194,0.796,112.815,4
spotify:track:7c70rPhzT0G8Jlw2keTDLx,"Mashitup","Ricothentik","Rico Pupa",2000-01-01,232400,0,false,111573307,2013-09-29T03:14:32Z,"ragga","Universal Music Division Label Panthéon",0.81,0.777,10,-5.452,0,0.176,0.0348,0.0000144,0.0589,0.851,98.027,4
spotify:track:5ZKY87KDTsKoKwEVbStW1p,"Candela","Buena Vista Social Club","Buena Vista Social Club",1997-09-16,329200,0,false,111573307,2013-09-29T03:16:11Z,"son cubano,jazz latino,jazz afrocubano,latina,bolero","World Circuit",0.496,0.623,9,-12.628,1,0.0375,0.747,0.00015,0.291,0.849,99.549,4
spotify:track:7ccxwuSgkRF2ONdDA9sBZD,"You've Got A Friend","Rhino Hi-Five: James Taylor","James Taylor",2005-10-18,270466,0,false,111573307,2013-09-29T03:16:28Z,"folk rock,cantautores,rock suave","Rhino/Warner Bros.",0.695,0.192,9,-19.336,1,0.0303,0.731,0.00707,0.0995,0.464,92.015,4
spotify:track:2dCDC6FXz80njhDidJVkAx,"I Wish","Original Musiquarium","Stevie Wonder",1982-05-04,253746,0,false,111573307,2013-09-29T03:22:22Z,"motown,soul clásico,soul","Universal Music Group",0.828,0.746,10,-9.615,0,0.0595,0.116,0.0000604,0.0594,0.921,105.9,4
spotify:track:74yt57iOVeQZWXScUQu0pn,"I'll Be There","Songs About Love (UMGI Version)","The Jackson 5",2010-01-01,237346,0,false,111573307,2013-09-29T03:22:33Z,"motown,navidad","Universal Music Group",0.52,0.493,5,-8.052,1,0.0257,0.585,0.00000639,0.599,0.295,93.695,4
spotify:track:1H6S9OkozTNvcASUX4Bfgb,"Liberation (with Cee-Lo)","Aquemini","Outkast;CeeLo Green",1998-09-29,526372,48,true,111573307,2013-09-29T03:25:22Z,"hip hop sureño americano,hip hop","Arista/LaFace Records",0.66,0.63,11,-9.615,1,0.147,0.0841,0.0000585,0.0819,0.59,157.596,4
spotify:track:6xb2e7jrlWH7jthhpPOKfI,"Oops (Oh My)","The Ultimate Contemporary R&B and Neo-Soul Collection Volume 1","The Hit Co.",2011-01-01,239720,0,false,111573307,2013-09-29T03:27:28Z,"","Planet Music",0.738,0.397,7,-12.227,0,0.114,0.254,0.0000483,0.0822,0.778,160.019,4
spotify:track:4Jqubm2gop4wYdXjJzUvwy,"Oye Como Va - Album Verision","Jingo: The Santana Collection","Santana",2007,254266,0,false,111573307,2013-09-29T03:32:13Z,"","SONY BMG Catalog",0.734,0.468,7,-10.498,1,0.0432,0.402,0.0225,0.161,0.96,128.48,4
spotify:track:1h6qG2hBGxL9yUNjeUb4SU,"Peaches (feat. Sleepy Brown & Scar)","Idlewild","Outkast;Sleepy Brown;Scar",2006-08-22,190813,29,true,111573307,2013-09-29T03:32:24Z,"hip hop sureño americano,hip hop","LaFace Records",0.853,0.71,1,-7.313,0,0.191,0.319,0,0.064,0.583,107.033,4
spotify:track:6BYVAEPmqWVUSqtrQpvLTT,"Phoenix","LONG.LIVE.A$AP (Deluxe Version)","A$AP Rocky",2013-01-11,233880,0,true,111573307,2013-09-29T03:32:30Z,"rap","A$AP Worldwide/Polo Grounds Music/RCA Records",0.65,0.508,9,-11.227,0,0.135,0.577,0.00372,0.0792,0.504,143.96,4
spotify:track:0UZwQPdxHeBQQf67rrmsWJ,"Rockit","Work It Out!","Herbie Hancock",2010-12-17,231866,0,false,111573307,2013-09-29T03:34:31Z,"jazz,jazz fusión,jazz funk,hard bop,cool jazz","Sony Music UK",0.87,0.893,10,-10.028,0,0.083,0.0397,0.712,0.0786,0.816,113.02,4
spotify:track:4iImxqMlF3CeNRwKKua9jn,"537 C U B A","A Lo Cubano","Orishas",1999,264173,60,false,111573307,2013-09-29T03:35:51Z,"hip hop latino,música alternativa latina,son cubano,latina","EMI France",0.859,0.709,10,-8.906,0,0.281,0.079,0.00000389,0.067,0.885,83.681,4
spotify:track:00OMaIm4VEsUcXad5Pf1Qe,"Behind the Wall","Tracy Chapman","Tracy Chapman",1988-04-05,109506,52,false,111573307,2013-09-29T03:37:39Z,"","Elektra Records",0.668,0.0505,5,-18.843,1,0.358,0.807,0,0.107,0.598,148.649,5
spotify:track:0KCwzRvFRkHnttIa7QYoY2,"La Puissance","Cessa Kiè La Vérité","Magic System",2005-06-24,247306,0,false,111573307,2013-09-29T03:37:55Z,"coupé décalé","Collective",0.742,0.8,0,-4.995,1,0.194,0.0225,0,0.119,0.476,94.891,4
spotify:track:7oVqbYLuql1XFKTpQQKn5s,"Crosstown Traffic","Experience Hendrix: The Best Of Jimi Hendrix","Jimi Hendrix",1997-09-16,139266,40,false,111573307,2013-09-29T03:39:22Z,"rock psicodélico,rock clásico,rock ácido,blues rock","Legacy Recordings",0.482,0.96,0,-5.269,0,0.126,0.254,0.00000243,0.294,0.544,113.263,4
spotify:track:7GKogiySPMru5MYoOWM9KH,"Merry Christmas Mr. Lawrence","Playing The Piano","Ryuichi Sakamoto",2009-01-01,280800,0,false,111573307,2013-09-29T14:26:06Z,"música clásica japonesa,ambient","Decca",0.442,0.233,10,-20.208,0,0.0466,0.979,0.913,0.0895,0.12,98.621,4
spotify:track:6tmFjTWkPw866t636CagXy,"Toccata And Fugue In D Minor BWV 565","Piano","Johann Sebastian Bach",1992,511164,0,false,111573307,2013-09-29T14:26:09Z,"barroca,clásica,concerto,piano clásico,música antigua","Fabula Classica Ermitage Records",0.0935,0.182,2,-18.048,0,0.0382,0.579,0.176,0.195,0.136,173.973,4
spotify:track:1oUVGHyYCwlgmrOvZukn0g,"Hey Ya (solo version originally by OutKast)","The Tip Jar Volume 1","Obadiah Parker",2008-01-01,298848,0,false,111573307,2013-09-29T14:26:21Z,"","mudhutdigital.com",0.66,0.185,1,-13.662,0,0.0378,0.675,0,0.105,0.352,140.007,4
spotify:track:3ZlFUr0RBrUYYsmlcFvD0e,"Paper Planes","Paper Planes","M.I.A.",2008-10-13,205200,6,false,111573307,2013-09-29T14:31:01Z,"","XL Recordings",0.447,0.848,2,-6.175,1,0.222,0.033,0.0000746,0.65,0.485,172.253,4
spotify:track:3gP88Ld9OizOVpbBaDjidg,"Alright With Me","Kris Allen","Kris Allen",2009-11-16,187466,20,false,111573307,2013-09-29T14:35:42Z,"","Jive",0.476,0.918,11,-3.322,1,0.0378,0.00219,0,0.234,0.754,165.99,4
spotify:track:0LN0ASTtcGIbNTnjSHG6eO,"Pour Some Sugar On Me (2012)","Pour Some Sugar On Me (2012)","Def Leppard",1987,261532,0,false,111573307,2013-09-29T14:35:44Z,"glam metal,glam rock,rock clásico","Bludgeon Riffola/Mailboat Records",0.497,0.849,9,-5.352,1,0.0612,0.00985,0,0.106,0.72,169.937,4
spotify:track:5IIzC65kOxs7skR0V7dKsE,"Venus","The Heritage Colossus Story","Shocking Blue",2005-11-30,185173,0,false,111573307,2013-09-29T14:36:10Z,"nederpop","Heritage Records",0.698,0.719,11,-8.339,0,0.0362,0.552,0.0282,0.0946,0.958,128.037,4
spotify:track:6Q32Vkucx2qeuVyBd3NiFZ,"Battle Without Honor Or Humanity","Kill Bill Vol. 1 Original Soundtrack (PA Version)","HOTEI",2003-09-23,148840,3,false,111573307,2013-09-29T14:36:48Z,"rock japonés","Rhino/Warner Records",0.704,0.844,4,-5.088,1,0.0507,0.00173,0.905,0.0599,0.669,94.699,4
spotify:track:2LG0s0LxEoAvqXpDm9SDTx,"Rome Wasn't Built in a Day","Rome Wasn't Built in a Day","Morcheeba",2000,214719,34,false,111573307,2013-09-29T14:37:02Z,"trip hop,downtempo","Atlantic Records UK",0.61,0.807,5,-4.997,1,0.0305,0.0769,0.00000264,0.376,0.689,112.031,4
spotify:track:4HpaXUMqrz1cFaOeEizumw,"San Francisco (Be Sure to Wear Flowers in Your Hair) - Single Version","On Your 60's Radio","Scott McKenzie",2002-02-21,176373,43,false,111573307,2013-09-29T14:37:38Z,"","Columbia",0.506,0.553,7,-10.132,1,0.0298,0.32,0.000077,0.152,0.428,112.735,4
spotify:track:1bx7OUl2UmAnA5oZkm9If7,"Jerk It Out","Jerk It Out","Caesars",2005-01-14,195666,68,false,111573307,2013-09-29T14:37:53Z,"","Parlophone Sweden",0.58,0.981,8,-2.603,0,0.06,0.0171,0.0000107,0.386,0.861,134.007,4
spotify:track:7LtnfDJMq9Ta1B9DR2EPfX,"Carnival of the Animals: VII. Aquarium","Prokofiev: Peter and the Wolf / Britten: Young Person's Guide To Orchestra / Saint-Saens: Carnival","Camille Saint-Saëns;Marian Lapsansky;Peter Toperczer;Slovak Radio Symphony Orchestra;Ondrej Lenard",1990-07-02,142293,21,false,111573307,2013-09-29T14:38:29Z,"clásica,concerto,impresionismo,ballet,orquestal,ópera","Naxos",0.216,0.0131,9,-36.909,0,0.0406,0.938,0.305,0.0933,0.0498,134.177,4
spotify:track:3JWslTqwpDYBeGyfFvoBgN,"A Little Party Never Killed Nobody (All We Got) - Drop City Yacht Club Remix","A Little Party Never Killed Nobody (All We Got) [Drop City Yacht Club Remix]","Fergie;Q-Tip;GoonRock",2013-06-17,266120,0,false,111573307,2013-09-29T14:38:50Z,"hip hop de la costa este","Interscope Records",0.801,0.864,0,-2.369,0,0.171,0.312,0,0.2,0.81,112.992,4
spotify:track:1czXAuXNIGMhEkeSl08C5W,"The Way You Move (feat. Sleepy Brown) - Radio Mix","Speakerboxxx/The Love Below","Outkast;Sleepy Brown",2003-09-23,233960,0,false,111573307,2013-09-29T14:55:40Z,"hip hop sureño americano,hip hop","Arista",0.869,0.608,5,-4.866,0,0.0474,0.137,0.0000871,0.0624,0.627,125.992,4
spotify:track:6f7XlxqTWqF32qbyds748p,"Ojala Que Llueva Café","Tribute to Juan Luis Guerra","Covers Like Juan Luis Guerra",2008-10-15,188520,0,false,111573307,2013-09-29T15:00:23Z,"","Hello Music",0.788,0.772,8,-7.105,1,0.0687,0.436,0,0.315,0.96,113.045,4
spotify:track:09CHXRoykXQKQhz2t3Loyf,"Ants","Millennium Dancehall Style Vol. 1","Don Yute;Mr. Vegas",1999-06-29,230000,0,false,111573307,2013-09-29T15:18:40Z,"miami bass,dancehall,ragga,reggae,soca,riddim,azonto","VP Records",0.773,0.91,2,-7.778,1,0.1,0.638,0,0.34,0.814,92.007,4
spotify:track:0eqH0ALoDQevq59YcQ53KE,"Hollaback Girl","Love. Angel. Music. Baby.","Gwen Stefani",2004-11-12,199853,76,true,111573307,2013-09-29T15:21:11Z,"","Interscope",0.926,0.916,10,-2.221,0,0.0929,0.35,0.00000601,0.0234,0.904,110.009,4
spotify:track:0dVPAfyhaT6FGth2MbZR4d,"It Wasn't Me - Radio Edit","It Wasn't Me (Int'l. Version / Including U.K.)","Shaggy;Rik Rok",2001,231160,0,false,111573307,2013-09-29T15:23:27Z,"reggae,dancehall,riddim,ragga,lovers rock","Universal Music GmbH",0.843,0.621,0,-4.938,1,0.0576,0.0505,0,0.14,0.721,94.74,4
spotify:track:1Jde90JiouPGG9WT6r1BhD,"Boom Boom (feat. Rihanna)","Ghetto Story","Cham;Rihanna",2006-08-15,253253,1,false,111573307,2013-09-29T15:26:01Z,"dancehall,ragga,reggae,soca,riddim","Madhouse/Atlantic",0.782,0.709,9,-6.214,0,0.137,0.587,0.00000226,0.101,0.904,95.025,4
spotify:track:0oQr4G8dxa0mSvfJDpIaZS,"Back It Up - Radio Edit","Strictly The Best Vol. 39","Mr. Evil;Sean Paul",2008-12-08,182666,7,false,111573307,2013-09-29T15:28:02Z,"dancehall,ragga,azonto","VP Records",0.606,0.802,10,-4.945,0,0.285,0.061,0,0.343,0.871,93.357,4
spotify:track:777yAyu3BXZgfTrbktYtUu,"Your Love - Album Version (Edited)","Your Love (Edited Version)","Nicki Minaj",2010-01-01,245760,0,false,111573307,2013-09-29T15:32:25Z,"","Universal Music",0.429,0.492,11,-10.617,1,0.345,0.00174,0.00289,0.364,0.197,189.723,4
spotify:track:13McnYo2bDvC50ZS8BFROF,"Quelqu'un M'a Dit","(500) Days of Summer (Music from the Motion Picture)","Carla Bruni",2009-07-10,163026,0,false,111573307,2013-09-29T15:32:34Z,"jazz francés,chanson","Sire/Warner Records",0.615,0.412,10,-10.742,1,0.0435,0.858,0.00477,0.137,0.425,133.365,3
spotify:track:308nAjVUbs6vnKRlpAW83n,"Ragots - Live","Live Au Bataclan","Saian Supa Crew",2006-11-17,106186,2,false,111573307,2013-09-29T15:32:53Z,"rap francés,r&b francés","Parlophone (France)",0.613,0.688,10,-13.359,1,0.266,0.052,0,0.916,0.685,95.072,4
spotify:track:5zhsK1l1inwjY9XwOduKlx,"Nés sous la même étoile","L'école Du Micro D'argent","IAM",1997,231160,0,false,111573307,2013-09-29T15:35:53Z,"rap francés,r&b francés","Parlophone (France)",0.814,0.908,1,-4.197,1,0.296,0.115,0.00000712,0.188,0.759,92.989,4
spotify:track:2DO1LO4Rl2TykSIXua7WYX,"Pitchy and Skratchee Show","Klr","Saian Supa Crew",1999-10-24,232560,21,false,111573307,2013-09-29T15:36:14Z,"rap francés,r&b francés","Parlophone (France)",0.847,0.694,7,-4.935,1,0.317,0.201,0,0.0635,0.782,94.17,4
spotify:track:3TOo3LswL9v0A48WYo5918,"Quand Je Serai Grand","La Classe De Musique","Le Klub des 7",2009-05-25,186800,0,false,111573307,2013-09-29T15:36:25Z,"rap francés,hip hop alternativo","Encore",0.513,0.798,1,-3.946,0,0.252,0.373,0.0000513,0.266,0.835,92.025,4
spotify:track:5H3LkUvabH9xf7i8FHs4sY,"L'école Est Finie","La Classe De Musique","Le Klub des 7",2009-05-25,212053,0,false,111573307,2013-09-29T15:36:48Z,"rap francés,hip hop alternativo","Encore",0.465,0.966,7,-2.077,1,0.278,0.169,0,0.159,0.554,128.873,5
spotify:track:4XSsdWQrwWZUMJ620YyAVc,"Blame It - New Devices Remix","Blame It","Jamie Foxx;G. Lally;J. Dempsey",2009-06-29,258320,7,false,111573307,2013-09-29T15:38:49Z,"","J Records",0.704,0.694,4,-5.922,1,0.151,0.00921,0.000311,0.287,0.574,125.029,4
spotify:track:0pgguZfCgwEpPQDG4znRax,"Basic Instinct (U Got Me)","Basic Instinct","Ciara",2010-12-10,208946,19,false,111573307,2013-09-29T15:38:55Z,"","LaFace Records",0.542,0.736,7,-5.253,1,0.284,0.0365,0,0.254,0.392,172.049,4
spotify:track:5fpizYGbi5IQoEraj6FP0R,"Intergalactic - Remastered 2009","Hello Nasty (Deluxe Edition/Remastered)","Beastie Boys",1998-07-14,231493,73,false,111573307,2013-09-29T15:46:30Z,"rap rock,hip hop old school,hip hop de la costa este,hip hop","Capitol Records",0.734,0.864,2,-6.119,1,0.303,0.022,0.00000985,0.246,0.47,105.932,4
spotify:track:7c70rPhzT0G8Jlw2keTDLx,"Mashitup","Ricothentik","Rico Pupa",2000-01-01,232400,0,false,111573307,2013-09-29T15:48:36Z,"ragga","Universal Music Division Label Panthéon",0.81,0.777,10,-5.452,0,0.176,0.0348,0.0000144,0.0589,0.851,98.027,4
spotify:track:0HDswA23Ikr8qlz2AYsSUL,"Tout Le Bonheur Du Monde","Le Meilleur De La Variété Française Vol. 2","Variété Française",2010-05-25,201720,8,false,111573307,2013-09-29T15:52:47Z,"variété francesa","Rendez-Vous Digital",0.616,0.876,9,-3.66,0,0.152,0.387,0,0.144,0.767,99.965,4
spotify:track:0ID4IwkWmNwxnQ6Sw75IaR,"Atrevido","A Lo Cubano","Orishas",1999,242800,54,false,111573307,2013-09-29T15:55:05Z,"hip hop latino,música alternativa latina,son cubano,latina","EMI France",0.865,0.783,4,-9.87,1,0.0999,0.428,0,0.617,0.916,95.044,4
spotify:track:0kGwiifdJ7qJOihApBFlEV,"Dernière danse","Le Chemin / 300 Lésions","Kyo",2002,227733,0,false,111573307,2013-09-29T15:56:36Z,"variété francesa,pop francés,chanson","SBME Strategic Marketing Group",0.389,0.675,5,-7.237,1,0.0336,0.124,0.0000197,0.376,0.483,172.02,4
spotify:track:4zA59MqM6T0kxHs9FHKDxu,"Rayon de Soleil","Rayon de soleil","William Baldé",2008-04-29,216440,0,false,111573307,2013-09-29T15:56:49Z,"variété francesa","WM France",0.76,0.78,2,-4.933,1,0.0501,0.307,0.0000065,0.0755,0.703,144.987,4
spotify:track:0YZ4S0jpsUdD2913RzppBy,"Dis Moi Oui","Au Rapport","Colonel Reyel",2011-05-27,241573,0,false,111573307,2013-09-29T15:57:55Z,"","Mostiko",0.815,0.583,6,-5.287,1,0.0737,0.191,0,0.0661,0.824,130.023,4
spotify:track:4g7Ithd2Fpoupsjs5sJxeR,"For Frodo (feat. Ben del Maestro)","The Lord of the Rings - The Return of the King - The Complete Recordings (Limited Edition)","Howard Shore",2003-12-16,196866,43,false,111573307,2013-09-29T16:02:49Z,"banda sonora,música incidental","Reprise",0.164,0.352,4,-14.595,0,0.0369,0.547,0.909,0.0828,0.135,130.973,4
spotify:track:2Qg5H8x9mehn6RlXplM1w7,"Doyoowannadance","L'Excuse","Philemon",2007-05-21,214520,0,false,111573307,2013-09-29T16:04:21Z,"jazz rap","Djabaka",0.882,0.778,11,-7.673,0,0.14,0.0549,0.00000459,0.121,0.351,117.001,4
spotify:track:2D3rFGmbygUZ0167aBjnxn,"Can't Keep Me Down","Cypress X Rusko EP 01","Cypress Hill;Rusko;Damian Marley",2012-07-17,202978,0,false,111573307,2013-12-11T22:58:25Z,"hip hop de la costa oeste,hip hop old school,rap rock,hip hop,dubstep,drum and bass,dub,drumstep,reggae,ragga,roots reggae","Cooperative Music",0.524,0.87,8,-2.987,1,0.278,0.00275,0,0.139,0.677,84.723,4
spotify:track:38NqAk4W66VbD04QWudJDe,"Boom Shiva","Ode 2 A Carrot","Soom T",2010-09-01,215189,0,false,111573307,2014-02-04T15:09:58Z,"dub,ragga,reggae","Jahtari",0.805,0.694,11,-4.389,1,0.104,0.154,0.000461,0.0738,0.958,83.018,4
spotify:track:5g7CwSuzlCPQn144NOLIp8,"Look Right Through - Vox","Future Disco, Vol. 4 - Neon Nights","Storm Queen",2011-02-07,449893,0,false,111573307,2014-03-19T12:05:09Z,"","Needwant",0.842,0.546,0,-9.002,0,0.0642,0.0219,0.006,0.031,0.912,120,4
spotify:track:4bMn7CcwvXFdcrc1gJHpnH,"Oh No - (best of decade I version)","Rawkus Records - Best of Decade I 1995-2005 (Explicit Version)","Mos Def;Pharoahe Monch;Nate Dogg",2005-01-01,223146,0,true,111573307,2014-04-09T13:16:57Z,"hip hop de la costa este,hip hop old school,hip hop,g-funk,hip hop de la costa oeste","Universal Music Ltd.",0.71,0.857,5,-4.264,0,0.447,0.294,0,0.171,0.731,89.76,1
spotify:track:1IOXBE455Hn21XZzfnQ19l,"Jasmine","Groove Therapy","Monsieur Nov",2010-11-22,311346,18,false,111573307,2014-04-10T09:24:54Z,"r&b francés,pop urbaine,rap francés","Interludes",0.612,0.458,0,-7.805,1,0.281,0.744,0,0.153,0.584,82.912,4
spotify:track:1lLyWlKuZrgeKmfiybM1S8,"Still Broke","Chinoiseries pt 2","Onra",2011-11-15,117508,0,false,111573307,2014-07-25T22:35:35Z,"trip hop","All City Dublin",0.37,0.714,4,-6.267,0,0.439,0.0582,0.311,0.201,0.367,175.959,4
spotify:track:7xycnvLZ4KjSSUhRlzc3Ms,"Rickshaw","L.A. EP 1 X 3","Flying Lotus",2008-06-30,101480,0,false,111573307,2014-07-25T22:35:40Z,"idm,hip hop experimental,nu jazz,glitch","Warp Records",0.742,0.57,1,-4.56,1,0.0901,0.000868,0.0502,0.325,0.865,94.844,4
spotify:track:6dCnHTzlXMQZ5hNWLKrr0b,"Everyday","One Take","Carly Comando",2010-07-06,348693,32,false,111573307,2014-07-25T22:42:04Z,"","Deep Elm",0.454,0.28,9,-15.991,0,0.0326,0.979,0.926,0.0919,0.0371,140.032,4
spotify:track:4JhBy5PF7KOoAfWWxOKBij,"Cavalier","Post Tropical","James Vincent McMorrow",2013,283173,45,false,111573307,2014-07-31T21:04:12Z,"","Believe Recordings",0.376,0.293,11,-8.547,1,0.0493,0.91,0.00031,0.22,0.0434,81.723,5
spotify:track:2v4maFtMJuNjiXGUurC9h4,"Waiting","Take Off - EP","FKJ;Madelyn Grant",2014-07-21,262317,0,false,111573307,2014-07-31T21:10:10Z,"","Roche Musique",0.674,0.643,4,-6.955,0,0.0436,0.386,0.17,0.106,0.358,82.103,4
spotify:track:5qQ2Bnai4C9NQ1vWBl7yeX,"Smoke Weed Everyday (feat. Diezel)","Smoke Weed Everyday Ft. Diezel","Trick Trick;Diezel",2013-01-08,229434,7,true,111573307,2014-08-03T21:28:40Z,"aor,arena rock","Time Entertainment/ Motunes",0.728,0.591,10,-9.677,0,0.263,0.0072,0,0.408,0.618,87.016,4
spotify:track:1hwJKpe0BPUsq6UUrwBWTw,"Boulevard of Broken Dreams","Boulevard of Broken Dreams","Green Day",2004,261266,77,true,111573307,2014-08-06T20:53:54Z,"punk,pop punk","Reprise",0.49,0.679,8,-3.68,1,0.0309,0.00394,0.0000154,0.0383,0.506,167.046,4
spotify:track:4yaGBjUAKstcoX4nO8fiTv,"Trouble So Hard","Sounds Of The South","Vera Hall",2011-09-06,98066,36,false,111573307,2014-08-06T21:20:37Z,"","Rhino Atlantic",0.59,0.0179,10,-15.399,1,0.111,0.99,0,0.256,0.508,104.029,4
spotify:track:38fJv1GvxHkHlgbERUuBCJ,"Slam","Bacdafucup","Onyx",1993-03-30,218506,0,true,111573307,2014-08-06T21:20:50Z,"hip hop de la costa este,hardcore hip hop,hip hop old school","Def Jam Recordings",0.878,0.711,4,-12.924,1,0.335,0.0577,0.00635,0.922,0.718,98.332,4
spotify:track:08N1AZhR8L1Px4zLd5yZ7y,"Sweetdreams","Soprotivlenie","James Franko",2014-03-11,230269,0,false,111573307,2014-08-18T19:50:50Z,"","KFR Records",0.378,0.373,1,-11.355,1,0.291,0.174,0.0482,0.668,0.415,90.385,4
spotify:track:2x8DRdIwjCXWMvMRMQ2ZGN,"Summer in the City","El Krusho","The Gutter Brothers",2011-02-01,206253,26,false,111573307,2014-08-18T20:00:11Z,"","SKA Music, Ltd.",0.725,0.786,6,-6.832,0,0.0351,0.0118,0,0.0403,0.916,105.578,4
spotify:track:2ufPxBJAhxfMyD7RVrswPX,"Gayane Ballet Suite: Sabre Dance","The World's Greatest Classical Music","Aram Khachaturian;Boston Pops Orchestra;Arthur Fiedler",2014-08-12,140360,0,false,111573307,2014-08-18T20:05:51Z,"clásica,orquestal","Basilica Music",0.364,0.813,0,-9.748,0,0.09,0.482,0.84,0.209,0.401,90.755,4
spotify:track:0EkB09i9ohIUnsw45jzEyf,"Toxic","Yael Naim","Yael Naim",2007-10-22,267225,0,false,111573307,2014-08-24T10:01:05Z,"","tôt Ou tard",0.647,0.299,8,-11.836,1,0.0632,0.605,0.0000556,0.0685,0.157,120.043,4
spotify:track:7xv9oGsRMD7p2cZTvTfihz,"Like Shit","Instrumental University","araabMUZIK",2012-01-31,177506,0,false,111573307,2014-08-24T13:01:16Z,"","Duke Productions",0.394,0.847,4,0.021,0,0.387,0.0369,0.0938,0.131,0.546,81.22,4
spotify:track:6BQ9e6pyALFWZub5r55yM1,"Drowning In You","Fragile","Pascäal",2013-12-23,192917,33,false,111573307,2014-09-01T20:30:07Z,"","Vresh",0.826,0.445,4,-12.237,1,0.184,0.183,0.241,0.129,0.259,139.97,4
spotify:track:5DBP9C6LwPsvM51xPj9Q5O,"I'm Not Dancing","I'm Not Dancing","Tirzah",2013-08-05,136695,0,false,111573307,2014-09-02T20:35:59Z,"r&b alternativo","Greco-Roman Ltd",0.938,0.679,6,-7.008,0,0.204,0.183,0.67,0.0967,0.682,119.934,4
spotify:track:20dFEP8AXGG0vtXE3XXZFn,"Bugg'n","TNGHT","TNGHT",2012-07-23,205798,0,false,111573307,2014-09-05T14:16:24Z,"edm trap","Warp Records",0.792,0.927,3,-5.194,1,0.0514,0.00357,0.446,0.973,0.184,140.032,4
spotify:track:4hSgbcUKJvu7FnFEvediOM,"Childhood","The Tree of Life (Original Motion Picture Soundtrack)","Alexandre Desplat",2011-05-27,221586,0,false,111573307,2014-09-05T14:18:58Z,"banda sonora,música incidental","Lakeshore Records",0.227,0.0101,7,-31.802,1,0.0363,0.99,0.93,0.0739,0.076,76.469,4
spotify:track:6kB2O2EEDDLR5lghSKal52,"Iron","The Golden Age","Woodkid",2013-03-18,201557,0,false,111573307,2014-09-07T16:29:46Z,"","Green United Music",0.655,0.801,8,-4.326,1,0.0593,0.0655,0.806,0.148,0.482,130.08,4
spotify:track:56kjbUP87bovry1yurwP2t,"When The Saints Go Marchin' In","When The Saints Go Marching In","The Golden Gate Quartet",2010-02-09,166211,21,false,111573307,2014-09-09T09:51:09Z,"góspel tradicional,boogie-woogie,góspel","Successif",0.756,0.25,2,-12.217,1,0.0386,0.888,0,0.129,0.863,98.407,4
spotify:track:3gZOCxPnF64GlOW4SAQysA,"IxC999","Black Earth That Made Me","White Ring",2011-11-21,307428,38,false,111573307,2014-09-13T13:48:47Z,"witch house,dark wave","Rocket Girl",0.67,0.551,4,-7.29,0,0.0271,0.000609,0.491,0.111,0.0356,139.994,4
spotify:track:07ZVs9pwxRNkr6sRyiIeV0,"Lava","Filth Pig","Ministry",1996-01-26,390200,37,false,111573307,2014-09-15T19:47:42Z,"industrial,metal industrial,rock industrial,ebm,dark wave","Warner Records",0.441,0.828,1,-5.855,1,0.0293,0.000132,0.763,0.0875,0.329,184.474,4
spotify:track:2bXnmDlRL4bD9xJG2VWOvI,"I Against I - 2006 Digital Remaster","Collected","Massive Attack;Mos Def",2006-03-27,342240,45,false,111573307,2014-09-21T11:56:38Z,"trip hop,downtempo,hip hop de la costa este,hip hop old school,hip hop","Virgin Records",0.678,0.578,6,-8.848,0,0.0459,0.00326,0.0506,0.11,0.284,99.992,4
spotify:track:58M2A8KjUuyMUgTcbSohWw,"Skanky Panky","Some Of My Best Friends Are DJs","Kid Koala",2003-10-06,204786,37,false,111573307,2014-09-22T21:23:50Z,"trip hop,plunderphonics","Ninja Tune",0.882,0.567,1,-10.653,1,0.344,0.0984,0.828,0.072,0.802,118.8,4
spotify:track:0mGgN6D36IFwMbKtJSesKl,"Don't Wait","Don't Wait","Mapei",2014-04-04,215773,57,false,111573307,2014-09-29T13:28:56Z,"","Columbia",0.748,0.496,7,-6.119,1,0.0557,0.0825,0,0.163,0.333,98.971,4
spotify:track:0HbLlDbamHPZWWKEhrNGs7,"Oju","Ojú","Las Niñas",2003-04-25,243013,8,false,111573307,2014-10-08T15:39:09Z,"flamenco,flamenco pop,flamenco urbano","Parlophone Spain",0.775,0.712,6,-5.26,0,0.0969,0.0707,0.0000223,0.0975,0.727,99.604,4
spotify:track:5rYzAkwmN9BK0a23komDje,"Hit A Muthafucka","Most Known Hits","Three 6 Mafia",2005,235293,33,true,111573307,2014-10-13T13:46:56Z,"hip hop sureño americano,horrorcore,crunk,rap gangster","Hypnotize Minds/Sony Urban Music/Columbia",0.875,0.86,11,-4.927,0,0.224,0.0337,0.0000384,0.803,0.886,156.846,4
spotify:track:1Az9hIN0ND0iQXZJa0QcZA,"Cameltoe","Harold & Kumar Go To White Castle: The Album (Original Soundtrack)","Fannypack",2004-01-01,197119,8,true,111573307,2014-10-27T23:49:43Z,"electroclash","Sall Entertainment Group Inc. \ Fontana North",0.902,0.731,2,-6.17,1,0.0492,0.00202,0.0162,0.043,0.924,129.99,4
spotify:track:1qVPm6PpHgKCfTLxpTsdjf,"Jungle Love","Porno Soundtraxxx","Matt Hirt",2007-03-07,143720,2,false,111573307,2014-10-27T23:51:49Z,"","Fervor Records",0.78,0.56,5,-12.077,0,0.057,0.307,0.591,0.0562,0.853,97.006,4
spotify:track:7kmRP0PVdqqKD98EWENAXu,"Sur La Scène","Rester la même / Attitudes","Lorie",2003,258493,0,false,111573307,2014-11-20T20:25:55Z,"variété francesa,pop francés,chanson","SBME Strategic Marketing Group",0.494,0.91,1,-3.409,0,0.0492,0.0016,0.0000683,0.0772,0.481,119.009,4
spotify:track:0DXI6c9tNWsI4tvUftkQN8,"Tu Calorro","Estopa","Estopa",1999-10-18,190626,68,false,111573307,2014-11-20T22:17:35Z,"flamenco,flamenco pop","Ariola",0.713,0.768,0,-9.115,1,0.0662,0.229,0,0.447,0.962,88.012,4
spotify:track:4wtR6HB3XekEengMX17cpc,"Children","Children (Dance Vault Mixes)","Robert Miles",1996-07-11,243266,78,false,111573307,2014-11-24T16:54:25Z,"trance,eurodance","Arista",0.604,0.755,0,-10.761,1,0.0337,0.000298,0.817,0.0625,0.387,137.064,4
spotify:track:7EY92s5617dlVFZXxIpQlY,"Egredimini","Not a Second Time","Ophelia's Dream",2004-11-15,185000,0,false,111573307,2014-11-24T17:04:23Z,"música neoclásica,neofolk","Kalinkaland",0.201,0.563,11,-10.529,0,0.033,0.961,0.895,0.0998,0.0514,142.03,3
spotify:track:2TVFkuTpFRhPA3GWlLuKK4,"Tom Thum","Legends Never Die","R.A. The Rugged Man",2013-04-30,192040,0,true,111573307,2014-11-26T00:06:22Z,"hip hop underground,hip hop de la costa este","Greenstreets Entertainment",0.775,0.959,8,-2.512,0,0.281,0.22,0.00000186,0.0633,0.885,94.073,4
spotify:track:1mzGywacjpeik00PVLBPpF,"All of Me - Tiësto's Birthday Treatment Remix - Radio Edit","All of Me (Tiësto's Birthday Treatment Remix - Radio Edit)","John Legend;Jason Agel;Tiësto",2014-02-25,251613,59,false,111573307,2014-11-26T00:10:09Z,"pop suave,neo soul,edm,trance,big room","G.O.O.D. Music/Columbia",0.606,0.72,5,-6.253,0,0.0283,0.000149,0.00165,0.0745,0.178,127.985,4
spotify:track:2Q6bndA2CeuoWUnErmWmmA,"Black Betty - Edit","Tonight Alright","Spiderbait",2004-03-29,205973,1,false,111573307,2014-11-30T23:16:12Z,"","Universal Music Group",0.562,0.865,7,-6.476,0,0.0922,0.0000206,0.591,0.219,0.35,124.047,4
spotify:track:4uzUaLgdJWB7vF3vJKbETu,"Kyoto (prod. Yung Gud)","Kyoto","Yung Lean",2013-12-10,270000,0,false,111573307,2014-11-30T23:18:14Z,"cloud rap","Revenue",0.623,0.716,11,-7.449,0,0.207,0.22,0.00000254,0.113,0.203,116.914,4
spotify:track:4bj3Hjx3nLEdzLHQsRHHIR,"Rama Lama Ding Dong","Doo Wop","The Edsels",2008-10-27,149133,0,false,111573307,2014-12-14T17:48:43Z,"doo-wop","Vine",0.635,0.573,1,-8.449,1,0.0426,0.373,0,0.174,0.946,122.529,4
spotify:track:6fUPhsI7pGxzmKRU6kzKY0,"Me Voy","Limón y Sal","Julieta Venegas",2006-05-25,187520,0,false,111573307,2014-12-18T21:21:38Z,"pop latino,rock latino","Ariola",0.575,0.679,2,-3.845,1,0.0278,0.0664,0,0.0956,0.601,107.878,3
spotify:track:3xeq6WhZd29WFzElzFGra9,"Oil","There Will Be Blood (Music from the Motion Picture)","Jonny Greenwood",2007-12-17,184986,25,false,111573307,2014-12-18T21:39:31Z,"música incidental","Nonesuch",0.174,0.283,1,-12.945,0,0.0409,0.681,0.0454,0.0566,0.0333,81.223,3
spotify:track:6vQHxIHj6mFAsHgP6F52tf,"Ms. Ho","Chinoiseries pt 2","Onra",2011-11-15,116758,0,false,111573307,2014-12-18T21:42:56Z,"trip hop","All City Dublin",0.574,0.542,4,-7.773,0,0.138,0.0227,0.868,0.288,0.383,82.427,4
spotify:track:62kBVnzcTNUupkXJtpvzj4,"The Sky Is Fallin' Down","Blues for the Modern Daze","Walter Trout",2012-04-20,222800,0,false,111573307,2014-12-20T19:42:37Z,"blues rock,blues modern,blues,classic blues","Provogue Records",0.487,0.889,7,-6.758,0,0.0613,0.00162,0.541,0.311,0.686,110.021,4
spotify:track:6SfbG7V8fKohZiemt1wb8Z,"Je te promets - Down Lo Remix","Je te promets (Down Lo Remix)","Zaho",2009,197973,0,false,111573307,2014-12-20T20:01:04Z,"r&b francés,pop francés,pop urbaine,variété francesa","Parlophone (France)",0.614,0.626,2,-8.191,1,0.0287,0.0466,0,0.328,0.488,72.475,4
spotify:track:1tiiE56SgAXuPqBk20hQw4,"Make Someone Happy","As Time Goes By: The Best Of Jimmy Durante","Jimmy Durante",2008-12-09,111986,31,false,111573307,2015-01-04T18:45:52Z,"adult standards","Warner Archives",0.348,0.2,5,-13.727,0,0.0474,0.636,0,0.124,0.421,169.821,3
spotify:track:3BcvyLldynIsl0hBXei508,"Let It Snow! Let It Snow! Let It Snow!","The Classic Christmas Album (Remastered)","Frank Sinatra",2014-11-07,152826,0,false,111573307,2015-01-04T18:45:55Z,"navidad,big band,adult standards,swing,jazz,vocal jazz","Must Have Records",0.582,0.423,2,-7.788,1,0.0499,0.877,0,0.825,0.826,144.078,4
spotify:track:2JI71GHwq2LN8mtq3iCLYo,"CoCo","CoCo","O.T. Genasis",2014-11-10,239573,65,true,111573307,2015-01-05T00:49:17Z,"","The Conglomerate Entertainment/Atlantc Records",0.886,0.628,8,-5.949,1,0.131,0.00215,0.0000115,0.31,0.178,119.906,4
spotify:track:0tYPj0NYa7vjlJaqlRSnJb,"Chain Hang Low","Jibbs feat. Jibbs","Jibbs",2006-01-01,207586,61,true,111573307,2015-01-17T16:04:36Z,"crunk","Geffen",0.792,0.589,4,-6.869,0,0.262,0.0259,0.000128,0.114,0.778,157.147,4
spotify:track:3ItzRpwvKtkDSNdRSjXu7Z,"Chelsea Dagger","Costello Music","The Fratellis",2007-01-01,215173,67,false,111573307,2015-01-17T16:05:06Z,"","Interscope",0.512,0.817,7,-3.154,1,0.142,0.0505,0,0.0775,0.552,154.607,4
spotify:track:1pHP4JeQV9wDx87D6qH9hD,"Here It Goes Again","Oh No","OK Go",2005-01-01,179813,66,false,111573307,2015-01-17T16:05:47Z,"","Capitol Records",0.537,0.882,0,-2.306,1,0.0403,0.00035,0.0000906,0.12,0.81,145.73,4
spotify:track:0Hxty2K8F2DrrCXQyQVpBo,"You Spin Me Round (Like A Record)","Felons and Revolutionaries","Dope",1999-09-06,163666,61,false,111573307,2015-01-20T13:03:48Z,"metal industrial,nu metal,rock industrial,metal","Epic/Flip",0.602,0.876,11,-5.212,1,0.0442,0.000122,0.00000716,0.108,0.713,128.563,4
spotify:track:2KmEgiY8fQs0G6WNxtzQKr,"Baba O'Riley","Who's Next (Deluxe Edition)","The Who",1971-08-14,300400,2,false,111573307,2015-02-17T20:03:42Z,"rock clásico,rock","Universal Music Group",0.489,0.724,5,-8.367,1,0.0352,0.313,0.185,0.287,0.15,117.292,4
spotify:track:0Pac9xqyvTuXgA0CrJXz2R,"Shorty - Remix","Rnb 7","Imajin",1997,249360,0,false,111573307,2015-02-17T20:07:11Z,"quiet storm","Hh mixtapes",0.717,0.606,10,-9.29,0,0.21,0.00323,0.0000317,0.288,0.831,98.538,4
spotify:track:7g4K04OBAxOkReyTGazHmS,"She Wants To Move - Justice Remix","The Best Of","N.E.R.D",2011-01-01,244786,17,false,111573307,2015-02-17T20:24:16Z,"","Virgin Records",0.665,0.815,7,-5.487,1,0.325,0.199,0.00095,0.188,0.702,117.042,4
spotify:track:4iG2gAwKXsOcijVaVXzRPW,"Time to Pretend","Oracular Spectacular","MGMT",2007-12-14,261000,82,true,111573307,2015-03-25T00:12:23Z,"indie","Red Ink/Columbia",0.438,0.94,2,-3.249,1,0.0452,0.0000874,0.0777,0.3,0.421,100.99,3
spotify:track:0PwKsFzNiOTnAus6fj7zJn,"Sober","Kauai","Childish Gambino",2014-10-03,252013,0,false,111573307,2015-06-03T21:22:18Z,"","Glassnote",0.701,0.6,0,-6.515,1,0.0311,0.115,0.0000501,0.513,0.446,98.029,4
spotify:track:0ysmhSqZrkiRkRH4mH8rDn,"The Hills","The Hills","The Weeknd",2015-05-27,242519,0,true,111573307,2015-06-21T18:52:27Z,"","Universal Music Ltd.",0.576,0.55,0,-7.01,0,0.0649,0.083,0,0.139,0.107,113.048,4
spotify:track:3KINLumBmgsyNhlSR6Szmq,"Dale Don Dale Remix","Da Hitman Presents: Reggaetón Latino (Int'l Version)","Don Omar;Fabolous",2005-01-01,215373,0,false,111573307,2015-06-21T19:26:45Z,"reggaetón,urbano latino","Universal Music",0.766,0.796,2,-4.92,1,0.153,0.00905,0,0.129,0.195,95.109,4
spotify:track:2FDBGrBP54dyOorKGlnPJo,"Here With Me","North","Sango",2013-07-13,188085,0,false,111573307,2015-07-15T20:08:03Z,"","Soulection",0.467,0.591,2,-9.149,0,0.168,0.0636,0.0485,0.128,0.154,141.073,4
spotify:track:38q5Et8xGAnNkUE0kGuC6b,"Mulungu Wanga","Freedom","AKA",2015-07-05,234853,0,false,111573307,2015-07-16T20:51:47Z,"kuduro","Zambia Music Copyright Protection (Gospel) Society",0.814,0.944,7,-2.016,1,0.0459,0.381,0.00000383,0.123,0.891,98.004,4
spotify:track:2BltpPhRkHhIfQvmehYY2p,"Guaglione","Marino Marini","Marino Marini",2002-01-24,196840,44,false,111573307,2015-09-02T20:34:33Z,"","Ricordi",0.533,0.401,0,-8.639,1,0.0429,0.888,0.00000406,0.117,0.603,164.5,4
spotify:track:6neLvz6B7Oa3MI7dGqQyjQ,"African Scream - Marimbas","African Scream","Dotorado Pro",2015-04-20,202349,0,false,111573307,2015-10-05T14:01:59Z,"kuduro,afro house,kizomba,azonto,afrobeat,afrobeats,coupé décalé","Enchufada",0.737,0.787,2,-4.614,0,0.0429,0.0864,0.282,0.237,0.232,130.087,4
spotify:track:32Gf0AD6MkvkHuWOSB2GuN,"Hun Vil Ha","Over Askeskyen (Deluxe Version)","Pede B",2012-05-21,221195,44,false,111573307,2015-10-18T11:49:21Z,"rap danés,dansktop,pop danés","Target Records",0.629,0.632,7,-8.221,1,0.35,0.227,0,0.0539,0.676,86.722,4
spotify:track:6zhhou0uz44lF7XSOF6PC5,"So Far to Go Feat. Common & DAngelo","The Shining","J Dilla",2006-10-03,336813,0,true,111573307,2015-10-18T11:58:45Z,"plunderphonics,hip hop alternativo,jazz rap","",0.653,0.557,5,-5.34,0,0.0457,0.00776,0.000056,0.354,0.293,90.367,4
spotify:track:48f2WOMpaL4IsRxtOhYar7,"Dat Doen We Niet Meer","Goeie Dingen","Önder;Cartiez;Ronnie Flex;Jiggy Djé",2014-06-02,360014,23,false,111573307,2015-10-21T14:03:25Z,"new wave,nederpop,canciones de las islas molucas,holandesa","Noah's Ark BV",0.788,0.633,4,-6.676,0,0.325,0.111,0,0.0592,0.534,119.933,4
spotify:track:3xf9GbVqLnDgL2x0xztcTV,"A.W.A","Corleone","Lacrim;French Montana",2014-01-01,162733,71,true,111573307,2015-10-28T11:23:48Z,"rap francés","Universal Music Division Capitol Music France",0.835,0.732,1,-5.045,1,0.0458,0.0121,0,0.138,0.281,100.002,4
spotify:track:5SteThTPwFkssBFVBLfKc4,"Le fruit défendu","Le chant de l'exilé","Mystik;White & Spirit;K-Reen",2000-01-01,222160,46,false,111573307,2015-11-23T17:25:27Z,"rap francés,r&b francés,zouk,kompa,kizomba","Cercle Rouge Productions",0.585,0.606,9,-10.059,0,0.231,0.282,0,0.253,0.465,176.881,4
spotify:track:1QasmyPEtfhtkmZ2v2VOXP,"Set Up","IT (Incomparable Talent)","Busy Signal",2013-07-09,177360,0,false,111573307,2015-12-03T11:07:37Z,"dancehall,reggae,lovers rock,ragga,riddim,soca,roots reggae","Turf Music Entertainment / VPAL Music",0.707,0.781,11,-5.712,1,0.0818,0.313,0.000366,0.0943,0.789,93.911,4
spotify:track:1bmnlM7k7q1E8kO4SSrZBn,"Summer Of Love - Radio Edit","Summer Of Love","Lonyo",2000-03-03,234826,48,false,111573307,2015-12-08T17:00:58Z,"uk garage,funky británico","Altra Moda Music",0.883,0.726,11,-8.428,0,0.153,0.0452,0.000168,0.331,0.96,130.623,4
spotify:track:7syud25TQHlH7EJp3Tr7SC,"Labanta","Gevoelig Feestje","Broederliefde",2014-08-29,212026,48,false,111573307,2015-12-21T23:57:30Z,"","Top Notch Music BV",0.796,0.746,4,-7.084,0,0.0943,0.0753,0.000134,0.153,0.684,120.008,4
spotify:track:7tf9gE027SufxaKyG34kfP,"I wanna be with you - Original Mix","I Wanna Be With You","Undercontrol;TL",2011-02-28,369541,27,false,111573307,2015-12-22T00:00:51Z,"future house,house latino","G-Rex Music",0.768,0.616,1,-7.723,1,0.088,0.118,0.575,0.0736,0.254,124.003,4
spotify:track:4j1Bk0BEIGCF9hR7cSwl9d,"Candy Rain","Candy Rain","Soul For Real",1995,276066,75,false,111573307,2015-12-22T00:00:59Z,"new jack swing,r&b","Geffen*",0.589,0.699,11,-7.529,0,0.0788,0.00389,0.0000476,0.0577,0.63,188.253,4
spotify:track:1rjBKXur33XGssW2hutQby,"clarks","Clarks Mad Collab Riddim","Vybz Kartel;Gaza Slim;Popcaan",2010-03-31,186363,0,false,111573307,2016-05-13T08:03:31Z,"dancehall,soca,riddim,ragga,reggae,afrobeats","Cr203/ZJ Chrome",0.727,0.848,1,-3.498,1,0.349,0.191,0,0.1,0.795,99.558,4
spotify:track:33pqg3nzIibVkqS8Q7xMiu,"SuperDuperHero","Smyle","KYLE;SuperDuperBrick",2015-10-02,258769,0,true,111573307,2016-05-16T17:23:19Z,"","Indie-Pop",0.686,0.713,0,-4.284,1,0.294,0.174,0,0.234,0.481,109.941,4
spotify:track:6QphwiSDDtoLf4ylkmx0ye,"Mr. Officer","Love Is Wicked","Brick & Lace",2007-01-01,222880,26,false,111573307,2016-06-08T14:21:06Z,"dancehall","Konvict Live/Geffen Records",0.553,0.847,9,-3.687,0,0.151,0.0452,0,0.184,0.427,75.608,4
spotify:track:666ZsXMma7YhRgbTDWlIa2,"Boom Boom","Neuf Vies","Jango Jack",2003-01-01,207560,8,false,111573307,2016-06-30T11:32:14Z,"r&b francés,rap francés","Universal Music Division Barclay",0.785,0.449,10,-8.423,0,0.138,0.42,0,0.174,0.782,101.568,4
spotify:track:3j0hPvehRQqlOEu554gZmE,"J'Pète Les Plombs - Intro","Le Poisson Rouge","disiz",2000-01-01,224346,0,false,111573307,2016-06-30T12:26:19Z,"rap francés","Barclay",0.806,0.722,1,-6.061,1,0.368,0.022,0,0.0898,0.914,96.053,4
spotify:track:5eTG4tkqHtqHiQF9rybVLK,"Regarde le monde","Le meilleur de l'Arsenik","Ärsenik",2007-03-19,301666,20,true,111573307,2016-07-02T16:54:59Z,"rap francés,r&b francés","Parlophone (France)",0.74,0.809,6,-4.734,1,0.217,0.0163,0.0000962,0.107,0.524,92.067,4
spotify:track:7kw6yVmdZGuRcWGi4adXYT,"Take Me Out","Franz Ferdinand","Franz Ferdinand",2004,239026,1,false,111573307,2016-07-12T20:19:26Z,"indie rock","Domino Records",0.273,0.665,9,-8.795,1,0.0382,0.000458,0.000893,0.117,0.514,104.656,4
spotify:track:44Xgp13T5ab99beJ0edP6b,"CHA CHA","#1EpicEP","DRAM",2015-03-03,250107,42,false,111573307,2016-08-04T17:08:58Z,"","#1EpicCheck LLC / EMPIRE",0.734,0.743,1,-6.689,1,0.0345,0.000537,0.00000302,0.111,0.656,135,4
spotify:track:2wXY4tEe8OkDkstmHPS4cA,"Pass That Shit","Double Cup","DJ Rashad;Spinn;Taso",2013-10-22,258013,0,false,111573307,2016-08-06T21:24:26Z,"footwork,house de chicago,miami bass,g-house,club de baltimore","Hyperdub",0.516,0.511,11,-10.032,0,0.411,0.012,0.117,0.151,0.46,117.563,4
spotify:track:2urARtcplwTe87mObV2tfM,"Sound of da Police - Freq Nasty's Breakbeat Bacon Mix","The Essential New School Vs. Old School","KRS-One;Freq Nasty",2014-03-14,390080,14,false,111573307,2016-08-06T21:28:53Z,"hip hop old school,hip hop de la costa este,hip hop,hardcore hip hop,breakbeat,big beat","Jive/Legacy",0.816,0.912,6,-4.984,1,0.13,0.000258,0.221,0.0616,0.584,124.79,4
spotify:track:13ZJBtTzFHPNQuk3i1Edsq,"Loyalty Never Leaves","Elephant in the Room","Lance Knight",2015-03-05,290821,0,true,111573307,2016-08-25T21:50:46Z,"","Knight Music",0.7,0.538,7,-8.351,1,0.453,0.115,0,0.315,0.468,78.571,4
spotify:track:1JHHPRDCXts9M7mTyVN3Ja,"Animales (feat. Nicki Minaj)","Fórmula, Vol. 2 (Deluxe Edition)","Romeo Santos;Nicki Minaj",2014-02-25,169880,57,false,111573307,2016-10-12T17:59:10Z,"bachata,latina","Sony Music Latin",0.765,0.603,10,-6.423,0,0.242,0.0278,0,0.128,0.244,93.005,4
spotify:track:5pdUFWaE6qGMuqSOJLrZuT,"Superstarr Pt. Zero","Exit","K-OS",2002-01-01,291466,28,false,111573307,2017-02-14T16:13:46Z,"hip hop alternativo","EMI Music Canada",0.696,0.989,7,-4.863,0,0.169,0.142,0.000007,0.315,0.0395,112.517,4
spotify:track:4PnA52pJrqlSVrF7DYWzWb,"Battle - mixed","Tapes","Wookie;Lain",2013-10-14,182480,0,false,111573307,2017-02-14T16:14:52Z,"uk garage,funky británico,funky house,bassline,downtempo","!K7 Records",0.638,0.802,0,-5.369,0,0.0514,0.0352,0.000177,0.0609,0.348,123.034,4
spotify:track:4t8joxPmbYmcnx5eb7SVK3,"Jika","Su Casa (Europe Release)","Mi Casa",2014-08-26,286649,0,false,111573307,2017-02-22T22:29:09Z,"","34 Music",0.87,0.597,1,-9.934,1,0.0783,0.0153,0.0106,0.0629,0.7,123.949,4
spotify:track:5vIu19A3EEdHgFM4Cba6F4,"Choices (Yup)","Sharp On All 4 Corners (Deluxe Edition)","E-40",2014-12-09,272720,0,true,111573307,2017-02-22T22:38:23Z,"hyphy,hip hop de la costa oeste,g-funk","HEAVY ON THE GRIND ENTERTAINME (HT2)",0.891,0.605,9,-7.236,0,0.367,0.145,0.000348,0.0909,0.24,120.002,4
spotify:track:6OJ5jV3ClJbMgyZj6H5hK0,"Lock Doh","Landlord","Giggs;Donae'o",2016-08-05,189426,0,true,111573307,2017-02-22T22:39:12Z,"grime,uk grime,drill británico,funky británico,funky house,azonto,bassline,afroswing","SN1 Records",0.883,0.637,6,-5.779,1,0.0756,0.183,0.000721,0.111,0.672,92.502,4
spotify:track:4lhNooc0jjoMR4CPzuwkR1,"Avec classe","Parce qu'on vient de loin","Corneille",2003-10-09,227732,0,false,111573307,2017-02-22T22:41:30Z,"r&b francés,pop francés,variété francesa,chanson québécois,chanson","Wagram Music",0.789,0.656,5,-6.735,0,0.0758,0.0105,0.00103,0.132,0.74,98.014,4
spotify:track:2C453OknNbSVTqZb7DfrPT,"Cherry Funk (feat. KAYTRANADA)","The Other Day","Pomo;KAYTRANADA",2014-11-17,165667,27,false,111573307,2017-02-22T22:43:13Z,"nu disco","Ultra Records, LLC",0.884,0.567,9,-6.416,0,0.0476,0.0109,0.852,0.067,0.602,120.018,4
spotify:track:6VMBDRkJ1oeZjEyKLf6sGn,"Parce qu'on vient de loin","Parce qu'on vient de loin","Corneille",2003-10-09,232932,0,false,111573307,2017-03-01T20:58:01Z,"r&b francés,pop francés,variété francesa,chanson québécois,chanson","Wagram Music",0.756,0.571,11,-6.613,0,0.22,0.107,0.0000552,0.106,0.728,91.977,4
spotify:track:3kFJSPs4W5UIgUJd79SmJG,"Locked Up (feat. Akon)","Voltage/Ac","Voltio;Akon",2014-10-07,248226,0,false,111573307,2017-03-17T17:24:57Z,"reggaetón,hip hop latino","White Lion Records",0.607,0.517,7,-8.563,1,0.393,0.12,0,0.105,0.352,179.814,4
spotify:track:12n8d0AfedBQysTcN4Tg6W,"Obianuju","Legacy (Ahamefuna)","Duncan Mighty",2011-01-19,221080,54,false,111573307,2017-03-17T17:25:29Z,"afrobeats,afrobeat,azonto,highlife,hiplife","W AireMighty",0.696,0.693,1,-4.031,1,0.101,0.187,0,0.0771,0.935,108.928,4
spotify:track:2ChNJTAMVSDEc8hsdiF1Vs,"La Sauce","H-24","Hamza",2015-05-11,189518,0,true,111573307,2017-03-17T17:27:14Z,"rap francés,pop urbaine,r&b francés","Unilab",0.623,0.611,11,-6.079,0,0.533,0.575,0.0000185,0.0694,0.573,112.753,4
spotify:track:6p0FS5Vn8oP0yS7VclPs6z,"Go (Crazy Cousinz Remix) Radio Edit","Go (Now It's Over Boy)","Meleka",2009-01-26,170659,0,false,111573307,2017-03-30T08:04:28Z,"funky británico,funky house","MMR",0.387,0.866,11,-6.022,1,0.262,0.0459,0,0.392,0.749,189.577,3
spotify:track:624TiVPFYskSkdSqBq5I6e,"Bounce","The Pink Polo EP","Masego;Medasin",2016-04-05,230280,32,false,111573307,2017-04-03T00:57:28Z,"future bass","TrapHouseJazz",0.756,0.47,5,-9.067,1,0.129,0.0758,0,0.058,0.606,128.165,4
spotify:track:2VDdoBA24QICNHn5JkJwyE,"Born For Greatness","Born For Greatness","Papa Roach",2017-03-31,227847,1,false,111573307,2017-04-03T01:09:21Z,"nu metal,rap metal,metal alternativo,rap rock,rock","Eleven Seven Music",0.518,0.849,9,-5.472,0,0.0664,0.0561,0,0.0569,0.299,134.093,4
spotify:track:5nCtCCB5i1OfbADvynNw0i,"Shape of You (feat. Zion & Lennox) - Latin Remix","Shape of You (feat. Zion & Lennox) [Latin Remix]","Ed Sheeran;Lennox;Zion",2017-03-01,237664,57,false,111573307,2017-04-03T01:16:28Z,"pop suave,reggaetón","Atlantic Records UK",0.787,0.872,1,-1.397,0,0.0871,0.168,0.00000151,0.0408,0.46,95.995,4
spotify:track:5nR1FL7koznk1OkRpjuZsH,"Southside Anthem - Kaytranada Remix","Diggity Two","Big Dope P;KAYTRANADA",2013-07-29,261035,0,false,111573307,2017-04-03T08:16:56Z,"footwork,jersey club,club de baltimore","Moveltraxx",0.71,0.61,2,-6.059,0,0.0756,0.0208,0.429,0.232,0.298,140.103,4
spotify:track:1V0KfPViGW84BcmpQ5sNaX,"What You Wanna Do","You","Jean Tonique",2015-03-30,251106,0,false,111573307,2017-04-07T21:57:09Z,"nu disco,house francés,indie pop francés","Partyfine",0.614,0.718,6,-5.669,0,0.097,0.00375,0.936,0.0601,0.453,216.093,4
spotify:track:3qb9Fv1hvfvu1JDssgHni7,"Make It Funky for Me - Radio Edit","Make It Funky for Me","Attacca Pesante;Shea Soul",2009-10-28,173693,0,false,111573307,2017-04-12T13:55:50Z,"funky británico,funky house,uk garage","Digital Soundboy",0.883,0.59,1,-11.894,1,0.141,0.0931,0.18,0.0732,0.893,128.933,4
spotify:track:4xzUN1LCcqPwLoPaVwxXjV,"Na Hora (feat. Faktiss & Chris MC Clenney)","Da Rocinha 3","Sango;Faktiss;McClenney",2015-11-12,192500,0,false,111573307,2017-04-12T13:58:04Z,"rap francés,r&b alternativo","Sango",0.789,0.616,6,-9.982,1,0.365,0.314,0,0.114,0.367,123.985,4
spotify:track:2oFMQdhYZUVd63DKRgJNVV,"Drunk on Love","The Sweetest Illusion","Basia",1994,284533,37,false,111573307,2017-04-22T10:59:22Z,"jazz pop,smooth jazz","Epic",0.732,0.786,1,-6.644,0,0.0356,0.0586,0.000855,0.0727,0.815,108.982,4
spotify:track:6dcOj09sdRuF1HiDOyGALv,"Narcos","Major Without a Deal Reloaded","Troy Ave",2015-10-06,158145,0,true,111573307,2017-04-26T07:56:44Z,"","BSB Records / EMPIRE",0.804,0.814,10,-5.898,0,0.267,0.0465,0,0.14,0.733,93.917,4
spotify:track:6jjQHv8A394Dz1HjYrr2jv,"Luh You","Venice","Anderson .Paak",2014-10-28,210720,0,true,111573307,2017-04-26T07:58:47Z,"","OBE / EMPIRE",0.697,0.72,7,-5.805,1,0.351,0.0954,0.00000204,0.0819,0.662,117.051,4
spotify:track:5haRbp74iaetQO1xDyfvRg,"Feel so Good","Rangoose, Vol. 1","Nu Brand Flexxx;Jam K",2008-09-01,218306,0,true,111573307,2017-04-26T08:00:32Z,"grime,uk grime","Avalanche Music",0.749,0.727,3,-7.41,0,0.108,0.0781,0.0000358,0.244,0.804,138.442,4
spotify:track:2d8e9DTSbbMohXgIVv55PZ,"Get Guap Rook Drugs","Get Guap Rook Drugs","Wolf",2016-10-14,183336,0,true,111573307,2017-05-11T15:31:24Z,"","Koninkrijk Van Muziek",0.778,0.459,4,-9.623,0,0.0876,0.206,0.00000161,0.0543,0.0766,125.953,4
spotify:track:3mogmakkKiKWOB0tVj1X9i,"Foreplay","Charlie Eastern","Jalen Santoy",2016-11-18,171370,44,false,111573307,2017-05-18T21:01:04Z,"","Ventwood Entertainment / EMPIRE",0.793,0.315,1,-7.457,1,0.0825,0.143,0.0142,0.113,0.541,118.824,4
spotify:track:7ckcaUS9xazUS0KMvrX1jy,"The Takeover","The Takeover","Tina (Hoodcelebrityy)",2016-12-15,138109,5,true,111573307,2017-06-14T12:15:09Z,"dancehall,soca","Female Shotta Records",0.598,0.374,4,-11.086,0,0.431,0.82,0.0000442,0.105,0.235,79.763,1
spotify:track:1MeMfXuGPbO4qWVFZ1MeAV,"Peter Gunn (feat. Duane Eddy)","In Visible Silence","The Art Of Noise;Duane Eddy",1986-04-14,228000,44,false,111573307,2017-06-17T16:38:11Z,"synthpop,surf rock,rockabilly","Rhino",0.657,0.917,10,-6.586,1,0.0321,0.00921,0.832,0.201,0.879,119.899,4
spotify:track:4IIUaKqGMElZ3rGtuvYlNc,"Wild Thoughts","Wild Thoughts","DJ Khaled;Rihanna;Bryson Tiller",2017-06-16,204664,1,true,111573307,2017-06-22T14:03:10Z,"trap soul,r&b","Epic/We The Best",0.613,0.681,8,-3.089,1,0.0778,0.0287,0,0.126,0.619,97.621,4
spotify:track:5pE9vMyvVNOpZFutt6lyy4,"Sleeping Powder","Sleeping Powder","Gorillaz",2017-06-16,166481,63,false,111573307,2017-06-23T09:22:41Z,"","Parlophone UK",0.722,0.597,4,-5.964,0,0.0264,0.174,0.183,0.181,0.389,103.975,4
spotify:track:4mJDfMcT7odIUjWlb2WO4L,"Baby One More Time - Recorded at Spotify Studios New York City","Spotify Singles","Ed Sheeran",2017-06-07,177214,58,false,111573307,2017-06-23T09:28:44Z,"pop suave","Atlantic Records UK",0.792,0.307,11,-6.224,0,0.0522,0.189,0,0.0834,0.631,104.511,4
spotify:track:47XPBMbJn8165EjIGiRnQt,"DiCaprio","DiCaprio","Vazco X Ramses",2017-06-29,217452,46,false,111573307,2017-07-15T09:25:43Z,"rap francés,rap quebequés","Vazco x ramses",0.801,0.653,7,-8.233,1,0.368,0.313,0,0.0971,0.361,109.961,4
spotify:track:2jGUAB6hKlzK0pZmZpQ02g,"Be Faithful","Fatman Scoop ""Hottest Featured Artist Recordings""","Fatman Scoop;The Crooklyn Clan",2008-10-09,214910,64,true,111573307,2017-07-16T20:10:37Z,"","AV8 Records",0.709,0.895,7,-3.135,1,0.272,0.0338,0,0.26,0.684,101.148,4
spotify:track:35fSn98mfmnIVO4MnnhFws,"#Spliff","Les # de Gros Mo","Gros Mo",2016-10-14,222839,21,true,111573307,2017-07-17T18:34:33Z,"rap francés,r&b francés","Ailleurs",0.82,0.456,5,-7.751,0,0.362,0.44,0,0.105,0.755,118.105,4
spotify:track:7sP6ZHbbKomuRYM0Ipks44,"Roulez jeunesse","Avant","Jorrdee",2017-04-14,206769,4,true,111573307,2017-07-17T18:42:36Z,"rap francés","Rec. 118 / Hotel Dieu",0.683,0.692,1,-4.316,0,0.251,0.0645,0,0.0986,0.316,130.214,4
spotify:track:5Gjy7n18pflYDgYsTG1DZ6,"Yakuza","Evo 2","Monsieur Nov",2017-05-26,195506,13,false,111573307,2017-07-17T18:45:13Z,"r&b francés,pop urbaine,rap francés","Interludes",0.462,0.548,4,-6.869,0,0.261,0.322,0.000945,0.12,0.226,108.763,4
spotify:track:05KkaJY8tDurd6XjNJwvjc,"La rumba","Du rire aux larmes","SNIPER",2001-01-30,259466,37,false,111573307,2017-10-02T14:06:47Z,"rap francés,r&b francés","Desh Musique",0.772,0.811,0,-3.718,1,0.266,0.0462,0,0.777,0.93,94.942,4
spotify:track:7HEcT2WhsA1HTQQEu58Vci,"Gohan Attack","Stro Elliot","Stro Elliot",2016-12-16,163639,0,false,111573307,2017-10-02T14:10:06Z,"","Street Corner Music",,,,,,,,,,,,
spotify:track:3KH8lL0YigCOb8ndVndxgR,"James Baby","Stro Elliot","Stro Elliot",2016-12-16,126362,0,false,111573307,2017-10-02T14:10:45Z,"","Street Corner Music",0.9,0.645,0,-11.638,1,0.0624,0.000102,0.457,0.0988,0.547,111.046,4
spotify:track:6ubaO4iPmPCrtSsMkfmw9v,"Feelings","Diary of a Digital Soundboy","SHY FX;T. Power",2005-10-17,287626,2,false,111573307,2017-10-09T18:24:01Z,"jungle,drum and bass,bassline,uk garage","Digital Soundboy",0.595,0.953,4,-2.448,0,0.164,0.0401,0.0172,0.109,0.461,177.917,4
spotify:track:54i2EuuZOoI7VV0NBXejwJ,"Bon Vibe","Bon Vibe","Jeon;Ataniro",2015-08-14,249947,0,false,111573307,2017-11-01T13:02:07Z,"","Artsounds",0.795,0.83,2,-7.361,1,0.336,0.362,0,0.579,0.767,94.969,4
spotify:track:4njUM69zUZ634vktDyzQHx,"Ik Zag Je","Free Wifi","Yung Internet",2016-07-16,277202,0,false,111573307,2017-11-01T13:03:36Z,"","Yellinek Records",0.898,0.405,4,-9.595,1,0.0765,0.0638,0.132,0.1,0.393,119.989,4
spotify:track:17t7OexaCBldQP7rbC1ViS,"Wake Up!","Wake Up!","DECAP",2016-05-24,126036,20,false,111573307,2017-11-01T13:04:59Z,"","Decap",0.952,0.765,8,-2.379,0,0.48,0.199,0.92,0.0756,0.609,105.004,4
spotify:track:6ImSj6g73AT2Z3F35q0x6l,"Hot Music","Hot Music","Soho;Pal Joey",2008-09-30,306133,42,false,111573307,2017-11-01T13:05:29Z,"house de chicago,club de baltimore,acid house","Cabaret",0.69,0.843,8,-11.397,1,0.0658,0.00121,0.686,0.243,0.346,112.054,4
spotify:track:79SBxRZoGPksYpg7K0rWO3,"Kow Gwe","The Heat, Vol. 1","Yung Felix;Aziz Wrijving",2016-12-23,171562,28,false,111573307,2017-11-01T13:07:10Z,"moombahton","Barong Family",0.836,0.633,11,-7.19,1,0.0975,0.0178,0.0000934,0.0758,0.606,104.954,4
spotify:track:0t7MOJXocD1umXKcP8nTgk,"113 fout la merde (feat. Thomas Bangalter)","113 fout la merde","113;Thomas Bangalter",2002-03-12,235133,0,false,111573307,2017-11-30T11:41:22Z,"rap francés,raï,r&b francés,house francés","S.M.A.L.L.",0.784,0.637,2,-7.429,1,0.22,0.0391,0.0000517,0.0809,0.756,109.014,4
spotify:track:61vUa5Xpm5Gtsk7ZAGPN5N,"Ma Benz (feat. Lord Kossity)","L'intégrale","Suprême NTM;Lord Kossity",1998,247093,48,true,111573307,2017-11-30T11:44:33Z,"rap francés,r&b francés,ragga,zouk,dancehall","Jive Epic",0.899,0.449,1,-5.501,1,0.37,0.137,0.000089,0.0977,0.608,91.052,4
spotify:track:3zBIlUBgXIMhHrz1Oyvx8Q,"Chillance","Variations","5 Majeur",2013-05-27,316630,33,false,111573307,2018-01-14T13:12:47Z,"rap francés","5 Majeur",0.784,0.729,2,-6.734,1,0.263,0.302,0,0.0936,0.612,89.861,4
spotify:track:4EMOdqB2ALVMtd7vUWMjGZ,"Adonai","Sarkodie, Vol. 2","Sarkodie;Castro",2017-08-04,291781,0,false,111573307,2018-01-14T13:12:59Z,"hiplife,hip hop ghanés,azonto,afrobeats,asakaa,afrobeat,highlife,afropop","iROKING",0.843,0.675,3,-4.099,0,0.0669,0.342,0,0.0462,0.909,109.974,4
spotify:track:1J0zRTOYiZ0mPt6s1af09c,"One More Chance","Made in The 90's","When We Were Young;Nekfeu",2015-07-17,244493,0,false,111573307,2018-01-14T13:13:28Z,"rap francés","Un Plan Simple",0.722,0.466,0,-8.913,1,0.135,0.5,0.000059,0.099,0.615,92.009,4
spotify:track:7j7tAeFyHuKL7cKt7w0S1P,"Jinja","Jinja","Fuse ODG",2016-09-16,201590,24,false,111573307,2018-01-14T13:17:04Z,"azonto,afrobeats,hiplife","London Mobile Studios",0.946,0.7,2,-3.297,0,0.0741,0.232,0.0000277,0.0426,0.96,114.999,4
spotify:track:1ncangkVrHn7tJfx605E2C,"Mama Lova","Sad Hill","Kheops;Oxmo Puccino",1997-11-13,266506,44,false,111573307,2018-01-14T13:17:41Z,"rap francés,r&b francés","Parlophone (France)",0.892,0.46,1,-4.544,1,0.23,0.0928,0.0434,0.0773,0.741,81.044,4
spotify:track:7tcBvhqEOefCHQxREpOmMj,"Phreaky MF (Original Phreak Mix)","Phreaky MF","Mike Dunn;Mr. 69",2008-03-07,734000,0,true,111573307,2018-01-14T13:18:41Z,"house de chicago,disco house,acid house,funky house,house","Robsoul",0.915,0.695,11,-9.378,1,0.114,0.000457,0.0111,0.0467,0.501,117.511,4
spotify:track:5BPQH2bD2mNNXgvrtQS5zO,"Yessaï","Double hélice","Caballero;JeanJass",2016-04-22,229912,17,true,111573307,2018-01-28T14:17:30Z,"rap francés","Blackared",0.821,0.683,1,-5.096,1,0.327,0.229,0,0.0904,0.311,92.053,4
spotify:track:1OSzm5Xwg1pnOCOUov6MVi,"Love$ick - Mumdance Remix","Love$ick (Mumdance Remix)","Mura Masa;A$AP Rocky;Riko Dan;Mumdance",2016-12-09,201586,0,true,111573307,2018-02-26T08:16:45Z,"rap,uk garage,drum and bass,bassline,grime,uk grime","Universal Music Group",0.608,0.609,8,-10.339,1,0.422,0.653,0,0.171,0.44,88.818,4
spotify:track:0heFkj97QFgyTVemf8RuIG,"Hundra80","Hundra80","BENNETT",2016-07-30,184122,0,false,111573307,2018-02-26T08:17:42Z,"","Spinnup",0.721,0.433,0,-12.182,0,0.3,0.282,0.00000921,0.0791,0.333,146.18,4
spotify:track:6TkhPwr9XQt0bFvGRwuFUO,"Muriendo","Muriendo","Palomasunderground",2015,215457,16,false,111573307,2018-02-26T08:19:54Z,"","Cualli Records",0.66,0.773,4,-7.067,0,0.12,0.447,0.0415,0.11,0.643,89.737,4
spotify:track:6aKEtd7dEepK0II3qqarDb,"Finesse (Hey Baby)","Pleasure Palette","Flamingosis",2016-06-10,162613,0,false,111573307,2018-02-26T08:23:33Z,"vaporwave,lo-fi beats,ritmos de jazz","VinDig",0.519,0.76,2,-10.088,1,0.097,0.000547,0.0117,0.141,0.626,175.991,4
spotify:track:5lK9WQNqzsag3Vk4IHmcsx,"#CaixaGang","#VIBRA","AbJo",2016-08-01,208484,0,false,111573307,2018-03-27T12:17:30Z,"glitch","Platoon",0.697,0.907,3,-5.13,1,0.092,0.612,0.282,0.0624,0.542,98.953,4
spotify:track:2fSzKr2j61NQNkeHRmL4On,"Kiss And Tell","Kiss And Tell","ROMderful;Naji",2016-12-24,194029,21,false,111573307,2018-04-02T20:34:12Z,"r&b británico,r&b alternativo","ROM & Naji",0.754,0.511,8,-6.538,1,0.147,0.0525,0.00000233,0.0842,0.517,77.925,4
spotify:track:5TGNYOwaSrXUcSisVtwuEX,"Sweet And Dandy","Bla Bla Bla","Toots & The Maytals",1993,179240,17,false,111573307,2018-04-02T21:03:50Z,"reggae,rocksteady,roots reggae,ska,dub,ragga","Observer Music",0.64,0.618,3,-12.085,1,0.14,0.681,0.0000135,0.265,0.96,156.894,4
spotify:track:4XOZaPYeMn9hcbpyS90NnD,"Lights And Sounds","Lights And Sounds","Yellowcard",2006-01-01,208186,64,false,111573307,2018-04-02T21:23:18Z,"pop punk,punk,emo","Capitol Records",0.344,0.972,11,-3.653,0,0.116,0.0000848,0,0.287,0.387,167.818,4
spotify:track:5zeVAaMrl9GYH5lmZ7YaC3,"Too Late Now","Too Late Now - Single","Anik Khan",2016-02-11,282880,17,true,111573307,2018-04-04T17:39:51Z,"desi hip hop","AVX / The Foreign Affair",0.715,0.644,8,-7.224,0,0.162,0.123,0.0000152,0.209,0.193,117.99,4
spotify:track:1QtY6jcmujC4tV1CHPGwe8,"Crazy","Crazy","The Code",2016-11-19,292153,13,false,111573307,2018-04-04T17:40:43Z,"r&b británico","Independent",0.541,0.398,9,-9.765,1,0.216,0.644,0.0000593,0.0856,0.0782,121.729,4
spotify:track:0hTlqSvkQ8H6ovA9g18F0w,"Lets Escape (feat. Abraham Blue)","Lets Escape (feat. Abraham Blue)","J-Louis;Abraham Blue",2015-12-26,225959,0,false,111573307,2018-04-04T17:40:59Z,"","J-LOUIS",0.787,0.576,0,-5.123,0,0.146,0.208,0.0188,0.0989,0.179,119.054,4
spotify:track:5hojluV8c9jwKKcNJlojaK,"Every Day","Riding in Cars with Girls","1-O.A.K.",2017-04-28,208373,9,false,111573307,2018-04-20T16:11:46Z,"","HNRL Music",0.688,0.425,2,-12.108,1,0.0622,0.752,0.163,0.19,0.345,101.388,4
spotify:track:0t7iaAvWxIifiKxSoTCNK8,"1 Affoe X 2","1 Affoe X 2","Yung Internet",2015-10-01,284774,0,false,111573307,2018-04-24T17:03:19Z,"","Sheik Management",0.958,0.479,10,-9.134,0,0.272,0.167,0.0000559,0.326,0.688,128.984,4
spotify:track:4sFyLyuJOUVMDcaSg1oHEa,"Dopamine","Dance Moves","Franc Moody",2018-03-27,243945,0,false,111573307,2018-04-24T17:04:53Z,"nu disco","Juicebox Recordings",0.818,0.562,10,-7.779,0,0.0356,0.0987,0.813,0.355,0.57,125.03,4
spotify:track:6ABCmrWdKFWGYy8rm6gntZ,"G.I. Joe","G.I. Joe","Madd3e",2016-10-12,265064,0,false,111573307,2018-05-16T17:53:11Z,"g-funk,freestyle","MadD3E",0.896,0.309,10,-4.833,0,0.11,0.00336,0.878,0.089,0.278,95.988,4
spotify:track:5WDY6oq6wa5fMsUUz5S21T,"Chronic Gangster Boogie","M$R003","Hodini",2015-08-04,264406,0,false,111573307,2018-05-16T17:53:45Z,"nu jazz","Money $ex Records",0.864,0.342,1,-10.978,1,0.263,0.000952,0.0554,0.704,0.269,117.975,4
spotify:track:1zV7851m8XYTPGR9JQQXyU,"Felicia","Felicia","Bryan Mg;GIDEONITE",2018-12-14,168153,33,false,111573307,2019-08-17T16:59:41Z,"pop marroquí","Striker Recordings",0.797,0.575,11,-5.583,0,0.177,0.217,0,0.102,0.675,98.029,4
spotify:track:009mNUxU3ikrkiSQKOH4Ij,"Dave Don't Snore","Dave Don't Snore","The Duck of Mischief",2019-06-05,143428,0,false,111573307,2019-08-18T20:12:28Z,"","1203818 Records DK",0.256,0.372,7,-19.783,1,0.0623,0.0511,0.788,0.0998,0.0438,110.031,4
spotify:track:0Rzhp7yczZfx4LuMM2wDcL,"Mother","Future Dust","The Amazons",2019-05-24,286240,40,false,111573307,2019-08-20T21:58:08Z,"","Fiction",0.425,0.878,2,-5.799,0,0.057,0.003,0.221,0.597,0.414,79.509,4
spotify:track:1GhtgRyXuAUdJkVLvrunx4,"Daybreak","Daybreak","Michael Haggins",2004-10-01,329520,39,false,111573307,2019-11-06T22:08:59Z,"","cuate records corporation",0.671,0.702,1,-5.879,1,0.0282,0.475,0.000583,0.116,0.735,97.995,4
spotify:track:5sCSp4UYcMVB6TVM0RZCaL,"Requiem, K. 626: Lacrimosa dies illa","LPO plays the Classical Period Favourites","Wolfgang Amadeus Mozart;Andrej Kucharsky;Catherine Bremen;Elisabeth Santi;Todd Donovan;London Philharmonic Choir;David Parry;London Philharmonic Orchestra",2010-12-28,169493,5,true,111573307,2020-01-24T12:12:20Z,"clásica,piano clásico,ópera,concerto,música de cámara,himnos,coral,orquestal","X5 Music Group",0.174,0.2,7,-14.482,0,0.0352,0.99,0.952,0.176,0.0398,95.555,4
spotify:track:6G2dKk2F6C05JUwqj8OXkZ,"Lock and Load","CULT MEMBER","Milkavelli;Bakar",2017-11-11,156000,0,true,111573307,2020-01-28T11:59:01Z,"","616",0.825,0.47,1,-5.509,1,0.136,0.274,0,0.0983,0.321,119.986,4
spotify:track:0tC2QY7L5minvugmaG3yy6,"Vibsing Ting","UKG","TQD;Royal-T;DJ Q;Flava D",2017-03-17,318000,0,false,111573307,2020-02-16T14:00:29Z,"bassline,uk garage,bass house,funky británico,drum and bass,liquid funk","Butterz",0.701,0.711,8,-8.103,0,0.0496,0.0252,0.331,0.269,0.214,134.993,4
spotify:track:67NNpSngfv8ASDf6Kc8o4n,"Salam Alaykom","Khaled X Cookin Soul","Khaled;Cookin Soul",2017-10-20,178626,0,false,111573307,2020-02-18T09:08:45Z,"flamenco urbano","Khaled",0.718,0.546,7,-7.508,0,0.279,0.046,0,0.69,0.561,86.075,4
spotify:track:4poybupy26pTWPr9zY1i7h,"Some Say","Some Say","Nea",2019-09-06,175601,63,false,111573307,2020-03-11T23:33:39Z,"","Milkshake",0.779,0.342,3,-6.316,0,0.0405,0.701,0.00000275,0.132,0.482,104.995,4
spotify:track:4iNPp0BZ4lBu7bipdWLcWk,"Avant toi","VersuS","Vitaa;Slimane",2019-08-22,223800,64,false,111573307,2020-03-11T23:36:29Z,"r&b francés,pop francés,variété francesa,chanson","Universal Music Division Capitol Music France",0.63,0.396,10,-9.162,1,0.0334,0.875,0,0.1,0.246,142.046,4
spotify:track:05UpUTOoVV6PVjfIhjretZ,"Conte a Todos","De Mim, Pra Você","Sango",2017-03-15,192000,0,false,111573307,2020-03-13T20:30:53Z,"","Sango",0.869,0.843,3,-5.412,0,0.302,0.144,0.19,0.338,0.634,130.067,4
spotify:track:5UNIDxvGqeF6AzQ2vfAiUx,"Erase The Pain (feat. Blak Trash)","Erase The Pain (feat. Blak Trash)","Chuurch;Blak Trash",2018-03-27,230437,27,false,111573307,2020-03-13T20:35:35Z,"g-house","OWSLA/NEST",0.87,0.645,1,-5.666,0,0.247,0.00306,0.426,0.0628,0.367,100.027,4
spotify:track:4zbgYJJPs1nQ6j8wfJAhTt,"Play My Shit","Play My Shit","KR",2017-08-25,182832,19,true,111573307,2020-03-13T20:36:58Z,"","I$0LYF3 Records",0.718,0.655,11,-8.321,0,0.289,0.0593,0.00148,0.112,0.392,115.992,4
spotify:track:7921HjgwwB1dSWQt7VHi58,"Lights","FRIENDZONE","NxxxxxS;Mariah;Senpu",2018-03-28,166000,1,false,111573307,2020-03-13T20:40:56Z,"vaporwave,phonk,r&b indie","Live From Earth",0.751,0.461,3,-8.497,0,0.247,0.386,0.00106,0.155,0.702,63.497,4
spotify:track:7sKDftgGirHWTVFMtJoDoh,"Djadja","NAKAMURA","Aya Nakamura",2018-11-02,171133,76,false,111573307,2020-03-14T01:06:31Z,"r&b francés,pop urbaine","Rec. 118",0.811,0.797,5,-5.428,1,0.165,0.0617,0,0.112,0.541,97.988,4
spotify:track:5VVuzLAfMA6lTey5V8vUPa,"Weo Weo","Weo Weo","El Jincho",2018-01-28,171271,0,true,111573307,2020-03-18T02:06:45Z,"","El Jincho",0.728,0.621,2,-10.42,1,0.541,0.0458,0.00000143,0.158,0.889,89.923,4
spotify:track:4NPIkDt08kLz70gHOrO5uU,"What's up, people?!","Bu-ikikaesu","MAXIMUM THE HORMONE",2007-03-14,250226,1,false,111573307,2020-03-18T02:11:51Z,"rock japonés,anime,visual kei","33cjl./VAP",0.385,0.976,7,-3.788,1,0.252,0.0329,0.00767,0.445,0.206,160.977,4
spotify:track:1FR3Cmsjh1Vi0dyrW6iABe,"Janet","Janet","Meanz Of Operation",2018-09-26,262283,31,true,111573307,2020-04-04T00:51:01Z,"","Independent",0.882,0.657,9,-5.162,1,0.115,0.176,0.0000127,0.328,0.274,124.997,4
spotify:track:6bZBzi6qCAAOinGTOoGn20,"Vogue (feat. Trinidad James & Bryn Christopher)","Vogue","Full Crate;Trinidad James;Bryn Christopher",2017-05-18,191812,0,false,111573307,2020-04-09T12:58:25Z,"","FCXM Music",0.88,0.644,4,-6.895,0,0.0937,0.32,0.00155,0.083,0.651,121.957,4
spotify:track:4ORXSxr4tV5H6gH5KHAiAh,"The Black","The Black","Asking Alexandria",2016-03-25,281332,0,true,111573307,2020-05-31T20:42:39Z,"metalcore,screamo,post-hardcore,metal,emo","Sumerian Records",0.417,0.954,11,-4.152,0,0.0627,0.00151,0,0.407,0.146,96.993,4
spotify:track:2iRSs6ys1TUrwgAdFKf0GS,"outside","sunrise","Versake",2020-04-23,151894,2,false,111573307,2020-06-06T13:49:58Z,"","versake",0.781,0.693,7,-8.458,1,0.334,0.0641,0.13,0.118,0.655,127.987,4
spotify:track:4fiOTntQKr24p07FvQDHZE,"Raining Blood","Reign In Blood (Expanded)","Slayer",1986-10-07,255186,72,false,111573307,2020-06-12T10:11:48Z,"thrash metal,metal,speed metal,heavy metal,groove metal,death metal","American Recordings Catalog P&D",0.227,0.995,10,-4.361,0,0.173,0.000405,0.393,0.127,0.0363,87.499,4
spotify:track:1yColXUkf6Dq4swYpsgJRQ,"Miserere mei, Deus","Allegri - Miserere","Gregorio Allegri;The Choir Of Trinity College, Cambridge;Richard Marlow",1993-06-08,498466,49,false,111573307,2020-06-15T22:37:26Z,"coral,canto gregoriano,música antigua,himnos","RCA/Sony Masterworks",0.0724,0.0206,7,-36.143,0,0.0455,0.985,0.0904,0.086,0.0313,77.025,1
spotify:track:6e0MGFVOXLm8O4immWmQvt,"Funk It","Stepping Out","Defunk",2016-06-10,213913,23,false,111573307,2020-06-15T23:07:14Z,"glitch","Westwood Recordings",0.794,0.588,7,-6.995,1,0.0745,0.0668,0.0092,0.451,0.618,92,4
spotify:track:4COR2ZPEyUn0lsbAouRWxA,"Bfg Division","Doom (Original Game Soundtrack)","Mick Gordon",2016-09-28,506762,17,false,111573307,2020-06-17T13:57:54Z,"","Bethesda Softworks",0.284,0.722,7,-8.284,1,0.0559,0.00461,0.873,0.163,0.0383,116.292,3
spotify:track:1BfRgsrwrbFyWSkoU4iY8Y,"Chicken in the Corn (RiseUp Original Version)","The King of One String - Acoustic","Brushy One String",2011-08-23,171838,0,false,111573307,2020-06-19T11:16:19Z,"","RiseUp Entertainment, LLC",0.8,0.685,5,-3.695,1,0.203,0.842,0,0.648,0.723,128.789,4
spotify:track:3RIrkLEErxwXJYdeYsag9G,"BFG Division (From ""Doom"")","BFG Division (From ""Doom"")","BillyTheBard11th",2016-09-28,260297,0,false,111573307,2020-06-19T11:16:30Z,"djent,metal progresivo","BillyTheBard11th",0.57,0.857,7,-9.423,1,0.0519,0.00112,0.845,0.0595,0.112,115.465,3
spotify:track:7dRfobhDNnsEgB2ZArxA1f,"El Cuarto de Tula","Buena Vista Social Club","Buena Vista Social Club",1997-06-23,444533,0,false,111573307,2020-06-25T10:51:34Z,"son cubano,jazz latino,jazz afrocubano,latina,bolero","World Circuit",0.553,0.664,9,-13.167,1,0.0453,0.595,0.000416,0.299,0.858,104.784,4
spotify:track:302OIa2NJoBOuZKUvukidA,"Culture","Culture","KUSO GVKI",2019-09-27,120293,0,false,111573307,2020-06-29T10:48:54Z,"","Block Opera",0.823,0.542,2,-10.675,1,0.109,0.231,0.0138,0.358,0.407,122.058,4
spotify:track:5JDmNXcP1bSw7fLaKc9teK,"Ideales","Ideales","Blake;Zaidbreak",2019-03-01,252089,0,false,111573307,2020-06-29T11:01:02Z,"","Animals Rap",0.621,0.643,6,-11.648,0,0.274,0.00985,0,0.0843,0.637,119.679,4
spotify:track:6ORmUlcckjBy5UqMqh2KRq,"La Princesa De Ceilán","Yo, Tijeritas","Tijeritas",2002-01-01,210173,47,false,111573307,2020-06-29T11:02:33Z,"flamenco,flamenco pop","Producciones AR, S.L.",0.771,0.963,9,-3.96,1,0.0639,0.0486,0,0.341,0.881,143.185,4
spotify:track:4wm54RgVLbAtk5v4A9I9x5,"La Câlin","La Câlin","Serhat Durmus",2017-04-10,172008,0,false,111573307,2020-08-09T21:16:27Z,"","Derin Müzik",0.598,0.437,2,-10.97,1,0.0422,0.0883,0.839,0.1,0.0697,147.844,4
spotify:track:2YNWgxevUxpjZDgW4i5Aky,"Je suis un homme","Totem","Zazie",2007-01-01,249466,59,false,111573307,2020-08-09T21:24:13Z,"variété francesa,chanson,pop francés,house francés","Universal Music Division Mercury Records",0.54,0.698,10,-5.884,0,0.0265,0.316,0.00521,0.112,0.47,85.182,4
spotify:track:48lsBpjODadcsT71SADwq7,"Femme Like U - Live","Løve Live","Julien Doré",2015-02-09,128566,31,false,111573307,2020-08-09T21:25:19Z,"variété francesa,pop francés,chanson,house francés,indie pop francés","Columbia",0.444,0.369,4,-15.415,0,0.0507,0.817,0.000967,0.926,0.419,80.301,4
spotify:track:3OQEVjVEQ6CvfAJ6XhTs6c,"The Lonely Shepherd","Kill Bill Vol. 1 Original Soundtrack (PA Version)","Zamfir",2003-09-23,260746,1,false,111573307,2020-08-10T21:55:37Z,"","Rhino/Warner Records",0.434,0.304,2,-10.799,0,0.0473,0.841,0.792,0.1,0.108,66.486,4
spotify:track:5IjRKZlpKVBBRn0COL7pik,"Stop Snitchin","4REAL 4REAL","YG",2019-05-24,149880,54,true,111573307,2020-08-25T09:24:08Z,"hyphy","Def Jam Recordings",0.842,0.742,7,-4.43,1,0.329,0.00531,0.00000411,0.15,0.623,180.917,4
spotify:track:3gpEOR8BeoW16wosYTkVtZ,"Craque","BRAZILLIAN BOOGIE","VHOOR",2018-07-09,147701,28,false,111573307,2020-08-29T09:05:02Z,"miami bass","VHOOR",0.83,0.843,1,-3.918,0,0.245,0.0544,0.621,0.215,0.184,117.089,4
spotify:track:6nsLsKvV7Bzgh0SMLXCiI0,"Microwave Love (feat. Black Rose)","Afrovision","Muzi;Blackrose",2018-05-11,221094,0,true,111573307,2020-08-29T09:08:03Z,"jazz house","Columbia",0.698,0.554,11,-8.514,0,0.139,0.0409,0.376,0.0685,0.43,135.021,4
spotify:track:63CXPpiEiW7JnXvZ1cUXcp,"Lothlorien (feat. ""Lament for Gandalf"")","The Lord of the Rings: The Fellowship of the Ring (Original Motion Picture Soundtrack)","Howard Shore;Elizabeth Fraser",2001-11-19,273933,51,false,111573307,2020-09-15T19:45:37Z,"banda sonora,música incidental,trip hop,art pop","Reprise",0.167,0.117,7,-20.316,1,0.0374,0.869,0.928,0.112,0.0328,86.378,4
spotify:track:7GsiNwebfvps7adEh4CNDx,"911","The Art Of Gore","Borgore;Abella Danger",2019-09-27,154285,30,false,111573307,2020-09-28T20:29:18Z,"dubstep,riddim,deathstep,dub","Buygore",0.719,0.973,9,0.735,1,0.0632,0.00813,0.0377,0.0291,0.719,140.044,4
spotify:track:3qiyyUfYe7CRYLucrPmulD,"Baba O'Riley","Who's Next (Deluxe Edition)","The Who",1971-08-14,300400,79,false,111573307,2020-10-01T18:29:38Z,"rock clásico,rock","Polydor Records",0.489,0.724,5,-8.367,1,0.0352,0.313,0.185,0.287,0.15,117.292,4
spotify:track:0WtS1O6oaBhIGIOJ0TWjUV,"BFG Division","Eternal","Draco Dubz;Kradon",2019-12-09,353600,0,true,111573307,2020-10-15T12:27:43Z,"deathstep","1101928 Records DK",0.486,0.99,6,-2.76,1,0.352,0.000146,0.346,0.116,0.209,149.933,4
spotify:track:2bVRYLUASdiuT5IhVL7taQ,"Jump Around - 25 Year Remix","Jump Around (25 Year Remix)","DJ Muggs;Damian Marley;Everlast;Meyhem Lauren",2018-03-16,193963,0,true,111573307,2020-10-23T21:12:00Z,"hip hop underground,boom bap,hardcore hip hop,reggae,ragga,roots reggae,hip hop de la costa este","Soul Assassins Records",0.882,0.652,11,-3.921,0,0.101,0.0717,0.000411,0.188,0.328,106.838,4
spotify:track:7y5gZUGzlESM7e3si2oYcy,"Toys R Us","Toys R Us","Makala",2020-01-20,140000,39,true,111573307,2020-10-23T21:12:16Z,"rap francés,r&b francés","Colors Records",0.705,0.676,7,-7.776,1,0.275,0.223,0,0.176,0.622,99.995,4
spotify:track:1ZAZDtitUGyYN8eiR4khhD,"Jerusalem","Best Of","Alpha Blondy",2013-12-02,469640,0,false,111573307,2020-11-21T20:36:46Z,"reggae,roots reggae,ragga","Wagram Music / Test",0.717,0.445,8,-5.726,0,0.0666,0.403,0.0000683,0.105,0.692,131.085,4
spotify:track:78W81pRYN5j3SV1819Dz0F,"The Damn Guy","The Damn Guy","Grima x Azza;TNA",2018-11-08,344999,44,true,111573307,2020-11-21T21:33:52Z,"drum and bass,bassline","Independent",0.753,0.934,10,-1.728,0,0.306,0.369,0,0.932,0.716,87.57,4
spotify:track:1rvUF7tC0DmcxZmjcHjill,"Drop Top","Drop Top","Great Dane",2019-02-13,202666,0,false,111573307,2020-12-04T13:04:14Z,"","BIG MENTION / NAYMLIS",0.568,0.273,1,-9.72,1,0.284,0.15,0.028,0.102,0.185,178.889,4
spotify:track:0OaSLPPZIKgyRleJTHSmTm,"Argentique","Imany","Dinos",2018-04-27,245106,27,true,111573307,2020-12-18T14:48:21Z,"rap francés","SPKTAQLR",0.661,0.539,5,-5.564,0,0.0368,0.259,0.00000102,0.0867,0.111,115.136,4
spotify:track:6br178iaXMQcXiNqB1OzBx,"Four Twenty","Four Twenty","Malaa",2020-04-30,204590,0,true,111573307,2020-12-18T14:48:53Z,"g-house,bass house,future house","Malaa Music LLC",0.89,0.681,0,-5.153,1,0.0793,0.00529,0.128,0.067,0.478,122.013,4
spotify:track:1sP05DPJ37h2wC9cuZ0at7,"Valley of Peace","TEYMORI","TEYMORI",2018-07-25,290937,0,false,111573307,2020-12-21T13:19:11Z,"","Spinnup",0.688,0.753,4,-6.58,0,0.0836,0.226,0.0236,0.0839,0.434,117.997,4
spotify:track:1c5CllrZr45UBhWpIqM332,"Funny Thing","It Is What It Is","Thundercat",2020-04-03,116630,76,false,111573307,2020-12-28T17:20:16Z,"","Brainfeeder",0.586,0.893,7,-8.772,1,0.439,0.827,0.642,0.212,0.65,140.023,3
spotify:track:6G4tzjsp4wP5MhJTzGdJLu,"Cancelled","Cancelled","Attila",2020-05-29,184769,34,true,111573307,2020-12-28T17:23:55Z,"deathcore,metalcore,rap metal,metal,screamo","Attila",0.364,0.992,11,-2.415,0,0.17,0.000578,0.0000499,0.178,0.319,129.95,4
spotify:track:1NO3LPaOyG3NVxbWIflLEJ,"Fire Sale","The 75 EP: Deluxe Edition","Dera Meelan;deadforest",2019-08-16,164000,46,false,111573307,2021-01-03T21:33:08Z,"","GUILD",0.969,0.645,11,-6.284,0,0.125,0.059,0,0.0943,0.689,119.99,4
spotify:track:6J8jVdBuiqoz8R8aTQpVgu,"Funkaveli","MVZ Vol. 2","Nativ",2018-04-06,198426,28,true,111573307,2021-01-03T21:38:05Z,"","HRDREC",0.734,0.555,1,-7.38,1,0.349,0.0444,0.00000437,0.645,0.457,168.047,4
spotify:track:4fvQEd9Zgvy4RAT2jGn7mc,"C'est donc ça nos vies","L'école Du Micro D'argent (Edition Collector)","IAM",1997,312453,43,false,111573307,2021-01-09T11:31:57Z,"rap francés,r&b francés","Parlophone (France)",0.854,0.688,10,-6.39,0,0.364,0.168,0.0000152,0.0897,0.838,88.975,4
spotify:track:74keYcg8FSZ30FgFZZHM3E,"Scrubs","Scrubs","Phay",2017-12-15,226105,29,true,111573307,2021-01-09T11:33:08Z,"","Mamathebrand",0.515,0.574,1,-8.626,0,0.219,0.298,0.00000384,0.153,0.333,93.954,4
spotify:track:0PrmzdPOWxOw8rfUEZAVry,"Black Angus","C'est le 77","Le 77",2017-03-22,264837,0,false,111573307,2021-01-10T10:18:51Z,"rap francés","La Brique",0.786,0.434,7,-11.182,0,0.5,0.744,0.0405,0.11,0.371,79.825,4
spotify:track:0t6TvCU63XkYe17MSEj7Jp,"THE ART OF LOVE","THE ART OF LOVE","Lit Lords",2020-09-21,187586,0,false,111573307,2021-01-31T00:51:25Z,"edm trap,dubstep,riddim,bass music","Lit Lords",0.485,0.775,0,-6.46,1,0.158,0.0211,0.0042,0.249,0.0721,174.042,4
spotify:track:3xaH0sMSvmy2AwQnmacZo7,"IV My People","Busta Flex (Édition 20ème anniversaire)","IV My People",1998-02-02,307266,0,false,111573307,2021-02-18T16:54:57Z,"rap francés","Warner (France)",0.66,0.848,1,-3.759,1,0.251,0.0121,0,0.0723,0.905,178.037,4
spotify:track:3NLEqRAyDP4FBxsQwRMKZF,"Fly","Islands - Essential Einaudi (Deluxe Version)","Ludovico Einaudi",2011-01-01,278918,29,false,111573307,2021-02-21T20:56:44Z,"música neoclásica,clásica,clásica contemporánea","Decca (UMO) (Classics)",0.158,0.185,1,-18.634,0,0.035,0.994,0.853,0.0717,0.0347,74.35,3
spotify:track:4bHzA1ePq5ZBRj3r17zRdx,"Ciudad Del Vicio - Remix","Rico sin denuncia","Foyone;Akapellah",2017-10-17,141210,0,true,111573307,2021-02-22T22:13:19Z,"hip hop latino,hardcore hip hop","DNC Records",0.644,0.804,1,-4.841,1,0.298,0.382,0,0.68,0.589,92.982,4
spotify:track:2NDagLoBcGm0DIJPvaW7nH,"Boss 2 Panam","Vivre Et Mourir À Dakar","Alpha 5.20",2007-02-20,216253,44,true,111573307,2021-02-22T22:16:39Z,"rap francés","Ghetto Fabulous",0.729,0.662,10,-2.616,0,0.458,0.188,0,0.0604,0.667,176.922,4
spotify:track:3CjrK5STr4FBLJvRUPoWJL,"Shooooo","Shooooo","Kwamz & Flava",2019-02-19,200071,26,false,111573307,2021-04-24T12:49:38Z,"azonto,afrobeats,hiplife,afrobeat,afroswing,afropop","Independent",0.805,0.542,0,-8.308,1,0.0593,0.0701,0.744,0.293,0.973,120.027,4
spotify:track:1w4bCGGUTjqbkEgBASOLpY,"Highlander (The One)","A Flame To The Ground Beneath","Lost Horizon",2002-02-13,716346,40,false,111573307,2021-05-03T23:40:22Z,"power metal,speed metal,metal sinfónico","Music For Nations",0.223,0.885,9,-3.687,0,0.057,0.0000307,0.00105,0.243,0.143,101.795,3
spotify:track:4veS4Js8ik0ue0C5TC6qte,"Cada 2x3","Cada 2x3","Ericko;Glblzd",2021-05-11,142190,0,true,111573307,2021-09-11T08:41:07Z,"","Big Moves Records distributed by Altafonte",0.8,0.603,7,-6.72,1,0.301,0.502,0,0.103,0.436,96.929,4
spotify:track:6tHpxFDLucR3Xs9nivuyiO,"We Are Sex Bob-Omb","Scott Pilgrim vs. the World (Original Motion Picture Soundtrack)","Sex Bob-Omb",2010-01-01,121333,54,false,111573307,2021-09-19T22:04:37Z,"","ABKCO (US)",0.391,0.825,1,-4.408,0,0.0463,0.133,0.854,0.116,0.531,89.839,4
spotify:track:4LSaSPJi2drQb3xL7VXKKb,"L'Occasion","J.O.$","Josman",2018-09-14,223255,50,true,111573307,2021-09-25T07:10:40Z,"rap francés","Choke Industry",0.799,0.593,1,-5.865,1,0.373,0.269,0,0.117,0.714,85.995,4
spotify:track:0lUV8y3f2XRCABqkvLuQec,"Basixx","Loderunner","Lofty305",2017-05-11,199340,0,false,111573307,2021-10-09T05:07:43Z,"cloud rap,horrorcore","Posh Plasma",0.789,0.968,0,-3.884,0,0.0746,0.0412,0.0119,0.31,0.709,105.998,4
spotify:track:5Y85QFD7m2RF8rGDmkpqdM,"Kennedy en 2005","Le futur","Benjamin Epps",2020-12-11,248013,18,true,111573307,2021-10-09T05:09:50Z,"rap francés","Mocabe Nation",0.76,0.467,2,-8.583,1,0.202,0.0752,0.00000232,0.208,0.591,77.997,4
spotify:track:2v4tbDRNxlXbNldmdQh2Wr,"Son Of a Gun","Moonchies","$kyhook;Ébano;Zevex",2019-06-07,208888,25,false,111573307,2021-10-29T09:02:56Z,"","Helsinkipro",0.563,0.499,7,-8.799,0,0.285,0.348,0,0.338,0.592,107.888,5
spotify:track:1I6rVYuEYkbrcPHFIBuhxo,"SQ (16:20 pm)","Buenos y Prósperos Días","Pepe y Vizio;David Marley",2021-06-18,194210,12,true,111573307,2022-01-09T10:27:24Z,"flamenco,flamenco urbano,flamenco pop","Helsinkipro",0.853,0.702,1,-3.988,1,0.0553,0.158,0,0.0686,0.544,95.02,4
spotify:track:3zMilAZgJdLResNhCYh2wE,"BRUXOS - A COLORS SHOW","BRUXOS (A COLORS SHOW)","Pongo",2021-06-09,184364,32,false,111573307,2022-01-12T08:46:33Z,"kuduro","Universal Music Division Virgin Records",0.825,0.751,1,-7.367,1,0.164,0.0112,0.0183,0.148,0.6,128.1,4
spotify:track:5DGBphBYvZHM0WsfI3SDXq,"Pack","Pack","GULXG",1997-05-07,88699,0,true,111573307,2022-01-12T08:53:54Z,"","Refuse Media LLC",0.623,0.55,6,-9.963,0,0.126,0.0942,0,0.345,0.571,86.181,4
spotify:track:2UKgx2oba7CltHLACr3xdT,"At Doom's Gate","Doom (Original Game Soundtrack)","Mick Gordon",2016-09-28,70770,14,false,111573307,2022-01-13T18:47:58Z,"","Bethesda Softworks",0.577,0.647,2,-7.647,1,0.0569,0.00165,0.806,0.154,0.236,160.987,4
spotify:track:7AYSl3u70hJ402o0u0gry5,"The Only Thing They Fear Is You","The Only Thing They Fear Is You","FamilyJules",2020-04-21,254153,0,false,111573307,2022-01-18T21:16:22Z,"","FamilyJules",0.468,0.969,4,-3.925,1,0.113,0.00107,0.967,0.0583,0.0619,103.016,4
spotify:track:3zvitqVLMhzKzq3tQR4INc,"Ghana Bop","Wondergirl","MOLIY",2020-08-07,164903,0,false,111573307,2022-01-20T08:46:03Z,"alté","moliy",0.734,0.431,9,-9.685,0,0.0687,0.0954,0.00521,0.146,0.461,98.965,4
spotify:track:3WWYn45XsL9Fy57dx3jFex,"La City","La City","Felipe;Esteban",2021-07-30,148453,21,true,111573307,2022-01-27T10:14:57Z,"rap francés","16 BAT & PCM & Scars Records",0.85,0.51,1,-9.352,0,0.242,0.146,0,0.15,0.73,97.055,4
spotify:track:4pBarEV1Lm9YTnhs1oaARI,"Y.n.R.E.","For Professional Use Only","araabMUZIK",2013-02-15,146237,24,false,111573307,2022-01-27T10:17:29Z,"","Araabmuzik, LLC",0.809,0.905,8,0.571,0,0.179,0.142,0.957,0.0207,0.795,107.285,5
spotify:track:0zlXXtgXHwwZh20gIY3n7M,"Normal","Normal","Morad",2020-07-10,374666,41,false,111573307,2022-02-01T10:35:56Z,"","M.D.L.R",0.749,0.654,4,-3.346,0,0.0645,0.546,0.00000443,0.0906,0.475,90.035,4
spotify:track:3sdbjDa8Rvmfn8k7pz7znc,"Mi Casa","Pa'l Coche","Cruzzi",2017-02-09,166113,0,true,111573307,2022-02-02T22:07:17Z,"","Bnmp",0.888,0.563,1,-7.432,1,0.142,0.138,0.00000813,0.116,0.444,99.481,4
spotify:track:4qgcAsBlpZZ4VPQPv3XeHN,"Lo Mejore","Pa'l Coche","Rels B;Cruzzi;Ellegas",2017-02-09,204670,0,true,111573307,2022-02-02T22:08:00Z,"urbano latino,trap latino","Bnmp",0.78,0.477,4,-8.312,0,0.17,0.631,0,0.0869,0.669,141.078,4
spotify:track:0zzDmSV57bPIZbhvq3zAT6,"Cuánto Me Duele","Sobre El Amor Y Sus Efectos Secundarios","Morat",2016-06-17,230160,61,false,111573307,2022-02-02T22:09:20Z,"tropipop,pop latino","Universal Music Spain S.L.",0.602,0.669,10,-5.905,1,0.0379,0.398,0,0.105,0.683,142.041,4
spotify:track:3Lf5NaJbvR4eCLim9FJk3N,"Gang","Noir 3","Mac Tyer",2021-10-01,169475,22,true,111573307,2022-02-02T22:13:20Z,"rap francés,r&b francés","Untouchable",0.768,0.868,4,-4.961,0,0.513,0.0778,0,0.11,0.534,165.817,4
spotify:track:1iPq3ZbajwQvHdVGKo17SR,"Ocho - Deluxe Edit","Ocho (Deluxe Edit)","Tim Andria",2021-04-02,200347,21,false,111573307,2022-02-02T22:17:26Z,"breakbeat","Solo Gas Recordz",0.818,0.68,10,-5.493,0,0.237,0.013,0.141,0.0756,0.666,115.014,4
spotify:track:5CTj6t8M4n8ft81jN8o1S7,"Comerte a Besos - Salsa Version","Por Tu Placer","Frankie Negrón;Mario de Jesús;Sergio George",2001-08-14,269800,44,false,111573307,2022-02-13T08:50:59Z,"salsa,merengue,bolero","WEA Latina",0.464,0.848,11,-5.214,0,0.0698,0.372,0,0.421,0.657,97.747,4
spotify:track:4PgMRk7oJmRzJOngQlONBa,"ODG","Body Of Work","Eltee Skhillz",2022-01-12,193805,0,false,111573307,2022-02-20T00:10:02Z,"bongo piano,afrobeats,afropiano,amapiano,afrobeat,bongo flava,afropop","Krisvosa Entertainment",0.883,0.815,7,-5.682,1,0.0558,0.278,0.0855,0.16,0.66,113.003,4
spotify:track:5MfbzRbc9Ef6jTLsl7hBoj,"why dont we","why dont we","Sans",2020-03-13,197234,28,false,111573307,2022-02-23T23:08:02Z,"","sans",0.544,0.658,4,-9.274,0,0.0606,0.415,0.543,0.169,0.113,145.725,4
spotify:track:4hEF1UqrJAuK9r5bSijiNn,"Young","Anti Social","Titai;Roshi",2021-12-10,166373,11,true,111573307,2022-02-23T23:08:42Z,"r&b francés,pop urbaine,rap francés","H24",0.759,0.621,7,-9.391,1,0.257,0.494,0,0.0994,0.517,144.063,4
spotify:track:5CGJi24W5W9Ul8Oj4yBEjo,"Go (feat. Krisy)","Platinum","PLK;Krisy",2018-03-30,193017,44,true,111573307,2022-02-23T23:12:03Z,"rap francés,pop urbaine,r&b francés","Panenka Music",0.752,0.573,10,-6.913,0,0.237,0.379,0.0000068,0.115,0.525,105.911,4
spotify:track:0bzX26mfmUi0djOLemE2b8,"ETA (with Snoop Dogg, Busta Rhymes & Anderson .Paak)","ETA (with Snoop Dogg, Busta Rhymes & Anderson .Paak)","Dr. Dre;Snoop Dogg;Busta Rhymes;Anderson .Paak",2022-02-04,237233,55,true,111573307,2022-03-24T02:10:29Z,"hip hop old school,g-funk,rap gangster,hip hop de la costa oeste,hip hop,rap,hip hop de la costa este","Aftermath/Interscope Records",0.49,0.923,11,-3.99,0,0.304,0.0078,0.000012,0.11,0.72,79.675,4
spotify:track:3UmPmOnwIlGM6MtlY7s4dz,"Toda la noche en la calle","Estrella De Mar","Amaral",2002-02-04,225693,59,false,111573307,2022-04-07T07:54:23Z,"","Parlophone Spain",0.685,0.76,2,-3.96,1,0.0382,0.154,0.00000101,0.0737,0.9,129.95,4
spotify:track:0uDxsPAVs2Hu6OQ7XlUWo2,"El Baile Del Perrito","La Batalla","Anthony Santos",1993-02-01,491200,41,false,111573307,2022-04-08T06:54:12Z,"bachata,merengue","PLATANO RECORDS",0.58,0.73,2,-12.601,1,0.0563,0.106,0.00077,0.06,0.84,169.328,4
spotify:track:11HLDMuPD3wh88XHw4udKO,"SPECIAL (feat. Nekfeu & Fousheé)","L'Étrange Histoire de Mr.Anderson","Laylow;Nekfeu;Fousheé",2021-07-16,231586,56,true,111573307,2022-04-12T09:12:59Z,"rap francés,rap marroquí,r&b indie","Digitalmundo",0.674,0.52,10,-9.464,0,0.146,0.187,0.00000248,0.259,0.407,70.572,4
spotify:track:3GqjF1xQKcL0BTCtbGDQwn,"Love Me Sexy","Love Me Sexy (From ""Semi-Pro"")","Jackie Moon",2008-02-26,217493,39,false,111573307,2022-04-22T00:09:11Z,"","New Line Records",0.639,0.702,0,-5.61,1,0.0961,0.429,0,0.153,0.945,165.555,4
spotify:track:7l0Ai4PW0s57O7kJ9OO9iU,"Soul II Stro","Stro Elliot","Stro Elliot",2016-12-16,181823,0,false,111573307,2022-05-20T07:54:00Z,"","Street Corner Music",0.523,0.576,11,-6.05,1,0.0323,0.342,0.756,0.345,0.14,93.001,4
spotify:track:0nMl1BkJR6d9SwhrKEzq5C,"Tu Me Donne Des Idées","Zombie Life","Hamza",2016-06-24,217000,0,true,111573307,2022-05-21T20:54:01Z,"rap francés,pop urbaine,r&b francés","Unilab",0.685,0.746,1,-6.716,0,0.15,0.574,0,0.308,0.339,115.833,4
spotify:track:0k6Lz4dq7TV5cjS9Q26tmC,"Casse Les Couilles","Casse Les Couilles","L'enfant",2021-06-02,123870,0,true,111573307,2022-06-17T13:12:32Z,"hyperpop","iencli records",0.938,0.371,6,-11.245,1,0.177,0.00408,0,0.0657,0.888,124,4
spotify:track:4BqWpN1B0LqoRJRGYEj9gl,"Veuve Clicquot","Veuve Clicquot","Di-Meh;Caballero",2022-05-25,144000,19,true,111573307,2022-06-27T09:18:03Z,"rap francés","Todos - Grand Musique Management",0.721,0.491,8,-7.113,0,0.348,0.0764,0,0.0965,0.214,87.232,4
spotify:track:4Y312PyFlaUlszXpjvK8je,"Let Me Clear My Throat - Old School Reunion Remix '96","Let Me Clear My Throat","DJ Kool",1996-01-01,290160,53,false,111573307,2022-07-13T08:17:13Z,"go-go,hip hop old school","American Recordings Catalog P&D",0.703,0.903,7,-7.176,1,0.239,0.16,0,0.372,0.521,102.871,4
spotify:track:4GK1qoFtOpGYe7WzPGioV7,"Mi Último Baile","Avances y Bases","Me Cago en tu Padre;Niño Maldito;Cálido Lehamo",2011-08-11,286843,0,false,111573307,2022-07-13T09:41:54Z,"","Me Cago en tu Padre distributed by Altafonte",0.721,0.848,1,-3.695,1,0.384,0.8,0,0.351,0.604,84.93,4
spotify:track:0S0ezG92vQDS5VbX12GC3g,"Always Be My Baby - Austin Millz Remix","Always Be My Baby (Austin Millz Remix)","Mariah Carey;Austin Millz",2022-01-01,120779,39,false,111573307,2022-08-17T09:33:50Z,"navidad","Columbia/Legacy",0.755,0.779,7,-2.123,1,0.393,0.139,0,0.87,0.699,77.003,4
spotify:track:3pEcpkQkvAFhju89ugLoLN,"Freaks","CircoLoco Records & NEZ Present CLR 002","NEZ;Moodymann;Gangsta Boo",2022-02-25,176000,0,false,111573307,2022-08-23T08:15:33Z,"jazz house,house de chicago,deep house,hip hop sureño americano,horrorcore,crunk","CircoLoco Records",0.872,0.709,11,-7.082,0,0.0395,0.00199,0.0519,0.209,0.437,119.994,4
spotify:track:0A00iK5X19o7Y2sN5nRc9k,"Teletubbies Son","Teletubbies Son","SABU;PENNY",2020-03-30,213502,21,false,111573307,2022-09-04T07:23:02Z,"flamenco","SABU & PENNY",0.683,0.649,4,-4.533,0,0.243,0.507,0,0.0765,0.397,108.589,4
spotify:track:7tP7Kzc5mu4iBHPvHTL3DB,"Emboscada","Emboscada","Vico C",2002-01-01,262292,46,false,111573307,2022-09-10T09:15:28Z,"hip hop latino,reggaetón","Capitol Latin",0.707,0.772,8,-4.18,1,0.34,0.00762,0.000901,0.0837,0.714,114.972,4
spotify:track:2HytB9M0U9L8fmrDFvDgXD,"Honest","Honest","Koji.;Abhi//Dijon",2017-11-26,194157,35,false,111573307,2022-10-07T06:18:04Z,"r&b alternativo","Cafe Quality",0.539,0.367,0,-11.783,0,0.279,0.159,0.00383,0.153,0.274,89.002,4
spotify:track:4AAp2BYf3yZLRZMbURhppP,"Song for Your Ex","Club Mermaid","Jaymie Silk",2020-06-05,127629,1,true,111573307,2022-10-07T20:51:42Z,"","The Silk Hour",0.597,0.951,5,-10.358,1,0.405,0.0641,0.00144,0.876,0.228,119.111,3
spotify:track:1a9x6fk6pUMxr28vZR3nU3,"Never Freestyle","Never Freestyle","Coast Contra",2022-06-20,266996,56,true,111573307,2022-10-08T07:27:45Z,"","Area51 Music",0.592,0.674,10,-6.51,0,0.286,0.0255,0,0.0854,0.377,103.428,4
spotify:track:5SDcksP8En1l6RtTY1wzHc,"Oceans (Where Feet May Fail)","Zion","Hillsong UNITED;TAYA",2013-02-23,535991,10,false,111573307,2022-10-11T08:25:08Z,"adoración,música cristiana,música cristiana contemporánea,adoración pop,góspel","Hillsong Music",0.264,0.363,2,-10.196,1,0.0338,0.501,0.00406,0.11,0.0613,124.328,4
spotify:track:6l5Slmqx5eOSdO4MGCkudM,"Patha Patha Gugu - Drill Remix","Patha Patha Gugu (Drill Remix)","Trinix Remix",2022-06-24,127058,0,false,111573307,2022-10-22T21:16:24Z,"","Trinix Remix",0.801,0.82,5,-7.47,0,0.0956,0.69,0.147,0.0909,0.651,152.995,4
spotify:track:6QHXcb0eFwOKZOZ9bOFmxm,"Toxic Pony","Toxic Pony","ALTÉGO;Britney Spears;Ginuwine",2022-01-21,198041,67,false,111573307,2022-10-26T06:33:49Z,"pop,r&b","Sony Music Entertainment",0.775,0.652,0,-9.906,1,0.152,0.00757,0.000598,0.105,0.922,143.08,4
spotify:track:4ebH6lzcbcX8WKWxGSD7h9,"Melodias","Melodias","99GINGER;Vanyfox",2021-04-16,278828,22,false,111573307,2022-11-04T09:47:54Z,"kuduro,kizomba,afro house,funky británico","99GINGER Records",0.831,0.679,5,-10.011,0,0.0851,0.176,0.868,0.113,0.319,126.063,4
spotify:track:2Kqx9hsTRT8uNwbUDm7kbA,"Sindhu Sesh","Sindhu Sesh","Pete & Bas",2022-11-01,233379,37,true,111573307,2022-12-14T08:20:48Z,"drill británico,grime,drill,uk grime","Independent",0.836,0.662,10,-5.484,0,0.337,0.291,0,0.0591,0.506,145.044,4
spotify:track:0qoORhCUrlq6zEsvldBDaD,"Me dê Amor (Feat. Gaiola das Popozudas)","Da Rocinha 2","Sango",2014-01-23,197538,39,true,111573307,2023-03-15T13:31:23Z,"","Wright Music Group",0.817,0.858,0,-7.465,1,0.169,0.16,0.731,0.296,0.482,130.012,4
spotify:track:1OWOsloFVHZd4810SbWl43,"Oh, Mon Bateau !","Ses Plus Grands Succès","Eric Morena",1996-03-03,223933,28,false,111573307,2023-04-01T19:10:02Z,"variété francesa","Mantra",0.698,0.512,5,-9.733,1,0.0352,0.782,0.0000103,0.442,0.693,131.146,4
spotify:track:39tE9pvzHERJaFJ3HviIPj,"JUSTICE","MOMENTS","Kaelin Ellis",2020-06-19,83478,20,false,111573307,2023-04-14T07:44:12Z,"","Kaelin Ellis Music",0.866,0.423,6,-8.831,0,0.253,0.277,0.882,0.0922,0.595,92.059,4
spotify:track:11MHES8pyNcArUdiApM0vL,"TRAVELERS","ADVENTURES","T-SQUARE",1984-04-01,305973,36,false,111573307,2023-05-05T09:00:49Z,"jazz fusión,city pop,jazz funk","Sony Music Direct (Japan) Inc.",0.514,0.841,2,-4.942,0,0.0386,0.0385,0.00139,0.406,0.662,112.6,4
spotify:track:1vMGIZbIkpaLSagdF2ygcV,"Music Sounds Better with You","Music Sounds Better with You","NEIL FRANCES",2017-07-21,198305,72,false,111573307,2023-05-05T13:19:04Z,"indie soul","Nettwerk Music Group",0.927,0.525,8,-8.256,0,0.0667,0.274,0.238,0.0672,0.778,118.023,4
spotify:track:5MPjmLI9yIAkEiJOUYfsTt,"no idea (latin version) - 8D audio","no idea (latin version) - 8D audio","(((())));surround.",2023-04-19,151728,17,false,111573307,2023-05-17T07:26:27Z,"","(((())))",0.709,0.446,9,-11.329,1,0.0317,0.253,0.000182,0.164,0.639,127.958,4
spotify:track:5d8nB8nGLLGE2Ie03duWGP,"WELCOME TO SOHO","WELCOME TO SOHO","ericsoho",2022-10-03,420699,0,true,111573307,2023-05-29T20:49:05Z,"","4439247 Records DK",0.517,0.397,4,-13.564,0,0.227,0.25,0.0191,0.0759,0.253,89.314,4
spotify:track:1P8xrurP1PRdqE04v94RIW,"Nut in You","Nut in You","Donnie Ray",2019-01-02,220107,19,true,111573307,2023-06-20T19:59:13Z,"","Donnie Ray",0.658,0.702,10,-9.796,0,0.0545,0.372,0.00000267,0.116,0.872,114.641,4
spotify:track:7KaF3RQY4BFMZCoUD5U7m2,"Heartleap","Heartleap","Justin Hawkes",2023-05-18,190836,43,false,111573307,2023-09-25T07:33:08Z,"drum and bass,liquid funk,drumstep","UKF",0.298,0.911,1,-3.11,1,0.0994,0.0000778,0.31,0.175,0.0866,173.909,4
spotify:track:2OUy2LzfFu23MYBtVRtr2o,"Patrones","Patrones","Jamby El Favo",2023-05-12,215730,12,true,111573307,2023-09-29T07:14:52Z,"trap latino","Fuk Fake Music, LLC",0.509,0.704,11,-6.578,0,0.277,0.484,0,0.112,0.608,129.573,4
spotify:track:21czWKpfSgbrcafbdKRA1h,"Mehndi","Mehndi","MEMBA;Tisoki;YUNG SAMMY",2023-11-24,196965,27,false,111573307,2023-11-30T06:38:24Z,"future bass,dubstep,riddim,bass music,bass house,edm trap,hip hop indio,desi hip hop","ANTNNA",0.699,0.893,6,-5.624,1,0.0977,0.0294,0.00871,0.112,0.658,145.012,4
spotify:track:2ROQe6QkIXODJRx0y8UjzV,"Delincuente","Delincuente","Tokischa;Anuel AA;Ñengo Flow",2022-08-19,226490,73,true,111573307,2024-05-19T06:39:25Z,"dembow,neoperreo,reggaetón,trap latino,urbano latino,latina","Sony Music Latin",0.798,0.71,2,-3.39,1,0.0973,0.0576,0.025,0.4,0.662,97.875,4
spotify:track:5A0FQhWDBk2YSPiMjSZxe5,"Latin Simone (Que Pasa Contigo)","Gorillaz","Gorillaz;Ibrahim Ferrer",2001-03-26,218866,49,false,111573307,2024-06-05T14:56:50Z,"son cubano,jazz afrocubano,jazz latino,bolero","Parlophone UK",0.51,0.763,6,-4.506,1,0.0706,0.0516,0.0151,0.101,0.344,173.052,4
spotify:track:1LY3GhF0zxIVgbYEQjCbUO,"The Sound of Silence - CYRIL Remix","The Sound of Silence (CYRIL Remix)","Disturbed;CYRIL",2024-02-02,185238,83,false,111573307,2024-06-13T06:32:23Z,"metal,nu metal,metal alternativo,rap metal,hard rock","Spinnin' Records",0.68,0.721,6,-4.379,0,0.188,0.123,0,0.162,0.244,125.963,4
spotify:track:2GxrNKugF82CnoRFbQfzPf,"i like the way you kiss me","i like the way you kiss me","Artemas",2024-03-19,142514,81,false,111573307,2024-06-13T06:35:21Z,"","Artemas",0.599,0.946,11,-4.263,1,0.0447,0.000938,0.0106,0.0826,0.747,151.647,4
spotify:track:2cY7WSxFIsZQaoDNJe7Fz3,"Pass Out","Disc-Overy","Tinie Tempah",2010,268053,67,true,111573307,2024-06-13T06:48:14Z,"grime","Parlophone UK",0.693,0.891,1,-3.261,1,0.296,0.0281,0,0.143,0.532,91.1,4
spotify:track:7Gs3otHnZDq514kFHf0nx7,"Blue Notes","DC4","Meek Mill",2016-10-28,227808,72,true,111573307,2024-06-13T06:49:57Z,"rap","MMG/Atlantic",0.515,0.431,4,-8.251,1,0.257,0.665,0,0.147,0.184,141.392,4
spotify:track:1bXW9UIZWmXtoSGXJvyyAm,"My Barn My Rules","My Barn My Rules","MCR-T;horsegiirL",2023-06-13,266344,59,false,111573307,2024-06-13T06:50:45Z,"gabber,miami bass","Warner Records",0.848,0.692,1,-11.519,1,0.101,0.00332,0.158,0.0811,0.64,147.001,4
spotify:track:0IRDLaO3ng5eyl4Po8hZXj,"summer on the inside","summer on the inside","warner case;Jean Tonique;Max Kaluza",2021-07-30,205166,72,false,111573307,2024-07-23T19:34:41Z,"nu disco,house francés,indie pop francés","Headroom Records",0.833,0.822,7,-7.862,0,0.0702,0.45,0.635,0.479,0.784,120.788,4
spotify:track:1iwkENJTFtLZ0kWKVKtcRb,"La Piedra","La Piedra","Chimbala;Jey One",2023-05-18,158000,53,false,111573307,2024-08-14T21:50:35Z,"dembow","chimbalaoficial",0.908,0.661,9,-4.056,1,0.234,0.416,0.000258,0.635,0.43,119.828,4
spotify:track:0qh5uqeiEI4S48mm8PrznZ,"Eatin' Good","Eatin' Good","Woodcamp",2024-09-20,221904,1,false,111573307,2024-11-16T18:54:18Z,"rally house,house","Magios Collective",0.868,0.747,11,-9.132,0,0.0529,0.143,0.334,0.0838,0.879,125.999,4
spotify:track:0PITyfwD0Vlp5IzQXnIrkB,"La fille du coupeur de joints","La collection 78-88","Hubert-Félix Thiéfaine",2009-11-02,232760,42,false,111573307,2024-11-29T17:37:42Z,"chanson,variété francesa,pop francés,house francés","SME Strategic Marketing Group",0.644,0.91,6,-12.72,0,0.069,0.0631,0.00011,0.283,0.361,111.364,4
spotify:track:0nVQplGAOnoKZSjEpJjxr6,"Montagem Lunar Celestia 1.0","Montagem Lunar Celestia 1.0","TOKYOPHILE;Mc Pogba",2024-10-14,80941,50,false,111573307,2025-01-18T13:16:51Z,"phonk,phonk brasileño,funk brasileño","Tribal Trap",0.973,0.844,2,-3.27,1,0.214,0.713,0.275,0.177,0.731,130.003,4
spotify:track:3yPKvKPHsGDrlOe2MqRC89,"Tengo","Tengo","Manuel Ruiz Queco",2003-11-07,247413,57,false,111573307,2025-02-04T06:27:34Z,"flamenco,flamenco pop","Disparate Records",0.649,0.936,7,-5.725,0,0.0844,0.249,0,0.3,0.931,165.869,4
spotify:track:04kdiOvVb2dRWVLVLjPfwy,"Sois Todos Unos Cursis","995, Vol. 3 (Kompetición)","995;El Chojin",2004-01-01,318600,0,false,111573307,2025-02-28T14:47:27Z,"","Bombos Records",0.479,0.891,11,-1.496,0,0.359,0.377,0,0.382,0.94,85.667,4
spotify:track:5hVLD615OmC8YLwi9QFb5g,"BOUNCE 4 REAL","RVNDOM TVPE :, Vol. 1","Kez 4 real",2025-03-20,126889,41,true,111573307,2025-07-13T19:20:15Z,"freestyle","Mundian.wav",0.649,0.362,1,-14.864,1,0.439,0.238,0.722,0.11,0.201,104.044,4
spotify:track:569RmgUJmmmdyhE0tA9YeF,"Bounce 03","Bounce 03","Fabian Mazur",2025-06-20,154857,29,false,111573307,2025-07-13T19:21:19Z,"edm trap,future bass","Fabian Mazur",0.815,0.668,11,-7.819,0,0.26,0.0186,0.00311,0.0841,0.448,104.986,4
spotify:track:74j9d4tz6Ixw8pkkA1RCCM,"Philypop","Mandar All Day 001","Bodeler",2018-04-02,232381,17,false,111573307,2025-08-22T19:17:33Z,"tech house","Mandar",0.836,0.604,1,-9.936,1,0.108,0.000984,0.445,0.113,0.349,125.992,4
spotify:track:7lSVwHpgxOAs0PJrWy2sJI,"Free my mind","Free my mind","DOLORES",2025-10-17,191707,0,false,111573307,2025-10-17T10:12:04Z,"","Dolores Paradise",0.672,0.646,5,-2.881,0,0.0533,0.553,0,0.179,0.637,81.786,4
spotify:track:5boQUBDVkHoNh8viy0Nu2m,"Starting fire","This is real","Station'Air",2022-12-13,188560,0,false,111573307,2025-10-24T12:55:47Z,"","4705518 Records DK2",0.752,0.459,4,-13.322,0,0.0678,0.544,0.00000218,0.0957,0.889,124.998,4
spotify:track:5yw0aaUOuwgPAu2EDazGj3,"Para que sientas un poquito la presión","Mini wipe","TangaKod",2025-10-13,99759,19,false,111573307,2025-11-06T15:20:50Z,"","10473763 Records DK",0.75,0.579,9,-11.329,1,0.229,0.299,0,0.0519,0.908,92.087,4
spotify:track:2mNLwOxMnm0TxXJBF1y5Ln,"Que Se Sepa","Apollo Sound 5","Roberto Roena Y Su Apollo Sound",1970-12-31,196226,56,false,111573307,2025-11-19T20:27:17Z,"salsa","Fania",0.71,0.797,9,-5.182,0,0.042,0.64,0.00000559,0.0646,0.969,117.01,4
spotify:track:49DiBZ3GwhSChqKE6XOkzx,"2 Die 4 (Jax Jones Midnight Snacks Remix)","2 Die 4 (Jax Jones Midnight Snacks Remix)","Tove Lo;Jax Jones",2022-09-07,155989,0,false,111573307,2025-11-19T20:37:56Z,"","Pretty Swede Records / mtheory",0.702,0.658,10,-7.299,0,0.0655,0.00463,0.0842,0.0611,0.502,125.014,4
spotify:track:0G5oeqLOCMbxBFXPywWYoX,"Pay (For What)","Bang, Vol. 3","Mr. Carmack",2014-04-15,191351,31,false,111573307,2025-11-19T20:58:51Z,"edm trap","Forward Thinkers Group",0.71,0.467,11,-7.852,0,0.25,0.674,0.00818,0.0997,0.0921,148.024,4
spotify:track:6uJGfrEuou3haQGOPLypLH,"Ringui Dingui - con SFDK","Divertimentos, Vol. 2","Kase.O;SFDK",2021-04-23,205275,57,false,111573307,2026-01-26T13:49:42Z,"hip hop latino","El Pan de Aliyah / Rap Solo distributed by Altafonte",0.873,0.793,7,-5.866,1,0.0883,0.287,0,0.081,0.9,119.995,4
spotify:track:1KxQ0sXDBggSOKn7xdJqec,"Tout le monde veut devenir un cat","The Aristocats Original Soundtrack","José Germain",2002-01-01,355560,50,false,111573307,2026-03-04T18:02:07Z,"","EMI Gold",0.528,0.414,5,-12.032,0,0.0649,0.918,0.0123,0.0792,0.554,120.311,4
spotify:track:1NAmcmfQs4KiqT2zYC3rQS,"Can Can","Can Can","D-Frek",2022-11-25,146000,55,true,111573307,2026-04-14T11:27:37Z,"frenchcore,hardcore,hardstyle,tekno,techno hardcore,speedcore,gabber","Q-dance presents QORE",0.599,0.988,8,0.569,1,0.0765,0.00246,0.079,0.365,0.389,99.942,4
spotify:track:0Z3Y5cWOPaXIBI08KKDVTO,"Red Alert - Jaxx Radio Mix","Red Alert","Basement Jaxx",1999-04-19,218026,62,false,111573307,2026-04-17T18:21:58Z,"big beat","XL Recordings",0.648,0.956,10,-3.421,0,0.0497,0.0507,0.000869,0.323,0.821,126.845,4
spotify:track:4YZmXDBK6JOvLlCm3zBLvo,"España Mundial 2026 - World Cup 2026","España Mundial 2026 (World Cup 2026)","Eduardo Luzquinos;Luzquiños",2026-04-06,129000,57,false,111573307,2026-04-20T17:23:04Z,"","10317349 Records DK",0.77,0.817,7,-8.114,1,0.0675,0.0335,0.0118,0.352,0.528,129.996,4
spotify:track:5jIHhZLBzzXwpirl4rvSa3,"INSTRUCTION","OVERDOSE","Naeji",2026-02-13,98999,38,false,111573307,2026-04-21T06:20:09Z,"r&b francés","NAEJI CORP.",0.481,0.72,4,-6.034,0,0.346,0.0382,0.0002,0.105,0.237,137.976,4
spotify:track:511yRM8rXsyWoWEsB77Ekj,"dejavu","dejavu","RayanAIR",2026-04-08,256776,22,false,111573307,2026-04-21T06:43:23Z,"","RayanAIR",0.792,0.512,6,-5.971,1,0.131,0.151,0.00674,0.102,0.454,145.873,4
spotify:track:24rDDbSlFY9OHrlJb48CRh,"404 (New Era)","Delulu Pack","KiiiKiii",2026-01-26,179586,78,false,111573307,2026-04-24T20:45:38Z,"k-pop","Starship Entertainment",0.501,0.519,4,-48.743,1,0.0757,0.658,0.466,0.526,0.00001,140.024,1
spotify:track:2jAaDaQ01dk74X4njfkXP3,"On My Mind - Purple Disco Machine Remix","Do You Dance?","Diplo;SIDEPIECE;Purple Disco Machine",2021-03-12,263414,49,false,111573307,2026-05-02T20:49:09Z,"moombahton,tech house,edm,disco house,nu disco,funky house,house","Higher Ground",0.73,0.69,0,-6.396,1,0.033,0.0983,0.0624,0.182,0.748,123.01,4
spotify:track:0leqxlxiCAFvKh3wcuTP1q,"Vem no Pike da Marketada","Vem no Pike da Marketada","DJ Rugal Original;MC MENOR DO DOZE;Dj TC;DJ Giovanne Mandelão",2024-02-23,130153,40,true,111573307,2026-05-04T07:24:14Z,"funk brasileño,trap funk,funk consciente","Barulho Das Favelas",0.926,0.922,6,0.805,1,0.127,0.517,0.00000871,0.296,0.904,129.954,4
spotify:track:1VIcIak294vqaZ5L0q8E2k,"Sometimes I Do '02","It's Time","Cajmere;Walter Phillips",2010-07-26,399157,16,false,111573307,2026-05-30T06:35:23Z,"house de chicago,club de baltimore,footwork,house","Cajual",0.806,0.815,1,-6.362,1,0.0462,0.000563,0.373,0.0368,0.819,125.002,4
spotify:track:0qzJJazDpczjJTka0EEj4l,"Tiempo para Amar","Tiempo para Amar","Luis Miguel Del Amargue",2015-04-14,300333,35,false,111573307,2026-06-24T15:50:37Z,"bachata,salsa,merengue","JMrecordsDigital",0.66,0.325,0,-11.001,1,0.0551,0.179,0.00000826,0.0931,0.949,141.244,4
spotify:track:6Le2vR39JUDggDgOxiiHX5,"Mi barrio huele a Widow","Albayzín Recopilatorio","Ayax y Prok",2016-05-20,242567,0,true,111573307,2026-07-27T11:11:39Z,"rap","ALBZ Records",0.732,0.72,4,-6.452,0,0.277,0.07,0,0.1,0.562,93.772,4
spotify:track:2NSGXSn3phBbGnEnWQyyx8,"gravity","gravity","all things break",2025-11-28,230137,73,false,111573307,2026-07-27T11:12:23Z,"deep house","Selected.",0.724,0.657,11,-8.131,0,0.032,0.139,0.637,0.09,0.0686,126.991,4
spotify:track:4YHJ03QkCyupkn1VgDQamI,"2 FAST 2 FURIOUS","2 FAST 2 FURIOUS","LOKIMITDERMASKE",2023-11-09,117768,56,false,111573307,2026-07-27T11:15:14Z,"tekno,hip hop alemán","Vertigo Berlin",0.812,0.653,2,-8.539,1,0.285,0.0187,0.00000104,0.0489,0.257,100.148,4
spotify:track:1a7lFiyCRjXgmkboOLmlvc,"O.D.","O.D.","MEMBA;TITUS",2018-04-26,178075,35,true,111573307,2026-08-01T09:18:11Z,"future bass","ANTNNA",0.73,0.775,0,-7.392,1,0.0803,0.0164,0.414,0.0939,0.554,160.016,4
spotify:track:0ShZidyBdeUF00b4ontvom,"Caramelldansen","Caramelldansen - Speedy Mixes","Caramell",2008-06-25,176586,0,false,111573307,2026-08-01T09:41:46Z,"eurodance,europop","Remixed Records",0.603,0.999,6,-5.23,1,0.0959,0.012,0.629,0.332,0.779,164.796,4
spotify:track:2cebuDRXBsi89lb1Jz3TFs,"Cambalache (with Leopoldo Federico y Su Orquesta)","El Firulete","Julio Sosa;Leopoldo Federico y su Orquesta",1964-03-01,184026,50,false,111573307,2026-08-08T07:55:38Z,"tango,candombe","Columbia",0.545,0.574,0,-9.159,1,0.0751,0.804,0,0.45,0.845,120.522,4
spotify:track:3RBdMtnhif7DnrtOqjLMb4,"Pasa el canutito","Lo que el tiempo no sabe borrar","Uña Y Carne",2021-06-11,228564,46,true,111573307,2026-08-10T16:29:10Z,"flamenco,flamenco pop","WM Spain",0.757,0.905,10,-7.138,1,0.0566,0.424,0.000189,0.058,0.934,120.087,4
