Track URI,Track Name,Album Name,Artist Name(s),Release Date,Duration (ms),Popularity,Explicit,Added By,Added At,Genres,Record Label,Danceability,Energy,Key,Loudness,Mode,Speechiness,Acousticness,Instrumentalness,Liveness,Valence,Tempo,Time Signature
spotify:track:7ccxwuSgkRF2ONdDA9sBZD,"You've Got A Friend","Rhino Hi-Five: James Taylor","James Taylor",2005-10-18,270466,0,false,,2011-10-16T13:03:08Z,"folk rock,cantautores,rock suave","Rhino/Warner Bros.",0.695,0.192,9,-19.336,1,0.0303,0.731,0.00707,0.0995,0.464,92.015,4
spotify:track:5zF2zGPkL6Ipsn9AfAK6RP,"This Love","Songs About Jane","Maroon 5",2002-06-25,206200,2,false,,2011-10-16T13:07:39Z,"pop","Universal Music Group",0.714,0.868,5,-4.596,0,0.0363,0.0551,0,0.0987,0.78,95.05,4
spotify:track:7jEUxosffRXOZ7rNSajygF,"Moves Like Jagger - Studio Recording From The Voice Performance","Moves Like Jagger","Maroon 5;Christina Aguilera",2011-06-22,201240,0,false,,2011-10-16T13:08:13Z,"pop","Universal Music Ltd.",0.723,0.758,9,-4.418,1,0.0506,0.0175,0,0.307,0.657,128.033,4
spotify:track:7ha7zYOryB0rpnMTa4S75U,"Got 2 Luv U (feat. Alexis Jordan)","Got 2 Luv U (feat. Alexis Jordan)","Sean Paul;Alexis Jordan",2011-07-19,196640,44,false,,2011-10-16T13:19:00Z,"dancehall","VP Records",0.605,0.793,7,-3.084,0,0.297,0.0825,0,0.124,0.647,184.032,4
spotify:track:4fIWQFkuHHOcjQFKibUGSo,"Lead the way","Lead the way","Carlos Jean",2010-11-21,260880,38,false,,2011-10-16T13:22:39Z,"chachachá","Novaemusik",0.691,0.722,11,-5.988,1,0.049,0.0252,0.00574,0.145,0.513,128.004,4
spotify:track:4LQ8EDq2ugRf5eZ0ib9D40,"Rise & Fall - feat. Sting","Greatest Hits (Standard DMD)","Craig David",2008-11-21,285906,0,false,,2011-10-16T13:52:09Z,"","WM UK",0.633,0.627,9,-6.225,1,0.0482,0.285,0,0.665,0.789,84.008,4
spotify:track:5P11rW6aJErF37MTfRZS31,"Hallelujah, I Love Her So","Ray Charles (aka: Hallelujah, I Love Her So)","Ray Charles",1957-01-01,155506,67,false,,2011-10-16T13:52:23Z,"soul,soul blues,soul clásico,vocal jazz,jazz","Rhino Atlantic",0.696,0.547,5,-5.954,0,0.169,0.792,0,0.155,0.623,73.203,4
spotify:track:3Cr8Os0nVRQbH0B4y7HFC4,"Please Stay","The Point Of It All","Anthony Hamilton",2008-12-16,302920,36,false,,2011-10-16T13:54:26Z,"neo soul,r&b,quiet storm","So So Def",0.649,0.448,6,-5.522,1,0.0428,0.179,0,0.102,0.124,132.445,4
spotify:track:3WMbD1OyfKuwWDWMNbPQ4g,"Daddy Cool","Take The Heat Off Me","Boney M.",1976,208600,79,false,,2011-10-16T13:55:04Z,"disco","MCI",0.763,0.777,5,-6.932,0,0.0364,0.281,0.79,0.134,0.929,124.431,4
spotify:track:5OrX4PR74Ttezdj5soO1BV,"Best Thing I Never Had","4","Beyoncé",2011-06-24,253746,34,false,,2011-10-16T13:58:48Z,"","Parkwood Entertainment/Columbia",0.545,0.649,6,-4.062,1,0.0324,0.143,0.0000157,0.0894,0.297,99.099,4
spotify:track:4VudDm3sB5hN1RcbI1LRJV,"Something That I Like","Transition (Deluxe Edition)","Ryan Leslie;Pusha T",2009-01-01,247600,0,false,,2011-10-16T14:00:28Z,"","Universal Music",0.655,0.695,8,-3.212,0,0.229,0.308,0,0.328,0.685,94.936,4
spotify:track:4WY3HyGXsWqjFRCVD6gnTe,"Baby Boy (feat. Sean Paul)","Dangerously In Love","Beyoncé;Sean Paul",2003-06-24,244826,72,false,,2011-10-16T14:02:26Z,"dancehall","Columbia",0.655,0.488,1,-9.17,1,0.22,0.0825,0.00000116,0.221,0.791,91.025,4
spotify:track:19KlLuxA7AxvQpoQYx7zhG,"I Need A Dollar","I Need A Dollar 12""","Aloe Blacc",2010-02-11,244386,0,false,,2011-10-16T14:04:36Z,"","Stones Throw Records",0.838,0.367,6,-11.833,0,0.0396,0.176,0,0.0861,0.961,95.508,4
spotify:track:3qxAm8VUS740NTGCvEcFpy,"A Dream","A Dream","Common;will.i.am",2007-01-01,218080,0,false,,2011-10-16T14:08:10Z,"hip hop,jazz rap,neo soul","Hollywood Records",0.772,0.759,9,-7.261,0,0.284,0.245,0.0000697,0.106,0.625,103.042,4
spotify:track:3QHONiXGMGU3z68mQInncF,"I'll Be Missing You (feat. Faith Evans, 112)","Bad Boy's 10th Anniversary- The Hits","Diddy;Faith Evans;112",2004-03-09,301520,75,false,,2011-10-16T14:09:22Z,"hip hop,hip hop de la costa este,r&b","Bad Boy Records",0.862,0.479,7,-9.199,1,0.0645,0.0523,0.00126,0.589,0.924,109.877,4
spotify:track:7C86DVl6REN8VPeGEMOf9q,"Get Busy","Dutty Rock","Sean Paul",2002-11-12,211666,3,false,,2011-10-16T14:12:31Z,"dancehall","VP/Atlantic Records",0.735,0.824,10,-4.143,0,0.036,0.615,0,0.158,0.726,100.202,4
spotify:track:1rBCqUMWdZSTCnlj3q6MiI,"This Is Why I'm Hot","This Is Why I'm Hot (Explicit) [The Original]","MiMS",2007,253706,0,true,,2011-10-16T14:12:50Z,"","Capitol Records",0.621,0.6,8,-6.349,1,0.576,0.277,0,0.495,0.485,80.021,4
spotify:track:19RKuCdPh68WknFtjG9BJN,"Someone Like You","21' Sampler","Adele",2011-01-18,285240,0,false,,2011-10-16T14:16:51Z,"pop suave","XL",0.554,0.321,9,-8.251,1,0.028,0.893,0,0.0996,0.288,135.047,4
spotify:track:0Ko737UNjXO17LK4Urdlwo,"Fortunate Son","More Creedence Gold","Creedence Clearwater Revival",1973-01-01,138400,3,false,,2011-10-16T14:45:42Z,"rock clásico,rock sureño,country rock","Fantasy Records",0.623,0.529,0,-12.419,1,0.0353,0.17,0.0201,0.489,0.603,132.74,4
spotify:track:1kVlDXq7fiACyemUIdyotQ,"Champagne Showers","Champagne Showers","LMFAO;Natalia Kills",2011-01-01,264560,0,false,,2011-10-16T14:48:19Z,"","Universal Music Ltd.",0.602,0.826,7,-3.99,0,0.392,0.00125,0.00000162,0.384,0.445,130.117,4
spotify:track:1cA75QXzCkJYPaDw7jnDoH,"The Payback","Funky President...The Very Best Of James Brown Volume 2","James Brown",1993-01-01,449600,0,false,,2011-10-16T14:57:51Z,"funk,soul,motown,soul clásico","Universal Music Ltd.",0.87,0.645,10,-11.548,0,0.221,0.126,0.000106,0.0684,0.759,97.795,4
spotify:track:0h87GbMRuU8ENP8LmdeA22,"At Last","Music From The Motion Picture Cadillac Records","Beyoncé",2008-11-28,180706,51,false,,2011-10-16T15:28:53Z,"","Music World Music/Columbia",0.26,0.26,5,-10.669,1,0.0329,0.666,0.00447,0.175,0.318,172.655,3
spotify:track:1SVkLT20TPJ5u00cAS6iMN,"Hush","Ultimate R&B 2007","LL COOL J;7 Aurelius",2007-01-01,214600,15,false,,2011-10-16T16:00:41Z,"hip hop old school,hip hop de la costa este","Universal Music Group International",0.711,0.723,11,-6.532,1,0.315,0.134,0,0.131,0.798,98.888,4
spotify:track:3gFbFtAbUi6yjOZpwIYEOH,"Ching-A-Ling - Amended Album Version","Ching-A-Ling","Missy Elliott",2008-01-22,219173,0,false,,2011-10-16T21:11:26Z,"hip hop","Goldmind/Atlantic",0.779,0.74,7,-4.354,1,0.158,0.0138,0.00000637,0.0983,0.38,102.016,4
spotify:track:2aegu0zHDc2QVythcOA749,"La Cosquillita","¡Que Suba La Bilirrubina! (Las Grandes Canciones Para Bailar)","Juan Luis Guerra 4.40",2011,222200,0,false,,2011-10-16T21:44:06Z,"merengue,bachata,salsa","EMI Marketing Spain",0.46,0.896,0,-4.801,1,0.125,0.645,0,0.333,0.898,173.871,4
spotify:track:7aS6cyqiIzITFwyiOhcepj,"Boom","Doggumentary","Snoop Dogg;T-Pain",2011-01-01,230186,0,false,,2011-10-18T13:25:31Z,"g-funk,hip hop de la costa oeste,rap gangster,hip hop old school,hip hop,rap","Capitol Records",0.469,0.832,6,-6.709,0,0.432,0.139,0,0.0278,0.341,139.399,5
spotify:track:1t0l1YKvbhgbXXAti5BZIz,"I Can Change Your Life","Lessons In Love","Lloyd",2008-01-01,208573,0,false,,2011-10-18T13:31:59Z,"r&b","Universal Music Ltd.",0.381,0.559,5,-9.881,0,0.043,0.0611,0.00000264,0.123,0.436,93.914,4
spotify:track:423EcxblW9F4nnQkqcqMlK,"Deja Vu (feat. JAY-Z)","B'Day Deluxe Edition","Beyoncé;JAŸ-Z",2007-05-29,240280,68,false,,2011-10-18T13:51:01Z,"hip hop,hip hop de la costa este,rap","Columbia",0.644,0.746,7,-4.941,1,0.341,0.0071,0.0000122,0.0743,0.355,105.253,4
spotify:track:6vQ55LyTZ6vqDz5YNIf8zQ,"Get Dirty (feat. Chamillionaire)","Double Up","R. Kelly;Chamillionaire",2007-05-25,236160,30,true,,2011-10-18T14:00:27Z,"r&b,hip hop sureño americano","Jive",0.723,0.833,1,-5.447,1,0.101,0.109,0,0.0719,0.59,140.094,4
spotify:track:2YHkp09tljbU2TXBYP80xu,"A Fifth of Beethoven - Rock Da Beat Mix","Instrumentals","Ludwig van Beethoven;DJ Daddy Ray Z",2008-04-23,199227,0,false,,2011-10-18T14:07:26Z,"clásica,piano clásico,música de cámara,concerto","D-Verso",0.62,0.939,1,-4.192,1,0.0515,0.00178,0.00441,0.161,0.68,100.008,4
spotify:track:4E7QLdfaaKpvTgrLGEls00,"E.I.","Country Grammar","Nelly",2000-06-27,285906,0,true,,2011-10-18T14:09:36Z,"","Universal Music Group",0.834,0.481,2,-7.824,0,0.188,0.0732,0,0.0934,0.406,89.849,4
spotify:track:51FEdPwVSWCFspiWtt8gjJ,"Hot In Herre","6 Pack (Edited Version)","Nelly",2010-10-12,228533,0,false,,2011-10-18T14:09:54Z,"","Universal Music Ltd.",0.966,0.763,2,-4.495,1,0.145,0.243,0,0.0637,0.916,107.05,4
spotify:track:6281LdA2cVFwVM0xC5cqA8,"The Choice Is Yours","The Document II","Black Sheep",2003-06-23,211360,0,false,,2011-10-18T14:10:56Z,"ska punk","Illicit Recordings",0.879,0.847,10,-6.76,0,0.243,0.0447,0,0.32,0.711,101.397,4
spotify:track:34MRi5GRWHFUa731JBxFEl,"Chief Rocka","Here Come The Lords","Lords Of The Underground",1993-01-01,247400,59,true,,2011-10-18T14:11:30Z,"hip hop de la costa este,hip hop old school,hip hop","Pendulum Records",0.89,0.716,1,-9.673,1,0.296,0.174,0.000589,0.0657,0.656,99.987,4
spotify:track:6R9bdvExOZiLrwmBkXsPGr,"Ride Wit Me","Country Grammar","Nelly;City Spud",2000-06-27,291781,7,true,,2011-10-18T14:13:31Z,"hip hop country","Universal Music Group",0.85,0.7,7,-6.49,1,0.0478,0.0616,0.0000018,0.244,0.722,101.875,4
spotify:track:0vISJC7jiOravWRFrpeYyW,"Ghetto Dreams - feat. Nas","Ghetto Dreams (feat. Nas)","Common;Nas",2011-07-05,238485,7,true,,2011-10-19T20:46:36Z,"hip hop,jazz rap,neo soul,hip hop old school,hip hop de la costa este","Think Common/Warner Records",0.494,0.978,1,-4.164,0,0.349,0.0011,0.0000229,0.0751,0.38,98.487,4
spotify:track:6hKekKVnxtxE64Z3UUvamu,"Move (If You Wanna)","Move (If You Wanna)","MiMS",2008,191840,0,false,,2011-10-19T21:16:51Z,"","Capitol Records",0.655,0.633,7,-6.325,1,0.377,0.0197,0.00000352,0.0571,0.722,81.188,4
spotify:track:1czXAuXNIGMhEkeSl08C5W,"The Way You Move (feat. Sleepy Brown) - Radio Mix","Speakerboxxx/The Love Below","Outkast;Sleepy Brown",2003-09-23,233960,0,false,,2011-10-19T21:18:09Z,"hip hop sureño americano,hip hop","Arista",0.869,0.608,5,-4.866,0,0.0474,0.137,0.0000871,0.0624,0.627,125.992,4
spotify:track:6xb2e7jrlWH7jthhpPOKfI,"Oops (Oh My)","The Ultimate Contemporary R&B and Neo-Soul Collection Volume 1","The Hit Co.",2011-01-01,239720,0,false,,2011-10-19T21:31:56Z,"","Planet Music",0.738,0.397,7,-12.227,0,0.114,0.254,0.0000483,0.0822,0.778,160.019,4
spotify:track:5xEfnYEaxlmSu8a7NevdE3,"Stomp","Errtime","Murphy Lee;King Jacob;Prentiss Church",2005-01-01,265613,32,true,,2011-10-19T21:37:51Z,"","Motown",0.76,0.72,4,-5.585,0,0.265,0.0485,0,0.323,0.718,81.04,4
spotify:track:7xz99lquzxyET2QZztic4g,"Anytime","Anytime","Brian McKnight",1997-09-23,275600,36,false,,2011-10-20T22:57:41Z,"quiet storm,r&b","Motown",0.743,0.455,6,-8.468,1,0.031,0.0168,0.000825,0.0324,0.51,129.829,4
spotify:track:76fPgZgFqMJql3vOShaidz,"OMG","OMG","USHER;will.i.am",2010-03-12,269733,0,false,,2012-03-02T15:06:12Z,"r&b","LaFace Records",0.782,0.738,4,-5.857,0,0.0343,0.166,0.00000834,0.349,0.311,129.99,4
spotify:track:1A35w9OSTTVXw3c6tj6AiV,"Swagga Like Us - T.I. and Jay-Z feat. Kanye West and Lil' Wayne","Paper Trail","T.I.",2008-09-08,327666,0,true,,2011-10-21T13:41:25Z,"hip hop sureño americano","Grand Hustle/Atlantic",0.58,0.817,4,-5.009,1,0.214,0.00163,0,0.118,0.238,89.008,4
spotify:track:7bchsHDaf9CRoe64ceIDYQ,"Fuck It (I Don't Want You Back)","F**k It","Eamon",2004-01-28,225626,48,true,,2011-10-21T14:08:58Z,"","Jive",0.827,0.612,0,-6.347,0,0.0613,0.1,0.00000433,0.0461,0.516,68.505,4
spotify:track:4pdLyulbYLCrPmDzWWeJIZ,"I've Been Loving You Too Long","Otis Blue: Otis Redding Sings Soul (Collector's Edition)","Otis Redding",1965-09-15,181666,66,false,,2011-10-21T19:56:55Z,"motown,soul,soul clásico,soul blues","Rhino Atlantic",0.499,0.246,9,-12.806,1,0.0325,0.7,0.00227,0.0965,0.152,148.482,3
spotify:track:1TrlqoDy1p0IJNoMjPTPqb,"My Chick Bad","Battle Of The Sexes","Ludacris;Nicki Minaj",2010-01-01,216813,0,true,,2011-10-21T20:13:19Z,"hip hop sureño americano","Universal Music Group",0.627,0.723,1,-6.782,1,0.378,0.172,0,0.468,0.757,84.848,4
spotify:track:7Ajw8dF7TTXKxdBAUThzHL,"Smokin' Weed","Snoop Doggy Dogg","Snoop Dogg",2010-05-04,190173,0,true,,2011-10-22T20:57:18Z,"g-funk,hip hop de la costa oeste,rap gangster,hip hop old school,hip hop,rap","Howie McDuffie Music Group",0.584,0.466,1,-12.141,1,0.307,0.0494,0,0.141,0.444,80.427,4
spotify:track:4WSWEpUkx2StGNlbSzqu7o,"Work Out","Work Out","J. Cole",2011-07-04,234146,0,true,,2011-10-23T13:46:42Z,"rap","Roc Nation/Columbia",0.828,0.425,10,-6.895,0,0.132,0.0539,0,0.329,0.23,92.997,4
spotify:track:0DdpxWfVvUGgkJv5536tiF,"Sexy Can I feat. Yung Berg","All I Feel","Ray J",2008-04-08,204040,2,true,,2011-10-23T13:53:23Z,"","Koch Records",0.575,0.684,1,-6.007,1,0.325,0.299,0,0.614,0.926,172.155,4
spotify:track:5XhkV07Vou38wnrzwURUOC,"Who Am I (What's My Name)?","Doggystyle","Snoop Dogg",1993,246320,3,true,,2011-10-23T14:06:40Z,"g-funk,hip hop de la costa oeste,rap gangster,hip hop old school,hip hop,rap","Death Row Records",0.692,0.833,7,-3.974,1,0.0492,0.000136,0.0000198,0.515,0.692,96.814,4
spotify:track:5PMKzsUsTpZZGsCcJBuhP2,"U Know What's Up (feat. Lisa ""Left Eye"" Lopes)","Where I Wanna Be","Donell Jones;Lisa ""Left Eye"" Lopes",1999-05-29,243733,68,true,,2011-10-23T14:27:25Z,"r&b,quiet storm","Arista/LaFace Records",0.854,0.543,8,-6.166,0,0.0844,0.0402,0.0000573,0.0419,0.868,103.032,4
spotify:track:6LgIIvQXqFISoY8tJBb9Am,"Against The Grain","Freedom (Int'l Version)","Akon;Ray Lavender",2008-01-01,244453,0,false,,2011-10-23T20:53:51Z,"","Universal Music Ltd.",0.772,0.556,0,-4.887,1,0.0327,0.434,0,0.0856,0.356,94.986,4
spotify:track:0E0UXKefKsErAyZwEzM8Dk,"Gimme the Base (DJ) [Feat. M-AND-Y]","Gimme the Base (DJ) [Feat. M-AND-Y]","Carlos Jean;Ferrara;Cecilia Gómez;Pedro Pimentel;Macadamia;M-AND-I;Electric Nana",2011-05-09,228953,29,false,,2011-10-26T20:11:23Z,"chachachá,tango","Novaemusik",0.702,0.749,0,-5.964,0,0.132,0.12,0,0.11,0.656,129.026,4
spotify:track:3PHYPaguCDKLK1a9cp3uXZ,"Because of You","Breakaway","Kelly Clarkson",2004,219493,0,false,,2011-10-28T12:01:53Z,"navidad","RCA Records Label",0.584,0.583,5,-5.284,0,0.0313,0.248,0,0.124,0.15,139.93,4
spotify:track:0C80KJWvQWIGjbOiIurV1W,"Because Of You","Because Of You","Ne-Yo",2007-01-01,266840,1,false,,2011-10-28T12:01:53Z,"","Universal Music Group",0.81,0.538,0,-5.784,0,0.0356,0.528,0,0.0951,0.828,109.97,4
spotify:track:3gAvYSeYWyBMqGuLmrZs23,"Hustler's Ambition","Get Rich Or Die Tryin'- The Original Motion Picture Soundtrack","50 Cent",2005-01-01,237613,0,true,,2011-10-28T15:42:17Z,"hip hop old school,hip hop de la costa este","Interscope",0.604,0.737,7,-6.174,1,0.292,0.277,0,0.305,0.683,88.243,4
spotify:track:3JkSuHgKAa9l49gpJPGQBC,"Best Friend","Get Rich Or Die Tryin'- The Original Motion Picture Soundtrack","50 Cent",2005-01-01,251546,0,true,,2011-10-28T17:10:41Z,"hip hop old school,hip hop de la costa este","Interscope",0.549,0.636,10,-3.923,0,0.376,0.395,0,0.0974,0.661,182.363,4
spotify:track:2lAOxB26frBq3K9RA3cjS5,"Surrounded By Hoes","50 Cent Is The Future","50 Cent;DJ Whoo Kid",2006-10-24,130639,49,true,,2011-10-28T17:15:17Z,"hip hop old school,hip hop de la costa este","BCD Music Group",0.74,0.614,1,-7.092,0,0.315,0.543,0,0.109,0.813,93.449,4
spotify:track:7k9XAKJp28xmRnPPCkWOKn,"Realest N*ggas","Bad Boys II","Notorious B.I.G. & 50 Cent",2005-04-20,212560,0,true,,2011-10-28T17:16:40Z,"","Bad Boy Records",0.903,0.728,6,-3.983,1,0.322,0.397,0.00000266,0.157,0.817,95.67,4
spotify:track:3Ht6Kfr0Dl7lu04u7jMSaw,"Many Men (Wish Death)","Get Rich Or Die Tryin' (Explicit Version)","50 Cent",2003-02-06,256226,0,true,,2011-10-28T23:03:05Z,"hip hop old school,hip hop de la costa este","Universal Music Group",0.687,0.836,6,-2.949,0,0.352,0.0163,0.00107,0.129,0.388,107.595,5
spotify:track:2x85CttGZWXRaGBLIcrjIZ,"Get In My Car","The Massacre (Ecopac Reissue Explicit)","50 Cent",2005-03-03,245920,0,true,,2011-10-29T20:19:42Z,"hip hop old school,hip hop de la costa este","Universal Music Ltd.",0.613,0.866,7,-5.648,1,0.334,0.116,0,0.139,0.757,75.657,4
spotify:track:47dwmBX3P67PZj8147Oqbd,"I Got Swag","Before I Self-Destruct","50 Cent",2009-01-01,214706,0,true,,2011-10-30T12:53:31Z,"hip hop old school,hip hop de la costa este","Universal Music Group",0.63,0.871,7,-3.553,1,0.326,0.0154,0,0.306,0.509,181.259,4
spotify:track:29uE9YjTVnJp8sKuG9HbNL,"GATman And Robbin","The Massacre","50 Cent;Eminem",2005-03-03,226600,0,true,,2011-11-01T17:27:45Z,"hip hop old school,hip hop de la costa este,rap,hip hop","Universal Music Central America",0.686,0.91,4,-6.315,0,0.174,0.41,0.00000563,0.169,0.6,174.033,4
spotify:track:4lycX0RUpEZfiR9j4q0DFT,"I Don't Know, Officer","Get Rich Or Die Tryin'- The Original Motion Picture Soundtrack","50 Cent;Lloyd Banks;Prodigy;Spider Loc;Ma$e",2005-01-01,272573,0,true,,2011-11-01T17:28:36Z,"hip hop old school,hip hop de la costa este,hip hop de la costa oeste","Interscope",0.637,0.787,7,-2.784,1,0.366,0.267,0.00169,0.0957,0.744,168.113,4
spotify:track:0RZQHGfpOVplGcUheBjc6l,"God Gave Me Style","The Massacre (Ecopac Reissue Explicit)","50 Cent",2005-03-03,181720,0,true,,2011-11-01T17:29:40Z,"hip hop old school,hip hop de la costa este","Universal Music Ltd.",0.525,0.754,10,-3.86,0,0.221,0.0235,0.0000015,0.349,0.682,90.51,4
spotify:track:43s0CIP1nrgUXCLyBmchYH,"Shake Senora Remix (feat. T-Pain, Sean Paul & Ludacris)","Planet Pit (Deluxe Version)","Pitbull;T-Pain;Sean Paul;Ludacris",2011-06-17,252360,55,false,,2011-11-04T11:40:29Z,"dancehall,hip hop sureño americano","Mr.305/Polo Grounds Music/J Records",0.711,0.936,0,-5.303,1,0.363,0.13,0,0.181,0.683,127.967,4
spotify:track:6f7XlxqTWqF32qbyds748p,"Ojala Que Llueva Café","Tribute to Juan Luis Guerra","Covers Like Juan Luis Guerra",2008-10-15,188520,0,false,,2011-11-04T11:47:23Z,"","Hello Music",0.788,0.772,8,-7.105,1,0.0687,0.436,0,0.315,0.96,113.045,4
spotify:track:7m7rQfeWD59WPBCgR9Repm,"Woman Del Callao","BURBUJAS DE AMOR-30 GRANDES CANCIONES ROMÁNTICAS DE JUAN LUIS GUERRA","Juan Luis Guerra 4.40",2010,260973,0,false,,2011-11-04T11:50:57Z,"merengue,bachata,salsa","EMI Marketing Spain",0.632,0.883,6,-4.643,0,0.129,0.705,0,0.0662,0.963,122.904,4
spotify:track:5dbAbIXDKZBngmD3YB5DVe,"Broadway - Original Mix","2011 (Continous DJ-Mix)","DJ Antoine;Mad Mark",2011-05-27,271884,0,false,,2011-11-04T15:59:07Z,"","Phonag Records AG",0.703,0.921,11,-5.086,0,0.0374,0.0465,0.0203,0.0739,0.379,127.991,4
spotify:track:5Ssv6DaKrW0HczVqx6zXdl,"Diva","I AM...SASHA FIERCE","Beyoncé",2008-11-14,200613,72,false,,2011-11-04T16:03:40Z,"","Music World Music/Columbia",0.875,0.551,6,-6.744,0,0.317,0.0488,0.00728,0.0537,0.861,146.092,4
spotify:track:0FRelX0g1nNDFt6nvtiakE,"Hangover","Hangover","Taio Cruz;Flo Rida",2011-01-01,244506,0,false,,2011-11-07T14:09:00Z,"","Universal Music Group",0.604,0.888,0,-3.282,0,0.0454,0.00868,0,0.117,0.635,128.032,4
spotify:track:1Wu02hPkQAKbqsNRvRTCAK,"Angel","Angel","Akon",2010-01-01,215226,0,false,,2011-11-07T14:11:00Z,"","Universal Music Group",0.565,0.836,2,-2.46,1,0.0336,0.0679,0,0.198,0.381,125.846,4
spotify:track:133g7oJWqvMnhvwfXL4CU1,"Best Love Song (feat. Chris Brown)","Best Love Song (feat. Chris Brown)","T-Pain;Chris Brown",2011-03-22,197600,0,false,,2011-11-07T14:13:17Z,"r&b","Jive",0.481,0.818,7,-2.684,1,0.0833,0.126,0,0.4,0.633,79.842,4
spotify:track:1ThfnLKpaJtNroqAzvbAG2,"Confessions Part II","Confessions","USHER",2004-03-20,229533,0,false,,2011-11-07T15:52:41Z,"r&b","Arista",0.73,0.476,8,-7.906,1,0.286,0.058,0,0.0646,0.703,68.793,4
spotify:track:3NcO4jGK1Opb5ea0mYLpxb,"Good Feeling","Good Feeling","Flo Rida",2011-08-29,248133,58,false,,2011-11-08T21:09:03Z,"","Poe Boy/Atlantic",0.706,0.89,1,-4.444,0,0.0688,0.0588,0.00286,0.306,0.684,128.011,4
spotify:track:0O45fw2L5vsWpdsOdXwNAR,"SexyBack (feat. Timbaland)","FutureSex/LoveSounds","Justin Timberlake;Timbaland",2006-09-12,242733,88,true,,2011-11-08T21:13:18Z,"","Jive",0.967,0.583,7,-5.562,0,0.0789,0.0584,0,0.0519,0.964,117,4
spotify:track:3pD0f7hSJg2XdQ6udw5Tey,"What Goes Around.../...Comes Around (Interlude)","FutureSex/LoveSounds","Justin Timberlake",2006-09-12,448573,82,false,,2011-11-09T20:05:53Z,"","Jive",0.687,0.723,7,-4.751,1,0.0709,0.122,0.00102,0.573,0.432,76,4
spotify:track:5S1yeuswEPofFOCkMFLNLc,"Like A G6","Like a G6","Far East Movement;The Cataracs;DEV",2010-01-01,218346,0,false,,2011-11-09T21:54:06Z,"","Universal Music Group",0.629,0.869,7,-7.013,0,0.314,0.00657,0,0.191,0.715,125.024,4
spotify:track:5DfTZU85TEG9jt1XTHkAhg,"The Godfather","The Essential Movie Soundtracks (40 Tracks)","The Essential",2009-01-01,212400,0,false,,2011-11-09T22:22:27Z,"","Rendez-Vous Digital",0.23,0.327,0,-7.319,0,0.0354,0.958,0.927,0.143,0.119,64.78,4
spotify:track:2shH36IytTvWBMMQi1KhNL,"You're The First, The Last, My Everything","Barry White - The Collection","Barry White",1988-01-01,206936,3,false,,2011-11-12T22:16:14Z,"disco,soul,soul clásico,quiet storm,sonido filadelfia,motown","Universal Music Group",0.633,0.542,5,-12.318,1,0.0316,0.000679,0.00434,0.0754,0.879,130.314,4
spotify:track:6OEolOOk9Gh9bqkdpfIOl0,"Ridin' Solo","Jason Derulo (International)","Jason Derulo",2010-02-24,215746,74,false,,2011-11-13T14:11:13Z,"","Beluga Heights/Warner Records",0.442,0.83,9,-4.02,1,0.146,0.128,0,0.129,0.578,89.338,4
spotify:track:1iNeZGJsoC0D7ZyJTdIbDS,"Technologic","Human After All","Daft Punk",2005-03-11,284280,61,false,,2011-11-13T14:11:59Z,"house francés,electrónica,electro","Daft Life Ltd./ADA France",0.812,0.516,9,-6.963,1,0.224,0.000369,0.0000109,0.0991,0.633,127.498,4
spotify:track:4EOpol0K5u620R2OLfoJ1B,"Purple Pills","Devils Night","D12",2001-01-01,304506,0,true,,2011-11-13T14:17:08Z,"","Universal Music Group",0.774,0.634,1,-5.941,1,0.167,0.0199,0.0000298,0.29,0.752,125.223,4
spotify:track:1A7dxsO3dCOPkQHvbQJO27,"Sensual Seduction","Sensual Seduction","Snoop Dogg",2007-01-01,245520,0,false,,2011-11-13T14:21:59Z,"g-funk,hip hop de la costa oeste,rap gangster,hip hop old school,hip hop,rap","Geffen",0.756,0.829,11,-3.973,1,0.0682,0.003,0.0000346,0.0578,0.504,120.163,4
spotify:track:6IwKcFdiRQZOWeYNhUiWIv,"No One","As I Am (Expanded Edition)","Alicia Keys",2007-11-09,253813,74,false,,2011-11-13T14:27:25Z,"r&b,neo soul","J Records",0.644,0.549,1,-5.415,0,0.0285,0.0209,0.00000885,0.134,0.167,90.04,4
spotify:track:4UwtMoKBvYi0mMbH2ZI3uB,"That's All She Wrote (feat. Eminem)","No Mercy","T.I.;Eminem",2010-12-03,318360,0,true,,2011-11-14T19:04:20Z,"hip hop sureño americano,rap,hip hop","Grand Hustle/Atlantic",0.496,0.785,7,-3.472,1,0.306,0.0328,0,0.0941,0.357,170.02,4
spotify:track:6mZcNu9i8uhOYMiEAyEx81,"How We Do","The Documentary","The Game;50 Cent",2005,235533,3,true,,2011-11-15T22:11:51Z,"hip hop de la costa oeste,hip hop old school,rap gangster,hip hop,hip hop de la costa este","Universal Music Group",0.862,0.648,4,-7.401,0,0.251,0.0455,0,0.0332,0.637,98.012,4
spotify:track:5h3JktAM1OCwoKm4KxS9pk,"I'm Sprung","I'm Sprung","T-Pain",2006-01-23,231040,33,false,,2011-11-15T22:26:12Z,"","Jive",0.727,0.336,0,-11.657,0,0.0958,0.0915,0,0.0792,0.191,100.032,4
spotify:track:6v6WjsyLdY189IewecL2x7,"Just Lose It","Curtain Call (Deluxe)","Eminem",2005-12-06,248600,1,true,,2011-11-22T22:00:04Z,"rap,hip hop","Universal Music Group",0.951,0.623,8,-3.603,1,0.0503,0.0596,0.0000436,0.251,0.957,121.006,4
spotify:track:2eOuL8KesslTLQERQPu11D,"Bad Boy for Life","The Saga Continues...","Diddy;Black Rob;Mark Curry",2001,253066,66,true,,2011-11-22T22:20:00Z,"hip hop,hip hop de la costa este,hip hop old school","Bad Boy Records",0.669,0.829,1,-3.801,1,0.49,0.179,0,0.241,0.61,118.934,4
spotify:track:14JeultyMhbsgayHgjf5zj,"Let's Get Dirty (I Can't Get In Da Club)","Malpractice","Redman;DJ Kool",2001-05-22,235533,0,true,,2011-11-22T22:21:05Z,"hip hop de la costa este,hip hop old school,hip hop,hardcore hip hop,go-go","Universal Music Group",0.54,0.966,1,-5.02,1,0.433,0.0542,0,0.466,0.433,99.436,4
spotify:track:4l2ecMeHvDg2Y9OOkqfucN,"No Diggity","No Diggity: The Very Best Of Blackstreet","Blackstreet;Dr. Dre;Queen Pen",2003-06-10,305706,0,false,,2011-11-22T22:21:33Z,"new jack swing,hip hop old school,g-funk,rap gangster,hip hop de la costa oeste,hip hop,rap","Universal Music Group",0.865,0.65,1,-4.617,0,0.207,0.324,0,0.133,0.715,88.663,4
spotify:track:0MtFUqaaEIqImt50RgfqZ4,"We Belong Together","We Belong Together (Int'l ECD Maxi)","Mariah Carey",2005-01-01,201440,0,false,,2011-11-25T10:19:54Z,"navidad","Island Records",0.841,0.472,0,-7.917,1,0.066,0.027,0,0.091,0.765,139.974,4
spotify:track:2REk8202dJ2l2vmwophE2R,"Loving You No More","Last Train To Paris (Deluxe)","Diddy - Dirty Money;Drake",2010-01-01,244920,0,false,,2011-11-25T10:54:31Z,"rap","Universal Music Group",0.38,0.697,8,-2.334,0,0.0418,0.039,0,0.176,0.47,189.526,4
spotify:track:38TZrbmnzQVQS26xXFTFmc,"Things Will Be Better","Life Is Just a Journey","Jah Mason",2007,217586,11,false,,2011-11-26T14:24:26Z,"reggae,lovers rock,ragga,roots reggae,dancehall,dub,riddim","Maximum Sound",0.529,0.528,4,-7.687,0,0.342,0.0146,0,0.0489,0.769,175.427,4
spotify:track:2oQGYzfRcI6Lo8SbX4oJ1V,"Big Girls Don't Cry (Personal)","Big Girls Don't Cry (International Version)","Fergie",2007-01-01,268333,0,false,,2011-11-26T14:44:48Z,"","A&M",0.706,0.626,7,-4.319,1,0.033,0.21,0,0.0822,0.28,113.085,4
spotify:track:0ValmIFxcf2G1DXD0ufp1K,"Give Me a Sign","Maxima FM Compilation Vol. 12","Remady;Manu-L",2011-05-31,195920,0,false,,2011-11-27T21:41:47Z,"slap house","Universal Music Spain S.L.",0.772,0.786,9,-6.286,0,0.0734,0.00138,0.00000267,0.325,0.403,127.915,4
spotify:track:2IOf4FkIJcENy4aFSV8TfX,"One Day At A Time - Em's Version/Album Version","Resurrection (Music From And Inspired By The Motion Picture)","2Pac;Eminem;Outlawz",2003-01-01,223733,0,true,,2011-11-27T21:53:34Z,"hip hop old school,rap gangster,hip hop de la costa oeste,g-funk,hip hop,rap","Universal Music Ltd.",0.756,0.891,5,-3.348,0,0.272,0.0295,0,0.18,0.759,92.022,4
spotify:track:1oUVGHyYCwlgmrOvZukn0g,"Hey Ya (solo version originally by OutKast)","The Tip Jar Volume 1","Obadiah Parker",2008-01-01,298848,0,false,,2011-11-27T22:02:41Z,"","mudhutdigital.com",0.66,0.185,1,-13.662,0,0.0378,0.675,0,0.105,0.352,140.007,4
spotify:track:6mz1fBdKATx6qP4oP1I65G,"Pony","R&B: From Doo-Wop To Hip-Hop","Ginuwine",1999-10-08,251733,76,true,,2011-11-28T21:21:06Z,"r&b","Sony Music Entertainment",0.749,0.605,8,-9.359,0,0.086,0.00186,0.0381,0.115,0.966,142.024,4
spotify:track:5xE7sFTlv2yrG9mmhDSpdq,"Come and Talk to Me - Remix","R&B Hits","Jodeci",2005-10-04,295386,62,false,,2011-12-02T14:30:48Z,"new jack swing,quiet storm,r&b","Bad Boy Records",0.72,0.657,11,-6.823,0,0.295,0.0262,0.00000233,0.209,0.657,172.168,4
spotify:track:75DjPjiIp2fvJDjtt41Jfs,"Gossip Folks (feat. Ludacris)","Under Construction","Missy Elliott;Ludacris",2002-11-12,234893,63,true,,2011-12-02T14:36:45Z,"hip hop,hip hop sureño americano","Atlantic Records/ATG",0.707,0.538,0,-5.264,1,0.505,0.362,0,0.317,0.439,121.732,4
spotify:track:3vgKD50C8hWlQq8HX0Jf8k,"Sk8er Boi","Under My Skin/Let Go","Avril Lavigne",2002,204000,1,false,,2011-12-04T13:41:11Z,"","Arista",0.487,0.9,0,-4.417,1,0.0482,0.0000679,0,0.358,0.484,149.937,4
spotify:track:5k3VjTwIsOjQ2woGz3Yx71,"Can't Help but Wait","Trey Day","Trey Songz",2007-10-01,206413,70,false,,2011-12-06T01:07:33Z,"r&b","Atlantic Records",0.699,0.699,8,-5.564,0,0.0737,0.358,0,0.0912,0.611,94.977,4
spotify:track:5BkHkyO9PFXs1m7vSMnXp4,"Ring The Alarm","B'Day Deluxe Edition","Beyoncé",2007-05-29,203346,55,false,,2011-12-06T01:08:11Z,"","Columbia",0.458,0.751,2,-8.395,1,0.469,0.0299,0.000155,0.258,0.48,169.673,4
spotify:track:0C4C1ATNSxtBzaJGB54Msi,"Stickwitu","Ultimate R&B Love 2008 (International Version)","The Pussycat Dolls",2008-01-01,207853,0,false,,2011-12-06T01:16:24Z,"","Universal Music Ltd.",0.654,0.546,9,-6.44,1,0.0419,0.305,0,0.0638,0.424,79.986,4
spotify:track:1I4nJdzaXIHnwkYfmSQxh2,"Abécédaire des cons","Klr","Saian Supa Crew",1999-10-24,235733,26,false,,2011-12-06T01:21:28Z,"rap francés,r&b francés","Parlophone (France)",0.809,0.628,1,-4.469,1,0.326,0.213,0,0.662,0.936,93.191,4
spotify:track:3nJjIYchBNkYm7B8XfJf5N,"Suffocate - Superclean","Back Of My Lac'","J. Holiday",2007-01-01,220053,62,false,,2011-12-07T14:28:26Z,"r&b","Capitol Records",0.458,0.445,9,-8.391,0,0.361,0.64,0,0.118,0.447,82.82,5
spotify:track:1GPG59ArrhLpnR8AqxMz2X,"Beamer, Benz or Bentley","H.F.M. 2","Lloyd Banks;Juelz Santana",2010-11-29,208386,0,true,,2011-12-09T18:43:11Z,"","G-Unit",0.536,0.677,4,-5.384,0,0.364,0.00365,0.0000267,0.685,0.475,106.99,4
spotify:track:6W2Ef5Ph6ILTUAedoQ3QIv,"Like I Love You","Justified","Justin Timberlake",2002-11-04,283626,67,false,,2011-12-09T18:44:10Z,"","Jive",0.853,0.811,6,-4.927,0,0.0646,0.0439,0.000307,0.0703,0.9,114.964,4
spotify:track:6NFE85sGFYgJj9y1EvjOV3,"Without You - feat. Usher","Nothing But The Beat","David Guetta;USHER",2011,208134,0,false,,2011-12-09T19:04:28Z,"edm,r&b","Virgin local",0.606,0.612,2,-3.676,1,0.028,0.211,0.0000037,0.128,0.477,127.882,4
spotify:track:3c3b5daSKE7C83YLIOrSnX,"Don't Let Me Be Lonely Tonight","Greatest Hits","James Taylor",1976,155199,50,false,,2011-12-10T19:35:33Z,"folk rock,cantautores,rock suave","Rhino/Warner Records",0.622,0.145,4,-18.549,0,0.0332,0.813,0.0808,0.148,0.335,75.139,4
spotify:track:2gSyc23Hua25fqSFpgAh6W,"Say My Name","The Writing's On The Wall","Destiny's Child",1999-09-07,271333,59,false,,2011-12-10T19:41:36Z,"","Columbia",0.522,0.676,5,-3.571,0,0.16,0.274,0,0.134,0.746,67.427,4
spotify:track:0nmxH6IsSQVT1YEsCB9UMi,"Ignition (Remix)","The R. In R&B Collection: Volume 1","R. Kelly",2003-09-11,187733,1,false,,2011-12-14T21:36:06Z,"r&b","Jive",0.787,0.527,1,-6.981,1,0.0512,0.0615,0,0.0656,0.807,133.107,4
spotify:track:6gQaf0ANLks2uWl2AHhU26,"Hate It Or Love It","Hate It Or Love It","The Game;50 Cent",2005-01-01,207440,44,true,,2011-12-14T22:33:33Z,"hip hop de la costa oeste,hip hop old school,rap gangster,hip hop,hip hop de la costa este","Geffen",0.796,0.782,9,-4.805,1,0.21,0.146,0,0.13,0.418,99.978,4
spotify:track:09CHXRoykXQKQhz2t3Loyf,"Ants","Millennium Dancehall Style Vol. 1","Don Yute;Mr. Vegas",1999-06-29,230000,0,false,,2011-12-17T16:10:11Z,"miami bass,dancehall,ragga,reggae,soca,riddim,azonto","VP Records",0.773,0.91,2,-7.778,1,0.1,0.638,0,0.34,0.814,92.007,4
spotify:track:2oTDOIAdsxPTE7yAp4YOcv,"Jump Around","House Of Pain","House Of Pain",1992,214946,6,false,,2011-12-17T16:16:00Z,"","Rhino",0.854,0.71,4,-6.32,0,0.0793,0.0113,0.0000872,0.166,0.818,106.894,4
spotify:track:0FPXDopNoeVy2GmE6ZLrv1,"Cha Cha Cha","Rhino Hi-Five: MC Lyte","MC Lyte",2007-04-24,180093,0,true,,2011-12-17T16:17:17Z,"hip hop old school,hip hop de la costa este","Rhino/Elektra",0.881,0.889,10,-6.062,0,0.357,0.155,0,0.316,0.922,91.325,4
spotify:track:4jumDEVVG7lQnnwVBYrfF3,"Welcome To St Tropez - DJ Antoine vs Mad Mark Radio Edit","Dance 2011","DJ Antoine;.;Kalenna",2011-11-14,195192,0,false,,2011-12-19T18:50:08Z,"","Cloud 9 Music",0.775,0.76,0,-4.847,0,0.126,0.00573,0,0.341,0.766,124.972,4
spotify:track:4fOK2Xl42QCs9Ap45dHe4k,"Boombastic","The Boombastic Collection - Best Of Shaggy (International Version)","Shaggy",2008-01-01,246920,45,false,,2011-12-20T16:43:45Z,"reggae","Geffen",0.852,0.887,2,-4.468,1,0.263,0.246,0.0000187,0.311,0.788,158.565,4
spotify:track:0eqH0ALoDQevq59YcQ53KE,"Hollaback Girl","Love. Angel. Music. Baby.","Gwen Stefani",2004-11-12,199853,76,true,,2011-12-20T16:56:13Z,"","Interscope",0.926,0.916,10,-2.221,0,0.0929,0.35,0.00000601,0.0234,0.904,110.009,4
spotify:track:0thhvUd0htw6Afr2y0EDlp,"Trick Me","Trick Me","Kelis",2004-01-01,208333,0,false,,2011-12-21T17:07:32Z,"","Virgin Records",0.97,0.725,1,-3.369,0,0.133,0.0379,0.000211,0.32,0.961,107.169,4
spotify:track:2ei46RAWUv1GfNt0VQfnYq,"I'm So Hood","Beg For Mercy (Explicit Version)","G-Unit",2003-01-01,145171,0,true,,2011-12-25T21:47:56Z,"hip hop old school,rap gangster","Interscope",0.884,0.609,6,-5.258,1,0.284,0.0638,0,0.0555,0.849,87.064,4
spotify:track:3Uo9e1WaAuk4CEcSWIKxuj,"Stunt 101","Beg For Mercy (Explicit Version)","G-Unit",2003-01-01,232226,0,true,,2011-12-25T21:48:05Z,"hip hop old school,rap gangster","Interscope",0.729,0.766,9,-1.183,1,0.405,0.157,0,0.21,0.694,95.535,4
spotify:track:58JQubRRDhCAXFs9vPMp8W,"Here I Come","The Dutchess Deluxe","Fergie",2007-01-01,201000,0,false,,2011-12-27T10:46:26Z,"","Universal Music Group",0.802,0.696,7,-5.476,1,0.106,0.13,0.00000191,0.153,0.7,119.889,4
spotify:track:6aovu9jzkcROfKcDK0LBRs,"Too Little Too Late","Too Little, Too Late","JoJo",2006-11-10,223680,0,false,,2011-12-27T10:56:42Z,"","earMUSIC",0.535,0.823,6,-5.338,0,0.0431,0.0113,0.00000388,0.146,0.685,83.001,4
spotify:track:1zYNxblaA2j7QrxOqaqyEc,"Used To Love U","Get Lifted","John Legend",2004-10-26,210866,0,false,,2011-12-27T18:32:53Z,"pop suave,neo soul","Getting Out Our Dreams/Sony Urban Music/Columbia",0.647,0.81,5,-4.779,0,0.0855,0.032,0.00000308,0.341,0.608,87.972,4
spotify:track:4DDzkbIwmJVAAo1yJmr5V1,"7 Days","Born To Do It","Craig David",2000-08-14,235213,1,false,,2011-12-27T18:33:11Z,"","WM UK",0.622,0.823,4,-7.545,0,0.0512,0.216,0,0.0966,0.862,166.019,4
spotify:track:0dVPAfyhaT6FGth2MbZR4d,"It Wasn't Me - Radio Edit","It Wasn't Me (Int'l. Version / Including U.K.)","Shaggy;Rik Rok",2001,231160,0,false,,2011-12-27T18:42:16Z,"reggae,dancehall,riddim,ragga,lovers rock","Universal Music GmbH",0.843,0.621,0,-4.938,1,0.0576,0.0505,0,0.14,0.721,94.74,4
spotify:track:0e7Nxs2OCNz5ZF51FwY28j,"Certified","Street Love","Lloyd",2007-01-01,271693,0,false,,2011-12-28T20:48:31Z,"r&b","Motown",0.747,0.491,11,-8.665,0,0.165,0.0642,0,0.0749,0.672,138.035,4
spotify:track:2iCf3YOXffq3fCZyIwliPR,"La La La","Party Rock","LMFAO",2009-01-01,210560,0,false,,2011-12-28T20:58:52Z,"","Universal Music Group",0.606,0.819,0,-6.554,0,0.128,0.00645,0.00000115,0.279,0.587,128.028,4
spotify:track:3izmDSRpDQbSWSeetEh1lZ,"U Can't Touch This","Hip To The Hop: 30th Anniversary Of Hip Hop Hip To Da Hop","MC Hammer",2009-12-28,250146,0,false,,2011-12-28T21:11:32Z,"","Universal Music Group International",0.856,0.727,11,-7.161,0,0.0714,0.000992,0.000238,0.166,0.867,133.17,4
spotify:track:6MRLqp7PCfc1vVZVQIWLNV,"Song Cry - Radio Edit","Hip To The Hop: 30th Anniversary Of Hip Hop Hip To Da Hop","JAŸ-Z",2009-12-28,301960,0,false,,2011-12-28T21:12:32Z,"hip hop,hip hop de la costa este,rap","Universal Music Group International",0.622,0.873,7,-3.356,0,0.227,0.17,0,0.316,0.483,85.505,4
spotify:track:2F6fHlRhtA3B131ckzg8hS,"I Want To Know What Love Is","Songs About Love (UMGI Version)","Mariah Carey",2010-01-01,206426,0,false,,2011-12-28T21:22:39Z,"navidad","Universal Music Group",0.552,0.33,6,-9.715,1,0.0366,0.11,0,0.453,0.281,80.082,4
spotify:track:3oyqGFcN7m3jk4alkNI3j9,"This Is The Life","Essential Festival: Amy MacDonald (International Version)","Amy Macdonald",2008-01-01,184413,48,false,,2011-12-28T21:23:41Z,"","Universal Music Group International",0.51,0.884,1,-5.026,0,0.0418,0.255,0,0.0633,0.868,190.159,4
spotify:track:74yt57iOVeQZWXScUQu0pn,"I'll Be There","Songs About Love (UMGI Version)","The Jackson 5",2010-01-01,237346,0,false,,2011-12-28T21:25:40Z,"motown,navidad","Universal Music Group",0.52,0.493,5,-8.052,1,0.0257,0.585,0.00000639,0.599,0.295,93.695,4
spotify:track:4nciVjcjmqWPLYiyGs1BHb,"Girlfight - Remix; feat. Lil Jon, Da Brat, Remy Ma & Miss B; Explicit","Girlfight (Remix)","Brooke Valentine;Da Brat;Lil Jon;Remy Ma;Miss B.",2005-01-01,255520,37,true,,2011-12-28T22:50:40Z,"g-funk,crunk","Virgin Records",0.523,0.689,1,-6.364,1,0.297,0.00189,0,0.383,0.392,100.03,4
spotify:track:1ABCPoNfIdk8Qxhra2qL4r,"Playing Games","Hey","Voice Mail",2009-03-30,175333,4,false,,2011-12-28T22:54:04Z,"lovers rock,riddim,dancehall,reggae,ragga","VP Records",0.732,0.494,7,-8.65,0,0.0985,0.0776,0,0.169,0.545,84.025,4
spotify:track:1I5GFqiD3QDJw7EbQD3fZM,"Type Of Gurl","Dat Type Of Gurl","Rasheeda",2007,212640,0,true,,2011-12-28T22:54:39Z,"","Unknown",0.751,0.48,1,-7.277,1,0.211,0.00382,0.0000391,0.102,0.377,164.955,4
spotify:track:14EuA4iqmkT40PD7JC6zk7,"She's A Cutie","Circus","Jeremy Harding;Nigel Staff;Mr. Vegas",2010-08-31,188727,0,false,,2011-12-28T22:58:40Z,"riddim,dancehall,ragga,reggae,soca,azonto","2 Hard Music",0.834,0.723,10,-4.521,0,0.299,0.0121,0,0.0422,0.899,109.867,4
spotify:track:21e31y3xtCY8PhUnqEtnl3,"What It Is (feat. Kanye West)","What It Is (feat. Kanye West)","Sophia Fresh;Kanye West",2008-11-18,265818,6,false,,2011-12-28T22:58:57Z,"rap","Nappy Boy Entertainment/Atlantic",0.812,0.528,8,-8.267,1,0.131,0.00279,0,0.0731,0.416,125.086,4
spotify:track:1Jde90JiouPGG9WT6r1BhD,"Boom Boom (feat. Rihanna)","Ghetto Story","Cham;Rihanna",2006-08-15,253253,1,false,,2011-12-28T23:04:20Z,"dancehall,ragga,reggae,soca,riddim","Madhouse/Atlantic",0.782,0.709,9,-6.214,0,0.137,0.587,0.00000226,0.101,0.904,95.025,4
spotify:track:0aw78zmPhfVau0jbYrxvIH,"Gettin' Some Remix","Block Music","Shawnna;Ludacris;Pharrell Williams;Lil Wayne;Too $hort",2006-01-01,341626,0,true,,2011-12-28T23:04:43Z,"hip hop sureño americano,rap,hip hop,hyphy,hip hop de la costa oeste,g-funk,hip hop old school,rap gangster","Def Jam Recordings",0.797,0.617,6,-7.502,0,0.313,0.0554,0,0.269,0.619,78.001,4
spotify:track:0xeU8Cb37tH7wZ24rSN565,"Stay In Ya Lane","Lifestyle2 - Soul Grooves Vol 1 (International Version)","Teairra Marí",2008-05-23,235000,0,true,,2011-12-28T23:05:27Z,"","Universal Music GmbH",0.72,0.525,8,-8.233,1,0.404,0.0876,0,0.169,0.623,48.156,4
spotify:track:0oQr4G8dxa0mSvfJDpIaZS,"Back It Up - Radio Edit","Strictly The Best Vol. 39","Mr. Evil;Sean Paul",2008-12-08,182666,7,false,,2011-12-28T23:08:35Z,"dancehall,ragga,azonto","VP Records",0.606,0.802,10,-4.945,0,0.285,0.061,0,0.343,0.871,93.357,4
spotify:track:45JvAuYKz0Wm06r9fHb22B,"Glamorous","The Dutchess Deluxe","Fergie;Ludacris",2007-01-01,246586,0,true,,2011-12-29T10:44:21Z,"hip hop sureño americano","Universal Music Group",0.815,0.756,0,-6.41,1,0.221,0.292,0,0.074,0.575,130.97,4
spotify:track:0NdGw6EieDYg2URPjxp3Od,"We Be Burnin' - Legalize It","We Be Burnin' (Intl 2 Track slimline/Cardboard Sleeve/7"")","Sean Paul",2005-09-12,207960,0,false,,2012-01-03T17:36:39Z,"dancehall","Atlantic Records",0.903,0.868,1,-3.954,1,0.275,0.3,0,0.0647,0.872,116.942,4
spotify:track:2OeSwSbwlmn9u8SsutfxPO,"Bump n' Grind","The R. In R&B Collection: Volume 1","R. Kelly",2003-09-11,255093,0,false,,2012-01-03T17:51:42Z,"r&b","Jive",0.677,0.525,4,-6.429,1,0.0344,0.126,0,0.296,0.664,130.218,4
spotify:track:5szUY1cQZiRdnMeVtgQeib,"Gimme The Light","Reggae Gold 2002","Sean Paul",2002-05-21,226400,0,false,,2012-01-04T20:14:15Z,"dancehall","VP Records",0.638,0.742,2,-5.841,1,0.0518,0.111,0.0000099,0.0712,0.917,102.307,4
spotify:track:4Lg0o7WAwjt1N0nGgAd0sW,"T-Pain Feat. 50 Cent, Sean Paul, Beyonce, Michael Jackson, Wiz Khalifa, Jay-Z, Sylena Johnson, Kanye","More Than A DJ","DJRighteous",2011-07-22,173712,0,true,,2012-01-04T20:14:27Z,"","DJRighteous",0.716,0.836,11,-7.633,0,0.217,0.0831,0,0.331,0.799,93.947,4
spotify:track:5FeuH4LtGxDWkSkhRG47QT,"You Make Me Feel... (feat. Sabi)","You Make Me Feel... (feat. Sabi)","Cobra Starship;Sabi",2011-05-10,215693,66,false,,2012-01-04T20:25:08Z,"","Decaydance/Fueled By Ramen",0.668,0.857,7,-2.944,0,0.0535,0.0191,0.00000671,0.0385,0.748,131.959,4
spotify:track:0PRodEMDFd6m58qg4GtqWA,"Let's Groove","Playlist: The Very Best Of Earth, Wind & Fire","Earth, Wind & Fire",1981,332666,3,false,,2012-01-04T20:26:14Z,"funk,disco","Columbia/Legacy",0.865,0.616,11,-10.229,0,0.0665,0.205,0.000133,0.188,0.904,126.749,4
spotify:track:0r2Bul2NuCViraT2zX1l5j,"Get Low","Kings Of Crunk","Lil Jon & The East Side Boyz;Ying Yang Twins",2002-10-29,334066,81,true,,2012-01-06T12:20:06Z,"crunk,hip hop sureño americano","The Orchard",0.521,0.625,1,-7.47,1,0.067,0.0301,0,0.121,0.136,101.019,4
spotify:track:7L46BOT0qszScetf8bM1or,"10 Lil' Crips","Tha Blue Carpet Treatment","Snoop Dogg",2006-01-01,195093,0,true,,2012-01-06T19:47:29Z,"g-funk,hip hop de la costa oeste,rap gangster,hip hop old school,hip hop,rap","Universal Music Group",0.761,0.87,4,-4.603,1,0.206,0.371,0,0.141,0.628,94.056,4
spotify:track:3NbsX3iAOsE1JHHEeuRh7j,"Been Through The Storm","The Big Bang","Busta Rhymes;Stevie Wonder",2006-01-01,246920,0,true,,2012-01-06T22:26:26Z,"hip hop de la costa este,motown,soul clásico,soul","Interscope",0.68,0.706,6,-6.642,0,0.201,0.0689,0,0.123,0.373,90.454,3
spotify:track:50aYYSNIEfwUjCvjDgkrQe,"Fiesta - Remix","The R. In R&B Collection: Volume 1","R. Kelly;JAŸ-Z;Boo;Gotti",2003-09-11,241400,0,false,,2012-01-07T15:17:00Z,"r&b,hip hop,hip hop de la costa este,rap,melbourne bounce,hip hop country","Jive",0.92,0.487,10,-5.578,0,0.182,0.0103,0,0.0411,0.806,92.836,4
spotify:track:4K9xSSAsjDeMM4IGU61wSu,"Sorry Seems to Be the Hardest Word (with Elton John)","Genius Loves Company","Ray Charles;Elton John",2004-08-30,239348,0,false,,2012-01-07T17:30:27Z,"soul,soul blues,soul clásico,vocal jazz,jazz","Parlophone UK",0.484,0.396,5,-8.815,0,0.0287,0.731,0.000626,0.115,0.197,120.165,4
spotify:track:2M9ro2krNb7nr7HSprkEgo,"Fast Car","Tracy Chapman","Tracy Chapman",1988-04-05,296800,85,false,,2012-01-08T19:46:44Z,"","Elektra Records",0.711,0.292,4,-15.523,0,0.037,0.313,0,0.131,0.194,103.951,4
spotify:track:1ZLfFD73tvtazwdbZ6uyRn,"Telling Stories","Pavarotti & Friends for Cambodia and Tibet","Tracy Chapman",2000-01-01,239304,0,false,,2012-01-08T19:53:12Z,"","Universal Music Group",0.572,0.764,7,-7.229,1,0.0343,0.277,0.0000786,0.684,0.266,121.919,4
spotify:track:61xvgZVz1DiR628nmGtsZH,"She's Got Her Ticket","Tracy Chapman","Tracy Chapman",1988-04-05,234506,56,false,,2012-01-08T19:54:57Z,"","Elektra Records",0.765,0.486,7,-13.819,1,0.0469,0.0745,0.00000989,0.282,0.856,87.054,4
spotify:track:4bM8EypbcVO1qTLklaHBhR,"I Got You (I Feel Good)","Cruisin' To The Hits Of The '50s & '60s","James Brown",2007-08-28,182426,0,false,,2012-01-08T20:04:14Z,"funk,soul,motown,soul clásico","Goldenlane",0.531,0.83,7,-9.098,1,0.253,0.0266,0.0385,0.311,0.787,164.597,4
spotify:track:0KpfYajJVVGgQ32Dby7e9i,"Hey, Soul Sister","Hey, Soul Sister","Train",2009-08-06,216666,4,false,,2012-01-14T12:54:23Z,"pop suave","Columbia",0.675,0.885,1,-4.432,0,0.0436,0.217,0,0.086,0.768,97.03,4
spotify:track:5MTqczrMNkxZbFghiopgHL,"Wonderful","R.U.L.E.","Ja Rule;R. Kelly;Ashanti",2004-01-01,270506,2,true,,2012-01-15T00:45:01Z,"hip hop de la costa este,r&b","Def Jam Recordings",0.663,0.777,11,-4.954,0,0.109,0.277,0,0.0466,0.758,92.681,4
spotify:track:5DLnnGENrprkpBO6ciyhl9,"Let Me Hold You","Wanted","Bow Wow;Omarion",2003,248493,0,false,,2012-01-15T00:45:05Z,"r&b","Sony Urban Music/Columbia",0.818,0.669,11,-8.265,1,0.206,0.0931,0.000208,0.0928,0.588,151.462,4
spotify:track:0BgRaFy7qnwT1PuUmSTFkf,"Stereo Hearts (feat. Adam Levine)","Stereo Hearts (feat. Adam Levine)","Gym Class Heroes;Adam Levine",2011-06-14,210960,50,false,,2012-01-15T01:20:48Z,"","Decaydance/Fueled By Ramen",0.646,0.795,9,-3.293,1,0.0976,0.0319,0,0.267,0.796,89.99,4
spotify:track:3dzVjwtxkyVVcNoRthrRut,"Whatever You Like - Live From The VMAs Version","Paper Trail","T.I.",2008-09-08,126163,0,false,,2012-01-15T01:30:05Z,"hip hop sureño americano","Grand Hustle/Atlantic",0.572,0.734,0,-7.32,1,0.0991,0.022,0,0.954,0.296,149.942,4
spotify:track:300RfAPZ57B0y6YYj9n6DN,"Superstition - Single Version","Number Ones","Stevie Wonder",2007-01-01,244826,3,false,,2012-01-16T15:48:44Z,"motown,soul clásico,soul","Universal Music Group",0.642,0.735,8,-8.866,1,0.0806,0.0172,0.000733,0.0391,0.864,99.682,4
spotify:track:0lXMEWByLdGyuP6XCBZLHA,"Yes","Party Rock","LMFAO",2009-01-01,183693,0,true,,2012-01-16T16:25:22Z,"","Universal Music Group",0.729,0.891,7,-3.315,0,0.0505,0.0718,0,0.238,0.898,128.076,4
spotify:track:1wTIfN5cxjaJPDdoVqrfDu,"Top Of The World","Top Of The World","The Cataracs;DEV",2011-01-01,221706,1,false,,2012-01-16T20:42:53Z,"","Universal Music",0.6,0.855,8,-6.087,0,0.114,0.1,0.000004,0.257,0.574,125.141,4
spotify:track:3bINd6fURyFLT0sQwkjbCG,"Over The Rainbow","Somewhere Over The Rainbow - The Best Of Israel Kamakawiwo'ole","Israel Kamakawiwo'ole",2011-01-01,212080,1,false,,2012-01-16T21:23:13Z,"","Zeitgeist",0.677,0.116,0,-15.703,1,0.0412,0.909,0.0000259,0.0756,0.68,85.1,4
spotify:track:777yAyu3BXZgfTrbktYtUu,"Your Love - Album Version (Edited)","Your Love (Edited Version)","Nicki Minaj",2010-01-01,245760,0,false,,2012-01-17T12:30:50Z,"","Universal Music",0.429,0.492,11,-10.617,1,0.345,0.00174,0.00289,0.364,0.197,189.723,4
spotify:track:04YiV4XqhlTSGPiyqLFMck,"Bring Da Ruckus","Enter The Wu-Tang-36 Chambers","Wu-Tang Clan",1993-11-09,251266,0,false,,2012-01-17T15:58:38Z,"hip hop old school,hip hop de la costa este,hip hop,rap gangster,hardcore hip hop","RCA Records Label",0.575,0.583,11,-10.836,1,0.454,0.245,0,0.351,0.517,82.964,4
spotify:track:0MvVuO7t1RNkwVxQy3Q5nZ,"Wait - The Whisper Song Remix","Straight from the Hood","Ying Yang Twins;Busta Rhymes;Missy Elliott;Lil Scrappy;Free;Mr. Collipark",2008-02-19,275653,0,true,,2012-01-17T16:00:08Z,"crunk,hip hop sureño americano,hip hop de la costa este,hip hop,hardcore punk,hardcore,hardcore melódico","Street Dance Records",0.641,0.383,2,-14.605,1,0.672,0.011,0.0000303,0.117,0.642,101.974,4
spotify:track:2nqVVwUI2MJ7MaphpCF1P3,"What You Want (feat. Total)","R&B Hits","Mase;Total",2005-10-04,271213,56,false,,2012-01-17T16:13:14Z,"hip hop old school,r&b,new jack swing","Bad Boy Records",0.88,0.726,10,-5.855,0,0.257,0.0218,0.0000766,0.389,0.823,93.814,4
spotify:track:13McnYo2bDvC50ZS8BFROF,"Quelqu'un M'a Dit","(500) Days of Summer (Music from the Motion Picture)","Carla Bruni",2009-07-10,163026,0,false,,2012-01-17T20:11:05Z,"jazz francés,chanson","Sire/Warner Records",0.615,0.412,10,-10.742,1,0.0435,0.858,0.00477,0.137,0.425,133.365,3
spotify:track:5ZKY87KDTsKoKwEVbStW1p,"Candela","Buena Vista Social Club","Buena Vista Social Club",1997-09-16,329200,0,false,,2012-01-17T20:13:40Z,"son cubano,jazz latino,jazz afrocubano,latina,bolero","World Circuit",0.496,0.623,9,-12.628,1,0.0375,0.747,0.00015,0.291,0.849,99.549,4
spotify:track:3uqinR4FCjLv28bkrTdNX5,"A Milli","Tha Carter III","Lil Wayne",2008-01-01,221840,73,true,,2012-01-19T16:10:01Z,"rap,hip hop","CM/Republic",0.674,0.695,6,-8.636,0,0.278,0.0387,0.00202,0.194,0.773,151.486,4
spotify:track:6MxOcNDeAHd89qFg6PD0nA,"I Want You - Remix - Main","Street Love","Lloyd;André 3000;Nas",2007-01-01,266933,0,false,,2012-01-29T15:14:47Z,"r&b,jazz ambiental,hip hop old school,hip hop de la costa este,hip hop","Motown",0.677,0.649,8,-7.631,1,0.32,0.115,0,0.345,0.629,97.872,4
spotify:track:6onVtBLxZpq4cwMa3fUMJs,"Moonlight Sonata: Adagio Sostenuto","Classical Best Of","Ludwig van Beethoven",2009-06-01,328000,0,false,,2012-01-29T15:25:19Z,"clásica,piano clásico,música de cámara,concerto","Essential World Masters",0.151,0.00153,1,-45.393,0,0.0451,0.993,0.914,0.0711,0.127,75.079,3
spotify:track:3ejyijAxXBz1fBT08iMsTX,"Sous l'oeil de l'ange","La Good Life","K.Maro",2004-07-06,271666,0,false,,2012-01-30T12:57:22Z,"r&b francés","EastWest France",0.661,0.416,9,-12.079,0,0.0696,0.737,0,0.118,0.616,105.012,4
spotify:track:308nAjVUbs6vnKRlpAW83n,"Ragots - Live","Live Au Bataclan","Saian Supa Crew",2006-11-17,106186,2,false,,2012-01-30T13:14:08Z,"rap francés,r&b francés","Parlophone (France)",0.613,0.688,10,-13.359,1,0.266,0.052,0,0.916,0.685,95.072,4
spotify:track:3GzjG6Qah8cplpj5YAURLK,"Say Yeah","Say Yeah","Wiz Khalifa",2008-01-22,241613,56,true,,2012-02-02T18:19:19Z,"","Warner Records",0.751,0.806,11,-6.1,1,0.0602,0.0236,0,0.134,0.685,142.015,4
spotify:track:5mNV8Mz59bzyuQ53gTw0c0,"Where the Party At (feat. Nelly)","Jagged Little Thrill","Jagged Edge;Nelly",2001-07-03,232573,68,false,,2012-02-02T20:42:48Z,"r&b,quiet storm","So So Def",0.596,0.661,5,-6.239,0,0.226,0.31,0,0.0847,0.86,129.491,5
spotify:track:2cq69jrDBC5gqKh6HvzwUG,"Ridin' Dirty (feat. Chamillionaire)","Everybody Wants A Thug","Chamillionaire",2010-07-22,244062,0,false,,2012-02-02T23:58:45Z,"hip hop sureño americano","Requiem Entertainment/Thugline International",0.677,0.911,8,-3.158,0,0.22,0.141,0,0.0582,0.85,143.047,4
spotify:track:6F9jdzX7CfixvCsCkW7zw9,"Sorry Seems To Be The Hardest Word","Best Of Blue","Blue;Elton John",2004-01-01,210066,61,false,,2012-02-03T12:00:01Z,"","Innocent",0.564,0.6,7,-6.814,0,0.0305,0.183,0.00000219,0.38,0.442,78.955,4
spotify:track:65bX2pw9pCXbMyHs2QBp3E,"Girl I'm a Bad Boy (feat. Dre)","Bad Boys II","Fat Joe;Diddy;Dre",2005-04-20,202706,0,false,,2012-02-03T17:08:22Z,"hip hop de la costa este,hip hop","Bad Boy Records",0.666,0.828,9,-3.932,1,0.177,0.0155,0,0.0803,0.832,94.977,4
spotify:track:2ULTkZfHu6TY7F9sk8onIO,"Didn't Mean","Bad Boys II","Mary J. Blige",2005-04-20,224640,0,false,,2012-02-04T13:00:18Z,"r&b","Bad Boy Records",0.716,0.58,11,-4.56,1,0.17,0.066,0,0.233,0.81,95.453,4
spotify:track:1hV0khOyAcum7VmmZ6ypQP,"LA-LA-LA","Bad Boys II","JAŸ-Z",2005-04-20,234866,0,true,,2012-02-04T13:10:19Z,"hip hop,hip hop de la costa este,rap","Bad Boy Records",0.9,0.647,9,-7.374,0,0.289,0.355,0,0.0769,0.725,99.153,4
spotify:track:4v7NcTxtHFCJ899BYnigJi,"Dear Mama - Remix (Explicit)","The Best of 2Pac - Pt. 1: Thug","2Pac;Anthony Hamilton",2007-12-04,329466,0,true,,2012-02-04T14:30:26Z,"hip hop old school,rap gangster,hip hop de la costa oeste,g-funk,hip hop,neo soul,r&b,quiet storm","Universal Music Group",0.678,0.663,11,-6.246,0,0.1,0.0347,0,0.0917,0.125,86.326,4
spotify:track:0hH9ywuT8M4dCedOj7e8m5,"The Life - (best of decade I version)","Rawkus Records - Best of Decade I 1995-2005 (Explicit Version)","Styles;Pharoahe Monch",2005-01-01,220080,0,true,,2012-02-04T14:43:30Z,"hip hop de la costa este,hip hop old school","Universal Music Ltd.",0.417,0.816,0,-3.987,1,0.386,0.0528,0,0.0423,0.608,172.226,4
spotify:track:08rAk10XOjR2MIHVMUnUo5,"Sex Bomb","The Tune Robbers Play the Best of Tom Jones","Tune Robbers",2009-01-01,210500,0,false,,2012-02-04T17:51:00Z,"","Rosenklang",0.807,0.662,8,-6.814,0,0.0351,0.0143,0.00000332,0.103,0.877,123.033,4
spotify:track:1KLtkmQnN9pMgP6T4FdWk5,"Area Codes","Word Of Mouf","Ludacris;Nate Dogg",2001-01-01,303026,0,true,,2012-02-06T08:38:23Z,"hip hop sureño americano,g-funk,hip hop de la costa oeste,hip hop old school","Universal Music Group",0.86,0.687,9,-7.203,0,0.433,0.399,0,0.67,0.622,100.934,4
spotify:track:5EEOjaJyWvfMglmEwf9bG3,"Regulate","Regulate G Funk (Enhanced Reissue)","Warren G;Nate Dogg",1994-06-07,250868,50,false,,2012-02-06T11:12:43Z,"g-funk,hip hop de la costa oeste,hip hop old school,rap gangster","Rush Associated Labels Inc.",0.832,0.588,11,-10.88,0,0.248,0.4,0,0.104,0.716,95.309,4
spotify:track:2g9E9UyZ3pdJ1eqUQW0tfQ,"Xxplosive","2001 (Explicit Version)","Dr. Dre;Hittman;Six-Two;Nate Dogg;Kurupt",1999-11-16,215266,0,true,,2012-02-06T11:20:37Z,"hip hop old school,g-funk,rap gangster,hip hop de la costa oeste,hip hop,rap","Universal Music Group",0.767,0.881,1,-4.359,1,0.109,0.191,0.00000829,0.139,0.939,169.049,4
spotify:track:0LOB3S1ATwx7n7veLzTeHK,"Hey Now (Mean Muggin) - Clean Album Version","20 RAP GEMS","Xzibit",2009-05-15,261813,10,false,,2012-02-06T11:56:45Z,"hip hop de la costa oeste,rap gangster,g-funk,hip hop old school,hardcore hip hop,hip hop","Columbia",0.793,0.841,4,-10.793,0,0.196,0.0989,0.00000485,0.115,0.645,99.002,4
spotify:track:6Mn8V7yVkrzBmXo5qGYBKB,"(I Like) The Way You Love Me","Michael","Michael Jackson",2010-12-10,273800,0,false,,2012-02-06T23:35:50Z,"","Epic",0.628,0.668,0,-4.268,1,0.0279,0.314,0.0000291,0.228,0.507,95.008,4
spotify:track:0EYOdF5FCkgOJJla8DI2Md,"B.Y.O.B.","Mezmerize","System Of A Down",2005-05-17,255466,83,true,,2012-02-07T18:07:13Z,"nu metal,metal,metal alternativo,rap metal,rock","American/Columbia",0.538,0.981,1,-2.688,0,0.14,0.00662,0,0.219,0.711,101.414,4
spotify:track:6ZTBxZyr09PtGNR7K5j420,"I Used to Love H.E.R.","20 RAP GEMS","Common",2009-05-15,278813,13,true,,2012-02-13T16:11:17Z,"hip hop,jazz rap,neo soul","Columbia",0.766,0.419,1,-14.151,1,0.369,0.0702,0.0000331,0.421,0.542,91.819,4
spotify:track:7fPqyYOns60VkrYWOfmhAN,"Do It on My Own - Radio Edit","Do It on My Own","Remady;Craig David",2010-12-10,182726,22,false,,2012-02-13T17:38:17Z,"slap house","Houseworks",0.73,0.766,8,-6.206,0,0.136,0.00753,0,0.368,0.921,127.961,4
spotify:track:5ATsd47AiOorwb9yc0Cc0U,"J'avance","Coup de massue #3","Leeroy",2009-10-05,167986,0,false,,2012-02-15T23:26:38Z,"","Aktarus",0.462,0.84,0,-6.106,1,0.424,0.00326,0,0.0934,0.911,159.84,4
spotify:track:4Z91Xh9bjKLWR1gDvvVdHn,"Hero","Nas (Explicit Version)","Nas;Keri Hilson",2008-07-15,240000,0,true,,2012-02-16T00:40:03Z,"hip hop old school,hip hop de la costa este,hip hop","Island Records",0.676,0.913,4,-5.198,0,0.109,0.00103,0.00000354,0.224,0.39,94.994,4
spotify:track:5zhsK1l1inwjY9XwOduKlx,"Nés sous la même étoile","L'école Du Micro D'argent","IAM",1997,231160,0,false,,2012-02-16T23:12:36Z,"rap francés,r&b francés","Parlophone (France)",0.814,0.908,1,-4.197,1,0.296,0.115,0.00000712,0.188,0.759,92.989,4
spotify:track:2DO1LO4Rl2TykSIXua7WYX,"Pitchy and Skratchee Show","Klr","Saian Supa Crew",1999-10-24,232560,21,false,,2012-02-16T23:18:07Z,"rap francés,r&b francés","Parlophone (France)",0.847,0.694,7,-4.935,1,0.317,0.201,0,0.0635,0.782,94.17,4
spotify:track:3jdyVi3N3AMFXH2XQN9Swi,"Voodoo Chile","x raisons","Saian Supa Crew",2001,66133,13,false,,2012-02-16T23:26:18Z,"rap francés,r&b francés","Parlophone (France)",0.756,0.597,8,-8.261,1,0.546,0.504,0.0000226,0.359,0.765,82.689,4
spotify:track:3TOo3LswL9v0A48WYo5918,"Quand Je Serai Grand","La Classe De Musique","Le Klub des 7",2009-05-25,186800,0,false,,2012-02-17T00:22:37Z,"rap francés,hip hop alternativo","Encore",0.513,0.798,1,-3.946,0,0.252,0.373,0.0000513,0.266,0.835,92.025,4
spotify:track:62t3Nyk7OYH7RHVrQstxHS,"La La La (Hot Girls) - Bilingual Version","Tuenti (Social Music Experience)","Da' Zoo",2012-02-07,223093,0,false,,2012-02-17T00:45:02Z,"","Sony Music Entertainment",0.91,0.828,0,-3.553,0,0.0515,0.029,0.000061,0.37,0.911,127.041,4
spotify:track:0GnIuLvtgvVrNM4aGEpBg7,"Three Little Birds","Bob Marley 3CD","Bob Marley & The Wailers",2003-08-11,180266,0,false,,2012-02-19T21:21:13Z,"reggae,roots reggae","Universal International Music B.V.",0.826,0.49,9,-10.477,1,0.0676,0.00916,0.00000441,0.0415,0.627,74.126,4
spotify:track:014VslOQ0eBixAn6Or9b6f,"Is This Love","Bob Marley (3CD)","Bob Marley & The Wailers",2003-08-11,232200,0,false,,2012-02-19T21:21:32Z,"reggae,roots reggae","Universal International Music B.V.",0.775,0.553,6,-8.371,0,0.102,0.106,0,0.0518,0.753,122.232,4
spotify:track:0CrX5heXNWjyGvQYnGpVEw,"Jamming - 12"" Single Version","Legend (Rarities Edition)","Bob Marley & The Wailers",2010-06-14,333400,0,false,,2012-02-19T21:22:06Z,"reggae,roots reggae","The Island Def Jam Music Group",0.893,0.594,11,-7.507,0,0.0783,0.0223,0.0000999,0.252,0.775,123.188,4
spotify:track:4Y35EUCGm3nD2OdgvGzhgP,"One Love / People Get Ready - Extended Version","Legend (Rarities Edition)","Bob Marley & The Wailers",2010-06-14,420040,0,false,,2012-02-19T21:22:15Z,"reggae,roots reggae","The Island Def Jam Music Group",0.801,0.606,10,-9.395,1,0.125,0.193,0.000691,0.0531,0.905,78.086,4
spotify:track:5H3LkUvabH9xf7i8FHs4sY,"L'école Est Finie","La Classe De Musique","Le Klub des 7",2009-05-25,212053,0,false,,2012-02-20T13:11:22Z,"rap francés,hip hop alternativo","Encore",0.465,0.966,7,-2.077,1,0.278,0.169,0,0.159,0.554,128.873,5
spotify:track:1EFddFVisHbqCHah6oBlhD,"Far Away","All the Right Reasons (Walmart Exclusive Edition)","Nickelback",2005-09-26,238173,50,false,,2012-02-22T21:21:00Z,"post-grunge,rock","Roadrunner Records",0.518,0.797,6,-5.153,1,0.0309,0.000681,0,0.107,0.293,132.918,4
spotify:track:60elrmyXf6vtMqxHKSTjdn,"Yo (Excuse Me Miss)","Chris Brown","Chris Brown",2005,229040,0,false,,2012-02-22T22:34:02Z,"r&b","Jive",0.536,0.612,4,-5.847,1,0.272,0.119,0,0.209,0.57,86.768,4
spotify:track:4Zq1qPSAWT4lUvhPyf8wC4,"Run It! (feat. Juelz Santana)","Chris Brown","Chris Brown;Juelz Santana",2005,229866,0,false,,2012-02-23T15:02:19Z,"r&b","Jive",0.846,0.482,1,-6.721,0,0.129,0.0246,0,0.393,0.212,100.969,4
spotify:track:5HQVUIKwCEXpe7JIHyY734,"Young, Wild & Free (feat. Bruno Mars)","Young, Wild & Free (feat. Bruno Mars)","Snoop Dogg;Wiz Khalifa;Bruno Mars",2011-10-11,207333,77,true,,2012-02-24T20:37:35Z,"g-funk,hip hop de la costa oeste,rap gangster,hip hop old school,hip hop,rap","Rostrum/Atlantic",0.715,0.655,0,-6.425,1,0.137,0.0525,0,0.115,0.531,95.078,4
spotify:track:6j236RwzFFj4wqH2tWJNBD,"5 O'Clock (feat. Lily Allen & Wiz Khalifa)","5 O'Clock (feat. Lily Allen & Wiz Khalifa)","T-Pain;Lily Allen;Wiz Khalifa",2011-09-23,281533,0,true,,2012-02-24T20:37:51Z,"","Jive",0.4,0.882,7,-1.958,0,0.334,0.168,0,0.124,0.385,167.114,4
spotify:track:05qXhd5dgfDS5mDEf7dbfN,"Let's Get It Started","Let's Get It Started","Black Eyed Peas",2010-01-01,228706,1,false,,2012-02-24T21:58:41Z,"","Universal Music",0.775,0.743,11,-5.037,0,0.106,0.115,0,0.123,0.768,104.992,4
spotify:track:4HuHoYjNcbGIHFpRVbRj2T,"Pump It","Pump It","Black Eyed Peas",2005-01-01,213613,47,true,,2012-02-24T21:58:45Z,"","A&M",0.647,0.925,9,-3.157,1,0.176,0.00949,0,0.564,0.753,153.669,4
spotify:track:6JGsVW1nxNaoUAGcOKFZGS,"Out of My Head","The Truth Is... (Special Edition)","Theory of a Deadman",2011-07-08,237786,46,false,,2012-02-26T13:45:43Z,"post-grunge,metal alternativo","Roadrunner Records",0.314,0.838,11,-3.971,1,0.0354,0.00327,0,0.38,0.466,171.716,4
spotify:track:1bsbZcC0sX2QcMt6bPp88q,"Jump Off","All I Feel","Ray J",2008-04-08,233173,0,true,,2012-02-27T03:04:17Z,"","Koch Records",0.396,0.694,10,-8.071,0,0.204,0.131,0,0.0861,0.36,141.93,4
spotify:track:3203rek2Fn8Q6vucKf5Prz,"Like Me Real Hard","Turning Point","Mario",2004-12-06,290333,27,false,,2012-02-27T03:04:53Z,"r&b","J Records",0.674,0.463,1,-8.172,0,0.042,0.138,0,0.342,0.464,113.941,4
spotify:track:5ZelMPn7vupvsTToUTvcbF,"Unappreciated","Unappreciated","Cherish",2006-01-01,235333,60,false,,2012-02-27T03:05:05Z,"","Capitol Records",0.735,0.521,7,-6.696,0,0.0876,0.0888,0,0.065,0.374,77.01,4
spotify:track:0szKQrLPuQd172f2Yl3EMN,"How You Remind Me","Herzklopfen","Nickelback",2002-03-15,223200,0,false,,2012-02-27T03:40:44Z,"post-grunge,rock","Ariola",0.431,0.767,10,-5.268,1,0.0331,0.00136,0,0.0979,0.519,172.179,4
spotify:track:6ZyNjT2hYvfV5PuW84dp1E,"1 Thing","Playlist: The Very Best Of Amerie","Amerie",2008,238746,55,false,,2012-02-27T23:46:45Z,"","Columbia/Legacy",0.636,0.946,10,-4.683,0,0.332,0.115,0.0000375,0.0416,0.891,125.085,5
spotify:track:0nFqtZjnDxfUqUI7CIkk3d,"Just a Thought","St. Elsewhere","Gnarls Barkley;CeeLo Green;Danger Mouse",2007-12-01,222759,36,false,,2012-02-28T00:19:18Z,"","WM UK",0.56,0.96,11,-5.156,0,0.119,0.0604,0.000217,0.133,0.309,101.037,4
spotify:track:6atXVmQLlEOnYDqBHlzYV2,"We Need a Resolution","Aaliyah","Aaliyah",2001-01-01,246752,0,false,,2012-02-28T12:43:11Z,"r&b,r&b contemporáneo","Craze Productions",0.726,0.517,11,-9.47,0,0.283,0.312,0,0.2,0.843,147.255,4
spotify:track:4QBrx05HrLnohYaS1cPGHO,"Volvera","Zapatillas","El Canto Del Loco",2005,229746,64,false,,2012-03-01T00:18:10Z,"","Ariola",0.568,0.892,1,-3.091,1,0.0464,0.0111,0,0.379,0.783,126.02,4
spotify:track:1mMhEpt1IxM0LTqLTwlcDi,"Rigoletto / Act 1: ""Questa o quella""","Luciano Pavarotti - The Best","Giuseppe Verdi;Luciano Pavarotti;Orchestra of the Royal Opera House, Covent Garden;Sir Edward Downes",2005-01-01,119400,0,false,,2012-03-01T00:18:15Z,"ópera,clásica,canzone napoletana,clásica para todos los gustos,ballet,orquestal","Universal Music Group",0.51,0.2,8,-16.666,1,0.0468,0.947,0.00101,0.0794,0.466,106.509,4
spotify:track:5Lim5TVohFt68OKUgGJ7Cf,"Besos","Radio la Colifata Presenta: El Canto del Loco","El Canto Del Loco",2009-11-24,213946,35,false,,2012-03-01T00:18:50Z,"","Columbia (BMG Spain)",0.273,0.708,10,-5.002,1,0.0616,0.0123,0,0.122,0.778,204.635,4
spotify:track:2nTlUSqBKN7FVsqD9y4MSf,"Caminando por la vida","Caminando por la vida","Melendi",2007-06-01,211680,43,false,,2012-03-01T00:21:44Z,"flamenco,flamenco pop","Parlophone Spain",0.695,0.958,5,-3.778,1,0.0827,0.0148,0.00000716,0.154,0.711,108.054,4
spotify:track:5VwYcCKNAgDqDJ9ah9tDGl,"Con la luna llena","Sin Noticias De Holanda","Melendi",2006-07-14,228213,68,false,,2012-03-01T00:21:49Z,"flamenco,flamenco pop","Parlophone Spain",0.68,0.856,4,-6.516,1,0.158,0.702,0,0.0893,0.673,163.941,4
spotify:track:12MZRMXbJYQyorNxv8IRZ6,"Un violinista en tu tejado","Un violinista en tu tejado","Melendi",2008-08-15,222720,54,false,,2012-03-01T00:23:03Z,"flamenco,flamenco pop","Parlophone Spain",0.512,0.843,1,-6.283,0,0.183,0.405,0,0.241,0.58,156.388,3
spotify:track:42VgiRyg0YjtRVLiPFNxPJ,"Zapatillas","Zapatillas","El Canto Del Loco",2005,172640,67,false,,2012-03-03T17:39:09Z,"","Ariola",0.428,0.956,8,-2.382,0,0.178,0.0281,0,0.58,0.686,198.076,4
spotify:track:0D7L4pBEGv8ni1cRfaTdMJ,"Play That Funky Music","Shaun White Snowboarding: Official Soundtrack","Wild Cherry",2008-11-18,301800,50,false,,2012-03-06T21:44:23Z,"","SONY BMG MUSIC (CANADA) INC.",0.822,0.871,9,-6.257,1,0.059,0.124,0,0.045,0.901,109.174,4
spotify:track:68rRbbwmXydDOqhArVTFTX,"Sorry For Party Rocking","Sorry For Party Rocking","LMFAO",2011-01-01,203973,66,true,,2012-03-08T14:13:53Z,"","Will I Am / A&M",0.601,0.875,5,-4.351,1,0.165,0.0021,0,0.413,0.555,133.991,4
spotify:track:4XSsdWQrwWZUMJ620YyAVc,"Blame It - New Devices Remix","Blame It","Jamie Foxx;G. Lally;J. Dempsey",2009-06-29,258320,7,false,,2012-03-11T22:26:33Z,"","J Records",0.704,0.694,4,-5.922,1,0.151,0.00921,0.000311,0.287,0.574,125.029,4
spotify:track:0pgguZfCgwEpPQDG4znRax,"Basic Instinct (U Got Me)","Basic Instinct","Ciara",2010-12-10,208946,19,false,,2012-03-11T22:28:32Z,"","LaFace Records",0.542,0.736,7,-5.253,1,0.284,0.0365,0,0.254,0.392,172.049,4
spotify:track:33H8JpDdlvfFy3FHUWy7De,"Ooh Baby","Goodies","Ciara",2004-09-27,217026,32,false,,2012-03-11T22:32:15Z,"","So So Def",0.681,0.639,11,-6.65,0,0.308,0.0241,0,0.246,0.669,81.837,4
spotify:track:73md2HUfGHQh1H5c2C2XA1,"Only U - No Intro","Only U / Turn It Up","Ashanti",2004-01-01,186506,39,false,,2012-03-11T22:33:08Z,"r&b","I.G. Records, Inc./Universal Records",0.601,0.605,6,-5.569,0,0.0399,0.036,0.00000351,0.125,0.291,94.456,4
spotify:track:54dleck2snOlpqIK2JM1SX,"Play - Radio Edit","Work It Out!","Jennifer Lopez",2010-12-17,196746,0,false,,2012-03-11T22:40:31Z,"","Sony Music UK",0.74,0.738,1,-4.825,0,0.158,0.0573,0.00182,0.0361,0.926,104.963,4
spotify:track:1PpvOW7oSU8qhTQWFBlwHR,"It Takes Two - Radio Edit","Work It Out!","Rob Base & DJ EZ Rock",2010-12-17,234213,0,false,,2012-03-11T22:42:58Z,"hip house,hip hop old school","Sony Music UK",0.811,0.827,2,-7.045,1,0.119,0.015,0,0.067,0.659,112.961,4
spotify:track:0UZwQPdxHeBQQf67rrmsWJ,"Rockit","Work It Out!","Herbie Hancock",2010-12-17,231866,0,false,,2012-03-11T22:43:03Z,"jazz,jazz fusión,jazz funk,hard bop,cool jazz","Sony Music UK",0.87,0.893,10,-10.028,0,0.083,0.0397,0.712,0.0786,0.816,113.02,4
spotify:track:6Gx2Q9psqwMyEVLXSQXd1K,"Take Control","Work It Out!","Amerie",2010-12-17,221413,0,false,,2012-03-11T22:44:26Z,"","Sony Music UK",0.634,0.865,11,-7.617,0,0.38,0.169,0.0000384,0.0719,0.725,99.255,4
spotify:track:5zPx7AiB0Eey4pC2qcEogO,"Wadsyaname - Radio Edit","Ultimate R&B Love 2009","Nelly",2009-01-01,245360,8,false,,2012-03-11T22:49:14Z,"","Universal Music Group International",0.783,0.715,1,-9.106,1,0.141,0.125,0,0.184,0.2,80.015,4
spotify:track:63eh9JfLNmw04STptMCSgm,"Touch My Body - Single Version","R&B Collection","Mariah Carey",2008-01-01,207773,0,false,,2012-03-11T22:53:31Z,"navidad","Universal Music LLC",0.723,0.663,4,-7.755,0,0.0478,0.0916,0,0.0508,0.864,78.504,4
spotify:track:4ZHcmeqrmERSl33iWoUCoE,"Tambourine - Radio Edit","R&B Collection","Eve",2008-01-01,192586,0,false,,2012-03-11T22:55:54Z,"","Universal Music LLC",0.824,0.847,1,-4.182,1,0.228,0.216,0,0.168,0.554,102.624,4
spotify:track:5xlY7KCdeV5FmbhJO9d7ZC,"Girlfriend","R&B Collection","Bow Wow;Omarion;Don Vito",2008-01-01,284800,0,false,,2012-03-11T22:57:09Z,"r&b,noise rock,hip house","Universal Music LLC",0.721,0.784,7,-5.345,1,0.185,0.118,0,0.315,0.865,75.026,4
spotify:track:60Ctoy2M8nmDaI7Fax3fTL,"I'm A Believer - Soundtrack Version","Shrek (Music From The Original Motion Picture)","Smash Mouth",2001-01-01,185760,0,false,,2012-03-12T15:07:30Z,"","DreamWorks",0.534,0.976,6,-2.337,1,0.0782,0.0175,0.00000102,0.27,0.912,164.68,4
spotify:track:7yUolETfcL5eB96wCp5Jfh,"Give Me All Your Luvin' - Party Rock Remix","Give Me All Your Luvin' (Party Rock Remix)","Madonna;LMFAO;Nicki Minaj",2012-01-01,241880,0,false,,2012-03-16T19:47:38Z,"","Universal Music Group",0.648,0.81,11,-3.74,1,0.065,0.0327,0.0000024,0.35,0.635,131.009,4
spotify:track:3KpmEFueiIkqtvqiziLQHp,"Get In Get Out","Crunk Rock (Deluxe)","Lil Jon",2010-01-01,266213,0,true,,2012-03-16T20:02:46Z,"crunk","Universal Music Group",0.871,0.652,1,-7.114,1,0.299,0.00601,0.00153,0.0779,0.262,82.982,4
spotify:track:3u1jLdQHF66J3ATqeWVt1Y,"Immortal Megamix: Can You Feel It / Don't Stop 'Til You Get Enough / Billie Jean/Black or White - Immortal Version","Immortal","Michael Jackson;The Jacksons;Kevin Antunes",2011-11-21,548786,46,false,,2012-03-20T21:05:34Z,"disco,motown,sonido filadelfia","Epic",0.564,0.884,6,-6.344,0,0.128,0.061,0.00155,0.386,0.577,124.511,4
spotify:track:0kO3njY9N1Rxgv27Ha1lLh,"Numb","Meteora (Bonus Edition)","Linkin Park",2003-03-25,187520,60,false,,2012-03-24T03:51:51Z,"nu metal,rap metal,rock,metal alternativo","Warner Records",0.488,0.87,6,-4.185,0,0.0421,0.00353,0,0.484,0.211,110.072,4
spotify:track:7jUnwF51o95iu2zPnpnEdW,"Going Under","Fallen","Evanescence",2003,214946,0,false,,2012-04-06T18:26:15Z,"metal alternativo","Wind Up",0.371,0.857,11,-4.913,0,0.0538,0.00921,0.0000687,0.135,0.442,175.093,4
spotify:track:6oUywEhhDTNNnuXAYFBhtm,"Bring Me To Life - Live in Europe","Anywhere But Home (Live)","Evanescence",2004,283760,0,false,,2012-04-06T18:29:45Z,"metal alternativo","Wind Up",0.234,0.808,4,-7.218,0,0.0631,0.0241,0.0258,0.779,0.0392,94.865,4
spotify:track:6XmDo9ecnEWYn83WX9iURV,"Take The Lead (Wanna Ride)","Take The Lead","Bone Thugs-N-Harmony;Wisin & Yandel",2006-01-01,207920,35,false,,2012-04-14T20:19:17Z,"rap gangster,hip hop old school,g-funk,reggaetón,urbano latino","Universal (MT)",0.807,0.889,2,-4.572,1,0.0463,0.0235,0,0.156,0.654,117.517,4
spotify:track:7KUMTQ248wdvom2UtUyCB5,"I Like That (Stop) - Take The Lead Version","Take The Lead","Jae Millz",2006-01-01,224666,20,false,,2012-04-14T20:21:51Z,"","Universal (MT)",0.538,0.816,7,-5.537,1,0.363,0.0917,0,0.0996,0.626,102.963,4
spotify:track:26cqkPg3YWABzK0fc2IUyN,"Here We Go","Take The Lead","Dirtbag",2006-01-01,221320,0,false,,2012-04-14T20:23:44Z,"","Universal (MT)",0.451,0.855,2,-3.728,1,0.212,0.43,0,0.321,0.643,112.87,4
spotify:track:2s2F4ilzxfq5n2WJmNEeOu,"Whuteva","Take The Lead","Remy Ma",2006-01-01,227000,19,false,,2012-04-14T20:24:06Z,"","Universal (MT)",0.459,0.822,1,-6.261,0,0.334,0.0356,0,0.385,0.639,100.16,4
spotify:track:2q4s5no6ta7WwLjZQTF3Uo,"Never Gonna Get It","Take The Lead","Sean Biggs;Akon;Topic",2006-01-01,216000,21,false,,2012-04-14T20:25:35Z,"","Universal (MT)",0.626,0.603,10,-6.589,0,0.437,0.278,0,0.0399,0.637,73.796,4
spotify:track:3POjYi0gbdPYdGFlboDcma,"Radio Message","Love Letter","R. Kelly",2010-12-13,230613,40,false,,2012-04-21T23:28:02Z,"r&b","Jive",0.349,0.627,4,-4.795,1,0.0687,0.571,0,0.112,0.484,205.776,3
spotify:track:5i7fZq3chLyCHo3VeB6goD,"First of the Year (Equinox)","More Monsters and Sprites EP","Skrillex",2011-06-07,261517,67,false,,2012-04-22T11:20:21Z,"dubstep,edm,electro,electrónica","Big Beat Records/Atlantic",0.429,0.948,5,-3.657,0,0.227,0.00711,0.0148,0.0812,0.55,115.785,3
spotify:track:0gia2DwlNqiyAtsICI878X,"America","Xbox Soundtracks Presents...Start","Razorlight",2007-01-01,249560,35,false,,2012-04-28T23:05:16Z,"britpop,indie","Universal Music Group International",0.321,0.544,2,-5.615,1,0.0311,0.284,0.00000691,0.349,0.2,89.786,4
spotify:track:1OFfN6ZiJdDAnSycMIpLwt,"Dani California","Stadium Arcadium","Red Hot Chili Peppers",2006-05-09,282160,0,false,,2012-05-01T14:07:01Z,"funk rock,rock alternativo,rock","Warner Bros.",0.556,0.913,0,-2.36,1,0.0437,0.0193,0.00000859,0.346,0.73,96.184,4
spotify:track:0PRodEMDFd6m58qg4GtqWA,"Let's Groove","Playlist: The Very Best Of Earth, Wind & Fire","Earth, Wind & Fire",1981,332666,3,false,,2012-05-03T23:27:26Z,"funk,disco","Columbia/Legacy",0.865,0.616,11,-10.229,0,0.0665,0.205,0.000133,0.188,0.904,126.749,4
spotify:track:11I3sRmPhmBKwQtz5dAsXF,"Boogie Wonderland - with The Emotions","Boogie Wonderland: The Best Of Earth, Wind & Fire","Earth, Wind & Fire;The Emotions",2010-04-23,288226,0,false,,2012-05-03T23:29:42Z,"funk,disco,motown","Sony Music Entertainment",0.803,0.821,2,-9.639,0,0.0332,0.104,0.0129,0.0197,0.968,131.81,4
spotify:track:78aEPkY2Iwwqv5G9vPvwmp,"l'Estate","Piazzolla; Vivaldi : Les quatre saisons","Antonio Vivaldi;Les Dissonances;David Grimal",2011-01-18,166746,0,false,,2012-05-03T23:32:17Z,"barroca,clásica,concerto,música antigua,tango,música de cámara","Aparté",0.361,0.43,7,-16.315,1,0.0362,0.859,0.648,0.311,0.673,148.78,3
spotify:track:55bvjj1m7GbJwABrsBRx3D,"Just The Way You Are","Barry White - The Collection","Barry White",1988-01-01,289106,0,false,,2012-05-03T23:47:22Z,"disco,soul,soul clásico,quiet storm,sonido filadelfia,motown","Universal Music Group",0.564,0.327,9,-14.63,1,0.0494,0.166,0.0000345,0.149,0.309,74.948,4
spotify:track:1CmmRxVeqXDdqbSoPy1XgV,"She Doesn't Mind","She Doesn't Mind","Sean Paul",2011-10-31,227786,77,false,,2012-05-13T21:44:39Z,"dancehall","VP Records",0.718,0.776,7,-5.208,0,0.0693,0.000624,0.0000053,0.207,0.622,120.015,4
spotify:track:5VpmCqOpS4lgZODFhJiI8B,"Starships","Starships","Nicki Minaj",2012-01-01,210813,0,true,,2012-05-13T21:44:45Z,"","Motown",0.761,0.715,11,-2.326,0,0.0886,0.101,0,0.245,0.706,125.005,4
spotify:track:3kROlqTZOTkkmdPXtz4q0L,"Minnie The Moocher","Cab Calloway / Minnie The Moocher","Cab Calloway & His Orchestra",2009-02-10,204293,0,false,,2012-05-14T22:35:02Z,"big band,swing,calipso,vocal jazz,ragtime","2009 Classic Records",0.576,0.462,0,-12.535,1,0.0795,0.523,0,0.197,0.5,99.147,4
spotify:track:3WoF0QidrggYV482mOb7ye,"Glycerine","Sixteen Stone","Bush",1994-12-06,266506,0,false,,2012-05-17T17:53:58Z,"grunge,post-grunge","Round Hill Records",0.43,0.282,5,-14.22,1,0.0342,0.0581,0.00426,0.0959,0.0868,114.136,4
spotify:track:6VRhkROS2SZHGlp0pxndbJ,"Bangarang (feat. Sirah)","Bangarang EP","Skrillex;Sirah",2011-12-27,215253,74,true,,2012-05-17T18:00:15Z,"dubstep,edm,electro,electrónica","Big Beat Records/Atlantic",0.716,0.972,7,-2.302,1,0.196,0.0145,0.0000322,0.317,0.576,110.026,4
spotify:track:249Z7XT6mf8B2zuI0RaeS0,"Violent Pornography","Mezmerize","System Of A Down",2005-05-17,211333,74,true,,2012-05-21T15:21:02Z,"nu metal,metal,metal alternativo,rap metal,rock","American/Columbia",0.459,0.958,6,-2.333,1,0.0877,0.0283,0,0.108,0.586,142.707,4
spotify:track:61mWefnWQOLf90gepjOCb3,"Duality","Vol. 3: The Subliminal Verses (Special Edition)","Slipknot",2004,252613,86,false,,2012-05-21T15:34:54Z,"nu metal,metal,metal alternativo,rap metal,heavy metal","Roadrunner Records",0.354,0.982,4,-3.026,0,0.168,0.000237,0.000294,0.204,0.194,143.772,4
spotify:track:5f6igUw1asUL4AGXSvgTW8,"Levels - Skrillex Remix","Levels (Remixes)","Avicii;Skrillex",2011-12-16,281146,61,false,,2012-05-26T11:05:38Z,"edm,dubstep,electro,electrónica","Pophouse Entertainment Group",0.615,0.91,5,-2.825,0,0.0762,0.00761,0.0067,0.16,0.346,140,4
spotify:track:2vBF8A6n0REigm7RSUM65S,"The A Team","The A Team","Ed Sheeran",2011-05-01,258588,12,false,,2012-05-26T12:33:18Z,"pop suave","Atlantic Records UK",0.626,0.286,9,-9.933,1,0.0374,0.678,0,0.134,0.366,84.954,4
spotify:track:0KCwzRvFRkHnttIa7QYoY2,"La Puissance","Cessa Kiè La Vérité","Magic System",2005-06-24,247306,0,false,,2012-06-26T21:25:48Z,"coupé décalé","Collective",0.742,0.8,0,-4.995,1,0.194,0.0225,0,0.119,0.476,94.891,4
spotify:track:5IWmU2PNimgYuTLddU2DRo,"Payphone","Payphone","Maroon 5;Wiz Khalifa",2012-04-17,231466,0,true,,2012-06-27T15:35:41Z,"pop","Digital Distribution Latvia",0.738,0.744,4,-4.757,1,0.042,0.0222,0,0.331,0.556,110,4
spotify:track:5tV6M1qf6lwSxYunb5RsZS,"U Like My Swagga","Legendary","Rick Ross",2010-03-30,103733,0,true,,2012-06-27T19:21:05Z,"hip hop sureño americano","Howie McDuffie Music Group",0.579,0.607,1,-10.167,1,0.362,0.271,0,0.675,0.74,85.337,4
spotify:track:5IlYppewBO3kxkcrEY4udO,"Deliver Mi","Style And Swagga","RDX",2010-05-26,235199,0,false,,2012-06-27T19:46:11Z,"dancehall,soca,ragga,shatta","Ballaz Production",0.863,0.702,6,-3.899,1,0.358,0.265,0,0.147,0.777,100.178,4
spotify:track:61lqNlVRnWYiR9C7BDJw2l,"You Give Love A Bad Name","Bon Jovi Greatest Hits","Bon Jovi",2010-01-01,223146,3,false,,2012-06-29T16:22:38Z,"glam metal","Universal Music Group",0.53,0.964,0,-2.571,0,0.0553,0.0528,0.00000484,0.372,0.823,122.807,4
spotify:track:5fpizYGbi5IQoEraj6FP0R,"Intergalactic - Remastered 2009","Hello Nasty (Deluxe Edition/Remastered)","Beastie Boys",1998-07-14,231493,73,false,,2012-06-30T21:54:23Z,"rap rock,hip hop old school,hip hop de la costa este,hip hop","Capitol Records",0.734,0.864,2,-6.119,1,0.303,0.022,0.00000985,0.246,0.47,105.932,4
spotify:track:7los2kGAFDGtvECeMJpa49,"Make Some Noise","Hot Sauce Committee (Pt. 2)","Beastie Boys",2011-05-03,210586,30,false,,2012-06-30T21:54:25Z,"rap rock,hip hop old school,hip hop de la costa este,hip hop","Capitol Records",0.714,0.885,2,-5.059,1,0.166,0.0191,0.00000701,0.055,0.612,98.037,4
spotify:track:56H98l4uinRifnTH8e308N,"Ch-Check It Out","To The 5 Boroughs","Beastie Boys",2004-01-01,192426,57,true,,2012-06-30T21:57:02Z,"rap rock,hip hop old school,hip hop de la costa este,hip hop","Capitol Records",0.795,0.899,1,-7.02,1,0.292,0.0766,0,0.0852,0.694,115.062,4
spotify:track:04Mh4OWSBUBn5Vpna4DXrA,"The Power","World Power","SNAP!",1990,344306,0,false,,2012-07-03T22:09:49Z,"eurodance","Bookmark",0.752,0.729,1,-15.565,1,0.0443,0.0814,0.34,0.861,0.572,108.91,4
spotify:track:09c7FxCJ7BEpvxsImgWrjS,"Don’t Stop The Party","Just Dance (by El Liston)","Black Eyed Peas",2011-01-01,367600,0,false,,2012-07-03T22:40:15Z,"","Universal Music Spain S.L.",0.855,0.833,0,-4.437,1,0.0962,0.0434,0.00000935,0.0528,0.669,127.998,4
spotify:track:269TXy0nskEBvKXXAaK6tR,"Hits from the Bong","Playlist: The Very Best Of Cypress Hill","Cypress Hill",2008-06-17,161213,0,true,,2012-07-03T22:55:13Z,"hip hop de la costa oeste,hip hop old school,rap rock,hip hop","Columbia/Legacy",0.804,0.594,1,-12.676,1,0.192,0.00776,0.79,0.344,0.514,92.18,4
spotify:track:7gKICRm1gbYb5HjaM3RzVi,"I Shoulda Lied","Twenty","Boyz II Men",2011-10-25,246400,13,false,,2012-07-04T18:55:53Z,"new jack swing,r&b,quiet storm","Benchmark Entertainment LLC",0.386,0.631,1,-5.288,1,0.0319,0.359,0,0.0876,0.445,94.659,4
spotify:track:1hhy4AedAEXO92raSJqPPK,"Breezy","BBD","Bell Biv DeVoe",2001-01-01,268000,0,true,,2012-07-09T07:32:28Z,"new jack swing","Universal Records",0.776,0.589,5,-3.038,0,0.275,0.0726,0,0.0545,0.795,102,4
spotify:track:5naPJoAQXIRjJ7txAb5akZ,"I Can Only Imagine - feat. Chris Brown & Lil Wayne","Nothing But The Beat","David Guetta",2011,209539,0,false,,2012-07-17T09:34:22Z,"edm","Virgin local",0.67,0.935,9,-2.038,1,0.0435,0.0553,0,0.412,0.248,127.952,4
spotify:track:7DJsL4jyXA39GDiHFQYQ0t,"Mess Around","Ray Charles (aka: Hallelujah, I Love Her So)","Ray Charles",1957-01-01,160226,63,false,,2012-07-20T18:33:09Z,"soul,soul blues,soul clásico,vocal jazz,jazz","Rhino Atlantic",0.565,0.962,8,-2.981,1,0.064,0.437,0,0.056,0.906,148.808,4
spotify:track:1ofPI08xqvajayCc3zQOOS,"Unchain My Heart","Ray Charles","Ray Charles",2007-07-01,167363,0,false,,2012-07-20T18:42:10Z,"soul,soul blues,soul clásico,vocal jazz,jazz","Tam-Tam Media",0.525,0.621,1,-7.146,0,0.0528,0.762,0,0.367,0.744,76.333,4
spotify:track:6z6gfAd6tr6dqDhICQsqum,"Come Back to Me Baby","Back Again","US5",2010-11-27,278570,0,false,,2012-07-20T19:33:19Z,"","major",0.668,0.401,11,-14.202,1,0.038,0.118,0,0.108,0.546,112.98,4
spotify:track:5Z7ygHQo02SUrFmcgpwsKW,"Wild Ones (feat. Sia)","Wild Ones (feat. Sia)","Flo Rida;Sia",2011-12-19,233688,54,false,,2012-07-21T13:28:59Z,"","Poe Boy/Atlantic",0.624,0.889,5,-3.772,0,0.0504,0.101,0,0.227,0.45,127.019,4
spotify:track:27AHAtAirQapVldIm4c9ZX,"Jump","Totally Krossed Out","Kris Kross",1992-03-17,195106,70,false,,2012-07-21T21:44:27Z,"hip hop old school","Ruffhouse/Columbia",0.749,0.745,2,-10.625,1,0.164,0.000501,0.00403,0.333,0.481,101.972,4
spotify:track:2BZyW7X7zW4bvWKc1nMtnZ,"Ma chérie 2k12 - DJ Antoine Vs Mad Mark 2k12 Radio Edit","Ma Chérie 2k12","DJ Antoine;The Beatshakers",2011-01-01,191186,0,false,,2012-07-23T17:12:02Z,"","Universal Music Distribution Deal",0.78,0.595,8,-5.021,1,0.195,0.0348,0.000102,0.0411,0.883,127.948,4
spotify:track:7c70rPhzT0G8Jlw2keTDLx,"Mashitup","Ricothentik","Rico Pupa",2000-01-01,232400,0,false,,2012-07-23T21:06:07Z,"ragga","Universal Music Division Label Panthéon",0.81,0.777,10,-5.452,0,0.176,0.0348,0.0000144,0.0589,0.851,98.027,4
spotify:track:5g7rz8nma2gAaEBHlvT68N,"Aicha","Aicha","Outlandish",2003-07-18,276760,38,false,,2012-07-23T21:06:43Z,"","RCA Records Label",0.745,0.636,11,-5.457,0,0.053,0.216,0.0000402,0.111,0.606,86.956,4
spotify:track:0aj2QKJvz6CePykmlTApiD,"Señorita","Justified","Justin Timberlake",2002-11-04,294866,69,false,,2012-07-23T21:06:50Z,"","Jive",0.841,0.63,1,-5.356,1,0.0443,0.0725,0,0.0742,0.876,97.964,4
spotify:track:0kwENjv9F98MZLPEN3gCQT,"Gonna Make You Sweat (Everybody Dance Now)","100 Hits of the '90s","C & C Music Factory;Freedom Williams",2010-02-26,243800,0,false,,2012-07-23T21:11:43Z,"hip house","Sony Music Entertainment",0.561,0.789,6,-9.134,1,0.0952,0.00217,0.446,0.194,0.796,112.815,4
spotify:track:0PRzE8BoTGCQ8xcxJBvTOY,"How Can You Mend A Broken Heart","Al Green - Greatest Hits","Al Green",1987-02-13,384866,0,false,,2012-07-23T21:12:11Z,"soul,soul clásico,motown,soul blues","Hi Records",0.555,0.247,4,-14.257,1,0.041,0.522,0.00000366,0.0628,0.394,73.343,3
spotify:track:12Ns5IphkblPmHxpRILG9t,"Don't Wake Me Up","Fortune (Deluxe Version)","Chris Brown",2012-06-29,222306,1,false,,2012-08-08T17:42:26Z,"r&b","RCA Records Label",0.602,0.691,7,-5.197,0,0.051,0.0548,0,0.144,0.206,127.967,4
spotify:track:6kcuYyyU2tPxGP3PDVWYJT,"Summer Paradise (feat. Sean Paul) - Single Version","Summer Paradise (feat. Sean Paul)","Simple Plan;Sean Paul",2012-02-21,234786,39,false,,2012-08-08T20:37:53Z,"pop punk,punk,emo,dancehall","Atlantic Records",0.421,0.822,2,-4.415,1,0.0542,0.0132,0,0.092,0.751,171.935,4
spotify:track:6bBwFPgVdWxuc4uWEyALCa,"I Say A Little Prayer","Definitive Soul: Aretha Franklin","Aretha Franklin",1985,214346,0,false,,2012-08-11T16:28:54Z,"soul,motown,soul clásico","Rhino",0.587,0.535,9,-7.792,1,0.0319,0.545,0,0.0782,0.536,133.178,4
spotify:track:1ug3vASsHv0QTMWwAgj0BO,"Down The Road","Down The Road","C2C",2012-07-23,205480,0,false,,2012-08-21T20:10:57Z,"electro swing","On And On Records",0.711,0.568,2,-6.276,0,0.0942,0.0486,0.0000493,0.0621,0.487,111.033,4
spotify:track:71tkj3MPQLKGr6eiHA6eBB,"Another One Bites The Dust - 2011 Remaster","Greatest Hits (2011 Remaster)","Queen",1981-10-26,215333,0,false,,2012-09-05T17:06:16Z,"rock clásico,rock,glam rock","Queen Productions Ltd.",0.928,0.531,5,-6.52,0,0.161,0.0969,0.314,0.16,0.765,109.963,4
spotify:track:05qKLpDGIdPwreaiaSINu7,"Summer Paradise (feat. Sean Paul) - French Version","Summer Paradise (feat. Sean Paul) [French Version]","Simple Plan;Sean Paul",2012-05-07,233375,45,false,,2012-09-05T17:09:17Z,"pop punk,punk,emo,dancehall","Atlantic Records",0.38,0.772,2,-5.2,1,0.0536,0.0265,0,0.0979,0.689,171.443,4
spotify:track:6AbVJjzv7thIvmMCuhZrmK,"Make It Bun Dem","Make It Bun Dem","Skrillex;Damian ""Jr Gong"" Marley",2012-05-01,213696,71,false,,2012-09-11T09:44:53Z,"dubstep,edm,electro,electrónica","Big Beat Records/OWSLA",0.556,0.881,7,-2.224,1,0.082,0.00119,0,0.0709,0.337,104.973,1
spotify:track:4kjgGgDbNN4nR3OZYuRkUe,"All Night Long (All Night)","The Definitive Collection (International 2CD Version)","Lionel Richie",2003-01-01,260826,1,false,,2012-09-15T12:45:54Z,"motown","Universal Music Group",0.728,0.556,1,-12.888,1,0.0472,0.136,0.00298,0.0455,0.805,108.81,4
spotify:track:4TAoENTHYy7u4q4phwhJXh,"Say You, Say Me","Motown Essentials","Lionel Richie",2009-01-01,240573,0,false,,2012-09-15T16:20:13Z,"motown","Universal Music",0.635,0.458,8,-9.177,1,0.0275,0.293,0,0.0765,0.234,128.192,4
spotify:track:4srdbQniwvQcLNcPNEUIc9,"Son Of Man","Tarzan Original Soundtrack (Spanish Version)","Phil Collins",1999,166040,0,false,,2012-09-16T15:48:03Z,"rock suave","Disney Records (Europe)",0.481,0.882,2,-5.068,1,0.0407,0.0228,0.00022,0.152,0.718,141.721,4
spotify:track:2oehKmL80oyarh1ZutMESN,"You'll Be In My Heart","Tarzan Original Soundtrack (Spanish Version)","Phil Collins",1999,258399,0,false,,2012-09-16T15:48:18Z,"rock suave","Disney Records (Europe)",0.569,0.744,8,-6.48,1,0.0298,0.0559,0.00000319,0.0915,0.655,96.596,4
spotify:track:45Ia1U4KtIjAPPU7Wv1Sea,"Are You Gonna Go My Way","Are You Gonna Go My Way","Lenny Kravitz",1993-03-09,211933,77,false,,2012-09-20T20:01:49Z,"","Virgin Records",0.619,0.67,11,-10.322,0,0.0353,0.00165,0.0109,0.331,0.777,129.269,4
spotify:track:3GfOAdcoc3X5GPiiXmpBjK,"Song 2","Blur: The Best Of","Blur",2000-10-23,121880,72,false,,2012-09-20T20:05:44Z,"britpop,madchester,rock alternativo","Parlophone UK",0.658,0.709,8,-6.736,1,0.0904,0.00188,0.00447,0.0657,0.855,129.701,4
spotify:track:4JdUGm02OfH7eLabAetBzw,"Johnny, I Hardly Knew Ya","St. Patrick's Day","Dropkick Murphys",2012-03-13,234653,0,false,,2012-09-22T13:38:13Z,"punk celta,rock celta,celta,punk,folk punk","X5 Music Group",0.228,0.896,11,-7.735,0,0.0741,0.0173,0,0.182,0.441,101.903,4
spotify:track:4zwnjGvh5Ok5ed71amMvHZ,"Black Betty","Bikers Best","Ram Jam",2009-07-06,235973,41,false,,2012-09-23T13:13:59Z,"rock sureño","Sony Music Catalog",0.464,0.837,11,-10.067,0,0.153,0.0296,0.00178,0.178,0.694,117.555,4
spotify:track:36ELpqVAiCgJSOJdEpdQoc,"Here Comes the Hotstepper","100 Hits of the '90s","iNi Kamoze",2010-02-26,249066,0,false,,2012-09-23T13:17:37Z,"reggae,roots reggae","Sony Music Entertainment",0.882,0.456,7,-9.163,1,0.188,0.0178,0.000186,0.127,0.452,100.362,4
spotify:track:6ofJs2WdtE2qzyYyqNYuj4,"Woke Up This Morning","Woke Up This Morning","Alabama 3",2008-04-07,249240,0,false,,2012-09-23T13:22:07Z,"acid house","One Little Indian Records",0.613,0.81,1,-7.408,1,0.0706,0.0815,0.0000156,0.937,0.435,89.451,4
spotify:track:1WWbqYAzu1N216ngniTLNq,"My Girl","Motown: The Complete No. 1's","The Temptations",2008-12-15,178120,0,false,,2012-09-23T13:23:18Z,"motown,soul clásico,soul","Motown Records, a Division of UMG Recordings, Inc.",0.6,0.546,0,-5.714,1,0.0691,0.545,0,0.559,0.598,104.451,4
spotify:track:5GHO0VvfNWHv82DZLFmMIU,"I'll Be There for You - Theme From ""Friends""","Rhino Hi-Five: The Rembrandts","The Rembrandts",2005-12-20,188359,0,false,,2012-09-23T13:35:45Z,"","Rhino Atlantic",0.32,0.917,9,-5.903,1,0.0771,0.0717,0,0.169,0.715,190.757,4
spotify:track:7LBohG6plAhWaHjuzi4CpY,"Rack City","Rack City","Tyga",2011-01-01,208840,45,true,,2012-10-02T18:44:21Z,"","Cash Money Records/Motown Records",0.928,0.326,1,-10.943,1,0.372,0.0428,0.0000256,0.19,0.261,98.958,4
spotify:track:5mN916ZGVpNfBsW6KySZne,"Drop It Low","More Than A Game","Ester Dean;Chris Brown",2009-01-01,190533,0,true,,2012-10-02T18:45:40Z,"r&b","Universal Music Group",0.723,0.714,11,-5.036,1,0.0537,0.0019,0.0000543,0.0836,0.386,88.047,4
spotify:track:2HPVtKMWRlP1r9ODenvePM,"I'll Be Waiting","It Is Time For A Love Revolution","Lenny Kravitz",2008-02-05,259186,54,false,,2012-10-08T15:50:53Z,"","Virgin Records",0.677,0.452,10,-6.468,1,0.0332,0.0736,0.0065,0.0969,0.595,72.779,4
spotify:track:2qsGqbyfU4BJZkHtdaLUV1,"You're a Jerk","You're a Jerk (International)","New Boyz",2009-12-18,189053,22,true,,2012-10-09T15:00:56Z,"","WM UK",0.931,0.456,4,-6.206,1,0.348,0.153,0,0.0917,0.522,99.048,4
spotify:track:7gg7j1wcaOpX9qCdeUxvFj,"Moving Like Berney","Moving Like Berney","ISA",2010-11-22,224027,0,false,,2012-10-12T17:56:59Z,"","Platinum Records",0.846,0.633,11,-7.859,0,0.266,0.0384,0.00000135,0.166,0.422,91.027,4
spotify:track:1pVnvnj9Qi9FrXpIgNXcr5,"Intro","Bad Boys II","Bad Boys 2",2005-04-20,12666,0,false,,2012-10-12T18:17:46Z,"","Bad Boy Records",,,,,,,,,,,,
spotify:track:4wupyH8R1AT0Kdz0XFU9XE,"Intro","The Dynasty","JAŸ-Z",2000-10-31,190800,0,true,,2012-10-17T12:41:47Z,"hip hop,hip hop de la costa este,rap","Universal Music Group",0.611,0.667,11,-7.764,0,0.156,0.0000177,0.0201,0.273,0.646,78.131,4
spotify:track:7z5aqaKvHs021edFsRNtQd,"Pump It Up (Freestyle)","The Hits Collection Volume One (Deluxe)","JAŸ-Z",2010-11-22,117746,0,true,,2012-10-17T12:42:55Z,"hip hop,hip hop de la costa este,rap","Universal Music Group",0.541,0.886,6,-4.139,1,0.409,0.0748,0,0.297,0.685,134.39,5
spotify:track:32CS1c7IyC8jzeFs55Q9n4,"Mercy","Mercy","Kanye West;Big Sean;Pusha T;2 Chainz",2012-01-01,329320,1,true,,2012-10-17T12:43:30Z,"rap,hip hop sureño americano","Def Jam Recordings",0.563,0.496,6,-9.381,0,0.405,0.0679,0.0000561,0.173,0.424,140.001,4
spotify:track:7sjwaBQ6M3aVigYfBjm1sL,"Ima Boss (feat. Rick Ross)","MMG Presents: Self Made, Vol. 1","Meek Mill;Rick Ross",2011-05-23,250240,67,true,,2012-10-17T12:49:51Z,"rap,hip hop sureño americano","Warner Records",0.37,0.87,5,-2.09,1,0.271,0.0415,0,0.604,0.331,79.092,4
spotify:track:1ANOv63SRuUpI9w347Mgg7,"You Got Me","Things Fall Apart (Explicit Version)","The Roots;Erykah Badu",1999-02-23,259293,0,true,,2012-10-17T17:08:24Z,"jazz rap,hip hop de la costa este,hip hop,neo soul,r&b","Universal Music Ltd.",0.735,0.443,11,-8.09,0,0.278,0.161,0,0.188,0.757,81.031,4
spotify:track:3r9JScgtH2FiAQ9bwThV0U,"Come Over","Shine","Estelle",2008-03-28,221013,0,false,,2012-10-17T17:08:27Z,"","Homeschool/Atlantic",0.683,0.747,8,-3.465,0,0.113,0.0261,0.0000196,0.261,0.722,81.998,4
spotify:track:6TfmfTdT8QMvxNFHsPnKvP,"P.S. (I'm Still Not Over You)","A Girl Like Me","Rihanna",2006-04-10,249906,0,false,,2012-10-17T17:15:02Z,"","Universal Music Group",0.759,0.407,8,-8.427,0,0.0481,0.0803,0,0.104,0.496,88.081,4
spotify:track:24H5KPBdSvHQMRXTp12K3J,"Stronger","Stronger (Int'l ECD Maxi)","Kanye West",2007-01-01,312893,6,true,,2012-10-20T00:45:36Z,"rap","Def Jam Recordings",0.369,0.785,1,-6.269,1,0.2,0.00299,0,0.206,0.443,104.033,4
spotify:track:3Vr4AaUcphcIW8bJDHmj4N,"54-46 Was My Number","Repo Men","Toots & The Maytals",2010-05-31,190466,0,false,,2012-10-21T14:21:56Z,"reggae,rocksteady,roots reggae,ska,dub,ragga","Silva Screen Records",0.698,0.457,7,-7.363,1,0.317,0.639,0.0000166,0.0645,0.389,157.566,4
spotify:track:1bRY3Uq50317xP0JncynRQ,"Feeling Good","Repo Men","Nina Simone",2010-05-31,177333,0,false,,2012-10-21T14:22:48Z,"vocal jazz,soul jazz,soul,jazz","Silva Screen Records",0.391,0.452,7,-5.305,0,0.0376,0.807,0,0.173,0.589,81.447,4
spotify:track:1FZNqltqqIybM91yx0o3RX,"What You're Made Of","Essential Festival: Pink (International Version)","Lucie Silvas",2008-01-01,252680,0,false,,2012-10-24T20:45:30Z,"","Universal Music Group International",0.548,0.437,4,-5.82,0,0.0275,0.578,0,0.187,0.109,70.85,4
spotify:track:5o4cq6gKFAbR1V7wITwB7n,"Complicated","Under My Skin/Let Go","Avril Lavigne",2002,244506,0,false,,2012-10-24T21:40:11Z,"","Arista",0.585,0.776,5,-5.898,1,0.0459,0.0572,0.00000774,0.3,0.427,77.987,4
spotify:track:0osXxZiH9cz3Add5BGOU92,"Without You","Music Box/Rainbow","Mariah Carey",1993,214146,0,false,,2012-10-24T22:21:10Z,"navidad","Sony Music Entertainment",0.574,0.524,6,-8.524,1,0.0317,0.384,0.00000102,0.0702,0.157,122.113,4
spotify:track:0HDswA23Ikr8qlz2AYsSUL,"Tout Le Bonheur Du Monde","Le Meilleur De La Variété Française Vol. 2","Variété Française",2010-05-25,201720,8,false,,2012-10-25T13:48:57Z,"variété francesa","Rendez-Vous Digital",0.616,0.876,9,-3.66,0,0.152,0.387,0,0.144,0.767,99.965,4
spotify:track:5GYcaVfaFBHe2gzA6Oybgj,"Me and Mrs. Jones","R&B: From Doo-Wop To Hip-Hop","Billy Paul",1999-10-08,285293,50,false,,2012-10-26T18:32:13Z,"sonido filadelfia,soul clásico,soul,motown","Sony Music Entertainment",0.416,0.404,0,-14.133,0,0.0373,0.479,0.000105,0.056,0.413,100.423,1
spotify:track:2lVDc57IMK6nypg2iuEWVR,"Tipsy - Radio Mix","Tipsy","J-Kwon",2004-01-25,243026,57,false,,2012-10-26T18:35:37Z,"","So So Def",0.925,0.748,11,-5.572,0,0.278,0.0484,0,0.101,0.615,92.978,4
spotify:track:3qdOoRW9obFTR0XyTeJO7h,"Showin' Off","Bloggin Like a Fool","B-Legit;Dame Michaels",2012-10-24,158960,1,true,,2012-10-27T12:39:10Z,"hyphy,hip hop de la costa oeste,g-funk","Streets Inspired Entertainment",0.731,0.615,10,-9.32,0,0.559,0.0249,0,0.203,0.641,118.589,3
spotify:track:3fnLHE0b2FuDv0bcJriCsM,"Out Here","Bloggin Like a Fool","Sl Jones",2012-10-24,189133,0,true,,2012-10-27T12:39:10Z,"hip hop sureño americano","Streets Inspired Entertainment",0.629,0.837,1,-8.703,1,0.326,0.125,0,0.664,0.512,140.578,4
spotify:track:1a14f3aojnSeVOeZh502bH,"Body Count","Bloggin Like a Fool","Meek Mill;Rick Ross",2012-10-24,146693,13,true,,2012-10-27T12:39:10Z,"rap,hip hop sureño americano","Streets Inspired Entertainment",0.753,0.526,11,-9.196,1,0.346,0.0204,0,0.554,0.289,143.989,4
spotify:track:7nVzOpFNZVFZtbq3OGJHX9,"Sexual Healing","Songbook","Marvin Gaye",2009-03-05,239800,51,false,,2012-11-03T13:48:56Z,"motown,soul clásico,soul,northern soul,quiet storm","Sony BMG Music UK",0.799,0.602,0,-9.714,0,0.061,0.117,0.000267,0.0658,0.717,94.333,4
spotify:track:4Jqubm2gop4wYdXjJzUvwy,"Oye Como Va - Album Verision","Jingo: The Santana Collection","Santana",2007,254266,0,false,,2012-11-03T14:39:36Z,"","SONY BMG Catalog",0.734,0.468,7,-10.498,1,0.0432,0.402,0.0225,0.161,0.96,128.48,4
spotify:track:4iImxqMlF3CeNRwKKua9jn,"537 C U B A","A Lo Cubano","Orishas",1999,264173,60,false,,2012-11-03T14:39:49Z,"hip hop latino,música alternativa latina,son cubano,latina","EMI France",0.859,0.709,10,-8.906,0,0.281,0.079,0.00000389,0.067,0.885,83.681,4
spotify:track:0ID4IwkWmNwxnQ6Sw75IaR,"Atrevido","A Lo Cubano","Orishas",1999,242800,54,false,,2012-11-03T14:42:45Z,"hip hop latino,música alternativa latina,son cubano,latina","EMI France",0.865,0.783,4,-9.87,1,0.0999,0.428,0,0.617,0.916,95.044,4
spotify:track:3WibbMr6canxRJXhNtAvLU,"B.O.B. - Bombs Over Baghdad","Stankonia","Outkast",2000-10-31,304226,67,true,,2012-11-11T18:18:13Z,"hip hop sureño americano,hip hop","Arista/LaFace Records",0.746,0.978,9,-5.324,1,0.0978,0.0555,0.0000411,0.026,0.653,153.809,4
spotify:track:0YkJU6TjjwzsVXUPRIO0DB,"Make Me Better","From Nothin' To Somethin' (Bonus Track Version)","Fabolous;Ne-Yo",2007-01-01,253573,66,true,,2012-11-11T18:25:24Z,"","Fabolous / Desert Storm",0.596,0.599,11,-6.886,1,0.107,0.328,0,0.199,0.561,86.471,4
spotify:track:1vJ00sqL2EvSO6wKGktYB4,"What I've Done","Transformers - The Album (Standard Version)","Linkin Park",2007-06-25,205613,0,false,,2012-11-11T18:32:45Z,"nu metal,rap metal,rock,metal alternativo","Warner Bros.",0.623,0.93,5,-5.285,1,0.0324,0.0141,0.00000164,0.138,0.287,120.119,4
spotify:track:5Fqp3YpxNlwR33sfbnbS52,"Big Bad Love","Genius & Friends (US Release)","Ray Charles with Diana Ross",2005-09-19,224160,0,false,,2012-11-12T19:53:50Z,"","Rhino/Warner Bros.",0.761,0.606,11,-6.347,0,0.0353,0.194,0,0.487,0.723,135.079,3
spotify:track:1ZOROX1KhC9xipkXFCxeDf,"How To Love","Tha Carter IV (Deluxe)","Lil Wayne",2011-01-01,240306,0,false,111573307,2012-12-26T11:35:07Z,"rap,hip hop","CM/Republic",0.644,0.661,11,-6.093,1,0.0418,0.000177,0.00000523,0.108,0.272,153.992,4
spotify:track:2KLmpMxjDvseHlYzf7ao9i,"Don't Make Em Like You","R.E.D. (Deluxe Edition)","Ne-Yo;Wiz Khalifa",2012-01-01,249826,36,false,,2012-11-13T01:14:09Z,"","Island Def Jam/Motown",0.641,0.802,2,-6.393,1,0.118,0.142,0,0.359,0.727,80.977,4
spotify:track:428cFrawSqeLoyooQjAW9d,"La casa por el tejado","Lo mas lejos a tu lado","Fito y Fitipaldis",2004-12-28,267760,69,false,,2012-11-23T15:07:41Z,"","DRO/EastWest Spain",0.734,0.852,7,-5.632,0,0.0483,0.323,0.0000227,0.421,0.89,149.976,4
spotify:track:2xrhwuJPdPbKpgT7nfU81I,"Je me lâche","On Trace La Route","Christophe Maé",2010-03-22,187546,59,false,,2012-11-27T22:54:29Z,"variété francesa,chanson,pop francés","Warner (France)",0.952,0.701,0,-5.343,1,0.0593,0.166,0.0000313,0.185,0.906,129.952,4
spotify:track:7z0JcZ8PQoAfUaLIXvbyTH,"More Than Words","The Best Of Extreme (An Accidental Collication Of Atoms)","Extreme",1998-01-01,335946,1,false,,2012-11-27T22:54:36Z,"glam metal","A&M",0.621,0.144,6,-14.201,1,0.0298,0.464,0,0.12,0.255,91.354,4
spotify:track:0kGwiifdJ7qJOihApBFlEV,"Dernière danse","Le Chemin / 300 Lésions","Kyo",2002,227733,0,false,,2012-11-27T23:00:51Z,"variété francesa,pop francés,chanson","SBME Strategic Marketing Group",0.389,0.675,5,-7.237,1,0.0336,0.124,0.0000197,0.376,0.483,172.02,4
spotify:track:4zA59MqM6T0kxHs9FHKDxu,"Rayon de Soleil","Rayon de soleil","William Baldé",2008-04-29,216440,0,false,,2012-11-27T23:00:53Z,"variété francesa","WM France",0.76,0.78,2,-4.933,1,0.0501,0.307,0.0000065,0.0755,0.703,144.987,4
spotify:track:3LmpQiFNgFCnvAnhhvKUyI,"Stayin' Alive - Remastered Version","Number Ones","Bee Gees",2004-11-09,285200,3,false,,2012-11-28T00:27:20Z,"disco","Bee Gees/Reprise",0.675,0.899,10,-6.124,0,0.0418,0.0696,0.000139,0.33,0.91,103.683,4
spotify:track:2DX0WG5OGLQLaXb41Cq1IA,"I Will Survive - Rerecorded","Gloria Gaynor: The Hits","Gloria Gaynor",2008-01-01,295666,50,false,,2012-11-28T00:28:20Z,"disco","Music Company OMP",0.704,0.631,9,-12.299,0,0.0398,0.0346,0,0.159,0.793,123.286,4
spotify:track:7sXxvOVFtMr31xj0kX9BFV,"Hit The Road Jack","Miami Lighthouse for the Blind Presents: Instrumental Magic","Jeff Zavac;The Craetts",2006-10-01,129906,0,false,,2012-11-28T00:29:42Z,"","Henry Stone",0.593,0.752,8,-6.617,0,0.0313,0.0841,0.00308,0.197,0.935,172.087,4
spotify:track:0651FOAfvX33QIjpYL4F95,"My Girl","Favorites","The Temptations",2008-01-01,163000,0,false,,2012-11-28T00:30:49Z,"motown,soul clásico,soul","Universal Music Group",0.575,0.545,0,-6.177,1,0.0341,0.547,0,0.116,0.676,104.664,4
spotify:track:4iVTi7nx4knGmPuxxSntLo,"Stand By Me","The Ultimate Collection","Ben E. King",1987,181600,47,false,,2012-11-28T00:34:03Z,"","Rhino Atlantic",0.654,0.168,9,-16.969,1,0.0421,0.167,0.000581,0.103,0.641,119.527,4
spotify:track:00FCfK15gIqylm8xeO4pjx,"Super Freak","Motown 50","Rick James",2008-12-01,198706,6,false,,2012-11-28T00:34:47Z,"funk,motown,disco","Universal Music TV",0.884,0.684,9,-9.058,0,0.0407,0.112,0.000114,0.0614,0.962,131.016,4
spotify:track:7IuR13GY471Tbz4lp9DKOZ,"Killing Me Softly With His Song","Greatest Hits","Fugees",2003-03-25,290266,53,true,,2012-11-28T00:35:45Z,"hip hop de la costa este","Columbia",0.766,0.436,4,-10.105,0,0.0727,0.0295,0.00000184,0.158,0.524,92.406,4
spotify:track:26mDHU83VNkobcI4BadliK,"You Sexy Thing - Single Version","Their Greatest Hits","Hot Chocolate",1997-10-20,242906,27,false,,2012-11-28T00:36:25Z,"","Parlophone UK",0.788,0.728,5,-5.912,1,0.0571,0.533,0.00165,0.218,0.963,105.881,4
spotify:track:1oEAgyttglJYkh909Byp4B,"Lean on Me - Single Version","Still Bill","Bill Withers",1972-05-01,257240,0,false,,2012-11-28T00:37:57Z,"soul","Columbia/Legacy",0.617,0.239,0,-11.219,1,0.0591,0.824,0.0000172,0.147,0.426,75.114,4
spotify:track:17nFSc5cJ3AHKt7qsGFtsz,"Tutti Frutti","The Essential Little Richard (Remastered)","Little Richard",1985-01-01,144626,0,false,,2012-11-28T00:38:24Z,"rockabilly,rock and roll,doo-wop,boogie-woogie","Universal Music Ltd.",0.498,0.55,5,-8.161,1,0.0722,0.746,0,0.0506,0.962,184.246,4
spotify:track:2dCDC6FXz80njhDidJVkAx,"I Wish","Original Musiquarium","Stevie Wonder",1982-05-04,253746,0,false,,2012-11-28T00:47:12Z,"motown,soul clásico,soul","Universal Music Group",0.828,0.746,10,-9.615,0,0.0595,0.116,0.0000604,0.0594,0.921,105.9,4
spotify:track:373zqV0VLz9mnrSaY9kaiX,"Isn't She Lovely","Songs In The Key Of Life (Reissue)","Stevie Wonder",1976-09-28,394266,0,false,,2012-11-28T00:48:40Z,"motown,soul clásico,soul","Universal Music Group",0.481,0.826,1,-6.974,0,0.0851,0.182,0.00352,0.324,0.819,118.679,4
spotify:track:09ityNOMUHKZ1sldYGWRCk,"Fly Me To The Moon - Remastered ) [The Frank Sinatra Collection]","Nothing But The Best [The Frank Sinatra Collection]","Frank Sinatra",2008-05-05,147520,0,false,,2012-11-28T00:50:55Z,"navidad,big band,adult standards,swing,jazz,vocal jazz","Frank Sinatra Enterprises",0.567,0.298,4,-12.269,0,0.0608,0.549,0.00000222,0.0797,0.372,119.966,4
spotify:track:0VaYWZe8BAeiU54fESSDwL,"Signed, Sealed, Delivered (I'm Yours)","Essential Stevie Wonder","Stevie Wonder",1987,159426,0,false,,2012-11-28T00:51:41Z,"motown,soul clásico,soul","Motown Records, a Division of UMG Recordings, Inc.",0.673,0.541,5,-12.559,1,0.0331,0.0246,0,0.0684,0.847,108.857,4
spotify:track:3UaE7sNMxgJXBoVvhr4jcY,"Fortune Faded","Greatest Hits","Red Hot Chili Peppers",2003-11-18,201266,0,false,,2012-11-29T19:17:00Z,"funk rock,rock alternativo,rock","Warner Bros.",0.524,0.946,11,-3.081,0,0.0395,0.00163,0,0.242,0.613,119.156,4
spotify:track:0GfkQQtDoI4K8A4TdQR1oe,"Long Tall Sally","Specialty Profiles: Lloyd Price (With Bonus Disc)","Little Richard",2006-01-01,131746,0,false,,2012-11-30T15:27:41Z,"rockabilly,rock and roll,doo-wop,boogie-woogie","Concord Records",0.402,0.753,5,-5.929,1,0.119,0.776,0,0.184,0.823,185.509,4
spotify:track:7F0yUq9x2gz8TAeFdCITTc,"The Girl Can't Help It","The Essential Little Richard (Remastered)","Little Richard",1985-01-01,151066,0,false,,2012-12-01T12:34:13Z,"rockabilly,rock and roll,doo-wop,boogie-woogie","Universal Music Ltd.",0.544,0.649,0,-9.19,1,0.0909,0.575,0,0.0851,0.926,173.658,4
spotify:track:68PHBS4CsrBK8QnRmeGqup,"Let Me Love You (Until You Learn To Love Yourself)","Let Me Love You (Until You Learn To Love Yourself)","Ne-Yo",2012-01-01,254093,0,false,,2012-12-04T20:29:10Z,"","Universal Music Group",0.665,0.683,5,-5.502,1,0.0368,0.237,0,0.722,0.299,124.896,4
spotify:track:7snT1xwb64YGqxCBiNZsMN,"Love Rears Its Ugly Head","Playlist: The Very Best Of Living Colour","Living Colour",2009-04-09,259560,0,false,,2012-12-09T23:53:15Z,"funk rock,hard rock","Epic/Legacy",0.615,0.497,2,-7.954,1,0.0982,0.053,0.0000729,0.145,0.722,156.328,4
spotify:track:7yKiU63ecP8bN7avSDNRjR,"Glamour Boys","Playlist: The Very Best Of Living Colour","Living Colour",2009-04-09,220240,0,false,,2012-12-09T23:54:04Z,"funk rock,hard rock","Epic/Legacy",0.477,0.889,3,-6.053,1,0.0324,0.0211,0.0149,0.111,0.83,121.671,4
spotify:track:2ptQPuF6zfrtIKWCQlS1j7,"Celui","Celui","Colonel Reyel",2010,200438,49,false,111573307,2012-12-13T00:16:16Z,"","Play On",0.666,0.629,4,-7.197,0,0.125,0.35,0,0.493,0.762,92.985,4
spotify:track:0YZ4S0jpsUdD2913RzppBy,"Dis Moi Oui","Au Rapport","Colonel Reyel",2011-05-27,241573,0,false,111573307,2012-12-12T00:58:43Z,"","Mostiko",0.815,0.583,6,-5.287,1,0.0737,0.191,0,0.0661,0.824,130.023,4
spotify:track:11ClKwQKDE4sicKmfzS6PQ,"Forever Now","R.E.D. (Deluxe Edition)","Ne-Yo",2012-01-01,221226,46,false,111573307,2012-12-13T00:24:19Z,"","Island Def Jam/Motown",0.574,0.626,3,-7.246,1,0.0353,0.00254,0.00000316,0.102,0.284,127.022,4
spotify:track:6cNajGUxKP53LIg0LzlfQt,"Climax","Looking 4 Myself (Deluxe Version)","USHER",2012-06-08,232906,0,false,111573307,2012-12-13T00:25:17Z,"r&b","RCA Records Label",0.647,0.478,8,-8.837,1,0.0782,0.547,0.0000269,0.156,0.333,135.877,4
spotify:track:1E3BZjG5SDMy0dYANdbc3u,"Get Up Offa That Thing","James Brown Vol 2. - Universal Masters","James Brown",2003-02-27,251066,0,false,111573307,2012-12-13T00:33:09Z,"funk,soul,motown,soul clásico","Universal Music Ltd.",0.852,0.682,2,-10.041,1,0.404,0.181,0,0.934,0.763,117.959,4
spotify:track:4SVLlDIeY6w5axpMVhy0qH,"Magic Stick","La Bella Mafia","Lil' Kim",2003-03-03,334773,51,false,111573307,2012-12-13T00:35:51Z,"hip hop de la costa este","Atlantic Records",0.861,0.488,9,-7.892,1,0.272,0.123,0.000105,0.299,0.562,92.968,4
spotify:track:7sKJB4LWECpmNLcfieo7H6,"Case Of You","Mr. Houston","Marques Houston",2009,251986,18,false,111573307,2012-12-13T00:47:11Z,"r&b","Parlophone UK",0.437,0.671,9,-5.626,1,0.403,0.016,0,0.0618,0.774,160.519,4
spotify:track:3ZAMtgYJFoHwJjFkhkXqKr,"Dance (A$$) Remix","Finally Famous","Big Sean;Nicki Minaj",2011-01-01,220293,64,true,111573307,2012-12-15T20:10:22Z,"","Getting Out Our Dreams Inc. (G.O.O.D.) Music / IDJ",0.788,0.73,11,-6.787,0,0.352,0.0275,0.00135,0.0828,0.72,159.825,4
spotify:track:59Zm2A9DvVogvIYTuPO1VR,"Rest Of My Life","Rest Of My Life","Ludacris;USHER;David Guetta",2012-01-01,232026,0,false,111573307,2012-12-15T20:45:46Z,"hip hop sureño americano,r&b,edm","Universal Music Group",0.539,0.882,2,-3.811,1,0.0428,0.0128,0.0000011,0.181,0.292,127.944,4
spotify:track:7C5lhJRscQR3WAaLBoqrkd,"Me And Those Dreamin' Eyes Of Mine","Brown Sugar","D'Angelo",1995-07-03,286800,0,false,111573307,2012-12-15T20:51:44Z,"neo soul","Virgin Records",0.511,0.402,4,-10.695,0,0.219,0.702,0.00014,0.11,0.503,83.339,4
spotify:track:7n6ibfsRHhCb1Ccl9Fg2CZ,"Scream & Shout","Scream & Shout","will.i.am;Britney Spears",2012-01-01,284413,3,true,111573307,2012-12-17T20:26:10Z,"pop","Universal Music Group",0.79,0.616,0,-7.443,1,0.0596,0.0589,0.0000655,0.171,0.473,130.009,4
spotify:track:2lDfi30pZqCqthj9IEw7eI,"Don't You Worry Child","Don't You Worry Child","Gavin Mikhail",2012-10-05,216549,0,false,111573307,2012-12-22T17:48:49Z,"","SmashBash Records",0.412,0.391,1,-7.492,1,0.0367,0.931,0.00000631,0.217,0.277,107.34,4
spotify:track:7sZqxJiyDsTtftLbhdgpqU,"Cómo Cuándo Quién","Año Perro","Dinero",2012-06-25,205153,0,false,111573307,2012-12-22T17:50:11Z,"","Tricornio Producciones",0.41,0.968,6,-4.795,0,0.233,0.000866,0.0000291,0.147,0.476,165.072,4
spotify:track:3K24ilECgcNajpHO2sELtK,"Word Up! - Single Version","Plásticos Y Decibelios: 30 Aniversario","Cameo",2008-01-01,258986,0,false,111573307,2012-12-22T19:54:29Z,"funk","Universal Music Spain S.L.",0.872,0.932,6,-6.696,0,0.07,0.0599,0.000694,0.0542,0.909,116.189,4
spotify:track:1ZOROX1KhC9xipkXFCxeDf,"How To Love","Tha Carter IV (Deluxe)","Lil Wayne",2011-01-01,240306,0,false,111573307,2012-12-29T17:53:19Z,"rap,hip hop","CM/Republic",0.644,0.661,11,-6.093,1,0.0418,0.000177,0.00000523,0.108,0.272,153.992,4
spotify:track:13X42np3KJr0o2LkK1MG76,"My Love","FutureSex/LoveSounds","Justin Timberlake;T.I.",2006-09-12,276160,0,false,111573307,2013-01-01T18:29:36Z,"hip hop sureño americano","Jive",0.771,0.676,4,-6.018,0,0.223,0.285,0.00000449,0.546,0.804,119.997,4
spotify:track:6NwbeybX6TDtXlpXvnUOZC,"Master Of Puppets","Master Of Puppets","Metallica",1986-03-03,516293,5,false,111573307,2013-01-06T12:44:28Z,"metal,thrash metal,rock,heavy metal,hard rock","Blackened Recordings",0.538,0.872,4,-7.658,0,0.0361,0.000608,0.573,0.0946,0.593,105.102,4
spotify:track:59mrlGMBEAI9lwuBHK7OdA,"Holdin' On - Skrillex & Nero Remix","MONSTA EP","I See MONSTAS",2012-10-23,237241,0,false,111573307,2013-01-06T15:33:16Z,"dubstep,drumstep","OWSLA",0.467,0.952,5,-3.026,1,0.0596,0.000294,0.605,0.695,0.0396,174.096,4
spotify:track:5nuEDAhgsLLEHkGHsB1sHv,"Refrigerator Car","Pocket Full Of Kryptonite (Anniversary Edition)","Spin Doctors",1991,285173,26,false,111573307,2013-01-07T19:37:03Z,"","Epic/Legacy",0.303,0.932,9,-10.096,1,0.0415,0.00122,0.00277,0.0613,0.584,108.659,4
spotify:track:7oVqbYLuql1XFKTpQQKn5s,"Crosstown Traffic","Experience Hendrix: The Best Of Jimi Hendrix","Jimi Hendrix",1997-09-16,139266,40,false,111573307,2013-01-09T19:54:01Z,"rock psicodélico,rock clásico,rock ácido,blues rock","Legacy Recordings",0.482,0.96,0,-5.269,0,0.126,0.254,0.00000243,0.294,0.544,113.263,4
spotify:track:4g7Ithd2Fpoupsjs5sJxeR,"For Frodo (feat. Ben del Maestro)","The Lord of the Rings - The Return of the King - The Complete Recordings (Limited Edition)","Howard Shore",2003-12-16,196866,43,false,111573307,2013-01-11T14:38:17Z,"banda sonora,música incidental","Reprise",0.164,0.352,4,-14.595,0,0.0369,0.547,0.909,0.0828,0.135,130.973,4
spotify:track:68pN2UQYhwQgPy7VrCFKuV,"In Too Deep","All Killer, No Filler","Sum 41",2001-01-01,207093,5,false,111573307,2013-01-14T23:58:11Z,"pop punk,punk,skate punk","Universal Music Group",0.566,0.835,9,-5.885,1,0.0504,0.000192,0,0.0581,0.749,116.041,4
spotify:track:17Ihm5acgUeJQTXCcdMkGG,"Apologize","Apologize (International Version)","OneRepublic",2007-01-01,207786,0,false,111573307,2013-01-15T17:07:45Z,"","Interscope",0.589,0.745,8,-6.126,1,0.0333,0.333,0.0000159,0.0997,0.503,118.017,4
spotify:track:1fWQpfqqp16vhc2PVjYUnG,"I’m A Man","Burn Your Own Church","Black Strobe",2007-06-25,273546,0,false,111573307,2013-01-21T01:07:52Z,"electroclash","Playlouderecordings",0.73,0.803,11,-7.623,0,0.172,0.00224,0.771,0.0635,0.796,129.991,4
spotify:track:43JngJ3vMsaTL8SiRwEYQp,"Too Old To Die Young","Quentin Tarantino’s Django Unchained Original Motion Picture Soundtrack","Brother Dege",2012-01-01,223213,48,false,111573307,2013-01-21T01:07:59Z,"southern gothic,country blues,blues rock","Loma Vista",0.735,0.578,2,-6.329,0,0.0292,0.0477,0.00023,0.231,0.736,111.99,4
spotify:track:2n4uOdMHzEvcZ0KP7iQnay,"Lose My Breath","Destiny Fulfilled","Destiny's Child",2004,242013,70,false,111573307,2013-01-22T01:05:25Z,"","Sony Urban Music/Columbia",0.814,0.899,1,-5.958,1,0.0637,0.00727,0.219,0.0979,0.545,119.011,4
spotify:track:27m1soUndRthrAA1ediOXn,"I Heard It Through The Grapevine","I Heard It Through The Grapevine / In The Groove (Stereo)","Marvin Gaye",1969-08-26,195266,1,false,111573307,2013-01-22T01:07:36Z,"motown,soul clásico,soul,northern soul,quiet storm","Universal Music Group",0.729,0.324,8,-13.017,0,0.0393,0.195,0,0.101,0.679,116.855,4
spotify:track:0FMhMAFPLg8EljnROSoVnj,"La Grange - 1999 Remaster","Rancho Texicano: The Very Best of ZZ Top","ZZ Top",2004-06-08,232533,2,false,111573307,2013-01-22T01:14:15Z,"rock sureño,rock clásico,blues rock,rock","Rhino/Warner Records",0.552,0.651,4,-10.624,0,0.229,0.00494,0.0349,0.132,0.533,161.548,4
spotify:track:5QaQnaDC7nR1mkRN9zXNnS,"Tush","Hi Five: ZZ Top","ZZ Top",2005-07-19,137240,0,false,111573307,2013-01-22T01:14:25Z,"rock sureño,rock clásico,blues rock,rock","Rhino/Warner Records",0.546,0.864,7,-7.632,1,0.0393,0.0908,0.00814,0.277,0.863,145.652,4
spotify:track:0u56clbegXVe6daER5ZHm4,"Wisemen","Back to Bedlam","James Blunt",2005-10-04,221773,51,true,111573307,2013-01-30T18:08:22Z,"","Atlantic Records",0.633,0.701,10,-5.969,1,0.0267,0.253,0.0000479,0.165,0.634,151.892,4
spotify:track:5lkMbtc2uHkMxe3BmoKg93,"High - Radio Edit","High","James Blunt",2005-09-19,223506,0,false,111573307,2013-01-30T18:58:54Z,"","Atlantic Records UK",0.532,0.646,10,-4.537,1,0.0264,0.238,0,0.113,0.451,81.32,4
spotify:track:5V7LogbYVxv2DO4uHnpqd7,"Nessun Dorma - Tourandot","Nessun Dorma - None Shall Sleep","Giacomo Puccini;Luciano Pavarotti",2008-06-23,190186,0,false,111573307,2013-02-01T13:04:26Z,"ópera,clásica,canzone napoletana,clásica para todos los gustos","Vanilla OMP",0.222,0.442,11,-10.951,0,0.0658,0.978,0.557,0.697,0.106,79.866,4
spotify:track:11JLU8pu3gRx4KleXJQ3ce,"(I'm Your) Hoochie Coochie Man","The Best of Chess Records Original Artist Recordings Of Songs In The Film ""Cadillac Records""","Muddy Waters",2008-01-01,165520,0,false,111573307,2013-02-03T13:39:06Z,"classic blues,blues,blues rock,soul blues,country blues","Universal Music Group",0.704,0.42,2,-8.824,1,0.0721,0.875,0,0.065,0.874,73.921,4
spotify:track:6BYVAEPmqWVUSqtrQpvLTT,"Phoenix","LONG.LIVE.A$AP (Deluxe Version)","A$AP Rocky",2013-01-11,233880,0,true,111573307,2013-02-09T17:50:03Z,"rap","A$AP Worldwide/Polo Grounds Music/RCA Records",0.65,0.508,9,-11.227,0,0.135,0.577,0.00372,0.0792,0.504,143.96,4
spotify:track:2vvwBjUBTQWZMIum68CPWx,"With a Little Help from My Friends","The Ultimate Collection 1968-2003","Joe Cocker",2003-12-01,302253,40,false,111573307,2013-02-15T00:05:14Z,"","Parlophone UK",0.365,0.47,2,-10.295,1,0.066,0.352,0.00000385,0.0983,0.321,71.578,3
spotify:track:2Qg5H8x9mehn6RlXplM1w7,"Doyoowannadance","L'Excuse","Philemon",2007-05-21,214520,0,false,111573307,2013-02-18T14:02:30Z,"jazz rap","Djabaka",0.882,0.778,11,-7.673,0,0.14,0.0549,0.00000459,0.121,0.351,117.001,4
spotify:track:4tCWWnk3BXinf7FllmSyHW,"Everybody Hurts","Automatic For The People (U.S. Version)","R.E.M.",1992-10-05,318240,0,false,111573307,2013-02-28T22:06:14Z,"jangle pop,rock alternativo,rock","Warner Bros.",0.254,0.383,2,-8.036,1,0.0282,0.614,0.0237,0.172,0.178,188.2,3
spotify:track:3vZJ16ifle5iNXv41Xnwk1,"I'm Prison Bound","Blues In Transition 1955-59","John Lee Hooker",2010,240546,0,false,111573307,2013-03-02T13:33:27Z,"classic blues,blues,blues rock,country blues,soul blues","Jasmine Records",0.705,0.0339,8,-22.984,1,0.267,0.863,0.000318,0.137,0.464,80.673,4
spotify:track:65rRB2mspD309xE6YimZTl,"Clique","Kanye West Presents Good Music Cruel Summer","Kanye West;JAŸ-Z;Big Sean",2012-01-01,293613,67,true,111573307,2013-03-12T11:20:34Z,"rap,hip hop,hip hop de la costa este","Getting Out Our Dreams Inc. (G.O.O.D.) Music / IDJ",0.66,0.539,9,-5.947,0,0.324,0.0534,0,0.222,0.307,109.318,5
spotify:track:0hczFKX7sKu5yILA0bcyTx,"Automatic Bang!","Ballin' & Stuntin' Vol. 9","The Game;Tyga",2012-09-02,220514,38,false,111573307,2013-03-12T22:31:29Z,"hip hop de la costa oeste,hip hop old school,rap gangster,hip hop","AMB Digital",0.849,0.693,10,-8.591,0,0.306,0.344,0.000434,0.128,0.489,92.5,4
spotify:track:7gP0iSDthTnTTxD3uUDRTA,"The Best","Tina Turner Love Songs","Tina Turner",2006-02-03,330253,1,false,111573307,2013-03-17T20:13:58Z,"","Parlophone UK",0.655,0.871,0,-5.142,1,0.0316,0.109,0.00475,0.0962,0.711,103.844,4
spotify:track:2LcV5dZWN47XVCVZ1dFwfQ,"You Never Can Tell - 1964 Single Version / Mono","The Ultimate Chuck Berry","Chuck Berry",2007-05-14,160866,0,false,111573307,2013-03-19T19:42:53Z,"rockabilly,rock and roll","Spectrum Music",0.573,0.837,0,-10.224,1,0.0977,0.72,0.0000324,0.242,0.929,157.138,4
spotify:track:1SssFw74DdHVjRa6ADggdD,"Sweat (A La La La La Long)","Blazzin' Fire","Inner Circle",2010-12-14,227067,5,false,111573307,2013-03-21T15:30:11Z,"reggae,roots reggae","DubShot Records/Sound Bwoy Entertainment",0.787,0.728,0,-7.705,1,0.218,0.0124,0,0.157,0.94,173.026,4
spotify:track:03gqZZavMKhWbSjdQvpF6O,"Mirrors","Mirrors","Justin Timberlake",2013-02-11,485360,0,false,111573307,2013-03-24T03:48:57Z,"","RCA Records Label",0.344,0.509,5,-6.607,0,0.0722,0.24,0,0.083,0.529,76.004,4
spotify:track:4rc9kQ6qyssElIccFJgbJb,"My Name Is","Curtain Call (Deluxe)","Eminem",2005-12-06,268853,1,true,111573307,2013-03-26T03:24:36Z,"rap,hip hop","Universal Music Group",0.882,0.678,1,-6.165,1,0.312,0.0427,0,0.118,0.809,85.491,4
spotify:track:7ohJuvtlKjKKaimEcvWfh1,"Baby Did A Bad Bad Thing - Remastered","Best Of Chris Isaak","Chris Isaak",2006-05-05,176000,40,false,111573307,2013-03-28T15:04:26Z,"","Wicked Game/Reprise",0.58,0.604,2,-6.904,1,0.09,0.389,0.00051,0.111,0.556,152.532,4
spotify:track:1IRZwD3r9VOehOR8rGeV3Y,"Island In The Sun","Smallville: The Talon Mix","Weezer",2003-02-25,200666,0,false,111573307,2013-03-28T15:09:15Z,"rock alternativo","Atlantic Records/ATG",0.647,0.805,4,-6.269,0,0.0279,0.00789,0.00211,0.168,0.707,114.638,4
spotify:track:5gOd6zDC8vhlYjqbQdJVWP,"Baker Street","City to City","Gerry Rafferty",1978,365626,77,false,111573307,2013-03-28T15:13:05Z,"yacht rock","Parlophone UK",0.497,0.349,7,-14,1,0.0297,0.0929,0.028,0.259,0.421,113.762,4
spotify:track:5kBUuO23N07Gfpe2Gp2f0I,"Barbara Ann","Intro: The Beach Boys - EP","The Beach Boys",2010-01-05,140107,0,false,111573307,2013-04-02T22:36:38Z,"pop barroco","X5 Music Group",0.564,0.772,6,-4.538,1,0.0746,0.159,0,0.145,0.485,78.447,4
spotify:track:5fPsfvEZuKACueVVipaRZk,"The Lions Sleeps Tonight","The Hits of 1961","The Tokens",2012-01-10,163786,0,false,111573307,2013-04-07T21:32:26Z,"doo-wop","Track Music",0.444,0.342,5,-14.339,1,0.0357,0.708,0,0.0903,0.719,122.26,4
spotify:track:5nydh0uIcz9gxSoJY6FtTn,"(Everything I Do) I Do It For You","The Best Of Me","Bryan Adams",1999-01-01,393733,1,false,111573307,2013-04-13T00:44:46Z,"","Universal Music Group",0.518,0.47,1,-8.692,1,0.0273,0.0665,0.0000124,0.0792,0.247,131.214,4
spotify:track:3YMZI5CAscPu0soWvcr6wp,"Dickes B (feat. Black Kappa)","Next!","Seeed;Black Kappa",2006-06-16,284906,0,false,111573307,2013-04-13T01:30:04Z,"pop alemán","WM Germany",0.643,0.794,7,-5.958,1,0.417,0.133,0,0.709,0.513,97.753,4
spotify:track:2nwCO1PqpvyoFIvq3Vrj8N,"These Boots Are Made For Walkin'","Boots","Nancy Sinatra",1966-03,166008,1,false,111573307,2013-04-21T18:47:53Z,"","Boots Enterprises, Inc.",0.74,0.392,9,-11.996,1,0.0824,0.483,0.00000111,0.0965,0.387,82.742,4
spotify:track:1RW8p0NIkQcn81fA8wfMDd,"Livin' In A New World","Game Theory","The Roots;John-John",2006-08-29,107733,0,true,111573307,2013-05-15T14:42:32Z,"jazz rap,hip hop de la costa este,hip hop","Def Jam Recordings",0.689,0.58,11,-7,1,0.146,0.0905,0.0261,0.107,0.44,87.492,4
spotify:track:6Lphpr9Z6H282Sguw0dUWa,"Le Freak - Edit","Les Plus Grands Success De Chic - Chic's Greatest Hits","CHIC",2005-11-22,215693,65,false,111573307,2013-05-21T18:05:37Z,"disco,funk","Rhino Atlantic",0.832,0.553,7,-13.705,1,0.0487,0.0422,0.00356,0.249,0.89,119.825,4
spotify:track:0S0kUPy5KGxzJjp3r27PiD,"Smoke Without Fire","The Hudson Affair: Keith Hudson And Friends","Keith Hudson",2004,121760,0,false,111573307,2013-05-21T18:24:29Z,"dub,roots reggae,rocksteady,reggae","Sanctuary Records Group Ltd.",0.87,0.497,2,-6.401,1,0.0409,0.258,0.0013,0.0679,0.741,86.725,4
spotify:track:1oHB65eI7UVmjuXyjNdwdJ,"Mundian To Bach Ke","The Album","Panjabi MC",2003-01-01,245573,0,false,111573307,2013-05-30T21:46:38Z,"bhangra","Universal Music",0.775,0.879,8,-5,0,0.0392,0.398,0.768,0.148,0.942,98.042,4
spotify:track:0PX5DeeFUEVhA5LEeomIlG,"Africa","Africa: The Best Of Toto","TOTO",2009-06-11,296186,0,false,111573307,2013-06-06T09:37:32Z,"yacht rock,rock suave","Legacy Recordings",0.694,0.584,9,-9.085,1,0.0297,0.235,0.000182,0.05,0.7,92.655,4
spotify:track:0jUyIAehDk6svz4Neqi5sp,"Up In The Air","Up In The Air","Thirty Seconds To Mars",2013-01-01,277120,0,true,111573307,2013-06-13T02:10:06Z,"","Universal Music Group",0.471,0.826,11,-6.014,0,0.0897,0.00685,0,0.187,0.422,124.033,4
spotify:track:4yZaNUuhwS4uKKp3Sx30bR,"This Is War - Radio Edit","This Is War","Thirty Seconds To Mars",2010-01-01,286120,41,false,111573307,2013-06-13T02:28:54Z,"","Virgin Records",0.447,0.717,6,-4.761,1,0.0438,0.0351,0,0.234,0.285,160.012,4
spotify:track:6tmFjTWkPw866t636CagXy,"Toccata And Fugue In D Minor BWV 565","Piano","Johann Sebastian Bach",1992,511164,0,false,111573307,2013-06-20T11:15:43Z,"barroca,clásica,concerto,piano clásico,música antigua","Fabula Classica Ermitage Records",0.0935,0.182,2,-18.048,0,0.0382,0.579,0.176,0.195,0.136,173.973,4
spotify:track:3JWslTqwpDYBeGyfFvoBgN,"A Little Party Never Killed Nobody (All We Got) - Drop City Yacht Club Remix","A Little Party Never Killed Nobody (All We Got) [Drop City Yacht Club Remix]","Fergie;Q-Tip;GoonRock",2013-06-17,266120,0,false,111573307,2013-07-01T20:46:22Z,"hip hop de la costa este","Interscope Records",0.801,0.864,0,-2.369,0,0.171,0.312,0,0.2,0.81,112.992,4
spotify:track:1mLBSbBqgwg1EIO7h52sdZ,"I'd Rather Go Blind","2am Rough Tracks","Liam Bailey",2010-01-01,372613,5,false,111573307,2013-09-12T11:33:42Z,"liquid funk,retro soul,retro pop","Polydor Records",0.488,0.154,8,-9.11,1,0.0421,0.764,0.0000543,0.0978,0.548,81.951,4
spotify:track:5AJrhrwz4oSZX2PwwV4qrN,"Time of the Season - Mono Version","Odessey and Oracle","The Zombies",1968-04-19,214026,1,false,111573307,2013-09-12T11:34:30Z,"pop barroco,rock psicodélico","Marquis Enterprises Ltd",0.537,0.7,4,-6.852,0,0.0366,0.142,0.00000158,0.383,0.695,117.111,4
spotify:track:1IRptRzJ7ZqtkXTqWJ1q5o,"What A Difference A Day Makes","Laid Back Jazz","Dinah Washington",2008-05-05,149693,0,false,111573307,2013-09-29T13:48:10Z,"vocal jazz,jazz,swing","Marathon Media International Ltd.",0.266,0.0626,0,-19.122,1,0.0391,0.936,0.00367,0.163,0.162,169.556,3
spotify:track:68ZOBzR0AffpQM6AgSA5n4,"Stuck On You","Tuskegee (Deluxe Version)","Lionel Richie;Darius Rucker",2012-01-01,201706,53,false,111573307,2013-09-29T14:34:17Z,"motown,country","Universal Music Group International",0.557,0.496,5,-9.272,1,0.0276,0.626,0.00000132,0.102,0.293,132.716,4
spotify:track:7HhR1L61r3Z3PMWRRJSDHe,"Dangerous","Chemically Imbalanced","Ying Yang Twins;Wyclef Jean",2006-11-28,260426,49,true,111573307,2013-10-15T01:07:03Z,"crunk,hip hop sureño americano","The Orchard",0.8,0.783,11,-3.872,0,0.0966,0.169,0,0.206,0.889,114.995,4
spotify:track:7bVeIwMoakhx9SzB0NMn98,"Perfect Gentleman","Greatest Hits","Wyclef Jean",2003,250400,1,false,111573307,2013-10-15T01:07:20Z,"","Columbia",0.835,0.808,0,-8.18,1,0.284,0.177,0,0.34,0.561,136.024,4
spotify:track:5B70Gt3MA44qGMrA2MoVGa,"Knockin' On Heaven's Door","Greatest Hits","Wyclef Jean",2003,242066,0,false,111573307,2013-10-15T01:08:33Z,"","Columbia",0.738,0.615,9,-8.829,1,0.29,0.349,0,0.111,0.411,140.022,4
spotify:track:6dfmDx92A8zlNRrqxwE88r,"This Is How I Feel (feat. Kelly Rowland & Sleepy Brown)","Hitch - Music From The Motion Picture","Earth, Wind & Fire;Kelly Rowland;Sleepy Brown",2005-02-14,251666,0,false,111573307,2013-10-15T01:26:39Z,"funk,disco","Columbia",0.834,0.568,2,-6.305,1,0.175,0.0261,0.00659,0.0281,0.347,104.001,4
spotify:track:2lPfcRMRLffiBTwLA9S8Vc,"Night Nurse","Night Nurse","Gregory Isaacs",1982-01-01,245666,0,false,111573307,2013-10-15T01:32:18Z,"reggae,roots reggae,lovers rock,rocksteady,ragga,dub","Island Records",0.822,0.298,7,-14.86,1,0.162,0.0318,0.0299,0.0316,0.931,74.679,4
spotify:track:59ypT4OLmkFxDcHfdzXuhR,"Stranger In Town","Night Nurse","Gregory Isaacs",1982-01-01,227333,0,false,111573307,2013-10-15T01:32:18Z,"reggae,roots reggae,lovers rock,rocksteady,ragga,dub","Island Records",0.842,0.272,7,-15.307,1,0.294,0.0135,0.00348,0.0532,0.897,147.779,4
spotify:track:5UHTLXXkKIzbWuppziEJaH,"What These Bitches Want","Def Jam 25: Vol. 4 - It Takes Two Pt. 2 (Explicit Version)","DMX;Sisqo",2009-01-01,251680,20,true,111573307,2013-10-15T01:34:28Z,"hip hop de la costa este,hip hop old school,hardcore hip hop","Def Jam Recordings",0.643,0.915,1,-2.749,1,0.317,0.0949,0,0.169,0.713,167.39,4
spotify:track:0V3FPv1CNCtZoqjYfScRoU,"Oh Yeah","Broken Silence","Foxy Brown;Spragga Benz",2001-01-01,260826,0,true,111573307,2013-10-16T13:25:32Z,"hip hop de la costa este,dancehall,ragga,reggae,riddim","Universal Music Group",0.696,0.697,10,-7.056,0,0.306,0.0052,0.00000246,0.0614,0.762,85.182,4
spotify:track:3ofCSTcc9ykSXcvUwkZeiY,"Anti Matter","Seeing Sounds","N.E.R.D",2008-01-01,241400,0,true,111573307,2013-10-16T13:30:22Z,"","Interscope",0.714,0.951,1,-4.11,1,0.336,0.128,0,0.127,0.935,154.109,4
spotify:track:48lG5RWcHnOWrDwM3vP0U6,"You Know What","Seeing Sounds","N.E.R.D",2008-01-01,270680,0,true,111573307,2013-10-16T13:30:22Z,"","Interscope",0.8,0.776,8,-5.52,0,0.042,0.0266,0.000454,0.11,0.952,120.024,4
spotify:track:0lvGHxwYVI8ABMAHcNzcg2,"Give A Man A Fish","Greatest Hits","Arrested Development",2001-01-01,263000,18,false,111573307,2013-10-16T13:31:24Z,"","EMI Gold",0.814,0.725,2,-12.607,0,0.148,0.0299,0.00000159,0.852,0.762,109.977,4
spotify:track:1r1fPuhj9H4VdXr7OK6FL5,"CASTLE OF GLASS","LIVING THINGS","Linkin Park",2012-06-19,205400,80,false,111573307,2013-10-16T13:31:43Z,"nu metal,rap metal,rock,metal alternativo","Warner Records",0.615,0.911,1,-3.584,0,0.0278,0.0686,0.00188,0.0908,0.685,108,4
spotify:track:0UFDKFqW2oGspYeYqo9wjA,"Bleed It Out","Minutes to Midnight","Linkin Park",2007-05-14,164426,85,true,111573307,2013-10-16T13:32:21Z,"nu metal,rap metal,rock,metal alternativo","Warner Records",0.541,0.969,11,-3.439,1,0.0458,0.113,0,0.638,0.599,140.119,4
spotify:track:3Df0FYZjKF2w25atJ8X4FG,"Lonesome Journey","Wa-Do-Dem","Eek-A-Mouse",1981,163333,0,false,111573307,2013-10-16T13:33:37Z,"reggae,roots reggae,dub,ragga,rocksteady","Greensleeves",0.678,0.403,1,-9.891,0,0.0497,0.107,0,0.144,0.813,136.075,4
spotify:track:639uHIRkzBvJIb9MlXabh1,"Pon De River Pon De Bank","Energy God - The Very Best Of Elephant Man","Elephant Man",2009-02-23,245386,0,false,111573307,2013-10-16T13:34:31Z,"dancehall,ragga,reggae,riddim,soca","VP Records",0.677,0.771,1,-4.964,1,0.362,0.261,0.0000395,0.0801,0.915,99.629,4
spotify:track:57QO8QAhLdhJXX3xIqZqNy,"Egyptian Dance","Energy God - The Very Best Of Elephant Man","Elephant Man",2009-02-23,205306,0,true,111573307,2013-10-16T13:34:46Z,"dancehall,ragga,reggae,riddim,soca","VP Records",0.789,0.882,9,-5.279,0,0.333,0.265,0,0.381,0.701,110.066,4
spotify:track:0p4uJwIIGfN3tfTFvwALwB,"Murder She Wrote (Original Mix)","Murder She Wrote Single","Chaka Demus & Pliers;Sly & Robbie",1992,247133,0,false,111573307,2013-10-16T13:43:10Z,"dancehall,reggae,ragga,dub,lovers rock,roots reggae,rocksteady","Taxi",0.872,0.679,11,-10.026,0,0.156,0.13,0.00746,0.323,0.948,95.096,4
spotify:track:7k6IzwMGpxnRghE7YosnXT,"Me & U","Cassie (U.S. Version)","Cassie",2006-08-07,192213,84,false,111573307,2013-10-16T13:44:40Z,"","Bad Boy Records",0.803,0.454,8,-4.802,0,0.0294,0.352,0,0.0655,0.739,99.99,4
spotify:track:0dSXCfhfXfalMhfv7rJn9V,"Overnight Celebrity - Edited","Kamikaze (Edited Version Re-Release U.S. Version)","Twista",2004-01-27,235093,0,false,111573307,2013-10-16T13:49:51Z,"","Atlantic Records",0.836,0.794,10,-5.277,0,0.156,0.17,0.00000777,0.274,0.773,134.203,4
spotify:track:5cvQPsqwhcdBGLROxtM12w,"Badunkadunk - Edited","Kamikaze (Edited Version Re-Release U.S. Version)","Twista",2004-01-27,253626,0,false,111573307,2013-10-16T13:49:51Z,"","Atlantic Records",0.857,0.843,6,-3.799,1,0.118,0.141,0.00000411,0.168,0.654,143.972,4
spotify:track:0LyfyqYVTqdm3Zz7JspAOo,"Like A 24 - Edited","Kamikaze (Edited Version Re-Release U.S. Version)","Twista Feat. T.I. & Liffy Stokes",2004-01-27,235133,0,false,111573307,2013-10-16T13:49:51Z,"","Atlantic Records",0.812,0.571,8,-2.5,1,0.0569,0.123,0,0.247,0.385,87.028,4
spotify:track:3UmhLD8OUCwyvK5AMnE23U,"Freek-A-Leek Remix - feat. Twista and Jermaine Dupri Edited Version","Kamikaze (Edited Version Re-Release U.S. Version)","Petey Pablo",2004-01-27,244826,0,false,111573307,2013-10-16T13:49:51Z,"crunk,hip hop sureño americano","Atlantic Records",0.76,0.761,2,-2.942,1,0.246,0.0637,0,0.0987,0.322,104.987,4
spotify:track:5y4TDQdYzlT4eoQIPOgNDz,"Your Body","Bluestars","Pretty Ricky",2005-05-17,240040,69,true,111573307,2013-11-12T22:56:07Z,"r&b","Atlantic Records",0.838,0.594,4,-5.695,0,0.113,0.176,0,0.0867,0.507,90.038,4
spotify:track:6LY6qQmguN9HRXieGqZfke,"Rap God","Rap God","Eminem",2013-01-01,363973,0,true,111573307,2013-12-14T15:02:11Z,"rap,hip hop","Universal Music Group",0.703,0.84,7,-2.666,1,0.315,0.401,0,0.827,0.609,148.128,4
spotify:track:6jUyYHDikmw9WltPojSR37,"Got 'Til It's Gone","The Velvet Rope","Janet Jackson;Q-Tip;Joni Mitchell",1997-10-07,241760,1,true,111573307,2013-12-20T21:56:50Z,"new jack swing,hip hop de la costa este,folk,folk rock,cantautores","Virgin Records",0.789,0.412,7,-7.518,1,0.243,0.0218,0.000312,0.3,0.518,89.914,4
spotify:track:7Fw5i56my24ZBnGS7hFX2n,"Pompeii","Pompeii","Bastille",2013-01-01,214147,54,false,111573307,2013-12-20T22:15:27Z,"","Virgin Records",0.681,0.71,9,-6.488,1,0.0411,0.0749,0,0.266,0.591,127.442,4
spotify:track:0Loyr6ZDVCokBlQngX3JQf,"We Love Life","On Time (Remix)","Biga*Ranx;Chill Bump",2012-11-05,197969,0,false,111573307,2014-01-08T23:12:58Z,"dub,reggae,ragga","X-Ray Production",0.646,0.753,0,-4.129,1,0.328,0.471,0,0.0731,0.738,87.32,4
spotify:track:6RZ2FvIUamxFTOzgZY5nNJ,"Maneater","Ultimate R&B (International Version)","Nelly Furtado",2006-01-01,259360,0,false,111573307,2014-01-10T22:37:26Z,"","Universal Music Ltd.",0.794,0.766,6,-5.03,1,0.0449,0.0284,0.000329,0.117,0.697,132.77,4
spotify:track:0sfGVnzyBYmEo04PIoKAlT,"Say I - Main","Ultimate R&B (International Version)","Christina Milian;Jeezy",2006-01-01,211160,0,false,111573307,2014-01-10T22:38:01Z,"hip hop sureño americano,crunk,rap gangster,rap","Universal Music Ltd.",0.686,0.881,8,-3.598,1,0.134,0.0177,0.00000321,0.551,0.649,100.01,4
spotify:track:2FLi5qKmz0tgiSBPvW1jKg,"Slow Down - 12"" Version","Ultimate R&B (International Version)","Bobby V.",2006-01-01,258480,0,false,111573307,2014-01-10T22:38:42Z,"r&b","Universal Music Ltd.",0.563,0.721,11,-5.366,0,0.106,0.211,0.0000032,0.421,0.617,186.079,4
spotify:track:0DfDNFAO02oWw5XqBMA3El,"Suga Suga","Ultimate R&B (International Version)","Baby Bash;Frankie J",2006-01-01,238466,0,false,111573307,2014-01-10T22:38:56Z,"","Universal Music Ltd.",0.693,0.686,5,-5.073,0,0.25,0.649,0.00000561,0.0876,0.557,82.529,4
spotify:track:6n7tzKkbAvS8o1XFsDMgnX,"Make Her Feel Good","Ultimate R&B (International Version)","Teairra Marí",2006-01-01,225866,0,true,111573307,2014-01-10T22:40:07Z,"","Universal Music Ltd.",0.817,0.66,2,-9.598,1,0.182,0.0226,0.000491,0.287,0.536,90.517,4
spotify:track:0CGlqgW5hG1U4uWwpOqeNM,"I Am Not My Hair - Featuring Akon","Ultimate R&B (International Version)","India.Arie;Akon",2006-01-01,233320,0,false,111573307,2014-01-10T22:41:52Z,"neo soul","Universal Music Ltd.",0.772,0.614,8,-7.867,1,0.265,0.0167,0,0.329,0.459,98.358,4
spotify:track:7Ec5qr3lL2tQ2fPub43h1c,"Mas Que Nada","Ultimate R&B (International Version)","Sérgio Mendes;Black Eyed Peas",2006-01-01,263440,0,false,111573307,2014-01-10T22:42:26Z,"jazz brasileño,bossa nova,samba","Universal Music Ltd.",0.752,0.897,5,-7.919,0,0.0737,0.0319,0.00000432,0.0914,0.879,100.028,4
spotify:track:1NuROh5tR70oy3PmjaGgDc,"Beep","Ultimate R&B (International Version)","The Pussycat Dolls;will.i.am",2006-01-01,228680,0,false,111573307,2014-01-10T22:43:31Z,"","Universal Music Ltd.",0.94,0.721,7,-7.183,1,0.0427,0.00918,0,0.14,0.536,103.703,4
spotify:track:5cwnp1SqgnnyvS69J34o0G,"Rich Girl","Ultimate R&B (International Version)","Gwen Stefani;Eve",2006-01-01,236080,0,false,111573307,2014-01-10T22:43:47Z,"","Universal Music Ltd.",0.85,0.664,7,-5.956,0,0.0439,0.0264,0.0000376,0.162,0.744,98.025,4
spotify:track:6SavQZM5TtnpDARG5HQTSB,"Too Hot To Stop - Pt. 1","True Funk [3 CD Set]","The Bar-Kays",2007-01-01,233906,0,false,111573307,2014-01-10T22:54:20Z,"funk,post-disco","Universal Music",0.783,0.751,4,-8.275,0,0.115,0.0713,0.0000255,0.148,0.804,102.4,4
spotify:track:3WibbMr6canxRJXhNtAvLU,"B.O.B. - Bombs Over Baghdad","Stankonia","Outkast",2000-10-31,304226,67,true,111573307,2014-01-10T22:57:22Z,"hip hop sureño americano,hip hop","Arista/LaFace Records",0.746,0.978,9,-5.324,1,0.0978,0.0555,0.0000411,0.026,0.653,153.809,4
spotify:track:0GLUBbX4daHJkT3RQHEOia,"Upgrade U (feat. JAY-Z)","B'Day Deluxe Edition","Beyoncé;JAŸ-Z",2007-05-29,273053,63,false,111573307,2014-01-10T23:21:16Z,"hip hop,hip hop de la costa este,rap","Columbia",0.593,0.68,7,-5.556,1,0.335,0.00182,0.0000484,0.31,0.483,84.547,4
spotify:track:5GIp3XwoMW9bbdUvGB2ydO,"I Don't Care","The Love & War MasterPeace","Raheem DeVaughn",2010-03-01,254800,44,false,111573307,2014-01-17T21:09:31Z,"neo soul,quiet storm","Jive",0.706,0.806,2,-5.881,1,0.0653,0.05,0,0.0663,0.395,106.016,4
spotify:track:49roS2Ebi0EWlPcwVINx8j,"Soul On Ice","I Am the West","Ice Cube",2010-09-28,219481,11,false,111573307,2014-01-19T14:24:21Z,"hip hop old school,rap gangster,hip hop de la costa oeste,g-funk,hip hop","Lench Mob Records",0.515,0.819,11,-3.679,0,0.184,0.149,0,0.2,0.274,86.788,4
spotify:track:6PzaXDgxyMnX8OCRe4IBib,"Party People","Nothing (Deluxe)","N.E.R.D;T.I.",2010-01-01,232293,0,true,111573307,2014-02-06T10:55:51Z,"hip hop sureño americano","Interscope",0.755,0.863,4,-4.757,0,0.06,0.0484,0.0000553,0.237,0.712,120.034,4
spotify:track:2S693BtyYwf53Yg9VpfmKD,"Fallen - Edit","Fallen","Volbeat",2010-01-01,260186,0,false,111573307,2014-02-06T22:24:50Z,"rock,metal","Universal Music Group",0.389,0.806,2,-4.247,1,0.0518,0.00049,0.0000215,0.0942,0.51,74.522,4
spotify:track:5uz3SbqA0jhoCitFjTcuz8,"I'm Broken - 2003 Remaster","The Best of Pantera: Far Beyond the Great Southern Cowboy's Vulgar Hits","Pantera",2003-09-23,264960,32,false,111573307,2014-02-15T09:46:41Z,"groove metal,metal,thrash metal,heavy metal","Rhino/Elektra",0.431,0.868,7,-5.912,1,0.0575,0.00113,0.203,0.236,0.71,145.838,4
spotify:track:12qZHAeOyTf93YAWvGDTat,"All The Small Things","Enema Of The State","blink-182",1999-01-01,168000,7,false,111573307,2014-02-15T10:04:57Z,"pop punk,punk,skate punk,rock,emo","Universal Music Group",0.442,0.893,0,-4.878,1,0.0505,0.00844,0,0.529,0.712,148.119,4
spotify:track:6fhpnwCBLVamyD7gkZhXjt,"Too Much, Too Young, Too Fast","Runnin' Wild","Airbourne",2007-01-01,224773,1,false,111573307,2014-02-15T10:10:04Z,"hard rock","Roadrunner Records",0.592,0.813,9,-7.154,1,0.0465,0.0014,0.000966,0.336,0.384,114.038,4
spotify:track:43TxY9bYSyZ4QRPA0UJddL,"Monkey Wrench","Greatest Hits","Foo Fighters",2009-11-03,230826,51,false,111573307,2014-02-19T00:50:57Z,"post-grunge,rock,rock alternativo,grunge","RCA Records Label",0.395,0.941,4,-4.609,1,0.0723,0.0000213,0.000238,0.268,0.681,174.209,4
spotify:track:7CwSlTOsWsQCFK7INEZ4Yv,"War Within A Breath","The Battle Of Los Angeles","Rage Against The Machine",1999-10-22,216426,0,false,111573307,2014-02-19T00:51:47Z,"rap metal,rap rock,metal alternativo,nu metal","Epic",0.399,0.965,6,-5.901,1,0.143,0.00442,0.0314,0.367,0.174,98.464,4
spotify:track:06CclYTSruYDUki4KL5dzp,"Wet Sand","Stadium Arcadium (Walmart.com Exclusive)","Red Hot Chili Peppers",2006-05-09,309800,0,false,111573307,2014-03-16T15:42:04Z,"funk rock,rock alternativo,rock","Warner Bros.",0.313,0.753,4,-3.921,0,0.0285,0.0313,0.00000225,0.142,0.514,176.748,4
spotify:track:6UHMkQUSqFhyBLHQcY9y4T,"Ready To Go","Ready To Go","Limp Bizkit",2013-01-01,361360,1,true,111573307,2014-04-07T11:09:58Z,"nu metal,rap metal,metal alternativo,rap rock","Universal Music Group",0.405,0.94,2,-2.541,1,0.287,0.00826,0,0.655,0.434,172.433,4
spotify:track:01uqI4H13Gsd8Lyl1EYd8H,"Same Love (feat. Mary Lambert)","The Heist","Macklemore & Ryan Lewis;Macklemore;Ryan Lewis;Mary Lambert",2012-10-09,318525,61,false,111573307,2014-04-10T00:26:58Z,"","Macklemore",0.688,0.473,8,-9.059,1,0.167,0.716,0.0000446,0.104,0.299,84.958,4
spotify:track:3dkKXwgAmYTf2TwYds2E12,"Berzerk","Berzerk","Eminem",2013-01-01,238653,1,true,111573307,2014-04-10T00:27:06Z,"rap,hip hop","Aftermath",0.727,0.873,2,-4.071,1,0.338,0.0261,0,0.246,0.674,95.122,4
spotify:track:72FdcAg79So8xaAHs2mbrB,"Old School Love (feat. Ed Sheeran)","Old School Love (feat. Ed Sheeran)","Lupe Fiasco;Ed Sheeran",2013-10-15,273903,45,true,111573307,2014-04-10T00:28:55Z,"pop suave","1st & 15th/Atlantic",0.701,0.781,5,-8.493,1,0.134,0.0908,0.00000175,0.358,0.459,86.006,4
spotify:track:2iaCM7WvOknQI1230hA9eK,"Homecoming","Graduation","Kanye West;Chris Martin",2007-09-11,203493,3,true,111573307,2014-04-10T00:32:09Z,"rap","Universal/Island Def Jam",0.679,0.754,8,-6.965,1,0.186,0.323,0,0.126,0.905,86.993,4
spotify:track:15dsLCAxotrzXxyahkZxiv,"Lets Get Beezy","Tons of Friends","Crookers;will.i.am",2010-03-08,169093,8,false,111573307,2014-04-10T09:33:14Z,"trap italiano","Southern Fried Records",0.757,0.897,6,-4.276,1,0.322,0.0448,0,0.275,0.746,119.989,4
spotify:track:08uGhvS5MfBk7crUCpnjva,"Blame It","Intuition","Jamie Foxx;T-Pain",2008-12-11,289746,69,true,111573307,2014-04-10T21:08:14Z,"","J Records",0.673,0.614,7,-5.426,1,0.103,0.0782,0,0.139,0.362,176.052,4
spotify:track:6U0skSHLq0DLJgKdVXmEby,"Wild Thing","Waxing Off: Delicioius Vinyl's Greatest Hits","Tone-Loc",2001,265626,0,false,111573307,2014-04-21T21:59:34Z,"","Delicious Vinyl",0.95,0.836,7,-6.685,1,0.172,0.000408,0.00000853,0.0836,0.812,125.5,4
spotify:track:2nMW1DGFjuS58zJTLadJB5,"Re-Arranged","The Collection","Limp Bizkit",2008-07-04,354880,0,true,111573307,2014-04-22T12:02:47Z,"nu metal,rap metal,metal alternativo,rap rock","Universal Music Ltd.",0.437,0.745,11,-7.502,1,0.0726,0.0924,0.0692,0.0621,0.435,104.468,4
spotify:track:0WKYRFtH6KKbaNWjsxqm70,"Gin And Juice (feat. Dat Nigga Daz)","Doggystyle","Snoop Dogg;Daz Dillinger",1993,211493,3,true,111573307,2014-04-25T22:35:40Z,"g-funk,hip hop de la costa oeste,rap gangster,hip hop old school,hip hop,rap","Death Row Records",0.549,0.853,7,-4.293,1,0.188,0.0285,0.000296,0.618,0.346,94.695,4
spotify:track:5B2f9QYSHURpavmxoVPC0t,"Yeah Yeah Yeah La La La","Ready For The Weekend","Calvin Harris",2009-08-17,195973,20,false,111573307,2014-05-07T15:05:42Z,"edm","Columbia",0.878,0.482,7,-4.942,1,0.0571,0.0689,0.0000284,0.24,0.826,128.999,4
spotify:track:01j4ubuGq33N2feilHiEDA,"The Boogie That Be","Elephunk (International Version)","Black Eyed Peas",2003-01-01,312160,0,false,111573307,2014-05-07T15:07:06Z,"","Universal Music Group",0.951,0.489,6,-6.145,0,0.111,0.0535,0.0000157,0.599,0.462,105.09,4
spotify:track:0zsDHJnIoTduApweV2jl64,"Wants (Intro)","Wants, World, Women","Dwele",2010-06-29,80373,0,false,111573307,2014-06-03T11:28:06Z,"neo soul","E1 Music",0.653,0.872,6,-6.49,1,0.375,0.0958,0.0000391,0.546,0.703,151.856,4
spotify:track:3Y6XWs8xMlCngyIxNOFnsp,"Sound of da Police","Return of the Boom Bap","KRS-One",1993-09-03,258506,68,false,111573307,2014-07-28T19:08:49Z,"hip hop old school,hip hop de la costa este,hip hop,hardcore hip hop","Jive",0.794,0.95,1,-8.78,1,0.294,0.124,0.0000771,0.133,0.324,94.984,4
spotify:track:2OsGdZYDdTK4pxDMsK0Blv,"Ms. Fat Booty","Black On Both Sides","Mos Def",1999-10-12,223515,1,true,111573307,2014-07-28T19:41:10Z,"hip hop de la costa este,hip hop old school,hip hop","Universal Music Group",0.781,0.589,1,-4.827,1,0.21,0.148,0,0.166,0.864,90.437,4
spotify:track:6soi0mNwTsygfHVdFrFYvH,"Sweet Dreams (Are Made Of This)","Enron: The Smartest Guys In The Room","Marilyn Manson",2005-05-24,283253,0,false,111573307,2014-08-18T19:50:06Z,"metal industrial,rock industrial,industrial,metal,nu metal","Commotion Records",0.185,0.521,0,-9.722,0,0.0353,0.00349,0.57,0.118,0.147,186.298,4
spotify:track:4MIN5dfOtU3lajfAAtPpt7,"Bitch - Original Mix","Straight Up Trap! Vol. 2","The Gutter Brothers",2014-03-03,211920,2,false,111573307,2014-08-18T19:59:56Z,"edm trap","Straight Up",0.695,0.754,6,-5.943,1,0.0386,0.00458,0.00345,0.576,0.282,102.945,4
spotify:track:3eWF7QLvx8lDFKCUEcF9d2,"Alive - feat. Busy Signal","The Rising Of The Son","Patrice",2013-08-26,277133,7,false,111573307,2014-08-21T18:57:15Z,"reggae,ragga","Supow Music / Because Music",0.554,0.695,7,-7.594,1,0.231,0.342,0,0.169,0.447,147.063,4
spotify:track:0dxPHMZTI8TWMYRucsAFNd,"Attack","Hypnotize","System Of A Down",2005-11-22,186466,62,false,111573307,2014-08-24T21:10:59Z,"nu metal,metal,metal alternativo,rap metal,rock","American/Columbia",0.349,0.97,6,-2.874,1,0.0892,0.005,0.00000331,0.0432,0.299,159.779,4
spotify:track:6fOXeZLwVZ1J48d3xz6JnY,"In the Summertime (Re-Recorded)","Bubble Gum Jukebox Hits","Mungo Jerry",2008-01-01,219726,0,false,111573307,2014-08-24T21:12:29Z,"","Silverphonic Records",0.598,0.66,4,-8.948,1,0.151,0.609,0,0.154,0.938,165.92,4
spotify:track:1ZmeCfoWYcLi0sXuxmpogc,"I Don't Like The Drugs (But The Drugs Like Me)","Mechanical Animals (Explicit Version)","Marilyn Manson",1998-01-01,303466,0,true,111573307,2014-08-29T13:57:05Z,"metal industrial,rock industrial,industrial,metal,nu metal","Universal Music Group",0.564,0.837,2,-6.986,1,0.0398,0.00121,0,0.846,0.517,93.896,4
spotify:track:0mDpR6DpKc2DyiGtH0NcX8,"Kickstart My Heart","The Greatest Hits","Mötley Crüe",2009,282920,1,false,111573307,2014-09-05T14:25:47Z,"glam metal,glam rock,hard rock","Mötley Records",0.361,0.97,7,-4.817,0,0.284,0.00169,0.00163,0.357,0.254,179.017,4
spotify:track:44go3ZmDNtKdfCc15IseAx,"Shame","Loud Rocks","System Of A Down;Wu-Tang Clan",2000-09-05,160666,64,true,111573307,2014-09-22T21:34:41Z,"nu metal,metal,metal alternativo,rap metal,rock,hip hop old school,hip hop de la costa este,hip hop,rap gangster,hardcore hip hop","LOUD Records",0.467,0.849,5,-4.646,1,0.171,0.00312,0.045,0.119,0.764,120.229,4
spotify:track:3uzjilbvKgWUyCGXgxT9TY,"Ring Ring Ring (Ha Ha Hey) - Sound-A-Like As Made Famous By: De La Soul","90's Dance Party Music","License and Registration Players",2012-07-23,246750,0,false,111573307,2014-10-13T13:40:45Z,"","Perfect Cadence Records",0.817,0.5,10,-15.329,0,0.157,0.0393,0,0.0628,0.905,104.877,4
spotify:track:6RtPijgfPKROxEzTHNRiDp,"Rude","Don't Kill the Magic","MAGIC!",2014-06-25,224849,88,false,111573307,2014-10-13T17:36:02Z,"","Latium Records/RCA Records",0.773,0.758,1,-4.993,1,0.0381,0.0422,0,0.305,0.925,144.033,4
spotify:track:6rXcizzkBRUeExD57bALen,"BO$$","BO$$","Fifth Harmony",2014-07-09,171121,5,false,111573307,2014-10-13T17:40:06Z,"","Syco Music/Epic",0.808,0.873,6,-5.217,0,0.131,0.00658,0,0.0509,0.736,102.998,4
spotify:track:1jq28NGw6wdtFKx8MBPy6C,"Burn It to the Ground","Dark Horse","Nickelback",2008-11-14,212346,82,false,111573307,2014-10-17T20:39:54Z,"post-grunge,rock","Roadrunner Records",0.617,0.922,11,-3.474,1,0.0744,0.000247,0.388,0.363,0.6,132.059,4
spotify:track:0ifSeVGUr7py5GggttDhXw,"All About That Bass","All About That Bass","Meghan Trainor",2014-06-30,188754,61,true,111573307,2014-10-26T23:57:44Z,"","Epic",0.811,0.879,9,-3.724,1,0.0514,0.0476,0.00000191,0.109,0.962,134.064,4
spotify:track:2l35xXcqTFGAy3Oxaw6xo3,"No Mediocre (feat. Iggy Azalea)","No Mediocre (feat. Iggy Azalea)","T.I.;Iggy Azalea",2014-06-16,201600,6,false,111573307,2014-10-27T00:01:43Z,"hip hop sureño americano","Grand Hustle/Columbia",0.767,0.454,1,-9.574,1,0.0475,0.114,0,0.0813,0.174,95.479,4
spotify:track:0kF6MdXhjQeYhZ2kogCIsx,"She Came II Give It II U (feat. Nicki Minaj)","She Came II Give It II U (feat. Nicki Minaj)","USHER;Nicki Minaj",2014-07-08,242560,51,true,111573307,2014-10-27T00:02:19Z,"r&b","RCA Records Label",0.821,0.565,4,-5.403,0,0.0837,0.0419,0,0.0796,0.732,119.975,4
spotify:track:3usgyBB1JGHs8PcqGbsYlk,"Same Ole Song","Harold & Kumar Go To White Castle: The Album (Original Soundtrack)","Phunk Junkeez",2004-01-01,143879,3,false,111573307,2014-10-27T23:49:18Z,"rap metal,rap rock,nu metal","Sall Entertainment Group Inc. \ Fontana North",0.605,0.986,9,-3.794,1,0.135,0.00608,0.00000694,0.694,0.334,113.908,4
spotify:track:6VpOpdJHgzhD0Q2Q5498r4,"White Castle Blues","Harold & Kumar Go To White Castle: The Album (Original Soundtrack)","The Smithereens",2004-01-01,242346,3,false,111573307,2014-10-27T23:49:24Z,"power pop,jangle pop,new wave","Sall Entertainment Group Inc. \ Fontana North",0.326,0.855,8,-5.087,1,0.0428,0.000885,0.0145,0.123,0.625,111.041,4
spotify:track:2woCw59DHRIb1vcyQ2a7Ca,"Jealous","Nick Jonas (Deluxe)","Nick Jonas",2014-11-10,223106,0,false,111573307,2014-11-25T21:22:21Z,"","Safehouse Records / Island Records",0.7,0.696,11,-3.842,0,0.103,0.0129,0,0.488,0.375,93.066,4
spotify:track:7yq4Qj7cqayVTp3FF9CWbm,"Riptide","Dream Your Life Away","Vance Joy",2014-09-08,204280,84,false,111573307,2014-11-25T23:46:02Z,"folk pop","F-Stop Records/Atlantic",0.484,0.731,1,-6.694,1,0.0379,0.431,0,0.151,0.51,101.654,4
spotify:track:14i7RZBBM2aTLHSnAX31yO,"Gullible (feat. CeeLo Green)","The Gifted","Wale;CeeLo Green",2013-06-25,282146,29,true,111573307,2014-11-25T23:55:14Z,"","MMG/Atlantic",0.735,0.827,1,-4.385,0,0.204,0.0304,0,0.278,0.524,104.983,4
spotify:track:688ZryZ93xecjEUZzrN7LO,"Hey Sexy Lady","Reggae Gold 2003","Shaggy Feat. Brian & Tony Gold",2003-06-17,200040,0,false,111573307,2014-11-26T00:08:16Z,"","VP Records",0.955,0.499,3,-9.129,0,0.0754,0.00649,0.00653,0.359,0.679,101.762,4
spotify:track:6lHE5n1fHxAiBsTGA6d8Wn,"Make It Clap (remix) - Remix","Reggae Gold 2003","Busta Rhymes, Spliff Starr Feat. Sean Paul",2003-06-17,242920,0,false,111573307,2014-11-26T00:08:28Z,"","VP Records",0.705,0.719,1,-6.147,0,0.457,0.0489,0,0.0712,0.951,121.118,5
spotify:track:3UNa2iZNHZ8cDvzXSNVrUZ,"I Got You Babe","The Very Best Of","UB40;Chrissie Hynde",2000,189733,55,false,111573307,2014-12-14T17:47:24Z,"reggae","Virgin Records",0.754,0.73,5,-8.412,1,0.0756,0.111,0.0000291,0.0985,0.869,173.638,4
spotify:track:4rmPQGwcLQjCoFq5NrTA0D,"Uptown Funk (feat. Bruno Mars)","Uptown Funk (feat. Bruno Mars)","Mark Ronson;Bruno Mars",2014-11-24,270634,31,false,111573307,2015-01-05T00:42:35Z,"","Columbia",0.853,0.681,0,-5.003,1,0.0888,0.00966,0.0000571,0.0233,0.93,114.989,4
spotify:track:4Tzf1U3MWwHQosxyWTXJ1Y,"No Type","No Type","Rae Sremmurd",2014-01-01,199026,0,true,111573307,2015-01-05T00:47:19Z,"","Mike WiLL Made-It",0.863,0.493,6,-8.388,1,0.146,0.0145,0.0000013,0.0973,0.198,125.019,4
spotify:track:4kbj5MwxO1bq9wjT5g9HaA,"Shut Up and Dance","TALKING IS HARD","WALK THE MOON",2014-12-02,199080,89,false,111573307,2015-01-05T00:48:04Z,"","RCA Records Label",0.578,0.866,1,-3.804,1,0.0619,0.00701,0,0.257,0.619,128.038,4
spotify:track:3lZwKYRXE3t7KEJUlTgc2Q,"Entourage","21","Omarion",2006,235066,40,false,111573307,2015-01-05T22:40:56Z,"r&b","Sony Urban/Epic",0.825,0.799,5,-1.54,0,0.0387,0.0375,0,0.156,0.928,106.498,4
spotify:track:2dxjKgT0li4qBI3QwuN9Ih,"Touch The Sky","Late Registration","Kanye West;Lupe Fiasco",2005-08-30,236600,79,true,111573307,2015-01-17T16:14:10Z,"rap","Roc-A-Fella",0.552,0.846,9,-4.912,1,0.342,0.0114,0,0.309,0.554,98.56,1
spotify:track:1hKdDCpiI9mqz1jVHRKG0E,"Enter Sandman","Metallica","Metallica",1991-08-12,331573,10,false,111573307,2015-03-25T00:45:19Z,"metal,thrash metal,rock,heavy metal,hard rock","Blackened Recordings",0.579,0.824,6,-8.71,0,0.03,0.00206,0.00903,0.059,0.635,123.331,4
spotify:track:2ENBaEOC0Jgi2au9Jt7y7d,"Feel Right (feat. Mystikal)","Uptown Special","Mark Ronson;Mystikal",2015-01-12,222550,52,true,111573307,2015-05-04T23:10:11Z,"hip hop sureño americano,crunk,hip hop old school,rap gangster","Columbia",0.853,0.798,11,-5.876,0,0.0642,0.087,0.000187,0.0271,0.861,110.111,4
spotify:track:0mWiuXuLAJ3Brin3Or2x6v,"Learn to Fly","Greatest Hits","Foo Fighters",2009-11-03,234800,57,false,111573307,2015-07-30T20:43:37Z,"post-grunge,rock,rock alternativo,grunge","RCA Records Label",0.439,0.931,11,-2.59,0,0.0473,0.0000192,0.0000121,0.193,0.527,135.944,4
spotify:track:4MfOIakexlZ7kIvMQOlCwm,"Whine & Kotch - Raw","Whine & Kotch - Single","J Capri;Charly Black",2012-11-13,217200,0,false,111573307,2015-08-06T17:30:48Z,"dancehall,shatta,ragga,soca","Head Concussion",0.699,0.675,9,-5.383,1,0.387,0.0654,0,0.143,0.442,105.151,4
spotify:track:2DrMcGNKEY0FZqjMovGaCm,"Figure.09","Meteora","Linkin Park",2003-03-25,197506,62,false,111573307,2015-08-13T20:23:50Z,"nu metal,rap metal,rock,metal alternativo","Warner Records",0.499,0.95,9,-3.198,1,0.0639,0.00903,0,0.148,0.53,98.019,4
spotify:track:4Yf5bqU3NK4kNOypcrLYwU,"Faint","Meteora","Linkin Park",2003-03-25,162106,88,false,111573307,2015-08-13T20:24:00Z,"nu metal,rap metal,rock,metal alternativo","Warner Records",0.554,0.98,4,-3.514,1,0.108,0.127,0,0.0833,0.611,135.12,4
spotify:track:68iIALIAQ03juj9BZpafox,"Good Times Roll","Good Times Roll","Big Gigantic;GRiZ",2015-08-12,243518,1,false,111573307,2015-09-26T10:52:23Z,"dubstep,edm","All Good Records",0.638,0.891,1,-4.764,1,0.108,0.0225,0.00142,0.947,0.525,99.979,4
spotify:track:7yWjiP5f3RHYEISm2Hr2dz,"Say Something","Say Something","Karen Harding",2014-01-01,218204,0,false,111573307,2015-10-21T14:04:52Z,"","Universal Music Group",0.773,0.628,4,-6.295,0,0.0757,0.0115,0.00255,0.0692,0.339,121.197,4
spotify:track:6mP15EXSln4anLgPjQzRxd,"Stop","Stop","Shystie;Jalissa",2014-10-05,196000,0,false,111573307,2015-11-10T18:46:10Z,"grime,funky británico,uk grime","STAR WORK MUSIC",0.482,0.944,9,-2.827,0,0.156,0.00798,0.00199,0.0561,0.501,120.003,4
spotify:track:3EfelQUYli0VY6SYidZPNT,"Paradise","Paradise","Josef Salvat",2015-12-18,207919,13,false,111573307,2016-01-27T16:23:36Z,"","Columbia/Fingers & Thumbs",0.612,0.769,3,-5.461,0,0.042,0.00519,0.0000124,0.132,0.507,114.007,4
spotify:track:6tw4QClB4tIlNPdsXQ9ix5,"Infectious (feat. Snoop Dogg)","Forever Charlie","Charlie Wilson;Snoop Dogg",2015-01-23,235745,45,false,111573307,2016-06-08T14:16:28Z,"drill sexy,g-funk,hip hop de la costa oeste,rap gangster,hip hop old school,hip hop,rap","RCA Records Label",0.936,0.712,11,-5.24,0,0.137,0.0301,0,0.155,0.875,116.51,4
spotify:track:5kl2Mjt6vIbzcL6Q26EvTT,"I Just Wanna Love You - Jay-Z","Keep Running","Rhythm Spectacle",2014-07-22,232840,16,false,111573307,2016-06-08T14:21:25Z,"","Groove Mite Records",0.941,0.662,11,-7.908,1,0.329,0.202,0,0.0949,0.947,98.126,4
spotify:track:59Xo3BICqRNDdvNquirBot,"Mother","Danzig","Danzig",1988,204866,0,false,111573307,2016-07-12T20:19:45Z,"horror punk","American",0.452,0.751,11,-9.438,0,0.0565,0.00923,0.000205,0.092,0.395,73.285,4
spotify:track:0Y6LOyCGL6AgWDc0zGcLKt,"Monkey Wrench","The Colour And The Shape","Foo Fighters",1997-05-20,231160,0,false,111573307,2016-07-12T20:19:52Z,"post-grunge,rock,rock alternativo,grunge","RCA Records Label",0.405,0.962,4,-4.81,1,0.0766,0.0000299,0.0000511,0.124,0.703,174.098,4
spotify:track:1mnXT8zNssefzrRkeuD8Ov,"War Pigs","Paranoid","Black Sabbath",1970-09-18,474560,0,false,111573307,2016-07-12T20:19:58Z,"metal,heavy metal,rock,stoner rock,doom metal,hard rock","Universal Music Ltd.",0.452,0.701,9,-9.534,1,0.0677,0.145,0.00817,0.267,0.519,90.157,4
spotify:track:4f2QcB0RYGz70dXGjvpR0w,"Barracuda","The Essential Heart","Heart",2002-11-26,262506,1,false,111573307,2016-07-12T20:20:01Z,"rock clásico,aor,rock","Epic/Capitol/Legacy",0.538,0.908,4,-6.277,0,0.0435,0.00293,0.124,0.123,0.665,137.416,4
spotify:track:7n37dToRMRqUhdOnh9sEhB,"Why You Wanna","King","T.I.",2006-03-27,215000,0,true,111573307,2016-07-12T20:20:09Z,"hip hop sureño americano","Grand Hustle/Atlantic",0.802,0.772,1,-4.893,0,0.192,0.358,0,0.0603,0.654,96.046,4
spotify:track:3JCxDYpPcWXaxCSjEKxgU3,"The Sidewalk","Transition","LWin",2014-06-23,170631,0,false,111573307,2016-07-12T20:23:35Z,"","563534 Records DK",0.558,0.642,6,-9.459,1,0.465,0.311,0,0.371,0.624,86.813,4
spotify:track:4BbxSTDqfnX76DtwZLHuJb,"The Boy Does Nothing","The Boy Does Nothing","Alesha Dixon",2008-10-31,214906,44,false,111573307,2016-08-04T17:05:59Z,"funky británico","Asylum",0.57,0.961,3,-3.664,0,0.175,0.124,0.0000476,0.137,0.842,174.053,4
spotify:track:4rSdKM7s42IeKudysHdwDg,"Mamacita","Collie Buddz","Collie Buddz",2006,194293,58,false,111573307,2016-09-18T14:23:03Z,"reggae,dancehall,roots reggae,ragga,reggae rock","Columbia",0.593,0.841,4,-5.387,0,0.106,0.0257,0,0.0716,0.779,103.362,4
spotify:track:6jYhsewiw0eMjtvMS8Lnlt,"Helluva - Radio Mix","Helluva","Brotherhood Creed",2012-03-06,249826,37,false,111573307,2017-02-14T16:17:08Z,"new jack swing","High Fashion Digital",0.804,0.864,6,-7.148,1,0.125,0.0658,0,0.0609,0.765,105.414,4
spotify:track:2dMtg27a6InXeQwN67Lmhy,"We Can Freak It","Kuruption (Explicit Version)","Kurupt",1998-10-06,250040,0,true,111573307,2017-02-22T22:39:21Z,"g-funk,hip hop de la costa oeste,rap gangster,hip hop old school","Interscope",0.782,0.586,10,-8.092,0,0.188,0.00726,0,0.331,0.575,99.07,4
spotify:track:3Na3mdryT7b2KTTXoTiuXj,"We Can Do It","Automaton","Jamiroquai",2017-03-31,246666,0,false,111573307,2017-04-03T01:07:06Z,"acid jazz","Universal Music Group",0.803,0.784,5,-5.742,0,0.0554,0.0039,0.000108,0.0545,0.916,109.014,4
spotify:track:4JNrXBUhRwZiMnO98GrFgn,"Baby Girl","Baby Girl","Mofak",2015-12-12,257262,33,false,111573307,2017-05-16T10:58:05Z,"g-funk,funk","The Sleepers Recordz",0.828,0.789,10,-2.089,0,0.133,0.315,0.000609,0.0756,0.679,120.911,4
spotify:track:5z4bdRDATA4hbIjTd7GA6k,"Whole Lotta Lovin' - Le Boeuf Remix","Whole Lotta Lovin' (Le Boeuf Remix)","Mustard;Travis Scott;Le Boeuf",2016-03-14,189880,0,true,111573307,2017-06-16T01:20:08Z,"rap,tropical house","Universal Music Group",0.825,0.764,4,-4.038,0,0.0414,0.231,0.000284,0.108,0.695,113.987,4
spotify:track:7xwFOVYwBuLvFquLyfooRp,"Wait a Minute (feat. Lil' Kim)","This Ain't A Game","Ray J;Lil' Kim",2001-06-19,227266,46,true,111573307,2017-08-16T17:48:42Z,"hip hop de la costa este","Rhino Atlantic",0.89,0.701,7,-4.954,1,0.205,0.0681,0,0.243,0.728,100.018,4
spotify:track:0lHRnVlJY2SpMYOOmPlvcv,"Latin Girls","Elephunk (International Version)","Black Eyed Peas",2003-01-01,377880,0,false,111573307,2017-11-01T13:02:47Z,"","Universal Music Group",0.848,0.665,1,-4.961,0,0.139,0.126,0.0000232,0.114,0.713,103.02,4
spotify:track:6mBbycgdWgHMPNyJLCEoW6,"Drive In","Bad Neighbor","Blu;Madlib;MED;Aloe Blacc",2015-10-30,239786,44,false,111573307,2017-11-30T11:36:48Z,"jazz rap,hip hop underground,hip hop experimental,hip hop alternativo,plunderphonics","Bang Ya Head",0.484,0.66,0,-11.224,1,0.146,0.079,0.00000351,0.333,0.588,88.418,4
spotify:track:2UA6JKGJRg8miTUWDstsID,"Make Up Bag","Love King","THE-DREAM;T.I.",2010-01-01,283826,0,true,111573307,2020-08-09T21:28:10Z,"r&b,hip hop sureño americano","Universal Music Group",0.767,0.582,9,-7.073,0,0.063,0.0364,0,0.24,0.563,90.042,4
spotify:track:7jkxBTuD9FkQFNPQ0EVeAS,"I'm Not Him (feat. Snoop Dogg, Suga Free & Kokane)","Focused","Celly Cel;Snoop Dogg;Suga Free;Kokane",2020-10-02,223415,34,true,111573307,2021-02-22T22:18:59Z,"g-funk,hip hop de la costa oeste,hyphy,rap gangster,hip hop old school,hip hop,rap","Realside Records",0.942,0.629,0,-4.473,1,0.269,0.0313,0,0.124,0.638,106.034,4
