Track URI,Track Name,Album Name,Artist Name(s),Release Date,Duration (ms),Popularity,Explicit,Added By,Added At,Genres,Record Label,Danceability,Energy,Key,Loudness,Mode,Speechiness,Acousticness,Instrumentalness,Liveness,Valence,Tempo,Time Signature
spotify:track:0FQU8Y1Ir1YkR6MoMfJjB3,"My Type","My Type","Emily Makis;DUX;Dread MC;T-Man",2024-03-22,184371,57,false,,2026-08-14T10:13:46Z,"drum and bass,liquid funk,bassline,bass house,g-house,uk garage","Shogun Audio",0.715,0.907,0,-0.508,1,0.174,0.0238,0.00000268,0.133,0.399,87.532,4
spotify:track:5wQnmLuC1W7ATsArWACrgW,"Welcome to the Black Parade","The Black Parade","My Chemical Romance",2006-10-20,311106,83,false,,2026-08-10T11:49:05Z,"emo,pop punk","Reprise",0.217,0.905,2,-4.103,1,0.0752,0.000289,0.00011,0.222,0.236,96.95,4
spotify:track:5MRD9NLTBZAmkSXwwfFK0p,"Chemtrails","Chemtrails","Kinder Malo;Pimp Flaco;WBMS",2016-11-24,194246,40,false,,2026-08-09T12:23:37Z,"","Dora Black",0.622,0.76,11,-6.61,0,0.233,0.355,0,0.164,0.637,159.995,4
spotify:track:2cebuDRXBsi89lb1Jz3TFs,"Cambalache (with Leopoldo Federico y Su Orquesta)","El Firulete","Julio Sosa;Leopoldo Federico y su Orquesta",1964-03-01,184026,50,false,,2026-08-08T07:55:29Z,"tango,candombe","Columbia",0.545,0.574,0,-9.159,1,0.0751,0.804,0,0.45,0.845,120.522,4
spotify:track:0N5tx4jH20cdFnI8jgz90l,"Disgruntled (feat. J Hus & IRAH)","Disgruntled (feat. J Hus & IRAH)","Chase & Status;J Hus;IRAH",2026-07-24,192685,69,true,,2026-08-06T19:36:01Z,"drum and bass,jungle,afroswing,grime,uk grime,bassline,uk garage","Warner Records",0.654,0.969,9,0.231,1,0.322,0.054,0.0000011,0.187,0.609,174.94,4
spotify:track:3QPlW8G4faiNbU2CWpoitB,"Dem nah real","Palm Tree Riddim","Tmo Production;Don Tigua",2024-06-17,179670,16,true,,2026-08-06T12:55:08Z,"","3887372 Records DK",0.601,0.636,0,-8.337,0,0.302,0.528,0,0.13,0.632,67.903,5
spotify:track:51D9ejBoYpBC2mbPlIafZ0,"SF Cypher 28","SF Cypher 28","Toddla T;Shocka;Jafro;STEEZE FACTORY;Billy Khan;Monticolombi;nbposted;MORGAN DA SAVAGE;Eklipse",2026-05-11,430035,43,true,,2026-08-06T12:46:59Z,"funky británico,uk garage,bassline,grime,uk grime","Steeze Factory",0.691,0.867,10,-7.133,0,0.414,0.172,0,0.142,0.737,136.73,4
spotify:track:5qgm6QzZAaNOVkklEUM30r,"Badgyal","Badgyal EP","Anaïs;Logan",2021-11-26,264625,38,false,,2026-08-01T13:10:24Z,"drum and bass,jungle,uk garage,bassline","Deep In The Jungle Records",0.862,0.957,11,-1.776,1,0.355,0.037,0,0.106,0.621,87.543,4
spotify:track:5bfBYLi32nYvrKbtPi78ek,"Saw You Stand","Saw You Stand","Greta Van Fleet",2026-07-31,289187,71,false,,2026-08-01T10:49:43Z,"rock","Lava / Republic Records",0.272,0.529,5,-6.368,0,0.0339,0.0121,0.00122,0.206,0.178,130.202,4
spotify:track:5sS4g0adkAUXvLJHQ1i2kj,"Little L","A Funk Odyssey","Jamiroquai",2001-09-03,295400,1,false,,2026-08-01T10:01:53Z,"acid jazz","S2",0.878,0.724,10,-5.373,0,0.129,0.168,0.0116,0.133,0.904,121.906,4
spotify:track:6kdGhtgW1oSw4NA4yrZ2j4,"House Bump For Joe Kay","PYRMDPLAZA Compilation","PYRMDPLAZA",2016-04-25,168960,28,false,,2026-08-01T09:47:02Z,"","Swoop Boyz Entertainment",0.887,0.6,11,-3.99,0,0.286,0.142,0.355,0.0536,0.377,125.144,4
spotify:track:5oQwwbj26sFjxlL1oT4TJU,"King of My Castle (Purple Disco Machine Remix) (Edit)","King Of My Castle (Purple Disco Machine Remix)","Wamdue Project;Purple Disco Machine",2023-08-04,199191,60,false,,2026-07-26T17:22:27Z,"disco house,nu disco,funky house,house","Strictly Rhythm Records",0.82,0.69,10,-6.519,0,0.0632,0.068,0.000143,0.0935,0.649,120.997,4
spotify:track:28AnZq4Yo21iyneTWGjeUT,"Breathe","Breathe","Masego",2026-06-19,237188,63,true,,2026-07-26T16:33:02Z,"","EQT Recordings/Capitol Records",0.359,0.565,2,-5.004,0,0.116,0.392,0,0.149,0.33,91.26,1
spotify:track:2LgEYzVoSKp6fsST6trUh2,"I DO EVERYTHING!","Loose Thoughts","Masego",2016-07-27,363376,42,false,,2026-07-26T06:45:37Z,"","TrapHouseJazz",0.76,0.393,1,-11.219,0,0.525,0.521,0.000668,0.796,0.34,135.293,4
spotify:track:2c00DlvpzthGKcyXpe5GHa,"Bad Influence","Bad Influence","OMAH LAY",2020-01-16,138652,60,true,,2026-07-24T07:48:48Z,"afrobeats,afrobeat,afropop,r&b afro,afropiano,afro soul","KeyQaad/Sire Records",0.861,0.508,0,-10.648,0,0.176,0.586,0.323,0.109,0.728,96.909,4
spotify:track:4v20N4W83XDJORt7WCedII,"GLOWED UP","99.9%","KAYTRANADA;Anderson .Paak",2016-05-06,298026,52,true,,2026-07-18T20:07:01Z,"","XL Recordings",0.678,0.62,1,-10.024,1,0.321,0.036,0.00557,0.138,0.433,135.553,4
spotify:track:589Nbxd25pvAknYacTvBpm,"Jiggy Woogie","Jiggy Woogie","Baby Lawd;DLegend",2023-10-20,139650,49,false,,2026-07-18T04:42:08Z,"dancehall","Laneside Records",0.818,0.717,6,-5.815,1,0.326,0.283,0,0.0839,0.793,107.06,4
spotify:track:28qnPaRonmcZd9FsPPuZUr,"Lickshot","Digital Nomad","Gray;Donae'o",2024-05-30,144827,47,true,,2026-07-16T11:41:09Z,"drum and bass,jungle,bassline,funky británico,funky house,azonto,grime,afroswing","Born On Road",0.594,0.972,5,-1.549,0,0.116,0.0421,0,0.366,0.335,86.973,4
spotify:track:7uyAzHyc0CZNLELfpF1lgU,"Spaceman - QZB Remix","Dream Metal (Remixes)","Kasra;Gardna;QZB",2024-06-14,203522,33,false,,2026-07-16T11:36:35Z,"drum and bass,liquid funk,jungle,uk garage","Critical Music",0.697,0.741,1,-2.986,1,0.15,0.025,0.0218,0.145,0.112,174.057,4
spotify:track:6W0PqAtbW7fkTRBtmwOwfM,"Okay Okay","Italian Classics: Pino D'Angiò Collection, Vol. 1","Pino D'Angiò",2011-03-15,258399,64,false,,2026-07-14T09:35:22Z,"disco italiana","Peer Southern Productions",0.765,0.91,6,-8.115,0,0.0827,0.569,0.00231,0.337,0.804,112.922,4
spotify:track:1J84LaabzdVcoIDdhmi0U2,"SuFrida - A COLORS SHOW","SuFrida - A COLORS SHOW","Tokischa;COLORS",2026-07-13,222672,50,true,,2026-07-14T07:23:50Z,"dembow,neoperreo","WEA Latina",0.769,0.649,7,-4.837,0,0.256,0.173,0,0.0957,0.56,89.631,4
spotify:track:4b3zydY5q9Ylwn2eZkztE1,"Électrique","Électrique","3Lettres;Mikado",2026-06-05,141844,31,true,,2026-07-08T11:29:02Z,"shatta,dancehall,zouk,kompa","3Lettres & Mikado",0.959,0.807,7,-7.725,0,0.259,0.406,0.0000726,0.0997,0.69,103.015,4
spotify:track:4WCYW25Um2yPyS81ob9oQS,"LOVE MIGHT MAKE ME BETTER","What's Mine Is YOURS","YOURS",2024-09-27,207098,53,false,,2026-07-02T05:59:23Z,"","Defected Records",0.703,0.659,1,-5.808,1,0.0853,0.0237,0.00145,0.132,0.433,116.21,4
spotify:track:7pttGrC2YJYQ997ZryXGCG,"GOT IT GOOD","99.9%","KAYTRANADA;Craig David",2016-05-06,228146,59,false,,2026-07-02T05:56:10Z,"","XL Recordings",0.551,0.503,7,-6.678,0,0.17,0.0475,0,0.116,0.305,80.266,4
spotify:track:439X8jGytErRiPnaoUJHju,"CHANCES","NOTHIN LIKE U / CHANCES","KAYTRANADA;Shay Lia",2018-11-30,218187,66,false,,2026-07-02T05:56:07Z,"r&b alternativo","KAYTRANADA/RCA Records",0.835,0.527,7,-7.272,0,0.128,0.204,0.000423,0.283,0.611,106.003,4
spotify:track:4n358XQMHXd0xi6NazWdxr,"Vex Oh feat. GoldLink & Ari PenSmith","BUBBA","KAYTRANADA;Eight9FLY;Ari PenSmith;GoldLink",2019-12-13,162146,62,true,,2026-07-02T05:56:06Z,"","KAYTRANADA/RCA Records",0.742,0.643,6,-10.251,1,0.385,0.149,0.000026,0.0861,0.797,112.402,4
spotify:track:3zp3Mq8krAb1067UL94zJq,"BE YOUR GIRL - KAYTRANADA REMIX","BE YOUR GIRL (KAYTRANADA REMIX)","Teedra Moses;KAYTRANADA",2018-05-04,268087,71,false,,2026-07-02T05:55:58Z,"","BLACK MOSES ENT., LLC",0.863,0.678,6,-6.727,0,0.383,0.207,0.00000589,0.1,0.265,115.023,4
spotify:track:5EOVtfClo1Mhx0gSaZJC92,"Réanymé","Réanymé","Tayc;Anyme023",2026-06-18,151874,73,false,,2026-07-01T17:59:39Z,"r&b francés,pop urbaine,afrobeats,afrobeat,shatta","Play Two",0.727,0.747,3,-7.078,0,0.208,0.0301,0,0.203,0.765,127.895,4
spotify:track:5EpV4kj0CqsHFwPGLyQXBs,"Sunny Afternoon","Sunny Afternoon","Cielo",2026-05-01,117605,65,false,,2026-07-01T10:17:54Z,"","Paraíso Doux",0.839,0.274,6,-11.911,0,0.0558,0.584,0.371,0.105,0.246,117.09,4
spotify:track:1enFNqBlmIdB0Zsp2bKm00,"Born Again","Born Again","Blooom;Wolfy Lights",2025-02-13,162327,48,false,,2026-06-30T08:33:05Z,"drum and bass","UKF",0.626,0.952,6,-1.013,1,0.0649,0.00214,0.211,0.343,0.497,86.983,4
spotify:track:6ZsiQHwVQkMw0tBVBpQxq8,"Who Dis","Who Dis","Unglued",2026-02-12,213942,43,false,,2026-06-30T08:13:50Z,"drum and bass,jungle,liquid funk","Hospital Records",0.323,0.792,10,-1.342,0,0.368,0.294,0.0162,0.14,0.199,174.9,4
spotify:track:1RucHeBnCoVnpOMM7K9T2f,"Bazooka","Bazooka","Jappa;Tuggawar",2024-04-05,160010,42,true,,2026-06-30T08:09:35Z,"drum and bass,jungle,bassline","Invicta Audio",0.641,0.896,1,-2.511,1,0.284,0.00843,0,0.325,0.732,86.874,4
spotify:track:0fmA6zmiOhCTYGT4vG7JnK,"steadyonme","steadyonme","4K;Conni;Inja",2024-08-23,201600,40,false,,2026-06-30T08:02:36Z,"drum and bass,jungle,liquid funk,rally house,bassline","Born On Road",0.733,0.738,9,-3.724,0,0.0947,0.0534,0.0000511,0.219,0.348,87.482,4
spotify:track:2O3If9NeHnLxBceAfGKQh1,"Run & Hide","Digital Nomad","Gray;Crossy;Doktor;Inja;MC Spyda",2024-05-30,209828,36,true,,2026-06-29T13:13:26Z,"drum and bass,jungle,bassline","Born On Road",0.522,0.989,0,0.31,1,0.406,0.147,0.000178,0.326,0.333,87.633,4
spotify:track:1emrZAA43K6CJuiqZ3S3k8,"Cicatriz Ajena","Cicatriz Ajena","Leo Duarte",2026-04-10,157805,59,false,,2026-06-26T11:20:18Z,"flamenco,flamenco urbano,flamenco pop","12360612 Records DK",0.663,0.312,10,-11.256,0,0.0497,0.798,0,0.116,0.772,129.156,4
spotify:track:3vzIecI6xuhWdr6oaaGVCq,"One More Shot","One More Shot","raymo",2026-05-08,152304,52,true,,2026-06-23T16:16:23Z,"","Isekai / broke / Catch a vibe",0.814,0.326,10,-14.975,0,0.166,0.212,0.000298,0.12,0.285,126.948,4
spotify:track:3aAPSZ94zVWGPWcjDUjze8,"Bad Boy Horns","Bad Boy Horns","Kelvin 373;Waeys;Selecta J-Man",2025-02-28,252342,35,false,,2026-06-21T19:27:13Z,"drum and bass,jungle,liquid funk","Born On Road",0.529,0.963,2,-0.876,1,0.0553,0.000324,0.535,0.366,0.682,174.92,4
spotify:track:1wmsHzJhuCP2TCG6U2wr4E,"Let Them Know","Let Them Know","Gray;Ekeno",2025-08-28,200681,47,false,,2026-06-21T19:22:20Z,"drum and bass,jungle,bassline,afroswing,drill británico,grime,funky británico","Shaded",0.62,0.991,7,0.993,0,0.152,0.064,0,0.282,0.71,87.527,4
spotify:track:5BKKy9fIJL5uM9fz1SnqyP,"Chicago","XSCAPE","Michael Jackson",2014-05-09,245565,94,false,,2026-06-20T14:12:47Z,"","Epic/MJJ",0.608,0.756,7,-2.675,0,0.176,0.0784,0,0.187,0.55,176.086,4
spotify:track:3nNmRE0DxHC6ZaKkrpUumS,"FINA","nadie sabe lo que va a pasar mañana","Bad Bunny;Young Miko",2023-10-13,216327,77,true,,2026-06-18T19:10:58Z,"reggaetón,trap latino,latina,urbano latino","Rimas Entertainment LLC",0.847,0.724,1,-5.41,1,0.298,0.0869,0.00000111,0.118,0.396,94.601,4
spotify:track:2USnfnchUloGUJpMGF24rG,"Joana","Joana","MAO",2026-06-13,177600,37,false,,2026-06-18T19:09:40Z,"r&b francés","Musique",0.589,0.679,6,-6.316,0,0.0903,0.466,0.000167,0.2,0.529,100.044,4
spotify:track:1xP4llY6KcZQb22LJFPJAG,"Corps en feux","Kolé konpa","Beruue",2026-06-15,125799,23,false,,2026-06-18T19:05:27Z,"kompa,zouk,kizomba","11623858 Records DK",0.549,0.745,3,-10.837,0,0.0366,0.0653,0.00046,0.0611,0.458,180.059,4
spotify:track:4zodu1dcPL0YSLgxQOHxTQ,"Lock Arf","Lock Arf / Shotta","Disrupta",2026-02-06,191034,28,false,,2026-06-18T18:33:46Z,"drum and bass,liquid funk,bassline,jungle","Disrupta",0.625,0.692,8,-1.025,1,0.0919,0.00634,0.00573,0.176,0.309,173.96,4
spotify:track:115qX5IourtxBolGxwQkk0,"Tensión","Contra Todo Pronóstico","Lia Kali;SFDK",2023-03-03,205868,55,false,,2026-06-18T16:43:44Z,"","Propaganda pel Fet!",0.684,0.325,8,-12.056,0,0.552,0.49,0.0000222,0.111,0.499,139.681,4
spotify:track:0AWbhOimtlECEsQP0H5J6Q,"CARNAVAL","CARNAVAL","Marina Sena;Psirico",2025-12-17,162857,66,true,,2026-06-18T16:09:09Z,"pop brasileño,nueva mpb,mpb,pagode baiano,axé","Sony Music Entertainment",0.861,0.706,9,-3.064,1,0.083,0.604,0.15,0.0959,0.608,139.939,4
spotify:track:5rCQUwZSSzkV6BsPykRyUp,"Balkany","La Méthode R","Zkr",2026-05-29,155438,52,true,,2026-06-16T21:43:22Z,"rap francés","All Road",0.774,0.572,7,-8.056,1,0.231,0.274,0.0000494,0.102,0.274,123.935,4
spotify:track:3YdCeDAlCJGwz6AtSaqLV2,"Don't Call Me Local - Deekline Remix","Don't Call Me Local","Deekline;Manudigital;Queen Omega",2022-01-28,231085,43,false,,2026-06-11T15:34:25Z,"jungle,drum and bass,ragga,breakbeat,uk garage,bassline,dub,reggae,roots reggae","Jungle Cakes",0.689,0.885,6,-1.604,1,0.146,0.000344,0.00214,0.132,0.24,174.982,4
spotify:track:5IH4qsWYYpC4o1SNm1aQX2,"Rock The Rhythm (I Like That)","Club Rompas, Vol. 2","Odd Mob;Luciana;Richard Vission;Static Revenger",2026-04-24,169090,59,false,,2026-06-05T17:01:38Z,"tech house,bass house,melbourne bounce,big room","October Records",0.808,0.854,11,-5.626,1,0.0724,0.00377,0.854,0.0987,0.892,132.028,4
spotify:track:4SbfZC35FMiH6b6ToArP4E,"Letsgo","Bass Steady EP","Vizionn",2024-11-15,237000,32,false,,2026-06-04T19:50:30Z,"hard techno,acid techno,techno,tekno,hard house,bounce","Carouse",0.728,0.992,7,-6.079,1,0.0707,0.0931,0.701,0.0986,0.588,155.034,4
spotify:track:2xwuF416Ql7MERGUpG7ClD,"Embrasse moi","Embrasse moi","VD;Bleue",2025-06-05,186949,62,false,,2026-06-04T17:29:22Z,"","Dark Roast Records",0.734,0.577,3,-10.979,0,0.0457,0.614,0.494,0.108,0.0389,126.057,4
spotify:track:1MjeCJXRMSaUMZ0KLdsQDn,"Touch","Touch","Hybrid Minds;Catching Cairo",2016-06-10,313562,51,false,,2026-06-01T21:04:09Z,"liquid funk,drum and bass","Hybrid Music",0.582,0.821,9,-4.303,1,0.0497,0.0355,0.117,0.083,0.0373,86.014,4
spotify:track:6LsfqirlTZyqOa1tpY8QbM,"Howl At The Moon","Howl At The Moon","Neon Steve",2024-06-14,230859,37,false,,2026-05-30T15:50:45Z,"bass house,g-house","Neon Steve",0.684,0.954,11,-5.55,1,0.0592,0.0344,0.931,0.0938,0.59,128.01,4
spotify:track:21w07GPmINo1RvNvn92Wq4,"I Could F**k You All the Time - Remix","I Could F**k You All the Time (Remix)","N4C",2021-02-04,154497,31,true,,2026-05-28T15:09:29Z,"hard techno","iMD-N4C's Studio",0.867,0.607,1,-6.961,1,0.369,0.0928,0.0296,0.344,0.395,119.819,4
spotify:track:00PJtECM4rHNDng7DOpOfK,"Mi Olla Descontrola","Mi Olla Descontrola","Amygdala;Buenri",2025-10-03,221903,34,true,,2026-05-27T15:38:24Z,"tekno,techno","MANTRA MUSIC",0.433,0.749,2,-3.131,1,0.0967,0.00158,0.0113,0.0739,0.305,175.057,4
spotify:track:3tjVW64oPJk7OPda7ksoDa,"badman","PALOMA","Zemi",2026-05-07,108884,41,false,,2026-05-26T07:02:26Z,"","ZEMI",0.613,0.355,6,-7.681,0,0.048,0.54,0,0.155,0.458,170.052,4
spotify:track:05xLOpipHWbGG0CboVVrXy,"Ancrée à ton port","Vous les hommes","Fanny J",2007-01-01,246960,65,false,,2026-05-20T19:25:46Z,"zouk,kompa,shatta,kizomba","Section Zouk",0.569,0.839,7,-5.36,1,0.0418,0.385,0.000228,0.25,0.381,163.94,4
spotify:track:569g63Yrblr9OhevtVgn0g,"3X CANON","3X CANON","DJ Keishawn;Curtis Kane",2025-01-17,214588,56,false,,2026-05-20T19:16:24Z,"kompa,zouk,kizomba,r&b francés","Play Two",0.708,0.637,9,-9.098,0,0.0444,0.0217,0.00467,0.081,0.529,113.286,5
spotify:track:0nP8XXnfBQnP3jllQj6f4K,"ONE TRACK MIND","ONE TRACK MIND","Naïka",2026-01-15,200640,76,false,,2026-05-20T18:42:12Z,"kompa,zouk","Naïka Music",0.714,0.531,7,-8.913,0,0.0638,0.104,0.0000112,0.152,0.653,90.993,4
spotify:track:05Q2DIX2GI1sjqbxhYc2YK,"Mek Dem Move","Mek Dem Move","Mwana Pyro;The Roots Brothers;Pipe Roots;Metis;Almalion DJ",2026-04-03,180612,40,true,,2026-05-20T05:01:11Z,"dancehall,shatta,rap japonés","Dinastia INC",0.912,0.785,11,-4.14,0,0.201,0.0643,0.0000159,0.0756,0.829,98.007,4
spotify:track:4uiygCbeafN958gVai05oG,"No Vaseline","No Vaseline","Bessey",2026-03-27,162045,43,true,,2026-05-18T19:06:08Z,"bass house,tech house,bassline","Night Bass Records",0.712,0.953,4,-4.263,0,0.0361,0.000802,0.576,0.0938,0.391,132.022,4
spotify:track:3Cjb8j5JpoPevRv6BsxRsm,"Que Locura Enamorarme De Ti","Lluvia (Baile Total)","Eddie Santiago",2017-11-24,310226,71,false,,2026-05-17T09:02:40Z,"salsa,merengue","UMLE - Machete",0.773,0.816,1,-6.368,1,0.0408,0.694,0,0.0724,0.957,93.579,4
spotify:track:3UygY7qW2cvG9Llkay6i1i,"Going Under","Fallen","Evanescence",2003-03-04,214946,83,false,,2026-05-17T04:59:56Z,"metal alternativo","The Bicycle Music Company",0.37,0.858,11,-4.885,0,0.0545,0.00815,0.0000212,0.229,0.464,175.077,4
spotify:track:4NPIkDt08kLz70gHOrO5uU,"What's up, people?!","Bu-ikikaesu","MAXIMUM THE HORMONE",2007-03-14,250226,1,false,,2026-05-16T09:32:40Z,"rock japonés,anime,visual kei","33cjl./VAP",0.385,0.976,7,-3.788,1,0.252,0.0329,0.00767,0.445,0.206,160.977,4
spotify:track:2Kd1MT5y2CVTJsD9vUc9Yf,"Lo Arriesgo Todo","Lo Arriesgo Todo","Bruno Mars",2026-05-08,204068,74,false,,2026-05-11T18:34:03Z,"","Atlantic Records",0.562,0.359,2,-9.401,1,0.0342,0.507,0,0.059,0.362,85.866,4
spotify:track:0fx132zL9MIJW1ZlhhMqcg,"What Ya Got 4 Me","What Ya Got 4 Me","Pirapus;Signum",2026-04-03,224163,42,false,,2026-05-09T22:03:40Z,"drum and bass,trance,hard house,trance progresivo","Armada Music",0.462,0.99,1,-1.291,1,0.132,0.00138,0.212,0.57,0.378,175.138,4
spotify:track:3oGH9hQPsS02BzM0iCZ2zs,"TECHNO DRUG - BEAUZ Remix","TECHNO DRUG (BEAUZ Remix)","LNY TNZ;MADGRRL;BEAUZ",2026-04-03,189473,43,true,,2026-05-09T21:56:41Z,"hardstyle,hard techno,techno,hipertechno","Group Chat",0.696,0.997,8,-3.995,1,0.112,0.0304,0.705,0.0669,0.0755,152.03,4
spotify:track:0aruNrdbcZlqrGynYCyEBU,"Weightless","Weightless","it's murph;Arlo;Allegra Miles",2025-12-05,274174,54,false,,2026-05-09T21:51:50Z,"stutter house,house,uk garage,rally house","Sonic Café",0.707,0.865,6,-4.652,1,0.226,0.186,0.000135,0.195,0.334,129.992,4
spotify:track:6q41Dsz7ojekYx6be5ZQfu,"Come To LA","Z-Funk Era","Zak Waters",2015-09-11,225747,3,false,,2026-05-09T21:02:10Z,"future house","Manhattan Recordings",0.619,0.678,0,-5.483,0,0.376,0.611,0.00000136,0.31,0.891,173.902,4
spotify:track:32iSQZZxs5y7WsqCunofMf,"mi gira tutto","mi gira tutto","Kosh Anade",2026-04-17,208510,34,false,,2026-05-09T09:28:05Z,"ambient","Kosh Anade",0.665,0.802,8,-4.752,1,0.315,0.0507,0.00416,0.221,0.486,140.985,4
spotify:track:10OEP8sjV27U8uDG6n9ZC6,"DIE TIEFE","DIE TIEFE","Conrad Taylor;Flash Gea",2025-03-28,139867,45,true,,2026-05-09T05:15:52Z,"hard techno","Taylor Records",0.493,0.971,10,-5.165,0,0.063,0.00527,0.17,0.179,0.352,151.02,4
spotify:track:040CeSVj4n3aDCEsscMvJL,"LAS XII","LAS XII","Fresh Bodden;Lion Fiah;Kybba;Gangsta",2025-11-07,172200,47,true,,2026-05-08T07:02:51Z,"dancehall,shatta,moombahton","Coin Sound Music",0.844,0.864,7,-3.147,0,0.0864,0.0518,0.0155,0.0751,0.77,99.994,4
spotify:track:636wKMsOKt8ag9rqfMhtig,"Confessions","Confessions","4K;Conni",2024-06-07,233142,48,false,,2026-04-25T21:04:13Z,"drum and bass,jungle,liquid funk,rally house","DnB Allstars",0.638,0.706,2,-4.569,1,0.0995,0.00129,0.0416,0.16,0.0768,175.047,4
spotify:track:7Hxb6Ex5jmYE75mIsqBYKy,"NOT A LIAR","NOT A LIAR","FUZION",2026-03-06,137683,48,false,,2026-04-25T21:02:12Z,"uk garage","AAO Records",0.821,0.739,8,-5.876,1,0.11,0.446,0.792,0.0872,0.171,139.999,3
spotify:track:1dpB1jrziyaczTQvvz8du1,"WILDFIRE","WILDFIRE","FUZION;Zeli",2025-10-31,177111,41,false,,2026-04-25T21:01:26Z,"uk garage","AAO",0.78,0.617,9,-7.094,1,0.0583,0.253,0.054,0.0955,0.117,135.05,4
spotify:track:2Bhqg1ONbtcFBTR96H7oQw,"Illusions - Harpsichord Mix","Stash","Cypress Hill",2002-07-02,209200,64,false,,2026-04-25T07:56:33Z,"hip hop de la costa oeste,hip hop old school,rap rock,hip hop","Columbia",0.85,0.723,2,-8.789,1,0.171,0.00943,0.0818,0.101,0.55,90.961,4
spotify:track:7kCPk1PXGc7qO3vUOi0WBu,"Is You Cheating","Is You Cheating","EJ Rogers",2026-04-10,200399,32,true,,2026-04-21T06:41:32Z,"","SpillzRus",0.751,0.377,5,-11.643,0,0.184,0.0807,0,0.245,0.566,127.872,4
spotify:track:3oK6JBAX6YG8VWaWKMItTI,"Badman Party","How You Bad Suh","Kybba;Blaiz Fayah;Sukuward",2025-10-03,111690,56,false,,2026-04-20T17:25:36Z,"dancehall,shatta,moombahton,ragga","Basshall",0.907,0.692,1,-5.434,1,0.156,0.718,0.0000126,0.0491,0.768,98.176,4
spotify:track:0Fk2JzsQIhZvfm5AC0FRKG,"Something Going On - Kompa Gouyad Extended Mix","Something Going On (Kompa Gouyad Extended Mix)","Kaysha;Dj Benjimix;Gellokeyzz;G-Mixx;JustGerdy",2020-10-09,308365,66,false,,2026-04-20T17:15:08Z,"kizomba,zouk,kompa,coupé décalé","Sushiraw",0.596,0.656,6,-8.189,0,0.0427,0.147,0.102,0.116,0.662,167.97,4
spotify:track:5BWl0xCPC6D3OqO3CKRAPa,"IT IS WELL","IT IS WELL","Victor Ivyic",2026-03-01,479360,60,false,,2026-04-20T17:07:31Z,"góspel,afro soul,afrogóspel","KING IVYIC STUDIOS",0.464,0.52,8,-14.067,1,0.0537,0.0821,0,0.103,0.355,96.181,4
spotify:track:7tFly9x0xPRn8FyS6auYhQ,"Tobeta Bango","Tobeta Bango","Karibu Kidz",2026-03-18,149039,58,false,,2026-04-20T15:59:47Z,"ndombolo,rumba congoleña,coupé décalé","Karibu Kidz LLC",0.678,0.776,4,-11.073,0,0.04,0.0227,0,0.602,0.811,118.64,4
spotify:track:4LSu0MjxfmqMgEJf4GMnlU,"Riviera Paradise","In Step","Stevie Ray Vaughan",1989-06-06,529463,53,false,,2026-04-20T06:29:57Z,"blues rock,classic blues,blues,rock sureño,blues modern,rock clásico","Epic",0.526,0.214,8,-18.89,0,0.0358,0.754,0.782,0.334,0.203,116.743,4
spotify:track:3toXFhdNpH0Cs5vQkTrHQ3,"Too Young to Die","Emergency on Planet Earth (Remastered)","Jamiroquai",1993-06-14,365733,61,false,,2026-04-19T07:12:09Z,"acid jazz","Sony Music UK",0.789,0.83,8,-3.267,1,0.08,0.0631,0.00226,0.597,0.676,101.78,4
spotify:track:5ADhevsfCte2OEoI7c5VQi,"Nothing Left","Nothing Left","Twin Diplomacy;Arlo;Emi Grace",2026-04-03,191641,34,false,,2026-04-18T17:40:18Z,"stutter house,house,uk garage,rally house","TWO[TONE]",0.842,0.824,8,-3.485,0,0.311,0.212,0.0788,0.16,0.55,133.903,4
spotify:track:2PYyoWPyuO5DbEIsMDGLDs,"Echoes","Echoes","Olexandr Ignatov",2025-11-21,144048,60,false,,2026-04-18T13:26:56Z,"","Aemeralds GmbH",0.323,0.142,5,-21.09,0,0.0332,0.977,0.927,0.112,0.345,170.193,4
spotify:track:7gHFBNy0Qn86xGKJ9OdFTw,"Misty","Sarah Vaughan's Golden Hits","Sarah Vaughan",1958-07-07,179373,58,false,,2026-04-14T12:25:41Z,"vocal jazz,jazz,baladas de jazz","Mercury Records",0.21,0.214,5,-14.454,1,0.0376,0.976,0.000959,0.366,0.14,183.416,3
spotify:track:1WG1xJsr8uaAJdmB7kSkF9,"Imperio","Imperio","Jøtta;Lion Fiah",2026-03-12,124094,47,false,,2026-04-13T17:57:12Z,"salsa choke,dancehall,shatta,moombahton","Bee Music",0.652,0.646,3,-6.529,0,0.302,0.00723,0.0000107,0.0353,0.73,119.874,5
spotify:track:0j5CaQ9881LxFM8Cwh9JuH,"Turbo Speed","Turbo Speed","Control Alt Delete",2026-03-06,168275,45,false,,2026-04-12T18:38:03Z,"drum and bass","oury",0.648,0.811,11,-2.707,1,0.128,0.0544,0.0084,0.232,0.406,174.067,4
spotify:track:0ecD8yDb6UxZdVnlyQrAkk,"Acid Sound","Acid Sound","T78;KAMI",2026-03-06,241935,33,false,,2026-04-12T18:36:17Z,"techno,acid techno,hard techno,tekno,hardstyle,frenchcore,hardcore","EXTATIC Records",0.623,0.997,1,-1.915,1,0.198,0.000493,0.0507,0.949,0.329,155.026,4
spotify:track:6IHUVOd7zmRYkZdrAYWNMF,"SHE TOXIC","SHE TOXIC","ero808;NXSTY",2026-04-03,158222,35,true,,2026-04-12T18:34:58Z,"bass house","ero808",0.711,0.862,11,-4.375,1,0.0346,0.00184,0.2,0.0792,0.0857,135.073,4
spotify:track:1unlWf6dqVy71XhAdlMjH0,"Nobody Knows - Belters Only Remix","Nobody Knows (Belters Only Remix)","Ape Drums;Clementine Douglas;Belters Only",2024-11-22,197423,61,false,,2026-04-12T18:31:01Z,"moombahton,afro tech,afro house,house","Selected.",0.686,0.821,4,-8.41,0,0.0453,0.0459,0.245,0.0684,0.419,130.041,4
spotify:track:20gQ2YTRFIzSwLla3GRsGp,"WAY YOU SMILE","TO MAKE PEOPLE HAPPY","AVAION",2026-01-16,202500,43,false,,2026-04-11T15:34:06Z,"stutter house,deep house","RCA Local",0.88,0.397,7,-6.92,1,0.506,0.293,0.406,0.144,0.234,144.081,4
spotify:track:50Z3G4aImYYVjvIi2nEEGK,"Remember","Remember","Oppidan",2023-03-31,174659,36,false,,2026-04-11T15:33:12Z,"uk garage,bassline,rally house","Oppidan",0.915,0.636,9,-4.707,0,0.311,0.125,0.0504,0.127,0.12,131.966,4
spotify:track:2ClGz24bLUgT47UAejH44g,"All Over My Body","All Over My Body","Ghydora",2026-04-02,139100,0,false,,2026-04-11T15:31:42Z,"","DAEMON RECORDS",0.666,0.773,8,-7.503,1,0.0537,0.0628,0.0188,0.2,0.266,140.382,4
spotify:track:30utr0JCDJbOgMPoUuV8uw,"KODAK","KODAK","ero808;NXSTY",2026-02-06,173913,42,true,,2026-04-09T09:47:54Z,"bass house","Gotta Move",0.733,0.871,11,-4.818,1,0.0432,0.0164,0.0000376,0.337,0.55,138.047,4
spotify:track:2NhAKfgv6HVuRZvsDTagJy,"Pressure","Pressure","WLCH;Aivarask",2026-03-27,137879,51,false,,2026-04-09T09:47:23Z,"slap house","Garde",0.864,0.626,9,-6.952,1,0.0449,0.195,0.0459,0.188,0.135,128.009,4
spotify:track:66p7U4TiKUnksPN52CFFep,"Roll the Dice","Roll the Dice","Maxomar;WAKEUP",2026-03-27,126956,38,false,,2026-04-09T09:47:07Z,"","Maxomar, WAKEUP",0.851,0.663,1,-7.397,1,0.289,0.482,0.385,0.193,0.39,138.025,4
spotify:track:2D9coh76MCXNqDEUCHl5vl,"AWGAZI","AWGAZI","Palm Monkey;RUSSI;The Palm Tree Boy",2025-11-21,166779,81,false,,2026-04-09T09:46:49Z,"afro house","LoudKult",0.696,0.705,8,-9.068,0,0.155,0.224,0.0000376,0.179,0.557,118.035,4
spotify:track:1Oq9gzmNzaMgPMw8tQrIux,"No More Blah Blah","No More Blah Blah","Vesanic;ünperturbed",2026-04-03,126937,52,false,,2026-04-09T09:46:13Z,"hard techno,techno hardcore,techno","Discover.",0.84,0.893,9,-3.496,1,0.0456,0.00143,0.053,0.0992,0.559,128.2,4
spotify:track:5LQvRW6HBibVeZ81btQDvj,"Wrecking Ball (In the style of Linkin Park)","Wrecking Ball (In the style of Linkin Park)","Anthony Vincent;Mac Glocky",2026-03-05,209733,51,false,,2026-04-09T09:45:38Z,"shoegaze","Ten Second Records",0.491,0.922,9,-5.098,1,0.0442,0.000392,0.000347,0.251,0.252,80.99,4
spotify:track:1OcV53oesLQw3VTW9I3uD3,"Waterfalls (feat. Sam Harper & Bobby Harvey)","Waterfalls (feat. Sam Harper & Bobby Harvey)","James Hype;Sam Harper;Bobby Harvey",2025-08-08,120578,83,false,,2026-04-09T09:44:26Z,"house,tech house","Universal-Island Records Ltd.",0.604,0.801,6,-4.167,0,0.0668,0.049,0.00000629,0.169,0.528,138.072,4
spotify:track:0amlWoBwltBlp1XGMrS5js,"I LIKE","I LIKE","Minzie",2026-02-27,130000,42,false,,2026-04-09T09:42:56Z,"dark r&b","Coasthill IV",0.55,0.3,1,-11.878,1,0.132,0.625,0.399,0.178,0.489,60.476,4
spotify:track:3QHv1WNp8bSEx7pqRDqtNB,"impatient","impatient","dusk",2026-03-27,193000,39,false,,2026-04-09T09:42:25Z,"","dusk",0.564,0.801,6,-8.797,0,0.0416,0.41,0.793,0.107,0.276,119.931,4
spotify:track:4kVGdg7SoWVii2whrSZVZ0,"Wicked Game","Wicked Game","vidi roca;Giorgio Gee",2025-03-21,169961,64,false,,2026-04-09T09:42:07Z,"stutter house,afro house,slap house,deep house","THE NIGHT DRIVE",0.651,0.849,9,-8.63,1,0.0476,0.338,0.153,0.39,0.0601,121.986,4
spotify:track:0RZjuYWQ7nXV0iij60LYgJ,"Disco Turbo","Disco Turbo","Jafunk;Haile Supreme;Triple H Horns",2025-08-13,176458,49,false,,2026-04-08T20:57:05Z,"funky house,nu disco,retro soul","Luckie Star Records",0.735,0.757,7,-6.276,0,0.0444,0.597,0,0.192,0.925,126.035,4
spotify:track:4s0xKRDzWDrTGjGpJg6xvR,"COME SAY SUM","COME SAY SUM","Lauren Sanderson",2026-03-25,145973,54,true,,2026-04-08T20:46:01Z,"","Create / Pack Records - JV",0.776,0.806,1,-4.077,1,0.0655,0.0319,0,0.139,0.583,110.005,4
spotify:track:4pFrn7MBtpwXlsyO5CbCj2,"Por Tu Maldito Amor","Por Tu Maldito Amor","Vicente Fernández",1990-04-17,238000,70,false,,2026-04-08T20:38:23Z,"ranchera,mariachi,música mexicana,norteño,bolero,banda","Columbia",0.551,0.286,9,-7.398,1,0.0332,0.752,0,0.27,0.408,83.086,4
spotify:track:4pHVdkN98bY0UoEHcvGVMw,"LA NUIT","MONSIEUR SAUDADE II","Abou Tall;Tayc",2025-12-05,233866,48,false,,2026-04-08T09:28:59Z,"r&b francés,pop urbaine,rap francés,afrobeats,afrobeat","Play Two",0.487,0.765,11,-6.235,0,0.095,0.212,0.00356,0.369,0.478,116.502,5
spotify:track:64N74inwNvjJ7H2jNe2uhT,"Money","Money","Cleyton M;DJ Aka-m",2025-11-25,178842,55,false,,2026-04-08T07:42:54Z,"kuduro,afro house,shatta","Quentasso Music",0.834,0.827,1,-3.594,1,0.199,0.161,0.0256,0.084,0.765,133.97,4
spotify:track:3Uzj3nb1oMb7gD7K7MKlQz,"Lock It","Lock It","Flowidus;Loboski",2026-03-27,192000,53,false,,2026-04-06T09:02:47Z,"drum and bass,liquid funk,uk garage","Wobbles & Waffles",0.603,0.893,11,-1.862,1,0.0485,0.00972,0.49,0.0912,0.559,175.089,4
spotify:track:2bHEUFJbkYun5C00FQVR5l,"Pump It (Limitlezz)","Pump It (Limitlezz)","Slayer FIJI",2025-01-09,109598,29,false,,2026-04-06T08:57:53Z,"moombahton,shatta","4414154 Records DK",0.842,0.778,9,-3.537,1,0.0827,0.0558,0.000772,0.301,0.951,100.084,4
spotify:track:1vH3BkNnHqOpWA4jsmDEH2,"Beautiful (with Joji)","Beautiful (with Joji)","Anyma;Joji",2026-04-03,215433,69,false,,2026-04-05T11:45:14Z,"techno melódico,house melódico,techno,stutter house","Anyma/Interscope Records",0.615,0.749,6,-7.211,1,0.0388,0.0307,0.00121,0.0693,0.25,126.898,4
spotify:track:7D8sydJnte3T1wNzpKpnBb,"Let it Ring","You Got Me","Grim.exe",2026-02-20,177719,46,false,,2026-04-05T08:40:06Z,"","Kapunka Records",0.943,0.397,10,-14.427,0,0.243,0.0556,0.0146,0.123,0.408,122.046,4
spotify:track:2R1GU3TZzme6LfIeEcussp,"LA MALDICIÓN","LA MALDICIÓN","Santi Muk",2026-02-13,169999,53,false,,2026-04-05T08:29:18Z,"","Santi Muk",0.839,0.552,6,-7.743,0,0.0562,0.272,0.00185,0.326,0.968,126.051,4
spotify:track:2kfSFdq2h0xLXq01em1zc7,"La Gata Bajo la Lluvia","Sus 16 Grandes Exitos","Rocío Dúrcal",1983-03-05,219106,70,false,,2026-04-04T18:43:44Z,"mariachi,ranchera,bolero","Ariola",0.499,0.648,7,-5.812,1,0.0331,0.723,0,0.576,0.464,88.14,4
spotify:track:2XDmP2r2wd3qSuZ2vu3z7k,"Back To You (feat. Emi Grace)","Back To You (feat. Emi Grace)","Sunday Scaries;Emi Grace",2026-03-06,194488,53,false,,2026-04-04T16:49:15Z,"","10K Projects",0.77,0.576,4,-10.704,0,0.12,0.139,0.00201,0.123,0.161,136.031,4
spotify:track:5zdWreHTdwDpOcuQV2IEjv,"Brasil","Brasil","M4IA",2026-03-19,51879,23,false,,2026-04-04T16:46:13Z,"","Bass House Mafia",0.854,0.746,0,-12.773,1,0.184,0.0494,0.00000358,0.199,0.334,130.117,4
spotify:track:3tQEKeY25LuWkZ57Xs0uZZ,"Echo Odd","Echo Odd","Willowake",2025-08-26,180369,56,false,,2026-04-04T16:13:49Z,"","Willowake",0.446,0.979,1,-4.595,1,0.128,0.000468,0.0000723,0.232,0.389,167.954,4
spotify:track:6bQZrdtMUYqDx5ddQMBOWU,"KOLO","KOLO","Chisway",2026-02-11,148581,43,false,,2026-04-04T14:40:07Z,"afrobeats,afrobeat","AFROCHIS",0.803,0.684,0,-6.757,0,0.0754,0.129,0.00013,0.104,0.628,104.981,4
spotify:track:2yULF2pRopxBbM0qK1FPN4,"Work That","Work That","Creeds",2022-11-09,246400,45,false,,2026-04-03T11:47:30Z,"techno,hipertechno,hard techno,tekno","Omny Lab",0.646,0.938,11,-2.815,0,0.173,0.0038,0.0611,0.0432,0.622,74.953,4
spotify:track:43OMUa5jouGCZEz9k9vooo,"Push Up - Original Mix","Push Up (Original Mix)","Creeds",2022-12-21,240000,60,false,,2026-04-03T11:36:14Z,"techno,hipertechno,hard techno,tekno","Columbia/B1 Recordings",0.714,0.917,7,-6.649,1,0.0869,0.0509,0.823,0.0725,0.579,160.057,4
spotify:track:1QhytEBWgnbSzQTF0xsCgV,"Los Tontos - Live at NPR's Tiny Desk","El Madrileño (La Sobremesa)","C. Tangana;Kiko Veneno",2022-02-18,251413,50,false,,2026-04-01T20:01:04Z,"flamenco,flamenco pop","Sony Music Entertainment",0.616,0.649,9,-9.92,0,0.283,0.547,0,0.34,0.368,107.413,4
spotify:track:5SudOD9R1Of6CsJVWZy6CQ,"Dardos","Better Late Than Never","Romeo Santos;Prince Royce",2025-11-28,243070,87,false,,2026-03-30T07:53:20Z,"bachata,latina","Sony Music Latin",0.741,0.725,5,-5.129,1,0.0374,0.218,0,0.138,0.659,126.946,4
spotify:track:4fn2fJjnuu5vxR2sRw5D5t,"Bemba Colora - Live","A Night Of Salsa","Celia Cruz",1999-01-01,555000,40,false,,2026-03-28T07:31:44Z,"salsa,son cubano,bolero,chachachá,merengue,mambo,latina,latin dance,jazz latino","UMLE - Latino",0.51,0.796,3,-5.937,0,0.144,0.682,0,0.818,0.758,78.071,4
spotify:track:6gOgTWY8trzXja4ZfmqFKt,"Stairway to Heaven (Live At The Kennedy Center Honors)","Stairway to Heaven (Live At The Kennedy Center Honors)","Heart",2013-01-15,478819,63,false,,2026-03-26T05:45:10Z,"rock clásico,aor,rock","Heart General Partnership",0.236,0.508,7,-11.523,1,0.0601,0.22,0.00174,0.983,0.308,86.882,4
spotify:track:7mU1fei7P9h4mpjP2Otdw5,"Tonto","Tonto","J Balvin;Ryan Castro;DJ Snake",2026-02-27,140816,69,true,,2026-03-23T07:17:44Z,"reggaetón,latina","Capitol Records",0.91,0.807,6,-2.72,1,0.0689,0.27,0.00422,0.311,0.895,98.03,4
spotify:track:1Vwcgu1NQ6s7pD70c37kr7,"State Your Name","State Your Name","Starjunk 95",2025-12-12,162480,45,false,,2026-03-20T17:34:15Z,"rally house,breakcore","Smile Bomb",0.771,0.904,1,-3.735,1,0.0509,0.033,0.23,0.355,0.289,124.97,4
spotify:track:4MxQaWg2oZ0UA3QB3nDhoo,"Addicted","Addicted","Dj Fasta;Basta Lion;AMEIRO",2026-03-06,226421,25,false,,2026-03-20T17:33:04Z,"shatta,moombahton,dancehall,dark r&b","Basshall",0.867,0.832,10,-5.516,0,0.187,0.112,0.0238,0.345,0.459,94.991,4
spotify:track:5ZWJAsrrjXUBPv3tYxaHEN,"Disguise","Disguise","Taiki Nulight;borne",2025-12-12,193273,37,false,,2026-03-18T21:13:12Z,"bass house,bassline,g-house,uk garage,bass music,dubstep","Polydor Records",0.585,0.693,7,-3.827,0,0.0449,0.0109,0.0106,0.167,0.0758,139.906,4
spotify:track:6wr4TgWw3Y5rSG90vZbQgT,"When Will You Fall Into My Arms","When Will You Fall Into My Arms","Arlo;Emi Grace",2026-02-24,279602,38,false,,2026-03-18T21:12:24Z,"uk garage,stutter house,rally house","Arlo & Emi Grace",0.828,0.771,7,-4.704,0,0.183,0.146,0.000587,0.102,0.252,132.021,4
spotify:track:4675Tp7PNxE8ogRBTzL9Ek,"But I Need It","But I Need It","fromclay;Arlo;Emi Grace",2026-01-30,218797,36,false,,2026-03-18T21:11:41Z,"uk garage,stutter house,rally house","4342895 Records DK2",0.816,0.877,8,-3.412,1,0.171,0.0182,0.0895,0.0718,0.575,132.993,4
spotify:track:0qYLUdJQMhrCFA9dNZGcnm,"UN AUTRE JOUR","FRANCS-TIREURS PARTISANS","FEMTOGO",2025-02-11,175000,54,true,,2026-03-15T07:37:22Z,"rap francés,new wave","ANY MERCY FORBIDDEN",0.899,0.702,1,-3.935,1,0.147,0.435,0,0.112,0.494,96.064,4
spotify:track:655gNlXQ7zb9jPrTuqJ4mf,"Revolver","Evil Empire","Rage Against The Machine",1996-04-16,327946,52,true,,2026-03-15T07:37:16Z,"rap metal,rap rock,metal alternativo,nu metal","Epic",0.35,0.792,7,-8.214,1,0.0951,0.00876,0.0249,0.0661,0.156,138.38,4
spotify:track:3lIRT0z9PSb6AIrWnUjMnM,"No Surprises","No Surprises","Juliana Chahayed",2022-09-30,120961,63,false,,2026-03-14T00:16:34Z,"lo-fi indie","Overall",0.621,0.0957,10,-19.85,0,0.0352,0.996,0.766,0.0888,0.158,77.866,4
spotify:track:6p7NS2GIdm1wveWepRKYrs,"Banm Bagay La","ALTER EGO","Dee End;Dj Tyson;T-Gui",2024-10-11,258229,28,false,,2026-03-12T07:02:36Z,"kompa,zouk,kizomba,shatta","Dee End Music",0.57,0.813,9,-7.184,0,0.0289,0.136,0.0000612,0.244,0.518,160.011,4
spotify:track:33MHXe3XmCiqJRgXOOvua2,"EL ÚNICO - Live at NPR MUSIC's Tiny Desk","EL ÚNICO (Live at NPR MUSIC's Tiny Desk)","CA7RIEL & Paco Amoroso",2025-02-26,186837,49,true,,2026-03-11T09:04:09Z,"","5020 Records",0.712,0.507,11,-10.785,0,0.213,0.259,0.000114,0.273,0.556,121.274,4
spotify:track:3358ODoeU1Ql9ntJXKzo3y,"My Heart Goes Boom","My Heart Goes Boom","KXXMA;BOVSKI;Corena",2024-10-18,148645,54,false,,2026-03-06T18:27:04Z,"hipertechno,techno,uk garage","Zeitgeist",0.62,0.98,0,-4.504,1,0.261,0.12,0.00433,0.618,0.39,155.073,4
spotify:track:2uoOm55gLvLMALwXmKrwXc,"Death Don't Have No Mercy","Harlem Street Singer","Rev. Gary Davis",1992-01-01,283106,46,false,,2026-03-06T12:57:21Z,"country blues,ragtime,classic blues,blues,southern gothic","Original Blues Classics",0.655,0.185,4,-14.009,0,0.0511,0.872,0.000697,0.0789,0.558,116.652,4
spotify:track:6PwzLoceiurybcRmxPvsIP,"LET ME BE","LET ME BE","The Second Voice",2026-01-26,189853,19,false,,2026-03-06T12:49:54Z,"afro soul","INT Vibez",0.834,0.568,2,-10.667,1,0.0419,0.227,0.683,0.0633,0.316,112.994,4
spotify:track:3wARNOXPa2RTE8tkmZ7pLV,"BAD & BBC RICH","BAD & BBC RICH","Mavado;DJ MAC;CrashDummy",2026-02-20,144169,56,true,,2026-03-01T10:48:58Z,"dancehall,ragga,soca,riddim,reggae","DJ MAC MUSIC/CRASHDUMMY",0.626,0.658,0,-6.264,0,0.376,0.33,0,0.27,0.653,66.257,5
spotify:track:1VNWaY3uNfoeWqb5U8x2QX,"Lonely Day","Hypnotize","System Of A Down",2005-11-22,167906,86,false,,2026-03-01T10:35:55Z,"nu metal,metal,metal alternativo,rap metal,rock","American/Columbia",0.47,0.796,8,-3.277,0,0.0336,0.362,0.0000011,0.133,0.215,113.108,3
spotify:track:7pDFd3sgEoPnka6k9IyBcH,"Are You Even Real (feat. Givēon)","I've Tried Everything But Therapy (Part 2)","Teddy Swims;GIVĒON",2025-01-24,147702,71,false,,2026-02-28T21:26:31Z,"r&b","Warner Records",0.794,0.296,6,-5.442,1,0.126,0.296,0,0.174,0.617,74.906,3
spotify:track:3NFyvuSE0PnDoXgpjBEAyh,"I Just Might - Austin Millz Remix","I Just Might (Austin Millz Remix)","Bruno Mars;Austin Millz",2026-02-13,196551,61,false,,2026-02-28T21:19:41Z,"","Atlantic Records",0.713,0.751,7,-6.467,1,0.191,0.0962,0.0000621,0.129,0.44,115.904,4
spotify:track:6JkQb1qCCJDBV7kW5vJUAH,"ACID","ACID","Hardwell;Maddix;Luciana",2023-05-05,181333,61,false,,2026-02-28T20:15:54Z,"big room,edm,house progresivo,electrónica,techno,hard techno,acid techno,hipertechno,melbourne bounce","Revealed Recordings",0.573,0.982,0,-5.518,1,0.0576,0.0278,0.768,0.386,0.0617,135.034,4
spotify:track:1Lz4HTpfug3bdXQ9Am87Rj,"Ready For It","Ready For It / Hidden","Basstripper",2025-12-04,190628,42,false,,2026-02-28T01:03:40Z,"drum and bass","DnB Allstars",0.717,0.934,10,-0.05,0,0.0357,0.0498,0.638,0.0824,0.537,87.574,4
spotify:track:4vDE5oIHdBzhQ0tp8VLMoH,"CD is dead","CD is dead","KIRK",2025-10-24,204403,60,true,,2026-02-28T01:01:54Z,"hard techno,techno,acid techno,bounce","All Ways Dance",0.707,0.999,1,-3.841,1,0.0929,0.0598,0.00211,0.0607,0.727,155.033,4
spotify:track:5PjXgQfiLfYwktkt1lS6a1,"Sorry I'm Like This - BVNQUET VIP Remix","SELECTA: REMIXED","p-rallel;Blanco;ODF;BVNQUET",2026-02-20,169148,16,true,,2026-02-28T00:57:08Z,"uk garage,jazz house,drill británico,drill,grime,afroswing,uk grime,bassline,hard house,rally house","Nevermind Operated",0.859,0.842,11,-7.365,0,0.232,0.00121,0.044,0.0461,0.59,137.963,4
spotify:track:64hwn9NvkLI41Cttdjki2B,"Corps à Corps","Corps à Corps","Dee End;Dj Fopop",2021-02-26,358634,35,false,,2026-02-27T14:49:17Z,"kompa,zouk,kizomba,shatta","685740 Records DK",0.601,0.773,3,-8.794,0,0.0335,0.12,0.0134,0.138,0.68,153.395,4
spotify:track:5VzNsUnLmYcRfRfxpQsusa,"La Nota","Dopamina","Manuel Turizo;Rauw Alejandro;Myke Towers",2021-04-09,216107,64,false,,2026-02-27T14:22:22Z,"reggaetón,tropipop,latina,pop urbano,urbano latino,trap latino","Sony Music Latin/La Industria",0.736,0.632,11,-4.939,0,0.0648,0.18,0,0.349,0.503,92.03,4
spotify:track:4k6bmQ2q8vlo5seLmGQorv,"Talisman","Talisman","Lenge;Pimf;Nino",2025-09-12,192366,45,true,,2026-02-27T13:34:07Z,"hip house,rally house,hip hop alemán","Lenge",0.966,0.82,9,-5.13,1,0.227,0.00135,0.0000489,0.0907,0.696,131.017,4
spotify:track:3HCzj965m8Fz2E8wZkir6q,"They Want EFX","Dead Serious","Das EFX",1992-04-07,221400,51,false,,2026-02-26T09:35:38Z,"hip hop de la costa este,hip hop old school,hardcore hip hop,hip hop,boom bap","Rhino Atlantic",0.755,0.459,5,-12.84,0,0.358,0.115,0,0.0851,0.597,98.454,4
spotify:track:0xjmTJrupL1MA0kDLgqUkR,"I Love It","I Love It","Kybba;J Balvin;Rytikal",2026-02-13,178144,61,false,,2026-02-24T17:39:41Z,"dancehall,shatta,moombahton,reggaetón,latina","Basshall",0.836,0.742,3,-4.318,0,0.0749,0.399,0.000223,0.102,0.643,96.956,4
spotify:track:2TUFKhKl4EZYAo3D9FXU5E,"Pieces","Selfreflection","AVAION",2024-04-19,195030,65,false,,2026-02-21T11:45:07Z,"stutter house,deep house","RCA Local",0.697,0.275,4,-13.333,1,0.0765,0.873,0.324,0.109,0.189,120.009,4
spotify:track:6xLYYkDcCm06f0f96uldL8,"Gabber Taube","Gabber Taube","Jerome Molnar;XEDOX",2026-02-13,138181,46,false,,2026-02-19T21:23:00Z,"gabber,frenchcore,techno hardcore,tekno","MusicHub",0.632,0.962,6,-3.871,1,0.114,0.0937,0.295,0.116,0.665,164.988,4
spotify:track:27PPzQyuNkGn8YRNtuPx0X,"Let Me","Let Me","Victoria Monét",2026-02-11,291513,64,false,,2026-02-19T08:38:26Z,"r&b alternativo","Lovett Music/RCA Records",0.298,0.39,9,-9.55,1,0.0633,0.714,0,0.201,0.333,73.57,4
spotify:track:44KIBnrWTiWzXmntyVYNqm,"Opps","Opps","Lhiroyd;DJ MAC;CrashDummy",2026-01-23,134383,35,true,,2026-02-19T08:30:08Z,"shatta,pop urbaine,r&b francés,dancehall,riddim,soca","Next Up Music Group",0.797,0.538,7,-7.236,0,0.433,0.0503,0.000935,0.0734,0.558,66.686,5
spotify:track:2LkLJhskz3IJZFQHAbmgmt,"Woosah","Late Nights: The Album","Jeremih;Juicy J;Twista",2015-12-04,329506,56,true,,2026-02-18T10:43:38Z,"crunk","Def Jam",0.624,0.322,9,-11.794,0,0.679,0.406,0,0.103,0.341,79.988,5
spotify:track:4zaMKoMwrTsV8bqIUKuLI3,"吳愛花WU AI-HUA","吳愛花WU AI-HUA","WU AI-HUA",2026-01-13,193371,40,false,,2026-02-18T09:33:27Z,"","WM China",0.638,0.742,10,-7.227,0,0.0838,0.0283,0.000335,0.0936,0.341,82.487,4
spotify:track:0T5iouyV6JtnmWqUgzmnKg,"Quiero Ver Todo","Quiero Ver Todo","Javier Miguel",2025-11-22,180119,42,false,,2026-02-15T10:57:12Z,"soul blues,soul jazz","VoxWave Studio",0.735,0.282,2,-11.921,0,0.0593,0.582,0,0.192,0.515,154.926,3
spotify:track:2dVDbbS9W6n6YY80R4aJdZ,"Alpha","Alpha","Damso;Kalash",2024-11-13,168000,61,true,,2026-02-13T22:44:34Z,"rap francés,pop urbaine,r&b francés,shatta,dancehall,zouk,kompa","Trente-quatre centimes",0.89,0.561,0,-6.908,1,0.0701,0.0807,0.000012,0.0997,0.586,102.032,4
spotify:track:10uIWr3PXul5WzJBy1hskO,"Renaissance","Renaissance","DJ Kuba;Neitan;RAVEKINGS",2024-08-23,167826,62,false,,2026-02-02T18:41:18Z,"big room,bass house,techno","Future House Music",0.714,0.96,0,-2.856,1,0.0582,0.0018,0.00302,0.466,0.376,138.033,4
spotify:track:2nWw7VrUn8Ijo45K6WIIna,"Vielleicht Vielleicht - Holy Priest & elMefti Remix","Vielleicht Vielleicht (Holy Priest & elMefti Remix)","MilleniumKid;JBS;HOLY PRIEST;elMefti",2025-04-12,169818,79,false,,2026-01-30T18:09:39Z,"indie alemán,indie pop alemán,neue deutsche welle,hard techno,techno,techno hardcore,tekno,hardstyle","Warner Music Central Europe",0.534,0.889,7,-6.884,1,0.0603,0.00103,0.000507,0.112,0.554,165.003,4
spotify:track:2Xr1dTzJee307rmrkt8c0g,"love nwantiti (ah ah ah)","CKay The First","CKay",2019-08-30,145800,79,true,,2026-01-29T19:00:13Z,"afrobeats,afrobeat,r&b afro,afropop","Chocolate City Music",0.727,0.739,8,-3.805,1,0.0411,0.365,0.00137,0.161,0.533,93.005,4
spotify:track:3SHtAxsiCxhCGyXDpxl1MI,"Had Enough","Had Enough","TRFN",2026-01-02,145000,58,false,,2026-01-27T12:26:02Z,"slap house,g-house","Garde",0.68,0.774,10,-7.052,0,0.0329,0.00633,0.746,0.313,0.404,135.052,4
spotify:track:2NSGXSn3phBbGnEnWQyyx8,"gravity","gravity","all things break",2025-11-28,230137,73,false,,2026-01-27T12:19:06Z,"deep house","Selected.",0.724,0.657,11,-8.131,0,0.032,0.139,0.637,0.09,0.0686,126.991,4
spotify:track:2Wnh4TOvini4Evajt72qgl,"Fragile Soul","Fragile Soul","Lonelysoul.",2026-01-23,196406,61,false,,2026-01-27T12:16:29Z,"hipertechno","Discover.",0.674,0.643,10,-10.971,0,0.264,0.486,0.00336,0.139,0.119,127.931,4
spotify:track:4emEXP671dnpn1thHrogSe,"Julieta","Julieta","LATIN MAFIA",2021-12-24,210413,76,false,,2026-01-26T13:44:05Z,"r&b latino,indie latino","Rimas Entertainment México S.A. de C.V",0.672,0.273,5,-10.496,0,0.317,0.435,0.000426,0.113,0.373,89.415,4
spotify:track:0G73KRW9kSbr1wcyrCz4GQ,"Montañita","Pack Verano 001","Carlos Corté$",2022-07-13,175714,47,true,,2026-01-24T20:16:23Z,"","Carlos Cortez",0.836,0.353,8,-8.125,1,0.419,0.144,0.00156,0.142,0.492,167.94,4
spotify:track:5ddFjrPG8NgQQ6xlOQIVd2,"Tú Me Dejaste De Querer","El Madrileño","C. Tangana;Niño de Elche;La Húngara",2021-02-26,198493,75,false,,2026-01-24T20:07:31Z,"flamenco,flamenco pop,flamenco urbano","Sony Music Entertainment",0.823,0.723,4,-4.778,0,0.229,0.311,0.00315,0.0998,0.505,83.97,4
spotify:track:0rA0pNjUoFrnVfrRdl6eQN,"Too Shy","Too Shy","Pola & Bryson;IYAMAH",2023-10-13,206896,51,false,,2026-01-14T13:39:03Z,"liquid funk,drum and bass,r&b británico,r&b alternativo,neo soul","Shogun Audio",0.528,0.895,8,-2.534,0,0.156,0.0335,0.0191,0.121,0.0745,79.957,4
spotify:track:6R8ivvjh8Jbz8q8rVCkx0y,"Elohim","By The Water","Sondae",2023-05-23,170322,57,false,,2026-01-13T08:47:15Z,"r&b cristiano,música cristiana,pop cristiano,góspel,lo-fi cristiano,hip hop cristiano,jazz cristiano,afrogóspel,adoración","Wings Music Group Ltd",0.788,0.762,5,-6.537,0,0.0817,0.309,0.000158,0.147,0.713,123.984,4
spotify:track:2VGGQdroduj4dIMGPsBzDG,"THIS YEAR (Blessings)","THIS YEAR (Blessings)","Victor Thompson;Ehis 'D' Greatest",2023-01-04,126206,64,false,,2026-01-12T07:04:47Z,"afrogóspel,góspel,afrobeats,afrobeat","NWE Worldwide",0.571,0.348,9,-9.391,0,0.0854,0.771,0.000125,0.325,0.349,66.337,5
spotify:track:4rRRwQk8RBBM7A9aw8RZy5,"Inside The Rider","Inside The Rider","Disrupta",2025-10-24,190344,51,false,,2026-01-08T07:13:06Z,"drum and bass,liquid funk,bassline,jungle","Crucast",0.4,0.973,0,-2.897,1,0.464,0.0407,0.291,0.0966,0.295,172.469,4
spotify:track:5YqhT9Jiw4wz1qliKQksoZ,"Erlkönig","Erlkönig","Lūcadelic",2025-11-03,156529,69,false,,2026-01-05T23:20:50Z,"","Warner Music Central Europe",0.613,0.783,1,-5.875,0,0.0437,0.355,0,0.255,0.289,92.569,4
spotify:track:0j0fded2CmHxHhvdDJBzfU,"Ocean Gyal","Ocean Gyal","Sleazy Stereo;Contrass",2024-11-08,145000,43,true,,2026-01-05T23:09:40Z,"moombahton,shatta,dancehall","Sleazy Stereo Music",0.798,0.768,6,-2.943,1,0.0763,0.392,0.0000406,0.111,0.763,105.893,4
spotify:track:71opuLWkFhYlqcYYKPkkQw,"The Boy","Through The Wall","Rochelle Jordan",2025-09-26,214026,52,true,,2026-01-03T17:37:56Z,"r&b alternativo","Rochelle Jordan / EMPIRE",0.682,0.612,2,-15.123,0,0.072,0.0966,0.000884,0.076,0.24,114.973,4
spotify:track:2g3S9jyG9dAchzKCCvOXLw,"TARGET JOINT","AIN'T NO DAMN WAY!","KAYTRANADA",2025-08-15,142246,54,false,,2026-01-03T17:19:34Z,"","KAYTRANADA/RCA Records",0.733,0.806,1,-3.974,1,0.0813,0.000139,0.631,0.352,0.429,108.051,4
spotify:track:3hHb8Mw9HvlcFUBlSELElq,"Sal rosa","Sal rosa","LATIN MAFIA",2022-09-16,263606,1,false,,2025-12-30T20:10:14Z,"r&b latino,indie latino","HOME MADE records",0.702,0.267,4,-11.185,0,0.0823,0.62,0.113,0.0944,0.152,122.014,4
spotify:track:6G1Prx5bZTrvYLjHeD5CvK,"Je t'aimais, je t'aime, je t'aimerai","L'essentiel / 1977 - 2007","Francis Cabrel",2007-04-04,276493,54,false,,2025-12-20T09:49:10Z,"variété francesa,chanson,pop francés,house francés","Columbia",0.406,0.399,6,-9.863,1,0.0355,0.828,0.0000628,0.14,0.372,177.547,3
spotify:track:2QazvOMRU7KdBlnPYKMMTF,"Take It, Flip It (Feat. Sik-K)","Take It, Flip It (Feat. Sik-K)","BLASÉ;Sik-K",2023-08-25,182533,29,false,,2025-12-12T19:13:55Z,"k-rap","AT AREA",0.78,0.874,1,-5.059,1,0.31,0.266,0,0.0888,0.675,144.099,4
spotify:track:59JvVOjochY3fqC4MxBWid,"Pull Up","2JZ VOL 2","Ash;Madrik",2025-11-28,142040,16,false,,2025-12-12T19:12:30Z,"moombahton,shatta,dancehall","Badboibeats",0.721,0.718,1,-3.35,1,0.172,0.0727,0.0000135,0.0923,0.419,98.022,4
spotify:track:6ikBVDuu0col4BPICfxr3E,"Coming On Strong","Coming On Strong","Stonebank;EMEL",2020-07-04,174400,28,false,,2025-12-08T22:03:36Z,"happy hardcore,drumstep,dubstep","Monstercat",0.495,0.969,8,-4.562,0,0.402,0.0358,0.924,0.494,0.473,150.003,4
spotify:track:1QpybTT7CadO6tsUBnoukv,"スカイレストラン","Hi-Fi Blend Pt. 1","Hi-Fi Set",2009-07-15,193666,53,false,,2025-12-07T00:10:33Z,"city pop,kayōkyoku,r&b japonés","Sony Music Direct (Japan) Inc.",0.499,0.467,2,-9.999,0,0.0287,0.705,0.00000163,0.461,0.577,81.839,4
spotify:track:51dkiI3HGDrDUluoKhooWj,"HIGHBEAMZ","HIGHBEAMZ","Fraxy",2025-11-28,177333,18,false,,2025-12-05T21:26:49Z,"bass house","Shoot For The Stars",0.76,0.961,11,-1.813,0,0.0426,0.0203,0.805,0.288,0.254,134.995,4
spotify:track:48U5AbxDzrDoVDZcOcXGAz,"High Beams","Last Year Was Weird, Vol. 3","Tkay Maidza",2021-07-09,157154,37,true,,2025-12-05T21:26:37Z,"r&b alternativo","4AD",0.803,0.903,0,-3.281,0,0.107,0.0628,0,0.289,0.517,116.053,4
spotify:track:6QcJITI10hBR3jWWNCBRmc,"Me Against The World","Me Against The World","Moksi;Eleganto",2025-10-31,208768,28,false,,2025-12-05T21:24:20Z,"bass house,future house,g-house","Future House Music",0.384,0.892,2,-4.528,1,0.199,0.00211,0.889,0.153,0.321,133.945,4
spotify:track:3ynLsU2eeew6HJSKKQIsck,"My Fantasy","My Fantasy","HI-LO;Maddix",2024-08-23,180535,46,false,,2025-12-03T19:18:08Z,"techno,future house,house,acid techno,big room,hard techno,hipertechno","HILOMATIK",0.621,0.914,8,-7.329,1,0.0503,0.0373,0.468,0.543,0.574,140.005,4
spotify:track:3fjmSxt0PskST13CSdBUFx,"Somewhere I Belong","Meteora (Bonus Edition)","Linkin Park",2003-03-25,213933,86,false,,2025-12-02T08:54:25Z,"nu metal,rap metal,rock,metal alternativo","Warner Records",0.451,0.951,1,-3.754,1,0.0645,0.000386,0.00000256,0.261,0.441,162.041,4
spotify:track:6ILVeNgfsOG41ioscRql5P,"from me to u (feat. Poppy)","from me to u (feat. Poppy)","BABYMETAL;Poppy",2025-04-04,204526,59,true,,2025-11-29T10:06:35Z,"rock japonés","Capitol Records",0.398,0.961,9,-2.562,0,0.196,0.000719,0.0000944,0.328,0.387,199.969,4
spotify:track:4qhrMsB4w2pHYB3BhX5WPr,"Winny","Winny","Fred again..;Sammy Virji;Winny",2025-11-21,264666,57,false,,2025-11-29T10:05:47Z,"stutter house,house,edm,uk garage,bassline,bass house,alté","Atlantic Records UK",0.549,0.693,1,-7.311,1,0.118,0.00483,0.00149,0.309,0.0857,140.018,4
spotify:track:4x5mN7T4Oenc6LCrkjWKWD,"Billie Jean (Trapsoul) - Reimagined Version","Billie Jean (Trapsoul) [Reimagined Version]","GhostChords Music",2025-11-21,325960,40,false,,2025-11-26T20:36:29Z,"trap soul","GhostChords Music",0.617,0.433,10,-10.663,0,0.0323,0.573,0.00000863,0.203,0.396,97.901,4
spotify:track:6wrptu9SlLfq8bE6C86kEX,"Che Vuole Questa Musica Stasera","Profumo di donna (Original Motion Picture Soundtrack)","Armando Trovajoli",2003,217186,62,false,,2025-11-24T09:23:17Z,"","Creazioni Artistiche Musicali",0.499,0.339,0,-10.147,0,0.0317,0.687,0.0000191,0.112,0.29,90.864,3
spotify:track:5ww2BF9slyYgNOk37BlC4u,"La Bachata","La Bachata","Manuel Turizo",2022-05-26,162637,80,false,,2025-11-23T08:17:20Z,"reggaetón,tropipop,latina,pop urbano","Sony Music Latin/La Industria",0.835,0.679,7,-5.329,0,0.0364,0.583,0.00000198,0.218,0.85,124.98,4
spotify:track:1tzVSIgVtqfWNbQ63Imd5A,"Stop Wait","Stop Wait","ATMOS;Isometrik",2025-11-14,136389,19,false,,2025-11-23T01:05:31Z,"drum and bass,bassline","Souped Up Records",0.707,0.979,10,0.272,0,0.262,0.155,0.0000122,0.0817,0.346,87.297,4
spotify:track:13rpxaxJTnxffe7SV7kvyL,"Te quiero","Te quiero","Liana Malva;Canserbero",2016-08-29,192745,0,false,,2025-11-19T20:49:38Z,"r&b latino,hip hop latino,rap","Habeatat",0.593,0.493,11,-9.205,0,0.277,0.218,0.0395,0.109,0.583,93.086,4
spotify:track:6VS4OTcpylKl984tzFYC11,"Strangers","Polydans","Roosevelt",2021-02-26,220726,0,false,,2025-11-19T20:49:00Z,"nu disco","City Slang",0.657,0.879,0,-4.91,0,0.0741,0.0688,0.776,0.0799,0.901,106.016,4
spotify:track:2yWGRaVPVhSuZRo5IKMgzG,"POCHOCLOS","POCHOCLOS","Bhavi",2022-06-14,139273,35,false,,2025-11-19T20:44:31Z,"trap argentino,trap","Columbia",0.794,0.653,6,-8.469,0,0.271,0.0981,0.0000125,0.175,0.345,115.949,4
spotify:track:1di1BEgJYzPvXUuinsYJGP,"Everybody (Backstreet's Back) - Radio Edit","Backstreet's Back","Backstreet Boys",1997-08-12,225360,83,false,,2025-11-19T20:28:48Z,"","Jive",0.731,0.853,10,-4.219,0,0.0363,0.0352,0,0.268,0.605,108.016,4
spotify:track:1c3yPPjdc1rnxs7U48KPdp,"Let You Go","Let You Go","ALOTT",2025-09-05,238628,45,false,,2025-11-15T21:09:54Z,"slap house","ALOTT",0.751,0.607,5,-7.943,0,0.69,0.351,0.0315,0.196,0.0524,175.137,4
spotify:track:5Paxn5dywfNHfZvguEvP3c,"THUMP","THUMP","Lizdek",2025-10-22,125142,28,false,,2025-11-15T21:03:42Z,"bass music,bass house,edm trap","MONTA",0.892,0.937,1,-3.451,1,0.418,0.0494,0.000744,0.194,0.64,139.873,4
spotify:track:2QSIcVyOxCcNp2navuicUi,"Rude","How You Bad Suh","Kybba;Blaiz Fayah",2025-10-03,147954,59,true,,2025-11-15T20:56:46Z,"dancehall,shatta,moombahton,ragga","Basshall",0.937,0.578,6,-5.042,1,0.148,0.51,0.0000962,0.17,0.527,101.016,4
spotify:track:2breN3aziXGo4v2KGLtLN4,"Loca","Made in March","Puri;Ash",2023-07-21,141223,44,false,,2025-11-11T09:36:23Z,"moombahton,shatta,dancehall","RUPI RECORDS",0.698,0.443,11,-5.95,0,0.517,0.0194,0.0167,0.103,0.559,125.708,5
spotify:track:3pghDavRf2VlzvVKcH28hE,"La Belleza","PO2054AZ (Vol.III)","Sen Senra",2025-06-05,199666,38,false,,2025-11-07T03:01:15Z,"","Universal Music Spain S.L.",0.42,0.424,7,-10.837,1,0.0391,0.581,0.000359,0.284,0.341,106.455,3
spotify:track:0E6sPdgiSSouYVaA3j0Bt6,"PES6","MONEY TIME","Punchologue;FEEL",2025-02-07,123784,39,false,,2025-11-06T16:37:16Z,"rap francés,r&b francés","Punchologue",0.887,0.467,4,-14.178,0,0.265,0.243,0.138,0.107,0.813,127.048,4
spotify:track:5hvyS23Ya468Sp4VeL48U5,"Unhinged","Unhinged","Masego",2025-10-15,184711,69,true,,2025-11-06T11:55:35Z,"","EQT Recordings/Capitol Records",0.462,0.557,2,-7.866,0,0.243,0.347,0.00257,0.224,0.481,91.259,4
spotify:track:5yw0aaUOuwgPAu2EDazGj3,"Para que sientas un poquito la presión","Mini wipe","TangaKod",2025-10-13,99759,19,false,,2025-11-06T11:48:28Z,"","10473763 Records DK",0.75,0.579,9,-11.329,1,0.229,0.299,0,0.0519,0.908,92.087,4
spotify:track:234SaqlzLfKAsE6gsmvMnR,"Victory Lap Five","Victory Lap","Fred again..;Skepta;PlaqueBoyMax;Denzel Curry;Hanumankind;That Mexican OT;D Double E;LYNY",2025-07-09,344571,67,true,,2025-11-05T21:21:40Z,"stutter house,house,edm,grime,uk grime,hip hop en malabar,desi hip hop,drum and bass,bass music","Atlantic Records UK",0.858,0.811,8,-2.315,1,0.0528,0.259,0.00000183,0.0799,0.572,140.04,4
spotify:track:6lBEl5Y8I0UyQG5TdM3ScV,"Say Less (ft. IRAH & Mr Williamz)","Say Less (ft. IRAH & Mr Williamz)","Breakage;SHY FX;IRAH;Mr. Williamz",2025-11-03,196250,44,false,,2025-11-05T20:47:48Z,"jungle,drum and bass,dubstep,grime,liquid funk,breakbeat,bassline,uk garage,ragga,dub","Digital Soundboy",0.689,0.961,5,1.422,0,0.215,0.00709,0.00000663,0.311,0.843,171.975,4
spotify:track:2dtxMxo4srf1VXy6fPkadI,"Hermosa Casualidad","Hermosa Casualidad","Sen Senra;Aitana",2024-05-30,205779,44,false,,2025-11-05T18:57:31Z,"","Universal Music Spain S.L.",0.486,0.796,0,-4.781,1,0.1,0.0326,0.00203,0.365,0.735,82.485,4
spotify:track:2GOfDqnHKoF0dLmTojvl69,"KADDRYO","KADDRYO","Kalash;Sleazy Stereo",2025-07-23,150834,51,true,,2025-11-04T20:25:13Z,"shatta,rap francés,dancehall,zouk,pop urbaine,kompa,moombahton","Play Two",0.883,0.673,0,-5.111,1,0.232,0.368,0,0.117,0.628,100.996,4
spotify:track:3nnimZotOr3KofQvYYdIev,"Energy","Energy","Flava D;Stush",2025-10-24,212671,50,false,,2025-10-24T19:00:02Z,"bassline,uk garage,drum and bass,bass house,liquid funk,funky británico","UKF",0.645,0.869,1,-5.815,1,0.0536,0.000975,0.000076,0.67,0.223,140.021,4
spotify:track:4uL8aMOboWSKK0CWsW5KyD,"Untouchable","Substance","MPH;Habstrakt",2025-10-03,234723,35,false,,2025-10-24T18:50:11Z,"uk garage,bassline,bass house,rally house,g-house,dubstep","MPH",0.85,0.949,7,-3.924,1,0.266,0.134,0.252,0.904,0.311,136.038,4
spotify:track:0QbrC79RH2z5DAramKLDrE,"Loca","Loca","Zero",2025-05-30,237772,35,false,,2025-10-24T18:48:43Z,"bassline,uk garage,bass house,drum and bass","BANGERS ONLY",0.766,0.994,6,-4.865,0,0.0977,0.0112,0.879,0.681,0.517,139.996,4
spotify:track:1vhYsmV8hxv2qxDMySDz88,"Take Your Own Advice","Take Your Own Advice","Venjent",2025-10-13,203720,29,false,,2025-10-24T18:43:20Z,"drum and bass","Chilli Tribe Records",0.266,0.958,5,-2.246,1,0.329,0.0119,0.0262,0.187,0.0608,171.615,4
spotify:track:18HUR5s8wCUinaTrHOpwd3,"DONDE","DONDE","Jony Roy;Lexx Chanyer;Ciju Bless;Lion Bigmao;Joky Sam;Blackmen;Lion K Jhuan;Queens Tafari",2022-03-26,156600,33,false,,2025-10-24T18:33:05Z,"dancehall,shatta,moombahton,hip hop latino","Naeku",0.844,0.816,11,-2.211,0,0.121,0.0154,0.00024,0.071,0.962,99.994,4
spotify:track:2Kx9AfJPaJib9DwAdDYdB9,"BOMBASTIK<3","SENDÉ","Ryan Castro;Blaiz Fayah;Tribal Kush",2025-05-29,168000,69,false,,2025-10-14T09:53:37Z,"reggaetón,shatta,dancehall,moombahton,ragga","AWOO Corp./Sony Music Latin",0.681,0.697,1,-3.998,1,0.124,0.0674,0.00000788,0.149,0.848,180.038,4
spotify:track:7ca2Td5BdpuTXKpSPS0exv,"Orgullo","Orgullo","Justin Quiles",2014-01-16,200986,71,false,,2025-10-10T17:48:20Z,"reggaetón","Rich Music/Ingrooves Records",0.718,0.91,1,-4.102,1,0.0601,0.078,0,0.0805,0.738,83.914,4
spotify:track:5COhYZcL7DlsMVe9CODkIu,"Vamonos pa'l monte","Vamonos pa'l monte","Daniel Diaz y Jafet Murguia",2024-03-30,422247,28,false,,2025-10-10T17:45:52Z,"son cubano,jazz latino,salsa,timba","Aposento",0.593,0.701,0,-7.736,0,0.0806,0.647,0.129,0.659,0.886,119.933,4
spotify:track:03ThZweiBWFP8tOGsk6QMO,"Russian Cream","Glock Bond","Key Glock",2018-02-02,142497,73,true,,2025-10-10T17:32:01Z,"","Paper Route Empire / Key Glock",0.867,0.774,11,-5.791,0,0.315,0.11,0,0.157,0.549,130.007,4
spotify:track:0mROspyBziPHPyxTPFvKaH,"God Is A Weapon","God Is A Weapon","Falling In Reverse;Marilyn Manson",2025-05-20,215444,76,true,,2025-10-10T17:15:37Z,"emo,rap metal,metal industrial,rock industrial,industrial,metal,nu metal","Epitaph",0.526,0.638,0,-4.477,1,0.0361,0.000614,0.00154,0.0961,0.237,134.944,4
spotify:track:6x0s84ib47YDDwuD05Ahud,"Set It All Free","Set It All Free (From ""Sing"" Original Motion Picture Soundtrack/ France Version)","Scarlett Johansson",2016-11-25,214546,31,false,,2025-09-30T06:29:59Z,"","Republic/Universal Pictures/Sing",0.493,0.88,6,-4.441,1,0.144,0.00000587,0.00689,0.111,0.456,134.026,4
spotify:track:55PXJdCwpQ7YmaGDxJdChj,"ME REPRESENT","ME REPRESENT","Jony Roy;Lion Fiah;No La Pare;Miztah Killa;Ras Jahonnan;La Tifa;Ciju Bless;Hamaru;Joseph7Voices;Lexx Chanyer",2024-01-17,385990,32,true,,2025-09-25T06:48:05Z,"dancehall,shatta,moombahton,reggae en español,reggae,champeta","El Komando Inc",0.715,0.963,10,-1.863,0,0.252,0.0362,0,0.501,0.702,101.194,4
spotify:track:2LEFdBlzEJQRKTjI47oHSS,"Key To My Heart","Key To My Heart","BOVSKI",2025-08-15,132006,64,false,,2025-09-25T06:41:22Z,"uk garage","AAO",0.666,0.92,3,-4.963,0,0.0759,0.000981,0.00419,0.0794,0.317,155.028,4
spotify:track:5sZ2bZSGwnq7fiUm5bTSEb,"Only one","Only one","MT-JAY",2025-04-18,156485,20,true,,2025-09-25T06:39:53Z,"","MTS",0.741,0.145,6,-16.184,0,0.0415,0.307,0.0018,0.122,0.42,106.055,4
spotify:track:7pCu8T3dNcNNt1nIMtsQqB,"Low Again","Low Again","BOVSKI",2025-08-01,127123,72,false,,2025-09-25T06:35:56Z,"uk garage","AAO",0.641,0.938,9,-5.169,1,0.0574,0.00212,0.703,0.104,0.542,155.983,4
spotify:track:0oC8NiFS4UNepxVacFRdLr,"Keep Your Head Up","Off The Record","Ronny Jordan;Fay Simpson",2001-01-01,281733,37,false,,2025-09-21T18:29:49Z,"acid jazz,smooth jazz,jazz funk,nu jazz,jazz,jazz fusión","Blue Note Records",0.851,0.429,5,-6.587,0,0.165,0.61,0.00286,0.0905,0.592,82.851,4
spotify:track:2oFy24VoqpshquIj1zC0Oo,"Talk About","Talk About","Asdek",2025-08-22,163722,30,false,,2025-09-20T12:12:34Z,"bass house,g-house","NIGHTMODE",0.67,0.952,9,-4.915,1,0.0672,0.000662,0.823,0.349,0.323,134.978,4
spotify:track:1w5HknXbhqJ1hlDKrIBooY,"In Your Arms","In Your Arms","Shift K3Y",2024-06-21,144000,55,false,,2025-09-20T12:10:51Z,"","Selected.",0.837,0.732,1,-6.223,1,0.102,0.194,0.00875,0.0955,0.423,134.957,4
spotify:track:7rjtwubvFpMtchNnQf4Nwf,"Bet You Didn't Need","Bet You Didn't Need","Daniel Allan;Arlo;fkblnde",2025-08-27,174518,54,false,,2025-09-19T18:52:16Z,"stutter house,uk garage,rally house","BREAKAWAY",0.735,0.77,2,-6.293,0,0.0562,0.613,0.372,0.112,0.28,135.006,4
spotify:track:6mQ3W1u6deegZ30DpgX3VX,"Boomshakalaka","Boomshakalaka","MbintsJmsh;Basta Lion;Kipiky",2025-01-10,145643,19,false,,2025-09-16T18:26:41Z,"shatta,dancehall,moombahton","ANDROX",0.907,0.54,0,-9.38,1,0.238,0.0227,0.000836,0.095,0.607,99.954,4
spotify:track:2SnN9le4XPM6kxq7I1sSvx,"Ting Tong (Riddim)","Ting Tong (Riddim)","MbintsJmsh;Miroo",2022-08-20,120037,6,false,,2025-09-16T18:21:53Z,"shatta,moombahton","MBINTSJMSH",0.871,0.719,1,-6.768,1,0.164,0.0205,0.0131,0.221,0.639,97.962,4
spotify:track:6f9bZIy5qHmlskwuxzeOMM,"Power","Second Nature","Netsky;Urbandawn",2020-10-30,226206,48,false,,2025-09-16T18:19:03Z,"drum and bass,liquid funk,drumstep,chillstep","Hospital Records",0.548,0.92,11,-0.81,1,0.0647,0.0000675,0.877,0.0592,0.358,173.993,4
spotify:track:1nGgmuLkiyLpOjQXLe668e,"Feeling Awake - Sammy Virji Remix","Hi8 Remixed","AC Slater;Sammy Virji",2020-04-03,261000,31,false,,2025-09-16T18:10:43Z,"bass house,bassline,g-house,uk garage,house","Night Bass Records",0.905,0.769,9,-6.718,0,0.234,0.0213,0.395,0.0542,0.717,131.962,4
spotify:track:6cS27V3QGz0WdRqSRioDu3,"Party Right","Party Right / Snake Charmer","Zero;Logan_olm",2022-07-01,216715,29,false,,2025-09-16T18:04:05Z,"bassline,uk garage,bass house,drum and bass,funky británico,rally house,grime","Guilty As Charged",0.687,0.923,1,-5.429,1,0.0936,0.00709,0.000557,0.0801,0.435,128.009,4
spotify:track:3AJwUDP919kvQ9QcozQPxg,"Yellow","Parachutes","Coldplay",2000-07-10,266773,93,false,,2025-09-16T17:53:30Z,"","Parlophone UK",0.429,0.661,11,-7.227,1,0.0281,0.00239,0.000121,0.234,0.285,173.372,4
spotify:track:0RcYEWXtbu4ehdv1tiBOi0,"Riders On The Storm - Fredwreck Remix","Riders On The Storm (Fredwreck Remix)","Snoop Dogg;The Doors",2007-01-01,382240,69,false,,2025-09-13T00:27:01Z,"g-funk,hip hop de la costa oeste,rap gangster,hip hop old school,hip hop,rap,rock psicodélico,rock clásico,rock ácido","Geffen",0.878,0.786,11,-5.273,0,0.152,0.416,0.000031,0.122,0.831,101.984,4
spotify:track:30YgQE4JeAmAoUwHVYw8xN,"Would You Believe It","Would You Believe It","E2D2;JOE;maycey",2025-08-29,170057,20,false,,2025-09-12T22:51:10Z,"drum and bass","Red Ocean Records",0.488,0.953,4,-3.554,0,0.0646,0.00147,0.045,0.153,0.176,174.973,4
spotify:track:0pll0XZcEoIfjThu0Yx4s6,"Orbit Motion","Orbit Motion","Space 92",2025-03-28,229160,50,false,,2025-09-12T22:43:52Z,"techno,acid techno,hard techno","TAKEOFF",0.592,0.993,8,-3.657,1,0.0856,0.00129,0.832,0.352,0.421,136.992,4
spotify:track:2uFTRPIOJCAv3VPDdpQB85,"Until The Morning","Until The Morning","MPH",2025-08-29,202666,35,false,,2025-09-12T22:36:46Z,"uk garage,bassline,bass house,rally house","MPH",0.883,0.874,10,-4.425,1,0.268,0.00493,0.00138,0.171,0.554,135.007,4
spotify:track:0xbK2OxyqU9dx2UJYz4HpN,"GANGSTA","GANGSTA","Major Lazer;Diplo;Busy Signal;Kybba",2025-08-27,132244,48,false,,2025-09-12T22:34:44Z,"moombahton,dancehall,reggae,lovers rock,ragga,riddim,soca,roots reggae,shatta","Major Lazer Records",0.8,0.559,5,-6.507,0,0.252,0.017,0.00000366,0.678,0.363,98.052,4
spotify:track:328p9YLeNTjWUnL6qCXqmv,"Napoleon","THY KINGDOM COME","$uicideboy$",2025-08-01,156478,75,true,,2025-09-03T18:26:31Z,"rap emo,horrorcore,cloud rap,trap metal,hip hop underground","G59 Records",0.783,0.735,10,-4.907,0,0.0726,0.0096,0,0.127,0.424,98.074,4
spotify:track:2FAZskT9yRjp2Oow9szJD8,"The Days - NOTION Remix","The Days (NOTION Remix)","Chrystal;NOTION",2024-11-08,233229,87,false,,2025-09-02T11:55:52Z,"bassline,bass house,uk garage,drum and bass","Polydor Records",0.62,0.843,6,-5.321,0,0.0844,0.0062,0.00000463,0.55,0.237,137.812,4
spotify:track:67OlGJITLmRSqrFmI90Uc2,"Dis Badman","Dis Badman","Sammy Virji;Champion;IRAH",2025-07-25,169554,36,false,,2025-08-29T21:54:03Z,"uk garage,bassline,bass house,house,funky británico,drum and bass,jungle","Capitol Records UK",0.888,0.84,1,-6.616,1,0.258,0.0958,0.0000612,0.342,0.283,131.994,4
spotify:track:3xcf6DL9oc2botvStMUlnD,"SOLANA","SOLANA","Alex LeMirage",2025-05-09,190698,57,false,,2025-08-29T21:48:17Z,"stutter house","MELODIA/Thirty Knots",0.671,0.809,0,-7.846,0,0.0818,0.601,0.168,0.314,0.431,136.029,4
spotify:track:0mY2GMIw0u0hIMmsSI06hA,"I.C.C.U.","I.C.C.U.","Exp.;Frsh Waters;Maydien",2025-08-15,134896,4,true,,2025-08-29T21:46:56Z,"r&b indie","Exp. Share Records",0.723,0.544,6,-6.966,0,0.318,0.448,0,0.23,0.748,72.53,4
spotify:track:23Wv8ULXWy4vuaHzF0MQ3Q,"Renaissance","RENAISSANCE EP, Vol. 1","Lixzerious",2025-08-01,135000,9,false,,2025-08-29T21:39:49Z,"moombahton,shatta,dancehall","3630667 Records DK",0.809,0.711,1,-3.796,1,0.0727,0.114,0.0000444,0.146,0.541,95.99,4
spotify:track:3aVRhBmXvdiTOduy5eaSqF,"CHAT DEMA","CHAT DEMA","Demflex Music",2025-07-18,141037,0,false,,2025-08-29T21:35:51Z,"moombahton,shatta,dancehall","Demflex Music, Levelling Crew",0.92,0.472,1,-5.687,1,0.325,0.072,0.0571,0.347,0.721,96.963,4
spotify:track:3Hgjr4yN58EiVjL9jAmI7r,"Gyaldem","Gyaldem","Bombastic;Jahmo;FD;Michael Fortera",2025-07-30,116382,21,false,,2025-08-29T21:34:21Z,"moombahton,shatta,dancehall","De Formule",0.9,0.463,2,-4.937,1,0.114,0.196,0.255,0.0532,0.691,99.036,4
spotify:track:5Co7cwovS7MXabSrm9577O,"Buzz Trip","Buzz Trip","Crae Wolf",2025-04-18,120000,42,false,,2025-08-26T21:25:29Z,"","Crae Wolf",0.389,0.873,7,-4.562,1,0.29,0.0561,0,0.381,0.382,134.12,4
spotify:track:6zBRSNNizxsGWRQFg2eToG,"Chambre 04","Chambre 04","DJ Kawest;Attachingboy",2025-01-30,129056,60,false,,2025-08-26T19:25:16Z,"shatta,kompa,zouk","Juston Records",0.877,0.489,1,-7.178,1,0.29,0.554,0.00000937,0.0886,0.431,99.974,4
spotify:track:0DLbm5Gl6YKyll550aZotT,"Shabba","Shabba","Lhiroyd;Alvin Brown Beats;San Jee",2025-06-13,134500,30,true,,2025-08-26T19:09:41Z,"shatta,pop urbaine,r&b francés,dancehall","Next Up Music Group",0.889,0.568,9,-7.615,0,0.0795,0.164,0.000444,0.0821,0.769,97.99,4
spotify:track:73NLqSzGlH1MROcoQx3Vu7,"Blink Twice For Yes","Fetch The Poison","Jam Baxter",2022-01-18,241495,30,true,,2025-08-20T17:41:55Z,"grime,uk grime","Blah Records",0.82,0.634,1,-8.041,1,0.355,0.199,0,0.0935,0.642,79.991,4
spotify:track:1UGjgcaa1jE9wetUF3NhjI,"Party Animal","Party Animal","Bombastic;Jahmo;FD;GUALTIERO",2025-07-30,103689,15,false,,2025-08-20T17:41:06Z,"moombahton,shatta,dancehall","De Formule",0.898,0.43,1,-7.241,1,0.458,0.0627,0.000622,0.0831,0.323,102.856,4
spotify:track:2Q72AFAIMDpmezc45GOrWT,"Altamura Roma London","Altamura Roma London","Rimshot;SmooveFlex",2025-08-12,128274,38,false,,2025-08-18T21:51:05Z,"drum and bass","Redgoldgreen label S.r.l.s.",0.71,0.95,9,-4.341,1,0.233,0.00811,0.000028,0.402,0.924,174.008,4
spotify:track:7K9Qhpdf29lFIKq2NOj3wR,"JUNGLE","JUNGLE","Sigma;Stefflon Don;Yung Saber",2025-06-06,163200,40,true,,2025-08-16T18:10:36Z,"drum and bass,dancehall,uk garage","Day Ones",0.665,0.95,9,-1.375,0,0.297,0.159,0,0.259,0.34,87.407,4
spotify:track:3M08c09wNsrFgpkUq52iKE,"Sandungueo","Sandungueo","Madrik;Godwonder",2024-10-25,156000,0,true,,2025-08-16T18:08:04Z,"moombahton,shatta,dancehall","Basshall Records",0.736,0.61,4,-7.354,0,0.407,0.0276,0.000277,0.132,0.536,89.949,4
spotify:track:6HnnU52OLpINwucbbiXy5v,"Badder","Badder","Shermanology;Champion",2025-04-04,170909,42,false,,2025-08-15T20:30:38Z,"tech house,house,funky británico,uk garage,bassline,bass house","D'EAUPE",0.789,0.764,7,-6.324,1,0.0782,0.00297,0.000584,0.13,0.492,131.991,4
spotify:track:2EzOnr5nMY6fO8OOEu19D1,"Bad Gyal (feat. Skillibeng, Jucee Froot & Tommy Lee) [Divas]","Of Dons & Divas","Vybz Kartel;Skillibeng;Jucee Froot;Tommy Lee",2020-06-26,232941,53,true,,2025-08-15T08:32:56Z,"dancehall,soca,riddim,ragga,reggae","Adidjahiem Records",0.539,0.707,9,-10.265,0,0.144,0.443,0.00000702,0.11,0.356,102.062,4
spotify:track:6tskW8QNRDCBI4fVs2FjvX,"Badd Gyal","Badd Gyal","DJ Hard2Def;Leftside",2021-11-19,188242,51,true,,2025-08-15T08:32:08Z,"dancehall,moombahton,ragga,shatta","Go!Nasty",0.863,0.688,1,-5.539,0,0.164,0.166,0.0000287,0.271,0.256,100.016,4
spotify:track:3M3oltaiY0Hfl7F7IRhPSA,"Fallout","Afterglow","Sleep Theory",2025-05-16,198252,60,false,,2025-08-11T18:49:27Z,"metalcore","Epitaph",0.511,0.98,10,-3.957,0,0.192,0.000442,0.000145,0.575,0.362,94.995,4
spotify:track:05LySLBjyDruvbSPL3K7Gb,"Gang Gang (feat. Rosecrans HopOut, YS, PhoPho8ight & Hitta J3)","Gang Gang (feat. Rosecrans HopOut, YS, PhoPho8ight & Hitta J3)","Chef Boy;YS;Hitta J3;Rosecrans HopOut;PHOPHO8IGHT",2025-02-04,227184,68,true,,2025-08-11T18:42:56Z,"","Situation 3",0.571,0.789,1,-7.062,1,0.367,0.22,0,0.308,0.621,102.898,4
spotify:track:2gSVKxPDww9Eep5rdvtdem,"My Way","Chocolate Starfish And The Hot Dog Flavored Water","Limp Bizkit",2000-10-17,272973,83,true,,2025-08-07T18:47:43Z,"nu metal,rap metal,metal alternativo,rap rock","Interscope",0.577,0.864,6,-3.981,1,0.0462,0.02,0.00000171,0.683,0.609,97.225,4
spotify:track:5CsKMhIB59Br4Dc0JZfSuL,"Kill the Power","Kill the Power","Skindred",2014-01-27,275356,0,true,,2025-08-07T05:59:56Z,"nu metal,rap metal","Skindred",0.601,0.978,10,-2.939,0,0.121,0.0114,0.00074,0.472,0.607,99.982,4
spotify:track:1fLlRApgzxWweF1JTf8yM5,"Given Up","Minutes to Midnight","Linkin Park",2007-05-14,189293,85,true,,2025-07-28T05:38:02Z,"nu metal,rap metal,rock,metal alternativo","Warner Records",0.655,0.886,7,-4.116,1,0.0435,0.00113,0.000409,0.0448,0.938,100.088,4
spotify:track:3QQl3tSiEooVLQvC8IT5EE,"Perfidia","A Mis Amigos","Nat King Cole",1959-09-13,140706,48,false,,2025-07-28T05:29:26Z,"navidad,adult standards,vocal jazz","Capitol Records",0.504,0.286,5,-14.197,0,0.0466,0.707,0.00000255,0.112,0.593,97.916,4
spotify:track:4ppxp8rJB8eOhM9TFm6dK2,"Proud Mary","Workin' Together","Ike & Tina Turner",1970-04-19,297613,60,false,,2025-07-25T19:05:43Z,"motown,northern soul","CAPITOL CATALOG MKT (C92)",0.585,0.459,2,-10.729,1,0.165,0.686,0.0000365,0.15,0.719,93.22,4
spotify:track:4dY4JVC0Q9CwpeZ6JAclIc,"Rump Shaker","Hard Or Smooth","Wreckx-N-Effect",1992-01-01,312360,65,false,,2025-07-25T18:49:20Z,"new jack swing,hip hop old school","Geffen*",0.888,0.822,5,-6.843,0,0.219,0.0025,0.0197,0.303,0.233,102.753,4
spotify:track:104f3GOgOZkTfHkhK21oge,"3AM in Oakland","3AM in Oakland","Karri",2023-02-03,206270,0,true,,2025-07-25T16:22:09Z,"dark r&b","New 11",0.525,0.372,1,-11.303,0,0.332,0.498,0,0.142,0.24,96.663,4
spotify:track:7921HjgwwB1dSWQt7VHi58,"Lights","FRIENDZONE","NxxxxxS;Mariah;Senpu",2018-03-28,166000,1,false,,2025-07-22T19:29:50Z,"vaporwave,phonk,r&b indie","Live From Earth",0.751,0.461,3,-8.497,0,0.247,0.386,0.00106,0.155,0.702,63.497,4
spotify:track:2zy79BntQ1kumEUeqM5O84,"Nothing Left","An Ocean Between Us","As I Lay Dying",2007-08-21,223653,56,false,,2025-07-21T20:45:18Z,"metalcore,metal,deathcore","Metal Blade Records",0.388,0.979,0,-4.389,1,0.176,0.0000634,0.0567,0.663,0.0547,183.905,4
spotify:track:3dNDt0VLKc0xUcuTI20Q73,"Innocence 2025","Innocence 2025","NERO;Taiki Nulight",2025-03-13,168000,50,false,,2025-07-20T05:23:23Z,"dubstep,dub,bass house,bassline,g-house,uk garage","Polydor Records",0.59,0.607,8,-3.919,1,0.092,0.0135,0.166,0.0873,0.278,139.805,4
spotify:track:7JXxPzRxLhN9V1NJJw20TH,"Do It Like Me","Do It Like Me","White Pony;Riko Dan;Flowdan",2025-06-20,182683,38,true,,2025-07-19T18:26:58Z,"uk garage,drum and bass,bassline,grime","PLG - Capitol",0.829,0.928,1,-3.526,0,0.164,0.178,0,0.121,0.594,140.007,4
spotify:track:4frqa3VmTDu8uPiflqdmoQ,"Hustling In My Blood","Hustling In My Blood","Cham;Damian ""Jr Gong"" Marley;Stephen Marley",2025-07-11,255221,41,true,,2025-07-19T18:01:38Z,"dancehall,ragga,reggae,soca,riddim,dubstep,roots reggae","Lawless Army Productions",0.655,0.943,1,-2.339,1,0.0443,0.141,0.000204,0.339,0.842,150.009,4
spotify:track:77WJjvXF8XVavIPXicIYW2,"In My Mind","In My Mind","longstoryshort",2024-09-20,189214,35,false,,2025-07-19T14:24:06Z,"bass house,stutter house,uk garage","NIGHTMODE",0.69,0.953,5,-2.436,1,0.056,0.0508,0.948,0.102,0.0392,129.992,4
spotify:track:6hgwWlIP6LoMtJS4tc8NNv,"Hold Me Down","Hold Me Down","borne",2025-06-06,179062,43,false,,2025-07-19T14:22:29Z,"uk garage,bass music,dubstep","NIGHTMODE",0.666,0.642,7,-7.91,0,0.042,0.0184,0.855,0.289,0.116,140.034,4
spotify:track:7ztTtL0k13r6JSp5PPFQW7,"SHAKE IT TO THE MAX","SHAKE IT TO THE MAX","Dopeboii;Rudeboi",2025-07-09,181806,44,false,,2025-07-19T14:09:25Z,"moombahton,shatta,dancehall","8510118 Records DK",0.838,0.728,10,-5.15,0,0.163,0.242,0.00000194,0.103,0.571,100.046,4
spotify:track:3ACqrm7DOTQCHDnfP3YUIs,"Back to the Base","Back to the Base","Yarin Primak;messwave;MADNICE;Manz",2025-05-30,140979,36,true,,2025-07-13T18:54:53Z,"funky británico","Artlist Original",0.81,0.758,2,-6.684,1,0.236,0.065,0.0000103,0.138,0.577,143.037,4
spotify:track:6UQLhEkY7ZfpMbctfg490g,"Buss a Whine","Buss a Whine","Kybba;Leftside;Bamby",2025-05-30,147878,49,true,,2025-07-12T22:27:01Z,"dancehall,shatta,moombahton,ragga,zouk","Basshall",0.823,0.761,10,-3.851,0,0.0987,0.351,0.00000388,0.0637,0.846,98.883,4
spotify:track:46ufabZP6oK3ixmN6Gd753,"SANKA","SENDÉ","Ryan Castro;Dongo",2025-05-29,155265,75,true,,2025-07-12T22:25:56Z,"reggaetón","AWOO Corp./Sony Music Latin",0.859,0.622,2,-4.894,1,0.0693,0.0962,0,0.319,0.333,94.039,4
spotify:track:10uVUnuAyMKlRxrePw5Ykn,"Dime Tú Si Soy Yo","Dime Tú Si Soy Yo","Diegote;Kilvertz",2025-07-10,142368,32,false,,2025-07-11T05:12:37Z,"drill","DALE PLAY Records",0.586,0.56,6,-9.482,0,0.298,0.0929,0.00000115,0.0761,0.563,105.257,4
spotify:track:6eJE7ECLOIYnSAltOd8pSg,"Bubbling (Trillen) [feat. Godwonder]","Bubbling Beats (Vol. 6)","KARYO;Godwonder",2025-06-20,123310,34,false,,2025-07-07T15:38:42Z,"moombahton,dancehall,shatta","PlayTune",0.768,0.96,1,-3.557,1,0.109,0.0116,0.507,0.0521,0.634,145.046,4
spotify:track:3E7ZwUMJFqpsDOJzEkBrQ7,"Can't Get You out of My Head","Fever","Kylie Minogue",2002-11-19,230640,87,false,,2025-07-07T13:15:43Z,"dance pop","Parlophone UK",0.766,0.563,9,-7.516,0,0.0339,0.0263,0.683,0.115,0.964,126.007,4
spotify:track:374PIg1paBxYgkNxv4Ozoa,"Hit The Bucket","Santhosam","Priya Ragu",2023-10-20,175052,47,false,,2025-07-04T11:56:27Z,"","Warner Records",0.728,0.751,2,-5.238,1,0.17,0.0765,0.00000161,0.195,0.7,184.018,4
spotify:track:62F1BVNG6gHWEa08QbH5uU,"Drugs In My System","Drugs In My System","JOXION;Ariel Hill",2025-06-27,133874,47,false,,2025-07-02T14:11:53Z,"bass house,uk garage,hipertechno","JOXION under exclusive license to Hallwood",0.699,0.917,1,-5.013,1,0.276,0.0366,0.00189,0.0763,0.308,160.055,4
spotify:track:5W8StoTsfi989z0GKDgCCb,"Westcoast Swing","Routine","Junez;AS1",2024-03-22,192487,33,false,,2025-06-29T16:38:38Z,"","Junez",0.837,0.596,4,-8.188,0,0.221,0.0547,0,0.0427,0.706,98.526,4
spotify:track:4Q96rfqzqM4UOjPFsEIuom,"Gasolina BADBOI SEASON","Gasolina BADBOI SEASON","Dopeboii;Rudeboi",2025-01-04,184200,44,false,,2025-06-28T17:34:39Z,"moombahton,shatta,dancehall","8510118 Records DK",0.807,0.723,5,-7.677,1,0.195,0.194,0.000591,0.211,0.443,100.068,4
spotify:track:0MGf4TkKCy1cGxWnQm8dG5,"Maison","Maison","Emilio Piano;Lucie",2025-05-21,170111,63,false,,2025-06-27T22:07:15Z,"","Emilio Piano",0.364,0.253,11,-9.778,0,0.0307,0.949,0.000939,0.119,0.306,152.265,3
spotify:track:4YHJ03QkCyupkn1VgDQamI,"2 FAST 2 FURIOUS","2 FAST 2 FURIOUS","LOKIMITDERMASKE",2023-11-09,117768,56,false,,2025-06-24T12:46:28Z,"tekno,hip hop alemán","Vertigo Berlin",0.812,0.653,2,-8.539,1,0.285,0.0187,0.00000104,0.0489,0.257,100.148,4
spotify:track:5xhQwU1JXIIlvKl6ijMfXs,"Cold Sweat","Star Time","James Brown",1991-05-07,452400,12,false,,2025-06-22T05:50:47Z,"funk,soul,motown,soul clásico","Universal Records",0.908,0.514,2,-8.814,1,0.0373,0.0611,0.00745,0.0426,0.707,111.779,4
spotify:track:3DglPTNRNLC9y58fq8WFGs,"SIKI SIKI","SIKI SIKI","Lisandro Cuxi",2025-06-13,153991,43,false,,2025-06-22T05:34:31Z,"kizomba,r&b francés,zouk,kompa,pop urbaine","Lis Music",0.709,0.696,7,-5.105,0,0.0593,0.371,0.00886,0.142,0.612,119.912,4
spotify:track:5bgu3gTNwvi4XaQ2PJTR6z,"Naughty","Naughty","Sunday Scaries;Mattilo",2025-06-06,202240,46,false,,2025-06-20T07:28:17Z,"stutter house","10K Projects",0.624,0.879,1,-4.049,1,0.0368,0.00028,0.66,0.0801,0.521,127.993,4
spotify:track:5M2RXimSt8334s6eLz5ueo,"Tra","Tra","Robin Roxette;Dj Fasta;Karl Wine",2025-05-30,194395,23,false,,2025-06-18T15:35:14Z,"moombahton,dancehall,zouk,shatta","Afreaka Records",0.887,0.699,0,-5.865,1,0.143,0.064,0.000161,0.171,0.631,92.028,4
spotify:track:5zGBySgeYp6SRUdG0HPwpo,"The Way I Love You - Radio Edit","The Way I Love You","Jorja Smith",2025-05-01,176692,12,false,,2025-06-13T04:43:28Z,"r&b británico","Famm Limited",0.658,0.787,1,-5.562,0,0.063,0.00124,0.000163,0.61,0.641,135.832,4
spotify:track:3KZCP2StVGdWkOKyRZNWA4,"Es un Secreto","House of Pleasure","Plan B",2010-07-20,192120,85,false,,2025-06-11T21:04:14Z,"reggaetón","Pina Records",0.841,0.774,6,-4.963,0,0.0421,0.117,0.00000266,0.0674,0.494,95.006,4
spotify:track:4upu85v1yWjnxPWHPkTkFU,"La Belleza","La Belleza","Sen Senra",2025-05-22,199666,29,false,,2025-06-08T17:39:53Z,"","Universal Music Spain S.L.",0.42,0.424,7,-10.837,1,0.0391,0.581,0.000359,0.284,0.341,106.455,3
spotify:track:73cojlEa0INrtxb1MyQ0Bt,"Losing Control","Losing Control","Rendah;Nersha",2025-04-04,213942,52,false,,2025-06-07T17:41:30Z,"drum and bass,bassline","Crucast",0.7,0.979,10,-1.461,0,0.172,0.00358,0.372,0.208,0.153,87.552,4
spotify:track:0wohSgJuZJvQoMV7gMpMrT,"NEXTBOT!","NEXTBOT!","HAARPER",2022-11-22,90625,52,true,,2025-06-07T17:36:12Z,"trap metal,drift phonk,horrorcore","CREW RECORDS / EMPIRE",0.814,0.59,6,-5.808,1,0.167,0.112,0.845,0.128,0.757,154.973,4
spotify:track:3V4a5GxRbelXw8rP4yElME,"Princesinha","Princesinha","MC Menor JP",2025-05-16,147687,47,true,,2025-06-05T08:52:23Z,"","Good Kid Records & Polydor x Island",0.673,0.823,6,-4.202,0,0.067,0.211,0,0.101,0.558,130.194,4
spotify:track:1ugQtcwmKOXvKAYzhjncmv,"Half A Man","A Place We Knew","Dean Lewis",2019-03-22,179120,76,false,,2025-06-01T06:27:41Z,"","Universal Music Australia Pty. Ltd.",0.411,0.204,0,-11.575,1,0.0578,0.855,0,0.143,0.337,70.853,4
spotify:track:78xM2Al2nvuGMP8aaVAbMU,"Push It Up","Sprouted","Ganja White Night;PAV4N;Jamakabi",2025-02-28,199651,31,false,,2025-05-31T20:07:47Z,"dubstep,riddim,bass music,edm,dub,drum and bass,grime,uk garage,uk grime","SubCarbon",0.732,0.947,9,-0.463,1,0.189,0.0229,0.00000349,0.374,0.582,86.987,4
spotify:track:4U3Xw68LAgaiJahg8Jtoy9,"Run Through Fire","Run Through Fire","Pink Sweat$",2023-05-11,184534,58,false,,2025-05-29T06:38:33Z,"","Pink Sweat$",0.656,0.3,2,-7.924,1,0.0454,0.83,0.0000266,0.282,0.741,172.21,4
spotify:track:2IhARxCm5lBKHgQvGw8RPo,"attention (with Justin Bieber)","Boy Alone","OMAH LAY;Justin Bieber",2022-07-14,180563,61,false,,2025-05-25T16:36:53Z,"afrobeats,afrobeat,afropop,r&b afro,afropiano,afro soul","KeyQaad/Sire Records",0.817,0.72,5,-8.134,0,0.0809,0.172,0.000726,0.109,0.384,119.989,4
spotify:track:1ZiTQSxZmbff7hmjD8fENw,"Damn","Get Layd","OMAH LAY",2020-05-22,159338,53,true,,2025-05-23T06:59:08Z,"afrobeats,afrobeat,afropop,r&b afro,afropiano,afro soul","KeyQaad/Sire Records",0.718,0.424,8,-6.157,0,0.301,0.582,0.000271,0.0887,0.42,144.286,5
spotify:track:130LHCKVY5eg7srkPoMOnm,"Triple V","Triple V","Werenoi;Damso;Ninho",2025-04-10,193125,56,true,,2025-05-23T06:43:58Z,"rap francés,pop urbaine,r&b francés","PLR Music / PGP Records",0.592,0.721,6,-4.511,0,0.397,0.424,0,0.112,0.686,96.65,3
spotify:track:2jfsQUFnAIkneppH2W0NCY,"Double tranchant","Balle d'argent (Réédition)","ABSOLEM",2023,143226,0,true,,2025-05-23T06:43:47Z,"rap francés","ABSOLEM",0.638,0.366,11,-9.535,0,0.334,0.346,0.000196,0.0734,0.718,103.721,4
spotify:track:06qAL97igcTdv5P2nGHc28,"NEAR YOU","NEAR YOU","WIMBO",2024-08-23,182068,9,false,,2025-05-19T18:57:50Z,"drum and bass","WIMBO",0.526,0.971,4,-1.123,1,0.104,0.000843,0.692,0.166,0.0821,173.88,4
spotify:track:6hvRdREZQuGQ6Il6jMTAkl,"Inside My Mind","Inside My Mind","Herbz;Jaybee (UK)",2024-11-14,245617,25,false,,2025-05-19T18:54:35Z,"drum and bass,bassline","Exert Records",0.434,0.979,5,-1.623,1,0.458,0.0254,0.0637,0.0775,0.243,175.055,4
spotify:track:1WIwqy57xMadhpG3cP0yvc,"Teach Me How To Love","Teach Me How To Love","Galdive",2025-03-07,182913,0,false,,2025-05-18T15:52:53Z,"r&b indonesio,indie indonesio","Mom+Pop",0.514,0.313,0,-9.995,1,0.0622,0.842,0.00796,0.124,0.378,139.86,3
spotify:track:0xbReDSQvm20f1PKsos4bh,"50k","50k","YNG Martyr",2023-12-08,129229,56,true,,2025-05-12T06:11:35Z,"","YNG",0.853,0.897,11,-3.036,1,0.276,0.0763,0,0.153,0.706,130.018,4
spotify:track:2zCUzELhwbcb0Eth3cRYt3,"Hypno Toad","Hypno Toad / Monsoon","Formula;DRZ",2025-04-10,224914,16,false,,2025-05-11T10:24:51Z,"drum and bass,bassline","Alpha Circuit",0.691,0.948,8,-1.633,0,0.0437,0.000647,0.0328,0.162,0.0421,87.507,4
spotify:track:3vn1N7O8fyCu9YCFTANBvY,"Yele","Yele","DVTTY;9V",2023-02-23,136800,20,false,,2025-05-10T16:14:02Z,"moombahton,dancehall,shatta","DVTTY",0.871,0.607,1,-4.658,1,0.266,0.414,0.205,0.107,0.378,99.942,4
spotify:track:5CRM9TgBcwRbK3LyHUJhrQ,"Who Got Da Props","Enta Da Stage","Black Moon;Smif-N-Wessun",1993-10-19,270066,56,true,,2025-05-07T18:06:17Z,"hip hop de la costa este,hip hop old school,boom bap,hardcore hip hop,hip hop","Nervous Records",0.805,0.653,8,-11.251,0,0.185,0.138,0,0.1,0.257,100.349,4
spotify:track:6ConL2W4eA29qy66IPAm0U,"ESMERALDA","ESMERALDA","Says'z;Bamby",2024-06-21,114407,51,true,,2025-05-07T17:47:47Z,"shatta,kompa,zouk,r&b francés,pop urbaine,kizomba,dancehall,ragga","Play Two",0.754,0.552,1,-9.109,0,0.317,0.08,0.000059,0.0842,0.384,100.076,4
spotify:track:4fTPWK0B2Mg5Gulq8rarbb,"If This World Were Mine (with Luther Vandross)","The Best of Luther Vandross The Best of Love","Luther Vandross;Cheryl Lynn",1989,323960,54,false,,2025-05-01T05:30:32Z,"quiet storm,soul,soul clásico,post-disco,disco","Epic",0.398,0.253,9,-16.1,1,0.0405,0.553,0,0.0765,0.326,120.851,4
spotify:track:5tmk7NK4zkVrqj9FGtrYqI,"ENTRE NOUS","ENTRE NOUS","Robin",2024-03-29,160314,20,false,,2025-04-25T05:07:44Z,"zouk,r&b francés,kizomba","Oganesson",0.866,0.787,0,-5.791,0,0.167,0.226,0.0000247,0.163,0.626,121.095,4
spotify:track:4MLrJKHoxgo4rFgPGncRxq,"ALERT - A COLORS SHOW","ALERT - A COLORS SHOW","Tobe Nwigwe;COLORS;Fat Nwigwe",2025-02-27,144769,27,true,,2025-04-24T18:28:03Z,"hip hop cristiano","COLORSxSTUDIOS",0.596,0.745,2,-7.057,1,0.131,0.153,0,0.373,0.21,116.403,4
spotify:track:7lqaw4hj1vy2YYkr6Fn7Lq,"Caught Up","Access All Areas","FLO",2024-11-15,230795,51,true,,2025-04-22T13:30:31Z,"r&b británico","Universal-Island Records Ltd.",0.54,0.844,1,-4.162,0,0.199,0.0912,0,0.212,0.699,87.603,4
spotify:track:5ZmmNBKHKLDureKMGrRHCJ,"La Placita","La Placita","Delaossa;EAZYBOI;J.Moods",2019-07-19,228292,59,false,,2025-04-18T20:56:41Z,"","DALE PLAY Records",0.564,0.534,4,-8.055,0,0.341,0.773,0,0.13,0.656,81.728,4
spotify:track:6q8GWj1qGBieT4fDcLV1Mo,"PRADA's BIRTHDAY - A COLORS SHOW","PRADA’S BIRTHDAY - A COLORS SHOW","Tayc",2023-07-10,194641,32,false,,2025-04-18T20:24:39Z,"r&b francés,pop urbaine,afrobeats,afrobeat","COLORSxSTUDIOS",0.572,0.53,5,-10.824,1,0.347,0.487,0.000802,0.097,0.597,75.568,4
spotify:track:7k5VJYlD6tMDN1i4yz2WOS,"iCARUS","iCARUS","HAARPER",2022-04-07,117065,61,true,,2025-04-13T10:46:26Z,"trap metal,drift phonk,horrorcore","CREW RECORDS / EMPIRE",0.889,0.42,8,-9.157,1,0.172,0.00428,0.0121,0.274,0.595,138.002,4
spotify:track:3T4N6wohtfOJN4okuvHiWT,"Drop It Like It's Hot!","Drop It Like It's Hot!","HAARPER;Luga",2020-05-31,135988,56,true,,2025-04-13T10:45:37Z,"trap metal,drift phonk,horrorcore,phonk","CREW RECORDS / EMPIRE",0.743,0.885,10,-4.41,0,0.0714,0.0317,0.4,0.113,0.648,167.097,4
spotify:track:6pCrx0kmrXsXlMfKK9KksT,"Hold On","Hold On","MPH",2025-03-07,253043,40,false,,2025-04-13T10:44:19Z,"uk garage,bassline,bass house,rally house","MPH",0.773,0.725,11,-4.474,0,0.103,0.213,0.00159,0.0693,0.248,138.103,4
spotify:track:2KawAult7tPAzyLPmCxsNq,"CHULA","CHULA","Puri;CARO CAXI",2024-11-22,153606,41,false,,2025-04-13T08:17:34Z,"moombahton","Gillionaires",0.93,0.679,11,-4.24,0,0.233,0.0683,0.00373,0.258,0.657,99.971,4
spotify:track:7G9jEWfPpmjjYIfZ3leYMt,"Fumando Vamos a Casa","Sanazion","Zona Ganjah",2007-12-19,222253,0,false,,2025-04-09T18:01:35Z,"reggae en español,reggae,roots reggae","Comunicando Consciencia Records",0.844,0.74,6,-5.054,1,0.331,0.335,0,0.271,0.871,125.537,4
spotify:track:1GZZELGFwWsi2oLE1v1eyQ,"Por el Momento (feat. Plan B)","Fénix","Nicky Jam;Plan B",2017-01-20,218306,71,false,,2025-04-08T08:10:16Z,"reggaetón,latina","Sony Music Latin",0.735,0.811,2,-4.635,0,0.0666,0.475,0,0.0595,0.6,169.851,4
spotify:track:64LJtrzSzV08fQ9R1CgRak,"Blood in the Water","Blood in the Water","Protostar;Laminar;imallryt",2025-03-24,255743,32,false,,2025-04-06T17:40:13Z,"drumstep,drum and bass,liquid funk,tropical house","Monstercat",0.407,0.965,11,-1.689,0,0.142,0.00494,0.0000295,0.141,0.22,174.009,4
spotify:track:69k94KPW9EKSELqRY4TH9m,"Obliterate","Obliterate","Micah Ariss;Chandler Burton",2025-02-10,220571,56,false,,2025-04-04T17:34:39Z,"rock cristiano,metalcore","1804608 Records DK2",0.474,0.962,4,-4.071,1,0.0799,0.000372,0.0000891,0.0854,0.219,104.995,4
spotify:track:6j8lAie0mdUNreql5d5Ejz,"Bobby Bitch","Bobby Bitch","Bobby Shmurda",2014-10-14,160383,57,true,,2025-04-04T17:23:02Z,"","Epic/GS9",0.921,0.525,11,-8.186,1,0.413,0.0136,0,0.313,0.794,130.747,4
spotify:track:7EeZMKsgrkPOiyeJWZgagI,"Dançalao","Dançalao","Jombriel;Jøtta",2024-10-20,154845,58,false,,2025-03-30T06:56:33Z,"salsa choke,dancehall","La Sangre Nueva INC",0.72,0.783,11,-4.366,1,0.303,0.0566,0.00000842,0.154,0.948,186.23,4
spotify:track:2wzrkGLKgMbkRYRw8bo0HX,"PROTOCOLE - A COLORS SHOW","PROTOCOLE - A COLORS SHOW","Kalash",2023-11-16,177791,45,true,,2025-03-24T07:06:47Z,"shatta,rap francés,dancehall,zouk,pop urbaine,kompa","COLORSxSTUDIOS",0.75,0.531,7,-6.934,1,0.519,0.192,0.0000215,0.104,0.558,63.913,5
spotify:track:7lYGb19bGeC6Lb3hTEOK70,"Challenger","Challenger","Azule;Natty D",2025-02-28,199500,0,false,,2025-03-23T10:19:10Z,"drum and bass,jungle","Nemesis Recordings Digital",0.703,0.989,10,-1.307,0,0.0706,0.0748,0.000257,0.273,0.67,87.484,4
spotify:track:2PnlsTsOTLE5jnBnNe2K0A,"The Emptiness Machine","The Emptiness Machine","Linkin Park",2024-09-05,190427,79,true,,2025-03-21T22:57:53Z,"nu metal,rap metal,rock,metal alternativo","Warner Records",0.466,0.872,7,-3.344,1,0.0336,0.0156,0,0.121,0.806,184.115,4
spotify:track:2vnNItjrNaUyedqZ0KOAqY,"Amazing Grace","Amazing Grace","Determination",2025-03-13,133511,0,false,,2025-03-20T08:04:23Z,"drill nigeriano,highlife,afro adura","The Shatili Empire",0.724,0.493,3,-10.041,1,0.0416,0.623,0.18,0.0808,0.696,116.984,4
spotify:track:3Srs7q8QrTBmNb4gjnBgqE,"Llamalo X","La Dupla (Duplica la dosis)","La Dupla;Eddy Mugre;Gaceloide",2022-12-18,160496,34,false,,2025-03-19T12:42:32Z,"hip hop latino","Eddy Mugre",0.831,0.699,7,-8.62,1,0.371,0.421,0.00000107,0.102,0.782,84.01,4
spotify:track:6NOrpcicPUh2eaj8bAD44u,"Baby (Is it a Crime)","Baby (Is it a Crime)","Rema",2025-02-07,164151,74,false,,2025-03-19T12:37:32Z,"afrobeats,afrobeat,afropop,afropiano","Mavin Global Holdings Ltd",0.58,0.665,5,-4.659,0,0.0438,0.0751,0.00000432,0.39,0.695,129.915,5
spotify:track:3I2GY7WtUUNIRvFlMm1YGZ,"Runny Egg","Balance","Vibe Chemistry;Local;Window Kid;Elro;Example",2024-08-16,112611,54,true,,2025-03-19T12:34:20Z,"drum and bass,liquid funk,bassline,uk garage,grime","Make Your Era",0.605,0.852,2,-3.958,1,0.37,0.0239,0,0.15,0.574,173.915,4
spotify:track:0sKlV58cODrjxGFOyf9IXY,"The Way You Make Me Feel - 2012 Remaster","Bad 25th Anniversary","Michael Jackson",2012-09-18,298121,77,false,,2025-03-17T12:57:37Z,"","Epic/Legacy",0.877,0.854,1,-4.523,1,0.147,0.0544,0.000055,0.144,0.54,114.472,4
spotify:track:57f0ili5EzdZlEaSKcEg8p,"Tu Silueta","Tu Silueta","Diegote",2024-07-12,170480,61,false,,2025-03-16T08:00:59Z,"","DALE PLAY Records",0.718,0.769,8,-3.921,1,0.246,0.11,0,0.0778,0.543,103.903,4
spotify:track:5KkW5Z1lBA7QWP4wmbfUdk,"I KNOW.","I KNOW.","DC3",2025-02-16,165402,47,false,,2025-03-15T21:00:21Z,"hip hop cristiano,rap cristiano en francés,r&b cristiano","Greatness Takes Time Records",0.737,0.499,4,-5.452,0,0.26,0.193,0.00000129,0.206,0.46,106.277,4
spotify:track:0WXs7wRybRZkV9F8LdTiNj,"BACK","BACK","TRU47",2024-11-01,137142,0,false,,2025-03-15T21:00:01Z,"","hangov3r",0.927,0.702,8,-6.783,1,0.299,0.0734,0.00371,0.295,0.82,140.015,4
spotify:track:5c8bNEIlHmwFpXkqWnPEQ7,"ZENZANA (Libya)","ZENZANA (Libya)","Rap Shar3;SWITCH",2025-01-10,154576,29,false,,2025-03-15T20:58:43Z,"hip hop árabe,hip hop egipcio,mahraganat,jaliyi","Rap Shar3",0.635,0.38,8,-11.329,0,0.143,0.625,0,0.357,0.196,117.908,4
spotify:track:6Cds0aUGW0olm8E5kxSZ5J,"Million Cash","Million Cash","Connor Price;Armani White",2023-12-29,144059,59,false,,2025-03-15T20:57:46Z,"","4 of clubs LLC",0.942,0.617,1,-6.005,1,0.251,0.187,0.000039,0.277,0.648,130.047,4
spotify:track:5ch484wWUkTPp6saoxACAN,"Toro - A COLORS SHOW","Toro - A COLORS SHOW","Ruger;COLORS",2025-03-13,194436,54,false,,2025-03-15T08:46:43Z,"afrobeats,afrobeat,afropop,afropiano,r&b afro,afroswing","COLORSxSTUDIOS",0.418,0.715,2,-6.344,0,0.0504,0.18,0.0209,0.136,0.467,103.782,4
spotify:track:7IUDSGjtDtUS7pLpGBDaTI,"My Killy","My Killy","MADE;Benzko;Dani;BACI",2024-10-25,103673,23,false,,2025-03-13T07:57:05Z,"hip hop alemán","MADE Entertainment",0.72,0.835,2,-6.205,1,0.576,0.234,0.0000175,0.898,0.784,147.159,4
spotify:track:1urNcISPElPL9gIcYd1VNu,"Magic","Magic","WIM",2024-08-13,200865,18,false,,2025-03-13T07:57:00Z,"","WIM",0.642,0.511,5,-7.452,0,0.0372,0.126,0.000291,0.0628,0.678,77.995,4
spotify:track:6AcBXYtHMBB0tH2o4lti6U,"Miss Independent","Miss Independent","Eichem",2018-09-27,198500,52,false,,2025-03-13T07:56:54Z,"dancehall","Eichem",0.63,0.604,1,-8.253,0,0.484,0.0848,0.000266,0.0488,0.585,175.4,4
spotify:track:7Ah490UvAceibDFNOJcoET,"Don't stop","Perre hoe","Madrik;Dopeman",2024-12-14,150315,35,false,,2025-03-13T07:56:48Z,"moombahton,shatta,dancehall","Badboi Beats/Recording",0.862,0.573,2,-3.702,1,0.223,0.113,0.0164,0.195,0.275,95.051,4
spotify:track:7DniTGyJBCm9nvmfQp87Hv,"MY LEVEL (EGOTRIP)","404: Get Off The Internet [Redux]","Eliminate",2024-11-22,187785,38,false,,2025-03-13T07:56:35Z,"dubstep,riddim,bass music,deathstep,bass house","Eliminate Music",0.792,0.985,2,-0.306,1,0.192,0.0136,0.0878,0.164,0.492,140.051,4
spotify:track:4QT62YM77P98zk9gmfVnSV,"Sugar Daddy","Sugar Daddy","S.N.O.X",2024-12-14,130664,0,true,,2025-03-13T07:56:20Z,"moombahton,shatta","S.N.O.X Records",0.948,0.536,10,-4.289,0,0.312,0.107,0.00194,0.0609,0.598,102.033,4
spotify:track:3yu5otkADG1ldufrPxABoo,"Wetin","Wetin","Yarden",2022-11-17,78946,64,true,,2025-03-13T07:56:07Z,"afrobeats,r&b afro,alté,afrobeat,afro soul,afropop","ETINS RECORD LTD",0.544,0.583,6,-8.548,1,0.175,0.554,0.000369,0.0906,0.813,182.074,4
spotify:track:20uhmVcNGOhpemN1ma6w9p,"Imma Give - El Pablo Remix","Imma Give (El Pablo Remix)","T & Sugah;El Pablo",2024-09-24,211724,12,false,,2025-03-13T07:56:02Z,"drum and bass,liquid funk,drumstep","Pilot.",0.758,0.938,5,-1.368,0,0.133,0.00159,0.615,0.134,0.296,174.091,4
spotify:track:73bwOEUTIh9R4nc7Jq6Lif,"Embers","Embers","Comet;Curious Mind",2024-10-18,194482,38,false,,2025-02-22T14:16:03Z,"drum and bass","DnB Allstars",0.606,0.982,10,-0.246,0,0.124,0.00528,0.775,0.208,0.263,173.964,4
spotify:track:4CBFPivDAGGSXFih8RyaVE,"Ram Pam (feat. Mystic Marley & Flowdan)","Ram Pam (feat. Mystic Marley & Flowdan)","Rudimental;Mystic Marley;Flowdan",2024-09-13,171372,45,true,,2025-02-22T14:15:04Z,"drum and bass,grime,uk garage","Room Two Recordings",0.8,0.843,6,-2.374,0,0.117,0.00513,0.00000426,0.0768,0.644,87.52,4
spotify:track:0BMVmNzlAXSjrJGk2VcEYr,"Pon Di Bill","Pon Di Bill","Turno;Basslayerz",2024-11-08,222171,52,false,,2025-02-22T14:04:00Z,"drum and bass,bassline,jungle","DnB Allstars",0.407,0.965,11,0.566,0,0.268,0.0372,0.000172,0.618,0.292,87.248,4
spotify:track:2IhSoLVRqU9MGK3jKKr8mk,"Go Anywhere","Go Anywhere","Sally Green;Kurupt",2024-06-28,221413,38,true,,2025-02-22T10:57:01Z,"g-funk,funk,hip hop de la costa oeste,rap gangster,hip hop old school","Holy Toledo Prod. & Penagon Ent.",0.836,0.813,0,-6.761,1,0.0978,0.171,0.00000223,0.142,0.661,115.993,4
spotify:track:1Cheunopig5ZrxuGe94MtX,"tell you straight","tell you straight","jigitz",2025-02-12,124864,63,false,,2025-02-21T08:22:28Z,"stutter house","R&R Digital",0.777,0.799,7,-5.417,1,0.0317,0.018,0.182,0.157,0.411,148.009,4
spotify:track:5NlUfFPL2z3RWAXy8NcRs8,"Gimme The Loot","Dragonborn","Big Baby Tape",2018-11-16,140540,50,true,,2025-02-19T09:51:24Z,"","Warner Music Russia",0.712,0.757,1,-4.984,0,0.114,0.00965,0.1,0.419,0.657,163.028,4
spotify:track:2860N3h35Qum70hmoW3BZ4,"G.O.A.T","Mirror 25","Spice",2024-08-09,178060,40,true,,2025-02-12T18:58:39Z,"dancehall,soca,shatta,ragga","Spice Official Entertainment",0.823,0.715,1,-4.945,1,0.171,0.19,0,0.0685,0.72,92.964,4
spotify:track:5UX8v9D9CE0rXSEO4pfQJn,"Brest Bay","Midnight Walkers","Stand High Patrol",2012-01-20,199066,54,false,,2025-02-09T16:45:45Z,"dub,reggae,ragga","stand high",0.857,0.718,10,-7.611,0,0.165,0.296,0,0.104,0.488,87.489,4
spotify:track:7p9nV83OAXMpeAXx9SXW5i,"Menina de Vermelho","Menina de Vermelho","MC Menor JP;RAMONMIX;The Ironix",2024-10-18,151348,70,false,,2025-02-08T16:29:23Z,"","Good Kid Records & Polydor x Island",0.525,0.717,6,-6.414,1,0.0796,0.0827,0,0.0378,0.7,129.742,4
spotify:track:72YrXhT6jWCf46u4gOULMm,"Gas Gas Gas","Gas Gas Gas","Tsuko G.",2017-08-26,272404,44,false,,2025-02-04T08:42:00Z,"anime","Duetti",0.496,0.856,3,-9.882,0,0.0501,0.000886,0,0.144,0.802,154.04,4
spotify:track:7ugaJNi3rhiiK9zKLd6l4j,"Out & About","Out & About","Amplify;P Money",2024-03-28,153600,42,false,,2025-02-04T08:38:18Z,"drum and bass,bassline,grime,uk grime","DnB Allstars",0.441,0.932,10,-2.202,0,0.294,0.202,0.00000485,0.726,0.601,86.343,4
spotify:track:6yraFyhgbavO2amB2lhpfi,"Waiting All Night (feat. Ella Eyre)","Home","Rudimental;Ella Eyre",2013-04-05,292586,71,false,,2025-02-04T08:35:51Z,"","Asylum",0.543,0.729,6,-5.357,0,0.0498,0.00265,0.01,0.427,0.282,174.982,4
spotify:track:602d2gJewoiF1FivuOMMwE,"Disconnect","Disconnect","Becky Hill;Chase & Status",2023-07-14,164914,63,true,,2025-02-04T08:34:08Z,"drum and bass,jungle","Polydor Records",0.521,0.963,0,-0.686,1,0.0867,0.00472,0.000111,0.112,0.404,174.992,4
spotify:track:5F2l8MpjysPrqxk0xq7fiU,"A Little Bit Happy","Lord of the Flies & Birds & Bees","TALK",2023-10-20,195278,64,false,,2025-02-04T05:50:09Z,"","DOOGOOD LTD/Range Music/Capitol Records",0.589,0.685,7,-3.055,1,0.0306,0.363,0,0.148,0.302,111.903,4
spotify:track:1Bv3h7Vc4AaYA2BcSM3rVd,"All I Wanted","Brand New Eyes","Paramore",2009-09-25,225786,83,false,,2025-02-04T05:29:07Z,"pop punk,emo","Fueled By Ramen",0.494,0.723,6,-4.559,0,0.0441,0.0192,0.0322,0.134,0.152,144.036,4
spotify:track:5M2lX0ZAYSAzCs1xPPi9BX,"Fat Juicy & Wet","Fat Juicy & Wet","Sexyy Red;Bruno Mars",2024-10-14,141057,67,true,,2025-02-03T20:08:28Z,"","gamma. / Atlantic Records",0.909,0.619,9,-5.894,1,0.0615,0.0823,0,0.3,0.64,104.013,4
spotify:track:2rKXzis3tBuNQQojmCldkv,"Bad Man (feat. Vybez Cartel & M.I.A.)","The Cookbook","Missy Elliott;Vybez Cartel;M.I.A.",2005-07-04,312333,42,true,,2025-02-03T19:26:19Z,"hip hop","Atlantic Records/ATG",0.84,0.747,4,-9.112,0,0.435,0.481,0.0000155,0.104,0.405,120.848,4
spotify:track:5dnAki4SIAcedhAPdF5l2h,"Heart Don't Stand a Chance","Malibu","Anderson .Paak",2016-01-15,312360,0,true,,2025-02-02T05:52:34Z,"","Steel Wool Entertainment",0.685,0.545,7,-6.189,1,0.061,0.173,0.0000144,0.237,0.506,94.061,4
spotify:track:28f5cHOahtA3JhbIBt9q9Y,"High Note","High Note","K Motionz;Emily Makis",2021-09-22,225862,60,false,,2025-02-02T05:35:21Z,"drum and bass,liquid funk,bassline","UKF",0.537,0.977,5,-3.181,0,0.223,0.034,0.0000102,0.521,0.317,173.993,4
spotify:track:0YzrViv4LXpfLotDq58YKS,"Rapid Fire","Rapid Fire","Excision;Wooli;Ganja White Night;Eksman",2024-11-22,166206,40,false,,2025-02-01T21:20:00Z,"dubstep,riddim,deathstep,edm,dub,bass melódico,drumstep,bass music,future bass,drum and bass,bassline","Subcarbon",0.496,0.996,6,0.371,0,0.671,0.0776,0,0.209,0.178,173.955,4
spotify:track:0jY829pCMnstlNtaE72vSB,"Decadence","Ten Thousand Fists","Disturbed",2005-09-19,204786,71,false,,2025-02-01T21:13:35Z,"metal,nu metal,metal alternativo,rap metal,hard rock","Reprise",0.528,0.968,1,-3.457,1,0.145,0.0000567,0.0916,0.0668,0.305,91.934,4
spotify:track:0IFpKF1ipcArJKhAQUWcMe,"Dembow Pa Bajo (Remix)","Dembow Pa Bajo (Remix)","DJ SILVA",2022-11-05,207464,6,true,,2025-02-01T21:07:46Z,"rkt,turreo","DJ SILVA",0.744,0.708,0,-7.163,1,0.0887,0.0103,0.0321,0.0447,0.352,180.014,4
spotify:track:1kK9i5e6Y6ifSIYAH82xoL,"Bando (feat. Rich The Kid) - Remix","Bando (feat. Rich The Kid) [Remix]","ANNA;Rich The Kid",2020-06-29,143500,35,true,,2025-02-01T16:49:52Z,"trap italiano,trap","Universal Music Italia srL.",0.96,0.816,2,-4.225,1,0.261,0.0471,0,0.113,0.485,120.074,4
spotify:track:40mjsnRjCpycdUw3xhS20g,"GATTI","JACKBOYS","JACKBOYS;Pop Smoke;Travis Scott",2019-12-27,181144,71,true,,2025-01-31T05:38:06Z,"drill de brooklyn,drill neoyorquino,drill,rap","Cactus Jack/Epic",0.594,0.676,2,-5.808,1,0.344,0.135,0,0.163,0.472,143.477,4
spotify:track:5DYpHAtMDShweH1zaYUXRQ,"MY DAY IS RUINED !","I HOPE YOU'RE HAPPY","Night Lovell",2023-12-08,133286,47,true,,2025-01-17T20:37:36Z,"rap emo,horrorcore,trap metal","G59 Records",0.713,0.714,2,-7.051,1,0.0514,0.0308,0.579,0.198,0.61,76.001,4
spotify:track:6oKSbAIYE9hQMLWMfSRZja,"Vision","Vision","Habstrakt",2023-02-03,175238,18,false,,2025-01-17T20:35:16Z,"bass house,g-house,dubstep,bassline","Habstrakt",0.787,0.808,1,-2.745,1,0.194,0.0579,0.815,0.709,0.693,126.027,4
spotify:track:1dDHDZWp1j4fkCdGRnopKq,"Who Dem","The Biggest Ragga Dancehall Anthems 2000","Capleton",2000-10-16,217960,53,true,,2025-01-10T11:32:24Z,"reggae,ragga,dancehall,roots reggae,riddim,lovers rock","Greensleeves Records",0.717,0.837,1,-5.328,1,0.432,0.131,0,0.363,0.899,115.369,5
spotify:track:44u3XTH53adb3eaj8j166B,"Controller","Controller","Onesimus",2024-04-03,172400,14,false,,2025-01-06T07:06:38Z,"afropop,afrobeats","Melodia Music",0.902,0.69,5,-6.065,1,0.158,0.0278,0.000906,0.105,0.721,102.965,4
spotify:track:30zqw8wH7Bz6j3719PKPOM,"Ad Astra","Ad Astra","A.P.O.L.L.O",2024-12-20,220891,15,false,,2025-01-05T12:59:52Z,"liquid funk,drum and bass","DnB Active Records",0.597,0.815,10,-4.973,0,0.0542,0.000968,0.695,0.108,0.13,174.013,4
spotify:track:6IcI5QN8oquPS65VqNdVKA,"HOLY SPIRIT","HOLY SPIRIT","KAMAUU",2024-09-20,152703,31,false,,2025-01-03T19:21:32Z,"","Mmére Dané Records",0.663,0.691,10,-7.295,0,0.175,0.0253,0.0000101,0.246,0.464,95.001,4
spotify:track:40XAt7IhMbSjoISnsMa40E,"Feel That Bass","Ravers","Hamses",2024-11-01,267624,19,false,,2024-12-28T11:45:24Z,"drum and bass","Make Your Era",0.705,0.706,8,-2.269,1,0.397,0.0312,0.139,0.218,0.331,87.502,4
spotify:track:6IUiqtI8tE49sqGbmtrNd8,"There Goes My Baby","Raymond v Raymond (Expanded Edition)","USHER",2010-03-30,281293,64,false,,2024-12-24T07:45:26Z,"r&b","LaFace Records",0.626,0.52,9,-8.077,0,0.0892,0.175,0,0.13,0.257,77.468,4
spotify:track:0gVCFdvavY7YRsIpssaxaz,"My Sweet Lord","My Sweet Lord","Damian Marley",2023-07-28,304391,68,false,,2024-12-18T19:53:41Z,"reggae,ragga,roots reggae","Ghetto Youths International",0.913,0.518,6,-7.536,1,0.0511,0.0766,0.00603,0.073,0.803,127.001,4
spotify:track:3o7TK4inMYzJC3ZMJCWsRC,"Boomshakalaka - Dimitri Vegas & Like Mike vs. Afro Bros Radio Mix","Boomshakalaka (Dimitri Vegas & Like Mike vs. Afro Bros Radio Mix)","Dimitri Vegas & Like Mike;Afro Bros;Sebastian Yatra;Camilo;Emilia;Dimitri Vegas;Like Mike",2019-11-29,211519,49,false,,2024-12-18T10:03:03Z,"big room,electrónica,edm,moombahton,dancehall,tropipop,reggaetón,pop urbano,trap argentino","Smash The House",0.752,0.82,1,-2.976,1,0.0461,0.0134,0.000804,0.0692,0.822,95.987,4
spotify:track:5is9ECympHEpAyTw22IDC5,"Don't Lie","Don't Lie","The Chainsmokers;Kim Petras",2024-09-06,148101,53,false,,2024-12-18T10:00:29Z,"","Disruptor Records/Columbia",0.823,0.826,9,-3.858,0,0.0414,0.0653,0.0065,0.066,0.843,135.046,4
spotify:track:3CkJ5kQNtNlgiQMhIqWufA,"Owe To You - A COLORS SHOW","Owe To You - A COLORS SHOW","Khalid",2024-10-02,234706,41,false,,2024-12-18T09:58:10Z,"","Right Hand Music Group, LLC/RCA Records",0.594,0.537,7,-8.364,1,0.0352,0.364,0,0.227,0.119,134.855,4
spotify:track:20Its0iJ6nvKoKw3cY4ydD,"DE MARAVISHA","DE MARAVISHA","Tokischa;NATHY PELUSO",2024-12-12,203802,56,true,,2024-12-18T09:53:44Z,"dembow,neoperreo","WEA Latina",0.78,0.661,1,-4.783,1,0.287,0.00525,0.00000431,0.0537,0.667,160.076,4
spotify:track:0QsdF7zN99BvpsC8Y5eDD9,"HelloWorld.java","HelloWorld.java","NanowaR of Steel",2024-12-03,238186,26,false,,2024-12-18T09:53:36Z,"power metal,folk metal","Napalm Records Handels GmbH",0.527,0.921,3,-5.013,0,0.0572,0.0219,0,0.32,0.519,102.025,4
spotify:track:3zBCukLskhPfajaRaGgEvc,"Both Sides Of The Moon","Compilation 1.1","Celeste;Gotts Street Park",2019-12-06,253546,46,false,,2024-12-12T18:16:38Z,"","Polydor Records",0.535,0.133,5,-12.876,0,0.0911,0.843,0.00565,0.0968,0.227,58.366,4
spotify:track:05uv4AVCtO0XWKqqUTxA3H,"Adios","Summer Ends","Acoupstix",2024-08-23,215431,0,true,,2024-12-12T18:13:47Z,"","Zhudaru 1963",0.815,0.554,11,-7.861,0,0.14,0.0803,0,0.188,0.771,115.942,4
spotify:track:792HwhrdO3ErRKL5yRe4Ge,"Invincible","Meet The Woo 2","Pop Smoke",2020-02-07,127546,17,true,,2024-12-12T13:53:42Z,"drill de brooklyn,drill neoyorquino,drill","Victor Victor Worldwide",0.548,0.732,11,-5.652,0,0.336,0.125,0,0.269,0.612,142.791,4
spotify:track:3sn7UM54xyAUjfR9rNxZwp,"Freedom 2","Freedom 2","Kwengface;Joy Orbison;Overmono",2023-07-27,206931,55,true,,2024-12-06T19:36:12Z,"drill británico,drill,grime,uk grime,uk garage,breakbeat","Kwengface LTD",0.823,0.646,11,-5.886,0,0.058,0.0551,0,0.172,0.474,140.059,4
spotify:track:3zmksQ4fThZuadjqd6yZmm,"Head n' Shoulders","Head n' Shoulders","Yc",2024-11-15,122826,51,true,,2024-11-29T18:49:21Z,"hip hop alemán","GOLD LEAGUE",0.787,0.584,10,-7.617,0,0.296,0.0969,0.00000438,0.164,0.547,150.017,4
spotify:track:7DFawVSjI88xR9mjnWwURg,"If You Don't Know Me by Now - 2008 Remaster","A New Flame (Expanded Version)","Simply Red",1989,204000,76,false,,2024-11-29T11:03:52Z,"rock suave","Rhino/Elektra",0.638,0.352,10,-9.266,1,0.0268,0.492,0,0.105,0.204,94.173,3
spotify:track:5lZaM4985p0t3YfizlQWUz,"Asesina","Asesina","Brytiago;Darell",2018-05-01,187312,77,true,,2024-11-28T21:47:18Z,"trap latino,reggaetón,urbano latino,trap,dembow","Business Music",0.846,0.659,10,-5.277,0,0.259,0.643,0,0.119,0.497,94.195,4
spotify:track:3QQvSQKV8YmQxGolwwWe59,"CATFISH","Alligator Bites Never Heal","Doechii",2024-08-30,134097,68,true,,2024-11-25T20:23:08Z,"","Top Dawg Entertainment/Capitol Records",0.819,0.691,8,-5.76,1,0.193,0.0143,0.0301,0.441,0.706,90.631,4
spotify:track:3ykCgF5yiwxBR66RMSbu3T,"OVR","OVR","3ee",2024-09-13,176537,40,false,,2024-11-25T20:06:28Z,"","Boom.Records",0.745,0.385,1,-9.413,0,0.0618,0.176,0.159,0.114,0.483,104.032,4
spotify:track:2u2udGmop1z67EPpr91km7,"Man in the Mirror","HIStory - PAST, PRESENT AND FUTURE - BOOK I","Michael Jackson",1995-06-16,318687,75,false,,2024-11-21T08:15:22Z,"","Epic",0.794,0.798,8,-5.639,1,0.0366,0.429,0.0000116,0.118,0.265,100.338,4
spotify:track:0DyLPgyhfCpJ4fHJIMB3Ge,"H-Town","H-Town","Dariel Amant",2023-08-08,139460,37,true,,2024-11-21T08:02:31Z,"r&b latino","Dariel Amant",0.821,0.52,4,-6.533,0,0.0459,0.402,0,0.158,0.291,124.005,4
spotify:track:3NTR7FX7bsSGgwFok8NWHd,"What Will It Take","True Reflections...A New Beginning","Jah Cure",2007-08-21,224826,55,false,,2024-11-18T07:41:26Z,"lovers rock,reggae,dancehall,roots reggae,riddim,ragga","VP Records",0.691,0.439,9,-6.781,0,0.0949,0.257,0,0.14,0.48,86.961,4
spotify:track:3NZJlJemX3mzjf56MqC5ML,"Forever","Forever","Chris Brown",2008-04-29,278573,84,false,,2024-11-17T07:25:15Z,"r&b","Jive",0.672,0.82,11,-4.456,1,0.0459,0.0368,0.000188,0.184,0.438,120.005,4
spotify:track:4jW4qcZrYF0uy0WwGi9Fwt,"Ba Ba Bad","Ba Ba Bad","Kybba;Sean Paul;Busy Signal",2024-11-15,144489,2,false,,2024-11-16T17:20:25Z,"dancehall,shatta,moombahton,reggae,lovers rock,ragga,riddim,soca,roots reggae","Basshall Records",0.821,0.546,2,-7.146,1,0.435,0.105,0,0.112,0.546,97.172,4
spotify:track:6bdz8PY44T1qIVIcU6s6qd,"Mmphh","Don't Be Fooled","Tyga",2024-11-15,167035,39,true,,2024-11-15T21:21:29Z,"","Last Kings Music / EMPIRE",0.935,0.545,1,-7.537,1,0.441,0.242,0,0.0905,0.71,98.995,4
spotify:track:7rUchbZxrhF29Q0vYjKEU0,"Can't C Me","All Eyez On Me","2Pac",1996-02-13,330760,72,true,,2024-11-13T18:30:49Z,"hip hop old school,rap gangster,hip hop de la costa oeste,g-funk,hip hop","Amaru Entertainment, Inc./Interscope Records",0.795,0.852,0,-2.238,1,0.178,0.0442,0.00000347,0.39,0.673,95.44,4
spotify:track:2yQX3c895hXfHD2slRYLuH,"Hang Up The Mic","Hang Up The Mic","Degs;Hologram;Ragga Twins",2024-11-07,169755,26,false,,2024-11-12T08:56:46Z,"liquid funk,drum and bass,jungle,uk garage,ragga,bassline","Hospital Records",0.821,0.946,11,-3.152,0,0.26,0.0325,0,0.245,0.633,87.056,4
spotify:track:1FlL8ycld6uVDDyhV7P5FA,"Cúrame","VICE VERSA","Rauw Alejandro",2021-12-10,164705,78,true,,2024-11-09T16:09:02Z,"reggaetón,urbano latino,trap latino,latina","Sony Music Latin/Duars Entertainment",0.765,0.625,9,-3.599,0,0.0548,0.584,0.00111,0.112,0.262,102.101,4
spotify:track:2Sfl7odHUmG7qc8SbqUyzE,"DI MI NOMBRE - Cap.8: Éxtasis","El Mal Querer","ROSALÍA",2018-11-02,162376,63,false,,2024-11-09T08:09:19Z,"latina","Columbia",0.794,0.534,8,-6.47,0,0.131,0.885,0.0000518,0.314,0.547,91.871,4
spotify:track:38I0jWDUImdLJngzPnWmtX,"Epa","Original Flavour","Michael Fortera;Jerrih",2024-10-11,124409,36,false,,2024-11-04T20:16:01Z,"moombahton,shatta,dancehall","Michael Fortera",0.907,0.753,2,-5.645,1,0.0887,0.0399,0.56,0.144,0.615,126.005,4
spotify:track:4CiVz4bw7X1zjCaJ5ZwxUS,"Watch The World Burn","Watch The World Burn","Falling In Reverse",2023-01-31,203948,67,true,,2024-11-04T08:41:55Z,"emo,rap metal","Epitaph",0.391,0.785,10,-5.906,0,0.131,0.0132,0,0.213,0.332,161.928,4
spotify:track:4Q3N4Ct4zCuIHuZ65E3BD4,"Tunnel Vision","Painting Pictures","Kodak Black",2017-03-31,268186,78,true,,2024-11-01T06:18:11Z,"","Atlantic Records",0.497,0.489,11,-7.724,0,0.294,0.0576,0.0000991,0.122,0.231,171.853,4
spotify:track:09mEdoA6zrmBPgTEN5qXmN,"Call Out My Name","My Dear Melancholy,","The Weeknd",2018-03-30,228373,86,false,,2024-11-01T06:09:26Z,"","The Weeknd/Lyric",0.461,0.593,1,-4.954,1,0.0356,0.165,0,0.307,0.174,134.165,3
spotify:track:77NNZQSqzLNqh2A9JhLRkg,"Don't Stop Believin'","The Essential Journey","Journey",2001-10-16,248906,80,false,,2024-11-01T05:53:37Z,"aor,rock clásico","Columbia",0.491,0.802,4,-7.106,1,0.0392,0.25,0,0.387,0.472,119.25,4
spotify:track:5v5yF1qIhHD1ptZoN8dxv7,"NOW IT'S GONE","NOW IT'S GONE","IN PARALLEL",2024-10-17,143184,70,false,,2024-10-31T19:28:44Z,"uk garage","Method 808, distributed by gamma.",0.693,0.902,1,-2.844,0,0.0417,0.00735,0.422,0.0898,0.517,137.958,4
spotify:track:5EmLnaMopRAzdvMVTyPovM,"¡Ay, Paquita! - Performed by ROSALÍA","¡Ay, Paquita! (Performed by ROSALÍA)","Paquita Salas",2018-07-20,52642,51,false,,2024-10-30T13:40:43Z,"flamenco","Sony Music Entertainment",0.871,0.474,4,-5.801,0,0.0508,0.918,0.00000303,0.207,0.771,110.004,4
spotify:track:66TDFKCZpMRfLcgJpa15xq,"Hier encore","Que c'est triste Venise","Charles Aznavour",1964-01-01,143466,70,false,,2024-10-24T23:19:21Z,"chanson,variété francesa,jazz francés","Universal Music Division Barclay",0.388,0.406,2,-9.445,0,0.0367,0.779,0,0.3,0.44,91.667,3
spotify:track:4HVYBeELSvhfGmWwFoZr4p,"Pavos Reales (con Hermano L, Shabu One Shant y Mcklopedia)","El Círculo (Versión Exclusiva de Spotify)","Kase.O;Hermano L;Shabu One Shant;McKlopedia",2016-09-23,271733,0,false,,2024-10-24T07:55:21Z,"hip hop latino,reggae en español,ragga,reggae,hip hop mexicano","EL PAN DE ALIYAH / RAP SOLO distributed by Altafonte",0.837,0.519,11,-6.765,0,0.409,0.139,0,0.0561,0.879,82.935,4
spotify:track:1QtUnWsxvPKHmNgoaksOBv,"My love (feat. Tayc)","My love (feat. Tayc)","Josman;Tayc",2021-06-20,196189,60,true,,2024-10-22T10:32:20Z,"rap francés,r&b francés,pop urbaine,afrobeats,afrobeat","SIDELINE",0.568,0.576,5,-8.096,0,0.276,0.3,0,0.101,0.663,115.354,4
spotify:track:6Dk5fHTvH897XrVzCO64Mx,"What You Won't Do for Love","What You Won't Do for Love","Bobby Caldwell",1978,286493,77,false,,2024-10-18T20:29:48Z,"yacht rock","Big Deal Records",0.642,0.396,6,-16.843,1,0.0642,0.462,0.000823,0.106,0.797,84.082,4
spotify:track:18ENCZw5lQc10UwwFiH1QK,"two","two","bbno$",2024-10-04,135212,1,true,,2024-10-14T19:03:55Z,"","bbno$",0.859,0.878,1,-5.172,1,0.0822,0.00751,0.0000121,0.331,0.885,128.067,4
spotify:track:03Q3XFAe0G6gMfRnQs2Koa,"Moment","Moment","Denver UK;Jess Robyn",2024-07-19,211957,28,false,,2024-10-12T12:48:43Z,"drum and bass,liquid funk","Pure Filth Records",0.505,0.909,8,-3.029,0,0.136,0.00449,0.00068,0.135,0.305,173.957,4
spotify:track:2QfznFotJNZmnIEYFdzE5T,"Heartbreak Anniversary","Heartbreak Anniversary","GIVĒON",2020-02-21,196794,74,false,,2024-10-10T10:04:57Z,"r&b","Epic/Not So Fast",0.624,0.457,0,-8.876,1,0.0494,0.557,0,0.128,0.586,129.758,4
spotify:track:46cJleFY8JRDzR6O8pEfHy,"Countin' Money","Sounds of Sadness","luhbenjaminvl;ImJoker",2024-05-22,180001,0,true,,2024-10-10T06:29:59Z,"","Sex With Women Records",0.503,0.488,1,-10.326,0,0.202,0.124,0,0.114,0.253,114.853,5
spotify:track:3fAa5d2KhtXJ1gxB1wobQz,"Burning (feat. M Huncho & Dutchavelli)","GRM 10","GRM Daily;M Huncho;dutchavelli",2020-06-19,169714,56,true,,2024-10-10T06:15:52Z,"drill británico,grime,drill,uk grime,drill australiano","GRM Daily Records",0.866,0.48,1,-8.885,1,0.264,0.0388,0.0000262,0.109,0.473,140.11,4
spotify:track:7yThFb95n51KWFbwbfb3P0,"Re-Up","Re-Up","Maydien;Mitchell Yard",2024-02-02,199792,17,true,,2024-10-04T21:33:28Z,"r&b indie","Vokall Records",0.887,0.498,0,-5.338,1,0.111,0.0044,0.0000809,0.181,0.609,107.021,4
spotify:track:0wdmg7VuwWNWnRkDWOh27n,"Pump","Pump","Teddy Killerz;Pegboard Nerds",2023-08-14,264827,35,false,,2024-10-04T21:21:58Z,"drum and bass,drumstep,dubstep,edm,electro house,glitch","Monstercat",0.549,0.991,1,-1.003,1,0.241,0.0000874,0.753,0.368,0.101,173.984,4
spotify:track:4lVop3dbZkY8VOTMg0DlUy,"Underwater","Underwater","SIMONS;SVRT",2024-08-30,157500,9,false,,2024-10-04T21:19:05Z,"drum and bass","Chill Planet",0.637,0.897,1,-5.725,0,0.0343,0.152,0.00102,0.129,0.0347,128.067,4
spotify:track:0Nt3UdaA4KrHEUSNwq9nCI,"Feel A Way","I Used To Know Her","H.E.R.",2019-08-30,208057,46,false,,2024-10-04T21:12:12Z,"r&b","MBK Entertainment/RCA Records",0.571,0.564,7,-8.474,0,0.0927,0.0805,0.0213,0.193,0.408,74.981,4
spotify:track:105WhSRvdkySlYJxAyLOE6,"Pon Top","Pon Top","M3B8",2024-05-17,175250,22,false,,2024-10-04T20:54:46Z,"moombahton","Riddim Movement",0.888,0.75,5,-3.154,0,0.113,0.235,0.0000025,0.162,0.62,99.949,4
spotify:track:3fvZo45Y28ly1QBo05pujJ,"Let's Go Back","Let's Go Back","Jungle",2024-09-04,169651,73,false,,2024-09-24T07:02:01Z,"","Caiola Records",0.525,0.749,9,-4.77,0,0.0292,0.146,0,0.236,0.789,71.582,4
spotify:track:2GxrNKugF82CnoRFbQfzPf,"i like the way you kiss me","i like the way you kiss me","Artemas",2024-03-19,142514,81,false,,2024-09-22T06:20:59Z,"","Artemas",0.599,0.946,11,-4.263,1,0.0447,0.000938,0.0106,0.0826,0.747,151.647,4
spotify:track:035FANZcu4HK24hEIeI7bh,"Cántame","De siempre - Antología de las sevillanas Vol. 1","Maria Del Monte",1999-10-01,251373,32,false,,2024-09-18T11:41:58Z,"flamenco,flamenco pop","MARFER",0.332,0.931,9,-3.245,1,0.153,0.0605,0,0.319,0.621,84.162,3
spotify:track:5VOCsfXCV6VvCNsaXzA2jQ,"Dead Air","Troika EP","Albzzy",2021-03-05,209000,14,false,,2024-09-11T20:29:38Z,"bassline,bass house,uk garage,drum and bass","About Last Night",0.805,0.855,11,-4.346,1,0.0635,0.000309,0.949,0.0704,0.28,130.028,4
spotify:track:2p8Is0QXhirfuvmkQhuHtT,"Hot","Hot","Lkhn;Babybang;NChann Soriano",2022-12-16,148800,7,true,,2024-09-09T19:19:03Z,"moombahton,dancehall,shatta,kizomba","Lkhn",0.82,0.745,2,-5.587,1,0.234,0.4,0.00102,0.716,0.642,100.029,4
spotify:track:39glDGcpBhLVMSsQhvtqHR,"I Only Smoke When I Drink","I Only Smoke When I Drink","nimino",2024-08-22,198425,78,false,,2024-09-09T18:11:04Z,"stutter house,house melódico","Counter Records",0.88,0.729,11,-6.378,0,0.176,0.334,0.0113,0.185,0.246,127.028,4
spotify:track:4McMGDTcUNYhhYI9tjhUJT,"Buss The Red","Buss The Red","P Money;Whiney",2021-11-19,205011,33,false,,2024-09-08T20:20:13Z,"grime,uk grime,drum and bass,bassline,liquid funk,jungle","Hospital Records",0.75,0.786,9,-1.642,1,0.0624,0.00886,0.00000267,0.323,0.369,87.506,4
spotify:track:5GWYepVwLflE0z5Yy8cEhk,"En La Disco Revela","De Camino A Palomino, Vol. 1","DJ Nelson;Dalex;Alejandro Armes",2022-07-22,183092,27,false,,2024-09-08T19:57:37Z,"reggaetón","Flow Music LLC / EMPIRE",0.762,0.556,5,-5.34,0,0.126,0.149,0.00357,0.092,0.454,171.948,4
spotify:track:73L8DSHOQImkA98ZkwPF7j,"Zoom","Zoom","SPAG",2019-07-05,195204,27,false,,2024-09-08T19:54:09Z,"dubstep,riddim,deathstep,drumstep,bass music,dub","Never Say Die Records",0.602,0.993,10,-2.301,0,0.254,0.0115,0.0203,0.192,0.337,75.163,4
spotify:track:2bYLIwEato0rHsfT6S9IAY,"Back It Up","Come Back Riddim","DJ Fly;Richie Loop",2016-07-01,201600,28,false,,2024-09-06T22:26:20Z,"shatta,zouk,kompa,dancehall,ragga,moombahton,big room,trance psicodélico","Fly Away Prod - Dj Fly",0.925,0.691,1,-5.435,1,0.124,0.486,0,0.296,0.793,100.018,4
spotify:track:3J3NYKJRGCXQBOmAgar3MI,"Yovoy Riddim","Yovoy Riddim","Dopeman",2022-06-17,171250,33,false,,2024-09-06T22:21:06Z,"moombahton,shatta,dancehall","Badboi Beats",0.718,0.766,2,-4.279,1,0.0927,0.0201,0.000279,0.0658,0.37,95.872,4
spotify:track:5lFbTyKrr5aJ8MaK4QMJTH,"Playtune","Playtune","Madrik",2022-05-06,142631,18,false,,2024-09-06T22:19:47Z,"moombahton,shatta,dancehall","1489283 Records DK",0.659,0.715,10,-2.479,0,0.119,0.059,0.000702,0.0259,0.435,95.154,4
spotify:track:1CTxUGKzGenQfBDexC9gIT,"Pilot","Pilot","Kybba;Limitlezz;Blaiz Fayah",2021-04-23,141726,0,true,,2024-09-06T22:15:48Z,"dancehall,shatta,moombahton,ragga","Basshall Records",0.807,0.493,3,-5.921,0,0.379,0.158,0.00000157,0.114,0.722,97.04,4
spotify:track:13wKDakjcopETwSwVjLnT1,"No Bagga","No Bagga","Dopeman;Madrik",2021-07-16,175324,26,false,,2024-09-06T22:12:44Z,"moombahton,shatta,dancehall","2021 Badboi Beats",0.929,0.533,1,-8.848,1,0.197,0.0147,0.000621,0.262,0.423,100.001,4
spotify:track:6PyRfJN2K5Sm1vfOuF4Z9z,"Sua amiga vou sarrar","Sua amiga vou sarrar","MC Levin",2019-02-15,149603,66,false,,2024-08-31T18:54:23Z,"funk brasileño,brega funk","WM Brazil",0.921,0.533,9,-3.408,0,0.0749,0.433,0,0.0832,0.673,130.014,4
spotify:track:7iabz12vAuVQYyekFIWJxD,"BAND4BAND (feat. Lil Baby)","BAND4BAND (feat. Lil Baby)","Central Cee;Lil Baby",2024-05-23,140733,72,true,,2024-08-29T19:21:34Z,"drill británico,drill,uk grime","Columbia",0.882,0.764,11,-5.241,1,0.204,0.359,0,0.119,0.886,140.113,4
spotify:track:0GVPemmAwkXhFlYimhdDr3,"30 GRADOS","30 Grados","El Turko;Mandale Flow",2024-01-26,151441,1,true,,2024-08-29T19:18:30Z,"rkt,turreo,guaracha","Sonar LLC",0.676,0.573,1,-3.784,1,0.338,0.0185,0,0.0761,0.369,98.325,4
spotify:track:15Hb4YapPuC0iNGvez2PXE,"Walking On A Dream","Walking On A Dream","Empire Of The Sun",2009-02-16,198440,0,false,,2024-08-28T19:40:53Z,"","Virgin",0.87,0.699,5,-5.541,0,0.0459,0.245,0.00000676,0.0588,0.726,126.967,4
spotify:track:4euxFlxLWVGmZZLyYARTyE,"Spanish Joint","Voodoo","D'Angelo",2000-01-01,344493,59,false,,2024-08-26T18:28:31Z,"neo soul","Virgin Records",0.729,0.498,0,-8.906,0,0.0822,0.537,0.317,0.134,0.781,111.822,4
spotify:track:1oIRJfHsJP2qu8tkAI9g70,"All Glocks Down","Takin Mine","Heather B",1996-06-11,250000,43,true,,2024-08-24T21:25:29Z,"hip hop de la costa este,boom bap","CAPITOL CATALOG MKT (C92)",0.899,0.624,10,-8.19,0,0.0849,0.00775,0.000167,0.0466,0.864,91.055,4
spotify:track:5qJNNgDuLrIY2HcOvQwZRY,"Suckin Up","Suckin Up","AUDREY NUNA",2024-08-16,137097,25,true,,2024-08-24T04:49:41Z,"","Arista Records",0.77,0.462,7,-7.602,1,0.111,0.025,0.0827,0.0779,0.764,173.156,4
spotify:track:6YaYopWYXE348HAQiMBorS,"Show Me","Show Me","Interupt",2021-12-10,183500,0,false,,2024-08-23T19:19:41Z,"bassline,bass house,drum and bass","Eighty-Six",0.748,0.832,5,-4.89,0,0.044,0.0846,0.272,0.315,0.676,130.102,4
spotify:track:6N4RJvVtKxiWN5bvxW3vQM,"Bwoy-Je","Bwoy-Je","Madrik;Dopeman",2024-04-26,144013,16,false,,2024-08-23T19:17:29Z,"moombahton,shatta,dancehall","Badboi Beats",0.608,0.7,1,-3.829,1,0.274,0.216,0.000123,0.0889,0.255,88.232,4
spotify:track:15hJmqqEtASVXl6sM7i4UF,"trademark usa","The Melodic Blue","Baby Keem",2021-09-10,270670,67,true,,2024-08-23T06:24:16Z,"","Columbia",0.615,0.6,10,-5.62,1,0.27,0.107,0.00000161,0.283,0.0661,130.027,4
spotify:track:3rRKu7N2zRgb0pF9DLrrBI,"by now","Sad Romance","CKay",2022-09-23,164121,63,true,,2024-08-21T19:51:08Z,"afrobeats,afrobeat,r&b afro,afropop","Warner Music Africa",0.587,0.608,4,-3.813,0,0.0593,0.512,0.033,0.112,0.793,58.227,5
spotify:track:07p0kLnvfQQ2bLujHyzSGK,"Rechazame","Prince Royce","Prince Royce",2010,223200,80,false,,2024-08-18T06:14:03Z,"bachata,latina","Sony Music Latin",0.73,0.867,7,-1.946,1,0.0325,0.0749,0.00000681,0.0712,0.929,130.02,4
spotify:track:2LKfTbVnzG3ABQiNPG9pRH,"MENACE","MENACE","CATPISS;L I O;COUNTRY BOY",2022-10-28,125806,16,true,,2024-08-17T20:59:11Z,"","CATPISS RECORDS",0.734,0.635,2,-7.345,1,0.0388,0.336,0.378,0.0714,0.0594,124.052,4
spotify:track:3A7VS6MzbpVI2bYtNVTNlM,"Never Seen Never Heard","Never Seen Never Heard","Anaïs;Scrufizzer",2024-03-29,153735,31,false,,2024-08-17T20:19:18Z,"drum and bass,jungle,bass house,bassline,grime,uk garage","Hospital Records",0.689,0.932,1,-1.955,1,0.107,0.0666,0.000104,0.325,0.812,87.487,4
spotify:track:6QZWoi81G0nHKn8n1oFtaa,"Pulling Teeth","Pulling Teeth","House of Protection",2024-08-09,200500,48,false,,2024-08-16T05:51:08Z,"metalcore","Red Bull Records",0.542,0.985,7,-3.55,1,0.282,0.000548,0,0.383,0.266,125.016,4
spotify:track:43SMQMC2X2fAOuTPRnSGrG,"Tu No Metes Cabra","Tu No Metes Cabra","Bad Bunny",2017-07-06,170762,71,true,,2024-08-13T05:43:52Z,"reggaetón,trap latino,latina,urbano latino","Rimas Entertainment LLC",0.86,0.641,7,-2.149,1,0.219,0.689,0.00331,0.107,0.432,92.013,4
spotify:track:7sJICRUS1spg6HO7v59vZo,"Kick It - Valentino Khan Remix","iScreaM Vol.1 : Kick It Remixes","NCT 127;Valentino Khan",2020-05-08,189700,0,false,,2024-08-10T21:42:33Z,"k-pop,noise,bass house,moombahton,g-house","SM Entertainment, Scream Records",0.684,0.976,7,-2.067,1,0.176,0.0138,0.00000129,0.192,0.674,83.511,4
spotify:track:0NkBIQwCGngcIQWash96NH,"ANITA","ANITA","Habstrakt;YNG Martyr",2024-06-28,165077,36,false,,2024-08-10T21:39:18Z,"bass house,g-house,dubstep,bassline","Distorted Reality Records",0.852,0.838,10,-5.093,0,0.267,0.00422,0.000257,0.125,0.586,132.051,4
spotify:track:1Znm2edTuEhuuvaGtOPksn,"The Streets","Stop Dawdling / The Streets","MPH",2024-04-25,265454,0,false,,2024-08-10T21:38:13Z,"uk garage,bassline,bass house,rally house","Crucast",0.897,0.971,7,-3.419,1,0.388,0.0103,0.0000167,0.0598,0.762,132.062,4
spotify:track:2bCGX2DpY2DkkDxX03bpIr,"Mega Quito Tanga","Mega Quito Tanga","Juanchirmx",2023-05-06,149908,32,true,,2024-08-10T21:35:11Z,"rkt,guaracha,techengue,turreo","Juanchirmx",0.874,0.756,0,-5.765,1,0.0734,0.0377,0.00426,0.115,0.406,101.982,4
spotify:track:0zY2rypOdM8xmsf4tUyafF,"SUPERNOVA","SUPERNOVA","SAIKO",2023-04-19,190909,61,false,,2024-08-10T21:33:31Z,"","2023 SAIKO",0.499,0.676,10,-6.722,0,0.0961,0.0556,0.0000471,0.61,0.263,176.068,4
spotify:track:5tjzsEFaTg3lcoH6AjpSaj,"It's All Good","Sincere","Khalid",2024-08-02,208746,53,true,,2024-08-03T21:41:40Z,"","Right Hand Music Group, LLC/RCA Records",0.683,0.56,5,-8.591,0,0.0315,0.198,0.00333,0.122,0.347,126.037,4
spotify:track:2eK7XCveaHytVpdCdzVwtp,"Pushing On","Pushing On","RIOT",2024-05-31,148000,0,true,,2024-08-03T21:32:54Z,"dubstep,deathstep,drumstep,riddim","NCS",0.659,0.916,8,-0.596,0,0.144,0.102,0.00000206,0.64,0.516,149.339,4
spotify:track:5IXXXwZzAyF617TADYXBKx,"Carcosa","Death Wish","RIOT",2024-04-04,193593,33,false,,2024-08-03T21:31:06Z,"dubstep,deathstep,drumstep,riddim","Subsidia",0.79,0.994,10,-2.247,0,0.386,0.014,0.407,0.1,0.24,128.023,4
spotify:track:3IDexQVKoIgzWBfTt3XJTR,"YNG Martyr - triple j Bars Of Steel","YNG Martyr (triple j Bars Of Steel)","YNG Martyr",2023-11-17,163786,48,true,,2024-08-03T20:44:20Z,"","YNG Martyr",0.723,0.572,2,-8.764,1,0.554,0.223,0,0.165,0.566,92.852,4
spotify:track:0OA00aPt3BV10qeMIs3meW,"Big Dawgs","Big Dawgs","Hanumankind;Kalmi",2024-07-09,190666,77,true,,2024-08-03T11:57:47Z,"hip hop en malabar,desi hip hop","Universal Music India Pvt Ltd.",0.464,0.745,4,-3.202,0,0.161,0.0235,0,0.363,0.262,180.098,4
spotify:track:1KQXZybrY276pMRpzX6q4m,"Vamos Pa la Playa","Vivo En El Ghetto","Kafu Banton",2018-05-07,165001,60,false,,2024-08-03T11:56:24Z,"reggae en español,dancehall","Kafu Banton",0.675,0.704,1,-6.346,1,0.452,0.233,0,0.25,0.968,122.37,5
spotify:track:0ve0CavjqrUqVmZ605RhTV,"Jump","Jump","Tyla;Gunna;Skillibeng",2024-03-20,147071,63,false,,2024-07-28T05:53:11Z,"afrobeats,rap melódico,dancehall","FAX Records/Epic",0.79,0.716,10,-3.446,0,0.0929,0.0297,0.0000187,0.213,0.627,100.104,4
spotify:track:5I76YtdZkFQReVgKppRd78,"Mi Corazoncito","K.O.B. Live","Aventura",2006-12-19,234240,74,false,,2024-07-27T15:19:15Z,"bachata","Premium Latin Music",0.814,0.639,1,-8.078,0,0.0463,0.0979,0,0.13,0.961,133.035,4
spotify:track:6NCtzHANN8GwvxdrSzJBB9,"Wait On It (feat. Bryson Tiller & Chris Brown)","Wait On It (feat. Bryson Tiller & Chris Brown)","Jeremih;Bryson Tiller;Chris Brown",2024-06-28,205400,61,true,,2024-07-23T19:49:50Z,"trap soul,r&b","PULSE Records",0.621,0.63,8,-5.764,1,0.215,0.0227,0.00000299,0.111,0.539,82.796,4
spotify:track:0l7cfP9dZBrkkNkR7NXnQO,"Gimme That Bounce","Gimme That Bounce","Mau P",2023-01-27,217410,46,false,,2024-07-23T19:47:01Z,"tech house,house","Intercord",0.798,0.96,8,-5.538,1,0.261,0.0267,0.846,0.0988,0.0981,126.041,4
spotify:track:384TJj6XyHUyNlCbdgm6Sz,"MANGO (feat. Adi Oasis)","MANGO (feat. Adi Oasis)","KAMAUU;Adi Oasis",2020-09-04,245994,55,false,,2024-07-23T19:41:11Z,"indie soul,neo soul,retro soul","Atlantic Records",0.668,0.605,2,-7.608,0,0.0454,0.336,0.000206,0.115,0.877,83.002,4
spotify:track:5bfrLQFw6AB3Be3fzvY5ER,"Nuttin Nuh Go So","Buy Out Riddim","Notch;Tony ""CD"" Kelly",2001-12-04,242560,63,false,,2024-07-23T19:33:29Z,"dancehall,ragga,soca,reggae,riddim","K-Licious Music",0.751,0.837,1,-3.892,1,0.108,0.183,0,0.217,0.752,98.016,4
spotify:track:4ch0ejqrSwJrotLroa9mXn,"Everybody Loves The Sunshine","Second Nature","Netsky;Daddy Waku;Chantal Kashala",2020-10-30,200930,62,false,,2024-07-23T19:32:43Z,"drum and bass,liquid funk,drumstep,chillstep","Hospital Records",0.531,0.865,6,-4.023,0,0.0494,0.000818,0.00991,0.104,0.0919,171.855,4
spotify:track:6QJ1F9DrlsRSmKDcdVS0Oy,"Lloraras","Traicionera (Baile Total)","Oscar D'León;La Dimensión Latina",2017-11-24,222200,69,false,,2024-07-21T04:47:14Z,"salsa,merengue","UMLE - Machete",0.706,0.751,9,-8.368,1,0.0452,0.517,0.000701,0.0445,0.962,96.998,4
spotify:track:2TEK053VG4TNxYkIWL3NfW,"La Llorona","La Llorona","Carmen Goett",2019-11-18,364367,0,false,,2024-07-21T04:46:58Z,"","Carmen Goett under exclusive license to Amuseio AB",0.749,0.0668,6,-14.086,0,0.0442,0.921,0.000153,0.103,0.343,123.063,3
spotify:track:4Wsdx0VCIwiIxHTUAnpCIw,"Run Di Area","Run Di Area","Zapya;Mad Sam",2024-06-07,190628,43,false,,2024-07-19T16:01:06Z,"drum and bass,jungle,ragga","Jungle Cakes",0.585,0.923,2,-2.021,1,0.195,0.127,0.0000074,0.375,0.506,86.959,4
spotify:track:3RuGaevdztzjwj2NCGumM5,"Bumpa","Bumpa","Bowna;DJ Digital",2023-01-20,132815,30,true,,2024-07-13T19:59:10Z,"shatta,dancehall,kompa,zouk","Digital Recordz",0.905,0.269,8,-16.077,1,0.392,0.0294,0.000232,0.0935,0.529,103.117,4
spotify:track:1NYaKrmImDKW39ToBhr1nh,"Winter Rain","Outer Worlds, Inner Demons","Sick Century",2022-07-29,245259,49,false,,2024-07-07T10:30:07Z,"","Ion Disguise/ Paint The Light",0.35,0.937,7,-5.822,1,0.136,0.000636,0.0021,0.0892,0.359,176.955,4
spotify:track:2YwFbO158HeAMCSjSaouRu,"Auto Al Piso","Auto Al Piso","The La Planta;El negro tecla;Locura Mix",2023-12-07,174580,55,false,,2024-07-07T06:02:12Z,"cumbia,cuarteto,rkt,turreo,guaracha","NES Play",0.757,0.581,7,-4.884,1,0.123,0.258,0,0.291,0.629,82.064,4
spotify:track:5utINKwnXh1drV2vI9cnze,"Bombalaya - Blooom Remix","Bombalaya (Blooom Remix)","DNMO;Wolfy Lights;Blooom",2024-05-16,248571,66,false,,2024-07-06T05:18:09Z,"drum and bass","UKF",0.416,0.95,8,-1.513,1,0.314,0.00043,0.00546,0.102,0.442,174.76,4
spotify:track:02ujZwV9W2XUeHC4DBrnvC,"Cortando a Mil Cilindradas","Cortando a Mil Cilindradas","Neo Beats;Bovier",2024-04-26,141686,28,true,,2024-07-06T05:13:19Z,"hip hop brasileño,trap brasileño,trap funk,trap,funk consciente","Neo Records",0.772,0.587,8,-6.435,0,0.618,0.32,0,0.239,0.876,109.16,5
spotify:track:0DTmOL0z3J1jxHZk6DLoI7,"Shattiment","Shattiment","P.L.L",2024-05-03,146400,53,false,,2024-07-01T20:20:15Z,"shatta,maloya,zouk,kompa,dancehall","Mafia Endemik © Music Group",0.841,0.674,6,-4.044,0,0.138,0.0918,0,0.0808,0.464,100.176,4
spotify:track:083HuPvgqYBLUiv82bVxwE,"HOT ONE (with TiaCorine & A$AP Ferg)","HOT ONE (with TiaCorine & A$AP Ferg)","Denzel Curry;TiaCorine;A$AP Ferg",2024-06-05,165270,57,true,,2024-06-29T20:49:23Z,"rap","Loma Vista Recordings",0.766,0.724,5,-5.145,1,0.18,0.717,0,0.15,0.827,163.119,4
spotify:track:7f5trao56t7sB7f14QDTmp,"Juicy","Hot Pink","Doja Cat;Tyga",2019-11-07,203093,72,true,,2024-06-28T19:25:01Z,"","Kemosabe Records/RCA Records",0.785,0.652,0,-2.607,1,0.0668,0.102,0,0.0697,0.484,170.024,4
spotify:track:2AP7m2dBb8ULTx4Gc1rdMc,"Juicy","Greatest Hits","The Notorious B.I.G.",2007-03-02,285760,63,false,,2024-06-28T19:24:58Z,"hip hop old school,rap gangster,hip hop de la costa este,hip hop","Bad Boy Records",0.887,0.767,9,-4.311,1,0.295,0.38,0,0.0527,0.607,97.437,4
spotify:track:4xI0ge56hMcxpj0NCCkYhS,"Sonar por Bulerías - A COLORS ENCORE","Sonar por Bulerías - A COLORS ENCORE","Yerai Cortés;COLORS",2024-06-24,230725,36,false,,2024-06-27T19:38:48Z,"flamenco,flamenco pop","COLORSxSTUDIOS",0.515,0.618,6,-8.817,1,0.0644,0.694,0.618,0.11,0.677,150.393,3
spotify:track:2VXRVqJ02WMnUlxTvwdtoz,"See Me","See Me","Oppidan;camoufly;SHIMA",2023-08-03,184615,47,false,,2024-06-27T19:35:40Z,"uk garage,bassline,rally house,stutter house","UKF",0.793,0.63,1,-5.902,0,0.113,0.147,0.72,0.291,0.0773,130.104,4
spotify:track:4qJzVJ3QzvYq6PrahkUlAI,"Armed & Dangerous","Armed & Dangerous","Oppidan;Cutty Ranks",2024-03-29,234586,53,false,,2024-06-27T19:35:31Z,"uk garage,bassline,rally house,dancehall,ragga,reggae,jungle,lovers rock","UKF",0.86,0.906,11,-4.353,1,0.208,0.0446,0.0000999,0.0413,0.758,132.824,4
spotify:track:7rauCEF41dYR63AfvypaKe,"Another Day","Another Day","Niek;Luwuc",2024-02-22,288965,7,false,,2024-06-27T19:30:22Z,"drum and bass","Sky Bass Records",0.448,0.845,11,-3.884,1,0.0564,0.00818,0.00145,0.549,0.122,173.974,4
spotify:track:5sRe8o0v1CV3p5gFLrGzeH,"Bass Face","Bass Face","Jonth",2024-02-13,176474,0,false,,2024-06-27T19:24:23Z,"future house","NCS",0.678,0.968,6,-1.856,0,0.416,0.0118,0.0017,0.351,0.65,87.614,4
spotify:track:0o4Z9Am4OOwRVHml4RyqZW,"Honey","Blue Electric Light","Lenny Kravitz",2024-05-24,230237,63,false,,2024-06-22T20:29:41Z,"","BMG Rights Management GmbH",0.835,0.749,0,-7.475,1,0.0354,0.00968,0.0149,0.115,0.966,111.398,4
spotify:track:1XNQJZ8CfaTNIowJsaotvn,"After Party","After Party","Lens;LZee",2024-03-08,173500,48,true,,2024-06-15T13:02:39Z,"drum and bass,liquid funk,jungle,uk garage,hip house","Lens",0.694,0.914,8,-4.082,0,0.218,0.0329,0,0.309,0.727,172.014,4
spotify:track:6o0gJtOgimGamRBTS80H5g,"PICK UP THE PHONE (feat. Nate Dogg)","PICK UP THE PHONE (feat. Nate Dogg)","PAWSA;Nate Dogg",2024-05-31,224124,71,true,,2024-06-13T20:20:57Z,"tech house,house,g-funk,hip hop de la costa oeste,hip hop old school","PAWZ",0.811,0.688,10,-6.911,1,0.0747,0.00876,0.29,0.0894,0.548,128.975,4
spotify:track:49sGT5xmzGkc0m0Mua8w4Q,"Up Top","KALIKUSH","Tribal Kush;Kalibwoy",2024-05-03,159183,0,false,,2024-06-13T06:55:59Z,"dancehall,shatta,moombahton","Basshall Records",0.923,0.571,1,-3.827,1,0.316,0.0874,0,0.0843,0.824,98.037,4
spotify:track:5ahq8vkzMznGmfN2EVOukP,"Lover/Friend","Lover/Friend","KAYTRANADA;Rochelle Jordan",2023-11-30,212250,55,false,,2024-06-13T06:46:55Z,"r&b alternativo","KAYTRANADA/RCA Records",0.727,0.733,8,-9.81,0,0.215,0.0144,0.000415,0.0481,0.586,105.134,4
spotify:track:6dAoE1lXYk5W25CRuCkeq6,"In 2 Deep","In 2 Deep","Chikoruss",2024-01-19,135999,53,true,,2024-06-13T06:38:48Z,"","300 Entertainment",0.528,0.756,8,-7.026,0,0.0697,0.177,0,0.118,0.809,98.907,4
spotify:track:7EMzOyDT87Uq9Hi08Mxe31,"Wayeh","Imad","THEODORT",2024-05-24,150733,58,false,,2024-06-13T06:30:14Z,"rap francés,pop urbaine","BUDOKAI / ERRRO",0.766,0.677,8,-6.434,0,0.0384,0.152,0.00214,0.203,0.55,104.981,4
spotify:track:4UzVcXufOhGUwF56HT7b8M,"My Immortal","Fallen","Evanescence",2003-03-04,262533,80,false,,2024-06-10T21:35:49Z,"metal alternativo","The Bicycle Music Company",0.19,0.265,9,-9.206,1,0.0356,0.863,0,0.134,0.101,79.012,4
spotify:track:0XEcGdjXh4vYI3j2odVisE,"NUMBA 1","KALIKUSH","Tribal Kush;Kalibwoy;X-Man",2024-05-03,156000,0,false,,2024-06-10T20:58:41Z,"dancehall,shatta,moombahton,zouk,kompa,ragga","Basshall Records",0.902,0.59,1,-7.242,1,0.386,0.00203,0.0622,0.145,0.202,99.999,4
spotify:track:1GBWfeZuTs2knvZ8JUbLMv,"Bruk","KALIKUSH","Tribal Kush;Kalibwoy;Kryssy",2024-05-03,135600,0,false,,2024-06-10T20:56:16Z,"dancehall,shatta,moombahton,ragga,zouk,kompa","Basshall Records",0.91,0.558,9,-7.268,1,0.215,0.0179,0,0.0941,0.521,99.991,4
spotify:track:6K9E9IhuWhSio7ZvE8Tzdt,"Real Badman","KALIKUSH","Tribal Kush;Kalibwoy;Dj Glad",2024-05-03,150927,0,false,,2024-06-10T20:54:41Z,"dancehall,shatta,moombahton","Basshall Records",0.837,0.523,10,-7.106,0,0.4,0.282,0.00000187,0.0613,0.818,96.907,4
spotify:track:53jU0EfNHmeTIzOumPvq6M,"Diamonds Water","Marti Montana","Marti Caine",2022-12-26,187454,0,true,,2024-06-01T06:22:03Z,"","MTL Records",0.968,0.59,3,-6.305,0,0.161,0.0484,0,0.0834,0.735,123.01,4
spotify:track:765zfCJsXtDDPInx1smYLo,"Real Man","Real Man","Korede Bello",2021-02-05,175098,46,false,,2024-05-30T18:21:12Z,"afrobeats,afrobeat,afropop,azonto","Mavin Records",0.587,0.818,3,-4.136,0,0.155,0.29,0.00000302,0.11,0.886,191.637,4
spotify:track:6d7smhFOnBEVeaKAiYm8PK,"Ten Toes (Feat. MC Spyda, General Levy & Eksman)","Ten Toes (Feat. MC Spyda, General Levy & Eksman)","Bru-C;MC Spyda;General Levy;Eksman",2024-05-16,234615,40,true,,2024-05-30T16:19:51Z,"drum and bass,bassline,jungle,ragga,uk garage","0207 Def Jam",0.522,0.935,11,-3.258,0,0.297,0.351,0.000107,0.129,0.637,86.673,4
spotify:track:5kZEGH4jrbIztBtnt5qyTf,"BALA","BALA","shonci;Meno Saaint",2024-05-24,81235,0,false,,2024-05-25T10:15:33Z,"phonk brasileño,rally house,phonk,funk bruxaria,funk brasileño","Boom.Records",0.966,0.796,1,-3.919,0,0.317,0.148,0.0000292,0.114,0.734,130.064,4
spotify:track:50x1Ic8CaXkYNvjmxe3WXy,"Those Eyes","Those Eyes","New West",2019-05-10,220750,80,false,,2024-05-22T22:42:34Z,"","Republic Records",0.594,0.348,4,-8.297,1,0.0285,0.709,0.0000212,0.317,0.248,120.048,3
spotify:track:26hOm7dTtBi0TdpDGl141t,"Die For You","SMITHEREENS","Joji",2022-11-04,211666,4,false,,2024-05-22T22:37:48Z,"","88rising Music/Warner Records",0.472,0.518,8,-7.379,1,0.051,0.383,0.127,0.289,0.154,147.805,4
spotify:track:42VsgItocQwOQC3XWZ8JNA,"FE!N (feat. Playboi Carti)","UTOPIA","Travis Scott;Playboi Carti",2023-07-28,191700,86,true,,2024-05-22T22:37:32Z,"rap,rage rap","Cactus Jack/Epic",0.569,0.882,3,-2.777,0,0.06,0.0316,0,0.142,0.201,148.038,4
spotify:track:5h5tBFnbcVioFXiOixTn6E,"Bitch, Don’t Kill My Vibe","good kid, m.A.A.d city (Deluxe)","Kendrick Lamar",2012-10-22,310720,66,true,,2024-05-22T22:31:56Z,"hip hop,hip hop de la costa oeste","Aftermath",0.586,0.698,1,-8.948,1,0.0943,0.0151,0,0.443,0.098,133.954,4
spotify:track:6uYMRG1dvycYQP9wPq91C1,"Whoodie Hoo","Whoodie Hoo","Tafia",2024-04-12,172801,12,true,,2024-05-22T22:30:42Z,"","Street Fanci",0.613,0.841,0,-3.524,1,0.209,0.0332,0,0.207,0.334,175.131,4
spotify:track:6ybnfdH4LT2WzATSLfFwDM,"Nowhere","Nowhere","Zak Downtown;Riccardo Marchi",2023-09-29,152903,37,false,,2024-05-19T19:53:37Z,"","212 Records",0.844,0.844,5,-6.013,0,0.0651,0.0434,0.00793,0.149,0.368,123.985,4
spotify:track:3Pd1MwrGRhEzjiO7njmlbi,"CHEGOU 3","CHEGOU 3","shonci;Mc Magrinho",2024-05-14,159456,1,true,,2024-05-14T17:46:29Z,"phonk brasileño,rally house,phonk,funk de belo horizonte,funk brasileño,funk bruxaria","Boom.Records",0.929,0.849,5,-4.863,0,0.344,0.0751,0.00000499,0.0615,0.886,130.053,4
spotify:track:2Jko3yQgktaKnFcmyLv3g7,"1865 (96º In The Shade)","96 Degrees In The Shade","Third World",1977-01-01,267826,62,false,,2024-05-13T17:21:43Z,"reggae,roots reggae","UMC (Universal Music Catalogue)",0.918,0.393,7,-16.088,1,0.15,0.0314,0.000153,0.0269,0.803,131.84,4
spotify:track:1A9C5UhP7LocWVO5ycWsLb,"Basshall Session #3","Basshall Session #3","Kybba;Tribal Kush;Blaiz Fayah;Kalibwoy;Jahyanai",2023-12-22,154455,0,false,,2024-05-11T11:10:38Z,"dancehall,shatta,moombahton,ragga,zouk,kompa,r&b francés","Basshall Records",0.918,0.482,5,-6.718,0,0.292,0.0385,0,0.104,0.562,100.944,4
spotify:track:65FmmG1oAGHuM95utT3gMG,"D O P E M I N E","D O P E M I N E","DJ ASA",2023-05-30,130514,2,false,,2024-05-11T11:10:32Z,"shatta","3466284 Records DK",0.859,0.452,10,-4.258,0,0.124,0.018,0.00399,0.0833,0.686,104.473,4
spotify:track:6mTXRpSJcuVt5e46bylLec,"Kate McCannon","Colter Wall","Colter Wall",2017-05-12,274080,66,false,,2024-05-04T22:16:08Z,"outlaw country,country,southern gothic,red dirt,bluegrass,country alternativo,folk americano","La Honda Records/RCA Records",0.616,0.188,7,-15.766,1,0.0312,0.912,0.243,0.109,0.332,142.807,4
spotify:track:3lOsvOCeClwEFv0Ezo1if7,"You Want Me","You Want Me","Dirtyphonics;Circadian",2024-03-13,285517,35,false,,2024-05-01T11:08:26Z,"dubstep,deathstep,drumstep,riddim,drum and bass,bass music","Monstercat",0.426,0.994,0,0.419,1,0.0834,0.000745,0.816,0.243,0.0368,174.013,4
spotify:track:3uIdGDNfilc0tyX45UvxwT,"Why Kiki?","Why Kiki? (Acoustic)","Iam Tongi",2024-04-12,159720,0,false,,2024-04-30T06:34:16Z,"","19 Recordings, Inc.",0.754,0.604,2,-6.542,1,0.0352,0.168,0,0.0741,0.336,144.018,4
spotify:track:2HZ1jDl2j1vyuKTvi6qXCg,"Emulalalá","Emulalalá","SLEEECH",2024-04-24,105920,0,false,,2024-04-29T20:18:30Z,"","Music",0.783,0.346,3,-14.501,1,0.0838,0.0427,0.00000402,0.0386,0.67,130.012,4
spotify:track:2RrDkTF6bgjgYsYN5HaaFB,"Fallout","Paper Hearts","Sleep Theory",2023-09-29,197400,50,false,,2024-04-25T16:21:49Z,"metalcore","Epitaph",0.526,0.987,10,-3.302,0,0.189,0.000844,0.0000221,0.434,0.28,95.002,4
spotify:track:1aHy1ipWQRNauI0ee9uYfi,"Fall Back","Fall Back / Selfish Game","Lithe",2024-03-22,129522,7,false,,2024-04-23T11:20:00Z,"dark r&b","GSL",0.871,0.158,3,-10.889,0,0.102,0.648,0.0363,0.113,0.46,126.078,4
spotify:track:3IelG5zYpWWCZIH4cqWlPV,"SHOOTING STAR","SHOOTING STAR","XG",2023-01-25,203556,69,false,,2024-04-19T11:54:25Z,"k-pop","XGALX",0.625,0.712,2,-5.996,1,0.0539,0.0229,0,0.252,0.398,163.015,4
spotify:track:2OcBwebjQsdJy76zWvLQvn,"Conceited (There's Something About Remy)","There's Something About Remy-Based On A True Story (Explicit)","Remy Ma",2006-01-01,219560,72,true,,2024-04-19T11:49:55Z,"","Universal Records",0.668,0.577,11,-7.808,1,0.447,0.204,0,0.156,0.564,99.565,4
spotify:track:78W81pRYN5j3SV1819Dz0F,"The Damn Guy","The Damn Guy","Grima x Azza;TNA",2018-11-08,344999,44,true,,2024-04-19T11:44:41Z,"drum and bass,bassline","Independent",0.753,0.934,10,-1.728,0,0.306,0.369,0,0.932,0.716,87.57,4
spotify:track:0ZGQ5v2JDBTrFpHv3pLWhp,"n.h.i.e.","n.h.i.e.","21 Savage;Doja Cat",2024-01-10,143718,56,true,,2024-04-19T10:39:16Z,"","Slaughter Gang, LLC/Epic Records",0.818,0.512,5,-9.056,0,0.0926,0.093,0.0441,0.11,0.155,131.967,4
spotify:track:1Ck2WX9Gw7zIFlhc6kZRu9,"Spiritum","Spiritum","Vini Vici;Maddix;Shibui",2024-01-12,193528,42,false,,2024-04-15T20:02:00Z,"trance psicodélico,trance,big room,techno,hard techno,acid techno,hipertechno","NITRON music",0.623,0.962,4,-8.092,0,0.0869,0.016,0.11,0.0932,0.119,142.001,4
spotify:track:2hUdC7KJF8hkBgfykpGz1z,"Blow Your Mind","Blow Your Mind","Will Sparks",2023-06-16,285227,0,false,,2024-04-15T19:52:54Z,"melbourne bounce,big room,techno","CLUBWRK",0.658,0.923,10,-4.902,0,0.0525,0.0216,0.806,0.107,0.0713,132.02,4
spotify:track:4wu8x5GMH1GTZEAbDaMHz8,"Guest List","Im Feelin Good / Guest List","NITTI;shndō;CHASE PAVES",2021-07-30,234528,37,true,,2024-04-15T19:51:02Z,"bass house,g-house","Hush Money Records",0.666,0.905,6,-2.756,0,0.116,0.0236,0.0296,0.067,0.487,135.101,4
spotify:track:2bqQVW5adPEHhHKQgf0av0,"Luz Clarita","Luz Clarita","Atomic Otro Way",2016-10-29,199732,45,true,,2024-04-15T19:45:37Z,"dembow","OneLand Music Group",0.865,0.87,1,-3.705,1,0.0501,0.00688,0.0000175,0.0954,0.556,105.031,4
spotify:track:7aaTxAmTumXrP6uuvjTJ26,"SpongeBob SquarePants Afro","SpongeBob SquarePants Afro","Buluv",2024-04-11,135053,0,false,,2024-04-13T13:57:46Z,"","3507611 Records DK",0.724,0.695,10,-7.54,1,0.306,0.729,0.945,0.181,0.604,206.116,4
spotify:track:6qCklB4TuA68V3MPD4UFjv,"I Can't Describe (The Way I Feel) (feat. T.I.)","JHUD","Jennifer Hudson;T.I.",2014-09-22,227026,0,false,,2024-04-10T06:53:16Z,"hip hop sureño americano","RCA Records Label",0.807,0.683,5,-5.912,0,0.0489,0.00563,0,0.142,0.801,116.991,4
spotify:track:4OGb9JY7pPEElDGwulYOBB,"West Connect (feat. Central Cee)","West Connect (feat. Central Cee)","Luciano;Central Cee",2022-09-28,212114,44,true,,2024-04-07T20:22:04Z,"hip hop alemán,drill británico,drill,uk grime","URBAN",0.918,0.593,7,-7.131,0,0.469,0.0695,0.00000139,0.0915,0.476,139.968,4
spotify:track:6DCZcSspjsKoFjzjrWoCdn,"God's Plan","Scorpion","Drake",2018-06-29,198973,87,true,,2024-04-07T20:07:28Z,"rap","Cash Money/Drake LP6",0.754,0.449,7,-9.211,1,0.109,0.0332,0.0000829,0.552,0.357,77.169,4
spotify:track:0ePErw4KttL2LvS4K76Iwz,"One Sixty","One Sixty","MPH",2024-02-16,229333,45,false,,2024-04-01T13:17:23Z,"uk garage,bassline,bass house,rally house","Night Bass Records",0.865,0.982,10,-2.855,0,0.241,0.0088,0.000151,0.36,0.712,134.981,4
spotify:track:2NUNPoPQl7r3GW6zWw6qyb,"POINT","POINT","BAGG",2024-01-12,219636,21,false,,2024-04-01T13:10:31Z,"bass house","Riotville Records",0.706,0.743,1,-4.227,0,0.266,0.0415,0.133,0.114,0.345,165.145,4
spotify:track:5Xb9LkVG98JiLorzV9O56r,"SILVER TOOTH. (with A$AP Ferg)","Road to CASABLANCO.","Armani White;A$AP Ferg",2023-05-05,142560,66,true,,2024-03-29T19:53:34Z,"rap","Legendbound, LLC / Def Jam Recordings",0.957,0.785,1,-5.832,1,0.232,0.146,0.00000117,0.0361,0.886,103.025,4
spotify:track:3w2PO4US2zMxFDxEjWT9yB,"Be Easy","Be Easy","Odeal;brazy",2023-05-26,132052,67,false,,2024-03-29T19:50:22Z,"r&b afro,afroswing,r&b británico,alté,afrobeats","OVMBR",0.822,0.488,5,-9.24,0,0.643,0.0874,0,0.154,0.439,123.893,4
spotify:track:3U88n6ha0Tq3Y5el5vV6is,"Light","Light","MashBit",2024-03-01,169528,51,false,,2024-03-28T20:13:50Z,"stutter house","Boom Records LLC",0.626,0.59,8,-8.69,1,0.0454,0.344,0.885,0.237,0.0591,126.052,4
spotify:track:152unnv8fuahIUyVnHJutJ,"KILLING MY LOVE","SUPEREUROBEATpresentsINITIALDDSELECTION2","Leslie Parrish",1998-10-28,294466,46,false,,2024-03-28T19:49:16Z,"","avex trax",0.595,0.887,1,-7.265,1,0.051,0.00538,0.0000115,0.0887,0.725,156.191,4
spotify:track:59Ck53aRx8fnbrZIaNpm8p,"Movin (To The Top)","7 Days A Week","Don Carlos",1998,217212,52,false,,2024-03-28T19:48:13Z,"roots reggae,reggae,dub,ragga,rocksteady","Don Carlos Music",0.826,0.369,2,-8.325,0,0.0663,0.0213,0.000727,0.0798,0.535,84.616,4
spotify:track:5N8HRh3pKXakJrdxQKMi1j,"El Preso","Narcos, Vol. 2 (More Music from the Netflix Original Series)","Fruko Y Sus Tesos",2016-09-02,293786,48,false,,2024-03-26T07:13:43Z,"salsa,merengue,música tropical","Lakeshore Records",0.62,0.766,5,-5.409,0,0.0376,0.166,0.00333,0.125,0.815,106.168,4
spotify:track:36Dn4d18r8i08BrJOqH1AT,"Lonely With You/Back Outside - A COLORS SHOW","Lonely With You/Back Outside - A COLORS SHOW","Bri Steves",2024-03-18,169035,28,true,,2024-03-25T16:16:10Z,"","COLORSxSTUDIOS",0.556,0.633,4,-5.59,0,0.288,0.0437,0,0.113,0.288,139.926,4
spotify:track:6IAuH3hgTRpUUdmOGubXGS,"Can I Call You Rose?","Thee Sacred Souls","Thee Sacred Souls",2022-08-26,190546,78,false,,2024-03-24T09:17:13Z,"retro soul","Penrose / Daptone Records",0.302,0.4,0,-8.212,0,0.0364,0.719,0.000621,0.172,0.421,180.852,3
spotify:track:0FZ4Dmg8jJJAPJnvBIzD9z,"ZEZE (feat. Travis Scott & Offset)","Dying to Live","Kodak Black;Offset;Travis Scott",2018-12-14,228759,82,true,,2024-03-17T09:20:17Z,"rap","Atlantic Records",0.861,0.603,8,-5.788,0,0.176,0.0521,0,0.0924,0.504,98.043,4
spotify:track:7kCVvPvUm4Sj9Uigksiwil,"Promises","Promises","Reon Vangèr",2020-10-26,211932,13,false,,2024-03-16T13:47:54Z,"","Reon Vangèr",0.756,0.452,1,-7.966,1,0.0483,0.0816,0.0106,0.104,0.414,120.032,4
spotify:track:3r9OpHiEaeMaBOa7kVtWtC,"Tengo Un Plan","Tengo Un Plan","Key-Key",2024-01-07,189282,3,false,,2024-03-16T09:29:41Z,"afrobeat latino","Legal Music Group under exclusive licence to NWS Music Group",0.798,0.59,8,-9.46,1,0.175,0.12,0,0.12,0.533,101.983,4
spotify:track:3QS9ZCtoSCJhmaJ7QNXSAS,"act ii: date @ 8 (feat. Drake) - remix","act ii: date @ 8 (feat. Drake) [remix]","4batz;Drake",2024-03-08,231338,72,true,,2024-03-12T07:50:40Z,"rap","4batz / OVO Sound",0.55,0.545,0,-9.304,1,0.163,0.318,0,0.0608,0.412,102.469,4
spotify:track:3dBOdIMoyVW8EuTzn83D7u,"Ma Sunshine","Ma Sunshine","L.Dre;Lofi Afrobeats",2024-02-21,143470,38,false,,2024-03-07T06:17:50Z,"lo-fi","Vybe Village",0.695,0.449,11,-12.462,0,0.0664,0.861,0.866,0.098,0.691,169.982,4
spotify:track:6hShO2ZZ0bFO1SNfpfkHOD,"Call of Valhalla","ELOWI","Yamê",2023-10-13,173826,46,false,,2024-03-06T07:43:27Z,"rap francés","Naive",0.744,0.359,9,-10.465,0,0.176,0.137,0.00000241,0.0976,0.163,117.288,4
spotify:track:2C0IvokSio8N7UyHwuB638,"Free","Free","Emz;Nasser UK;Valor",2023-08-10,187133,63,false,,2024-03-05T13:12:52Z,"drum and bass,uk garage,bassline,jungle","Hospital Records",0.616,0.712,0,-4.106,1,0.247,0.038,0,0.353,0.582,175.058,4
spotify:track:2VMvPHXJj2EpkKrKjiFTwT,"I Can Be Your Future - Radio Edit","I Can Be Your Future (Radio Edit)","Mozey;Shady Novelle",2020-05-22,157800,46,false,,2024-03-04T09:25:47Z,"drum and bass,bassline,jungle,liquid funk","Bingo Bass",0.748,0.702,4,-2.427,0,0.147,0.00854,0.000737,0.162,0.366,175.029,4
spotify:track:6TlFnB8GBrlILKv5qy27Sn,"Selecta (feat. Stefflon Don)","2 RUFF, Vol. 1","Chase & Status;Stefflon Don",2023-11-10,189693,63,true,,2024-03-04T09:24:55Z,"drum and bass,jungle,dancehall","EMI",0.606,0.953,4,-0.478,0,0.223,0.129,0.00224,0.256,0.429,89.014,4
spotify:track:6uSIn5SVmUwile8TXoYMe6,"Te entiendo","Anunciado en Television","Pignoise",2006-04-10,239920,50,false,,2024-02-29T20:56:53Z,"","DRO/Spain",0.723,0.803,9,-3.572,1,0.0296,0.0102,0.00000169,0.0978,0.629,103.997,4
spotify:track:6FstWkgRdHagqJ6qjDbiK0,"Insoportable","Estados de Animo","El Canto Del Loco",2003,248720,63,false,,2024-02-29T20:55:39Z,"","Ariola",0.615,0.763,9,-4.142,1,0.0294,0.0119,0,0.0648,0.426,131.022,4
spotify:track:3hlWUNjAlbZ6nOjAbrivBv,"Princesas","Animales","Pereza",2005-04-07,216999,68,false,,2024-02-29T20:46:36Z,"","RCA Anxious",0.683,0.846,7,-3.551,1,0.0422,0.0634,0,0.346,0.706,131.884,4
spotify:track:722k2gLamerL9i7bTlGJrm,"FLORIDA BABY","FLORIDA BABY","Isaiah Falls",2024-01-16,140606,0,true,,2024-02-29T20:23:18Z,"dark r&b","LVRS ONLY",0.543,0.454,11,-10.168,0,0.225,0.454,0,0.152,0.246,98.725,4
spotify:track:6UR5tB1wVm7qvH4xfsHr8m,"Disfruto","Déjenme Llorar","Carla Morrison",2012-03-27,244973,13,false,,2024-02-27T07:17:28Z,"","Cosmica Artists",0.658,0.133,1,-11.254,0,0.0352,0.901,0,0.106,0.122,91.054,4
spotify:track:0WtDGnWL2KrMCk0mI1Gpwz,"Redbone","""Awaken, My Love!""","Childish Gambino",2016-12-02,326933,7,true,,2024-02-26T17:06:04Z,"","Glassnote Entertainment Group LLC",0.745,0.353,1,-10.614,1,0.0983,0.174,0.00662,0.118,0.598,160.111,4
spotify:track:6N5MR52g6XJux9xHX1Mu1D,"Flex","Flex","K Motionz;Simula",2021-04-14,274289,32,false,,2024-02-25T19:07:17Z,"drum and bass,liquid funk,bassline,jungle","Drum&BassArena",0.623,0.721,11,-4.394,1,0.118,0.0839,0.0169,0.336,0.242,87.436,4
spotify:track:0rd8puLeiFWZWEHq9NtKwZ,"No sé si era amor","No sé si era amor","Astrid Canales;PMP;DAPS",2021-05-31,205282,32,false,,2024-02-23T14:39:53Z,"r&b latino","Independent",0.775,0.444,11,-7.749,0,0.0967,0.64,0.00000522,0.18,0.669,124.157,4
spotify:track:5weADp7HHlgE2RGl0L4kBF,"Gag","Gag","Maleigh Zan",2023-11-24,194951,0,true,,2024-02-15T13:05:36Z,"","We Push Art Inc",0.889,0.597,9,-10.091,0,0.0741,0.361,0.0899,0.108,0.723,125.052,4
spotify:track:1XY0fx2ZCNPrWYC3GNavRp,"Cold Blooded","COMING HOME","USHER;THE-DREAM",2024-02-09,196290,34,true,,2024-02-13T18:27:16Z,"r&b","HighValleys&LowPeaks, LLC, under exclusive license to mega/gamma.",0.626,0.552,4,-6.261,0,0.0558,0.0604,0.00000195,0.2,0.503,103.121,4
spotify:track:0SCCSMEE0Fg33SYfexyr53,"BACCALÀ","BACCALÀ","Serena Brancale;Dropkick_m",2024-02-07,121363,43,true,,2024-02-13T08:20:26Z,"","Isola degli Artisti",0.904,0.612,7,-7.956,1,0.265,0.111,0.0037,0.0954,0.751,131.919,4
spotify:track:3w2yCcwUy1yqkVPDNKpU2T,"Wham to Dem?","Wham to Dem?","Jahneration;Queen Omega",2023-09-08,167887,40,false,,2024-02-11T21:55:23Z,"reggae,ragga,dub,roots reggae","Ovastand Records",0.688,0.841,6,-4.759,0,0.269,0.0495,0,0.0854,0.901,179.89,4
spotify:track:4GIfoOIbY5lPAy41hg5CIz,"Toxic - Phibes Remix","Toxic (Phibes Remix)","Songer;Phibes",2024-02-02,161860,46,true,,2024-02-10T19:13:04Z,"drum and bass,bassline,bass house,jungle","Relentless Records",0.667,0.826,7,-3.811,1,0.121,0.0311,0.0000253,0.128,0.285,172.085,4
spotify:track:3qQBrLHXWZWRfV24UJzGUs,"Rain in Cuba","Current Blues","Joe Hertz;Barney Artist;Sam Wills;Blue Lab Beats",2020-07-17,231784,37,false,,2024-02-10T07:57:26Z,"indie soul,jazz rap,nu jazz,indie jazz,soul jazz","Juicebox Recordings",0.486,0.517,7,-7.803,1,0.174,0.573,0.0000261,0.0813,0.155,83.729,4
spotify:track:4DHATlv5A1Gs9pMaWSHDMb,"I'm Fine - IMANU Remix","I'm Fine (IMANU Remix)","Apashe;High Klassified;Cherry Lena;IMANU",2021-02-04,243977,60,false,,2024-02-05T14:01:32Z,"drum and bass","Kannibalen Records",0.669,0.919,10,-2.888,0,0.0652,0.278,0.0343,0.0934,0.514,121.047,4
spotify:track:33lOblfXc6se38LlrJDH3P,"Peluca","PERO LIKE","Dillon Francis;Good Times Ahead;Aaar;Zairah",2024-01-26,182836,35,false,,2024-02-04T06:54:58Z,"moombahton,edm,house latino,afro house,tribal house,neoperreo","Mad Decent",0.824,0.793,6,-3.207,0,0.215,0.0469,0.011,0.205,0.754,103.997,4
spotify:track:6r46lnXFbE9fr2d3KNaGbe,"Imitadora","Golden","Romeo Santos",2017-07-21,234828,86,false,,2024-02-03T20:47:15Z,"bachata,latina","Sony Music Latin",0.737,0.709,8,-6.889,0,0.045,0.333,0,0.289,0.556,125.997,4
spotify:track:0Pu71wxadDlB8fJXfjIjeJ,"Shoop","Very Necessary","Salt-N-Pepa",1993-10-12,248573,71,false,,2024-02-02T18:55:21Z,"hip hop old school","Mercury Records",0.939,0.674,0,-7.232,1,0.212,0.091,0,0.0565,0.792,96.918,4
spotify:track:3DdyQDlS4P6g9YGQlNXcmN,"Y'a","Saian Supa Crew","Saian Supa Crew",2000,247866,31,false,,2024-02-02T18:51:41Z,"rap francés,r&b francés","Parlophone (France)",0.722,0.775,9,-3.326,0,0.301,0.165,0,0.133,0.777,93.015,4
spotify:track:70LcF31zb1H0PyJoS1Sx1r,"Creep","Pablo Honey","Radiohead",1993-02-22,238640,94,true,,2024-02-02T18:51:31Z,"art rock,rock alternativo","XL Recordings",0.515,0.43,7,-9.935,1,0.0372,0.0097,0.000133,0.129,0.104,91.844,4
spotify:track:3Kjarnz3dAuSxqepiUYawU,"Feelings in the air","Feelings in The Air - Single","Louis Rustum",2015-06-08,227552,0,false,,2024-02-02T18:48:46Z,"","hukaos.",0.685,0.62,0,-7.797,0,0.0746,0.0944,0,0.131,0.623,92.97,4
spotify:track:0fAHY4PWSEbov0OHjj2Gek,"Leave Me Alone","Leave Me Alone","KAYTRANADA;Shay Lia",2014-08-12,245955,0,false,,2024-02-02T18:43:41Z,"r&b alternativo","XL Recordings",0.786,0.387,1,-12.732,1,0.332,0.113,0.00732,0.115,0.236,120.041,4
spotify:track:2wDg3GkMpKCNuNLhRJ3ruj,"Nasty Girl","Sweatsuit","Nelly;Diddy;Jagged Edge;Avery Storm",2005-11-25,292800,48,true,,2024-02-02T18:43:11Z,"hip hop,hip hop de la costa este,r&b,quiet storm","Motown",0.832,0.669,2,-6.034,1,0.152,0.104,0,0.311,0.629,106.341,4
spotify:track:1ZNXzr9QxJpddq6UDL0fVM,"Fight","Here's To The Mourning","Unwritten Law",2005,166706,46,true,,2024-02-02T18:42:39Z,"skate punk,punk","Lava",0.423,0.967,6,-4.068,0,0.14,0.00127,0,0.317,0.482,185.372,4
spotify:track:4PiXHtMLgJ1di8SMcFNntA,"The Hey Man!","Soundtrack to a Headrush","Emanuel",2005-03-01,228093,0,false,,2024-02-02T18:40:17Z,"post-hardcore,screamo","Vagrant",0.327,0.981,1,-3.383,1,0.248,0.000152,0,0.463,0.419,175.841,4
spotify:track:5BZ0yIZtKoySiBIMJK0YOP,"Mindfulness","BODY N SOUL","C Y G N",2018-11-07,168000,39,false,,2024-02-02T18:30:42Z,"lo-fi beats,hip hop lo-fi,ritmos de jazz,lo-fi","Chillhop Music",0.669,0.252,3,-11.555,0,0.051,0.534,0.676,0.121,0.685,138.179,4
spotify:track:5CaUUACiQFEf4zR5WoeIrp,"If U Need It","If U Need It","Sammy Virji",2023-11-03,179999,72,false,,2024-01-28T12:08:15Z,"uk garage,bassline,bass house,house","Capitol Records UK",0.842,0.705,10,-5.713,0,0.26,0.113,0.000324,0.0891,0.233,132.155,4
spotify:track:1pr9TZGOXeJUggIal1Wq3R,"Blind","Korn","Korn",1994-10-11,258266,80,false,,2024-01-26T11:31:11Z,"nu metal,metal,rap metal,metal alternativo","Immortal/Epic",0.283,0.891,2,-8.165,1,0.178,0.00678,0.0038,0.159,0.226,92.049,4
spotify:track:1tL5a9jowsWMtn3wkFYsG9,"Footsteps in the Dark, Pts. 1 & 2","Go for Your Guns","The Isley Brothers",1977-08-21,306422,65,false,,2024-01-24T22:00:15Z,"motown,quiet storm,soul,soul clásico,funk,northern soul","Epic/Legacy",0.679,0.374,11,-10.565,0,0.0482,0.402,0.0000249,0.0541,0.871,80.86,4
spotify:track:1KrI3D47WuKIZ5pd7DUJxD,"Up in the Clouds","My Tape Deck","Cookin Soul;Mc Melodee",2013-04-01,187764,4,true,,2024-01-24T21:45:44Z,"","Cookin Soul Records",0.603,0.48,8,-6.737,0,0.788,0.67,0,0.243,0.645,77.665,1
spotify:track:1PFNcjEKBz1BwrgCYuFJR3,"El Carretero","Buena Vista Social Club","Buena Vista Social Club",1997-06-23,210133,62,false,,2024-01-19T10:42:14Z,"son cubano,jazz latino,jazz afrocubano,latina,bolero","World Circuit",0.513,0.345,4,-15.272,1,0.0495,0.749,0.00789,0.1,0.605,169.951,4
spotify:track:1a73gcEg6h6Re6hHXoVltJ,"FTCU","Pink Friday 2","Nicki Minaj",2023-12-08,172137,68,true,,2024-01-18T21:31:30Z,"","Republic Records",0.93,0.435,11,-6.694,1,0.202,0.0173,0.000287,0.117,0.227,144.978,4
spotify:track:7oGCVuPEyp6m6DhXkU5Pfs,"Without Me","Dark Sun","Dayseeker",2022-11-04,224800,69,true,,2024-01-18T19:34:06Z,"metalcore,post-hardcore","Spinefarm",0.421,0.819,1,-3.928,0,0.0403,0.0145,0,0.0911,0.17,92.602,4
spotify:track:0ULXIAoxSZBcOwygC3PA0i,"Será Que No Me Amas (Blame It on the Boogie)","20 Años","Luis Miguel",1990-01-01,249000,68,false,,2024-01-15T23:25:58Z,"mariachi,bolero,pop latino,ranchera,villancicos","WEA Latina",0.629,0.979,5,-5.985,1,0.0904,0.286,0.000205,0.0516,0.592,107.853,4
spotify:track:0hfSOgINLNsRHkASA31vY7,"Bahwai","ELOWI","Yamê",2023-10-13,165906,51,false,,2024-01-15T14:57:23Z,"rap francés","Naive",0.612,0.342,0,-9.781,0,0.033,0.318,0.00467,0.219,0.268,119.889,4
spotify:track:6Wo5YxkdXgwzKQZbDg2r17,"Either Way","From A Room: Volume 1","Chris Stapleton",2017-05-05,248053,64,false,,2024-01-10T22:35:14Z,"country,outlaw country","Mercury Nashville",0.655,0.0645,4,-14.765,1,0.0429,0.854,0.0000111,0.107,0.278,129.399,4
spotify:track:5xN0ixq0p1jsuUKdIr4Ar9,"Bruk It","Culture","Ash;General Love;Hempress Lione",2021-08-28,173800,31,false,,2024-01-10T12:40:16Z,"moombahton,shatta,dancehall","Badboibeats/Recording",0.847,0.653,5,-5.512,1,0.459,0.173,0,0.0737,0.946,100.053,4
spotify:track:3l0lrzZ5IfrshDWY8S1mbe,"Carretero","Chico Malo","Ash",2021-12-24,172812,29,false,,2024-01-10T12:38:57Z,"moombahton,shatta,dancehall","Badboibeats/Recording",0.876,0.461,9,-8.754,1,0.112,0.18,0.61,0.28,0.558,100.071,4
spotify:track:1a8L9lybq0S0xXuYysElAL,"Keep This Fire Burning","Keep This Fire Burning","HOLA!",2020-12-04,146949,40,false,,2024-01-10T12:29:38Z,"","Universal-Island Records Ltd.",0.726,0.827,8,-4.001,0,0.0506,0.0192,0.0000378,0.334,0.743,118.04,4
spotify:track:0aQo2XUvquJvYDRw4yBj0l,"Overnight","My Way","Aaron Childs",2017-03-03,86585,43,false,,2024-01-07T11:24:48Z,"retro soul","Aaron Childs",0.921,0.179,4,-13.128,0,0.103,0.102,0.00223,0.111,0.776,90.026,4
spotify:track:0uHbrInRKN9qe8WKR547Ps,"Se Prendió","Se Prendió","Dj Fasta;2DEEP;Los Rakas",2021-10-15,131473,12,false,,2024-01-05T23:17:50Z,"shatta,moombahton,dancehall,electrocorridos,house latino","Flex Up",0.881,0.882,0,-3.177,1,0.258,0.185,0,0.265,0.765,119.942,4
spotify:track:6XBOH2Zzs2lzAEYdDagApH,"KALEB DI MASI | DJ TAO Turreo Sessions #5","KALEB DI MASI | DJ TAO Turreo Sessions #5","DJ Tao;Kaleb Di Masi",2021-09-17,147657,55,true,,2024-01-05T23:16:16Z,"rkt,turreo,guaracha,cumbia","WM Chile",0.789,0.853,11,-4.629,0,0.354,0.416,0.000137,0.24,0.671,176.119,4
spotify:track:3WXfQDsASfXrSojk9WB3aR,"En Barranquilla Me Quedo","32 Cañonazos","Joe Arroyo;La Verdad",2015-07-01,312480,69,false,,2024-01-04T08:15:23Z,"salsa,merengue,música tropical","2015 Discos Fuentes",0.642,0.7,1,-9.213,1,0.0552,0.172,0.000232,0.0895,0.784,103.899,4
spotify:track:4ecikLuAO9TH21j5aW7fkP,"Coco","GabiN.E.T.E","La Gabi",2023-11-10,113699,42,true,,2023-12-27T13:24:13Z,"r&b latino,afrobeat latino","Ma G Nation",0.752,0.56,6,-4.187,0,0.216,0.296,0.00605,0.111,0.587,119.686,3
spotify:track:182GXrpAdB1XV1mJlSSITn,"OUTRO","24","La Fève",2023-12-21,281811,42,true,,2023-12-27T12:05:39Z,"rap francés,new wave","WALONE",0.561,0.728,1,-7.356,0,0.266,0.158,0.000489,0.528,0.677,175.946,4
spotify:track:6LW3Z1GqbL78TIjfDyg4zp,"Afterglow","Lazers Not Included","Wilkinson;Becky Hill",2013-01-01,225172,69,false,,2023-12-27T07:08:58Z,"drum and bass,liquid funk","EMI",0.516,0.915,7,-2.498,1,0.0562,0.0228,0.000789,0.125,0.0398,174.032,4
spotify:track:2Iy62IGwuRTMVydIB1t2LE,"Jingle Bell","Jingle Bell","Menor Teteu",2019-11-22,163872,46,true,,2023-12-25T09:46:17Z,"funk brasileño","R.O Produções",0.908,0.285,8,-12.559,0,0.274,0.16,0.00833,0.0844,0.793,129.83,4
spotify:track:3AoeaZs8dFemFJr3JdzOL0,"You Are Not Alone","HIStory - PAST, PRESENT AND FUTURE - BOOK I","Michael Jackson",1995-06-16,344826,81,false,,2023-12-17T06:41:28Z,"","Epic",0.651,0.402,11,-9.303,1,0.028,0.639,0.0000773,0.0765,0.258,119.873,4
spotify:track:0iPZQcH9aYhYAQ6QgkvAlI,"Adrenaline","Adrenaline","Xavier Picardo",2023-12-08,138461,38,false,,2023-12-17T06:26:27Z,"shatta","Studio13",0.908,0.583,2,-7.349,1,0.0904,0.108,0.0000264,0.145,0.631,104.048,4
spotify:track:3GoKp7M6xEiWKnOw8Aq5JP,"The Ride (feat. Sy Smith, Black Milk & Elzhi)","Abstractions","Zo!;Tall Black Guy;Sy Smith;Black Milk;Elzhi",2021-04-02,183852,28,false,,2023-12-16T20:01:19Z,"neo soul,nu jazz,hip hop alternativo,hip hop underground,boom bap","The Foreign Exchange Music",0.656,0.501,2,-10.103,0,0.146,0.819,0.0000033,0.317,0.356,97.097,4
spotify:track:5zn6eUXHpt3JjEB7XAXyaf,"FAME?","FAME?","ero808;NXSTY",2023-09-22,142562,40,true,,2023-12-06T20:51:28Z,"bass house","Boom Records LLC",0.843,0.89,2,-2.535,1,0.216,0.0374,0.00361,0.0668,0.717,128.01,4
spotify:track:0aNICEEXvD4Ey8ty5x2MYD,"WILD STYLE","WILD STYLE","Trevor Spitta",2023-02-14,154838,34,true,,2023-12-06T19:26:35Z,"","Sunset Moshpit Productions",0.973,0.458,6,-5.78,0,0.129,0.38,0,0.108,0.574,124.056,4
spotify:track:3oUEzTAoOxqZHN4xiqTGqJ,"Bécane - A COLORS SHOW","Bécane - A COLORS SHOW","Yamê;COLORS",2023-06-01,182440,67,true,,2023-12-03T22:36:43Z,"rap francés","COLORSxSTUDIOS",0.505,0.527,10,-7.765,1,0.0958,0.327,0,0.0974,0.235,120.462,4
spotify:track:0pJO1tc1GpnxFyQp6Zp82r,"Gorilla","NO THANK YOU","Little Simz",2022-12-12,245819,61,true,,2023-12-03T22:10:01Z,"","Forever Living Originals",0.716,0.813,5,-5.748,1,0.256,0.269,0,0.104,0.682,90.418,4
spotify:track:4ZwpcOICaUL3VotDBugF60,"Back From the Dead","Back From the Dead","iamjakehill;Josh A",2022-10-26,139120,44,true,,2023-12-03T11:53:51Z,"rap emo","Better Off Dead",0.689,0.793,1,-7.218,1,0.15,0.0452,0,0.302,0.606,87.998,4
spotify:track:1XXizrHSWuu5BRN6gIeeaG,"A Felicidade","The Collection, Vol. 2","Baila Nova",2020-06-09,313485,40,false,,2023-12-03T11:33:45Z,"bossa nova","Velvet Mind Group",0.755,0.462,9,-14.019,0,0.0347,0.32,0.000161,0.112,0.434,127.276,4
spotify:track:1psC5iHzQxaTMZ5dWGfM6I,"Juice","I Still Am","Yo Gotti",2017-10-27,149241,45,true,,2023-12-02T17:00:07Z,"hip hop sureño americano","Epic/CMG",0.887,0.568,2,-5.853,1,0.323,0.00171,0.0000111,0.0812,0.754,162.038,4
spotify:track:6oIGM95s3TIyPqhHIH2AQ6,"Trial By Fire","Trial By Fire","Judas Priest",2023-11-17,261014,34,false,,2023-12-02T10:13:14Z,"heavy metal,metal,hard rock,glam metal,speed metal","Columbia",0.414,0.896,10,-6.45,0,0.0491,0.000256,0.0031,0.218,0.396,165.063,3
spotify:track:2RdBychmWYIilXSSXAHGa3,"Turn Red - Jamaica Remix","Turn Red (Jamaica Remix)","M Dot R;IWaata",2023-11-24,101400,29,true,,2023-12-01T08:02:58Z,"drum and bass,dancehall,soca,riddim","Riverside Productionz",0.693,0.467,11,-10.533,0,0.567,0.684,0.0000194,0.0667,0.526,125.701,5
spotify:track:40uMIn2zJLAQhNXghRjBed,"Motley Crew","Motley Crew","Post Malone",2021-07-09,184213,70,true,,2023-11-30T07:13:39Z,"","Republic Records",0.797,0.631,3,-3.818,0,0.0786,0.0904,0.00000371,0.0998,0.288,129.915,4
spotify:track:6P0qxnyxLL6D7Gmm8ZMlF2,"Menace","Antagonist","Apashe;High Klassified;EARTHGANG",2023-11-24,185806,38,true,,2023-11-30T06:37:31Z,"","Kannibalen Records",0.736,0.792,1,-3.342,0,0.295,0.198,0,0.138,0.571,77.494,4
spotify:track:05Ydmz1fD0Htr5DEGpvhD5,"Santa Kaya","Dia Após Dia Lutando (Deluxe Version)","Ponto De Equilíbrio",2013-12-10,351373,0,false,,2023-11-24T11:33:11Z,"reggae,roots reggae","Sound System Brazil / Kilimanjaro",0.802,0.598,11,-6.664,1,0.0745,0.191,0.000803,0.0971,0.921,144.039,4
spotify:track:3119sJaLXEShGT5e8frnMj,"Nan Slapper","Nan Slapper","Bou;B Live",2023-11-03,263314,51,false,,2023-11-23T14:29:00Z,"drum and bass,bassline,jungle","Gossip",0.701,0.922,10,-1.759,0,0.374,0.103,0.0000114,0.237,0.585,87.529,4
spotify:track:5DAZGbNWmLKBfnSy6jmbNl,"In Autumn","Afterthoughts","Greywind",2017-01-27,230160,38,false,,2023-11-18T17:42:59Z,"","Greywind",0.45,0.415,2,-7.171,1,0.0305,0.151,0.0000145,0.128,0.0924,124.082,4
spotify:track:5vdQUAFncALEH9EQvyAqIX,"Forte Forte de Lacoste - Pra Começar o Final de Semana","Forte Forte de Lacoste - Pra Começar o Final de Semana","DJ Jeeh FDC;MC LCKaiique;MC Celo BK;DJ Menezes;DJ Arana;Mc Yoshi",2023-05-29,182769,66,true,,2023-11-18T09:09:49Z,"funk brasileño,funk bruxaria,funk consciente","24por48",0.633,0.699,11,0.41,0,0.557,0.516,0.00000146,0.175,0.762,83.624,3
spotify:track:5pDC2piYrsuSIeEqiciB7B,"No Warning (feat. Nathan Smoker)","No Warning (feat. Nathan Smoker)","James Hiraeth;Nathan Smoker",2023-11-17,171428,42,false,,2023-11-17T21:47:18Z,"drum and bass","NUFORM",0.69,0.927,11,-2.321,1,0.194,0.0287,0.0163,0.135,0.372,87.555,4
spotify:track:4wEZvijBJiwUVRpRtOf57I,"The Airport","The Airport","Cameron Sanderson",2023-02-09,196875,32,false,,2023-11-15T09:22:06Z,"","Broken Thought Records",0.355,0.811,4,-5.951,1,0.0617,0.102,0.00000152,0.108,0.165,160.031,3
spotify:track:4v43DTptT6aZheUUrACW2K,"Flow","Flow","hayve",2023-04-17,203720,40,false,,2023-11-09T07:46:15Z,"drum and bass,drumstep","Monstercat",0.615,0.933,2,-0.761,1,0.0892,0.00457,0.835,0.701,0.18,172.165,4
spotify:track:5HM5trJxTouv3eUVcbW8sh,"Sensational (feat. Davido & Lojay)","Sensational (feat. Davido & Lojay)","Chris Brown;Davido;Lojay",2023-10-20,231109,58,true,,2023-11-05T13:32:16Z,"r&b,afrobeats,afrobeat,afropop,afropiano,azonto,amapiano,hiplife,afroswing,r&b afro,alté","Chris Brown Entertainment/RCA Records",0.774,0.611,6,-7.077,1,0.126,0.108,0,0.116,0.808,100.011,4
spotify:track:3BrhAhCnUcM7LQVxour9Cp,"90s Baby","Continue","AREA ØNE;Niotech",2023-10-20,315723,33,false,,2023-11-05T08:33:14Z,"hard techno,acid techno,techno,tekno","Whalien Records",0.642,0.933,11,-6.683,1,0.0758,0.0169,0.772,0.079,0.537,160.002,4
spotify:track:6CIMoDfTsvFVGhFi3v9Izn,"Luck Ra | Mission 15","Luck Ra | Mission 15","Alan Gomez;Luck Ra",2023-05-17,133284,60,true,,2023-11-03T22:24:47Z,"rkt,turreo,techengue,cuarteto,cumbia,trap argentino","WM Chile",0.691,0.728,4,-5.722,0,0.0986,0.177,0,0.171,0.814,160.02,4
spotify:track:1OaAlsbTJugFODycEgIDUj,"Blood Moon","Blood Moon","Mike WiLL Made-It;Lil Uzi Vert",2023-08-17,169411,26,true,,2023-11-03T22:06:18Z,"rap melódico,rage rap","Giant Music",0.823,0.843,1,-4.308,1,0.0406,0.0068,0.00000131,0.259,0.628,136.009,4
spotify:track:2cECFOWBuNNmPVUhlKLNtV,"Higher","Higher","Madison Ryann Ward",2020-05-21,184295,51,false,,2023-11-03T21:47:00Z,"r&b cristiano,jazz cristiano","Mad Money Records",0.734,0.291,8,-10.061,1,0.171,0.753,0,0.151,0.635,78.074,3
spotify:track:1CrPPsibP3uTc3DSI5vQC5,"fue mejor (feat. SZA)","fue mejor (feat. SZA)","Kali Uchis;SZA",2021-09-29,230964,58,true,,2023-11-03T21:46:33Z,"r&b","EMI / Interscope",0.769,0.384,5,-7.414,0,0.0353,0.239,0.000227,0.0762,0.23,106.002,4
spotify:track:0gS8rjbuonPnyUNzsacc5V,"Think of Me","Think of Me","Alex Isley;Jack Dine",2019-10-29,204800,43,false,,2023-11-03T21:45:56Z,"neo soul,r&b alternativo","Indie",0.569,0.391,11,-10.598,0,0.0468,0.936,0.0262,0.201,0.08,75,4
spotify:track:6gDXbcILAyBa2skSdbUYq7,"Hurt","Back To Basics","Christina Aguilera",2006-08-14,243373,67,false,,2023-11-03T07:10:00Z,"","RCA Records Label",0.327,0.295,4,-6.907,0,0.0313,0.775,0,0.107,0.143,148.574,4
spotify:track:2Rm2gGOMLJo4b6ae73KOHZ,"UK Allstars - Congo Natty Meets Benny Page - Radio Edit","UK Allstars (Congo Natty Meets Benny Page - Radio Edit)","Congo Natty;Tenor Fly;Top Cat;General Levy;Tippa Irie;Sweetie Irie;Daddy Freddy",2013-03-27,218565,34,false,,2023-10-31T17:05:32Z,"jungle,drum and bass,ragga,dub,uk garage,lovers rock,reggae","Big Dada",0.537,0.944,11,-5.131,0,0.334,0.0131,0.0000017,0.326,0.516,177.972,4
spotify:track:5CFJRZRq6sdKKtRwNPWbYv,"Show Out (with Skepta & Pop Smoke)","Man On The Moon III: The Chosen","Kid Cudi;Skepta;Pop Smoke",2020-12-11,174960,61,true,,2023-10-30T21:52:25Z,"grime,uk grime,drill de brooklyn,drill neoyorquino,drill","Republic Records",0.619,0.589,1,-6.531,1,0.124,0.43,0.000392,0.378,0.158,143.896,4
spotify:track:1CqMpf1w1IPWWq4Zxa2RxK,"MACARONI CHEESE","MACARONI CHEESE EP","YOUNG POSSE",2023-10-18,145550,47,false,,2023-10-30T21:45:46Z,"k-pop","DSPmedia, BEATS ENTERTAINMENT",0.88,0.629,9,-6.207,1,0.227,0.0188,0,0.313,0.729,153.073,4
spotify:track:2Dp5Rqruog8SR6x7UtlIpY,"9mm","Memphis Cult Vol. 6","Memphis Cult;Groove Dealers;SPLYXER",2023-02-23,86709,0,true,,2023-10-29T22:36:24Z,"phonk,drift phonk","Memphis Cult",0.739,0.913,0,-2.749,1,0.0413,0.00311,0.0000261,0.0839,0.307,154.982,4
spotify:track:2ZqOCKuFkKhAZDRYI90EHb,"Moonlight","Phases III - EP","Arin Ray",2023-10-20,160581,47,true,,2023-10-27T21:46:09Z,"","Interscope Records",0.899,0.576,1,-6.964,0,0.174,0.686,0.000849,0.0926,0.385,122.581,4
spotify:track:3ho2d1iFlzRwsCBQJ4QNGv,"Where Do We Go (feat. Poppy Baskcomb)","Where Do We Go (feat. Poppy Baskcomb)","Dimension;Poppy Baskcomb",2023-02-10,204137,56,false,,2023-10-20T19:50:15Z,"drum and bass,liquid funk,house","Dimension",0.461,0.873,5,-1.806,1,0.0359,0.0107,0.000646,0.279,0.098,86.976,4
spotify:track:5nCNItjhTUj7MqL3oFHmFc,"Phoneline","Phoneline","Pola & Bryson;Emily Makis",2023-02-10,226206,61,false,,2023-10-20T19:41:29Z,"liquid funk,drum and bass","Shogun Audio",0.513,0.888,1,-1.333,0,0.11,0.0256,0.0000074,0.0584,0.161,174.163,4
spotify:track:3QA6D3ho0rTrfy4V5OGCe9,"Skress Bout Dat","Skress Bout Dat","Alex Jean",2023-10-04,156818,0,false,,2023-10-18T19:17:57Z,"hip hop cristiano,r&b cristiano,música cristiana,rap cristiano en francés,pop cristiano","1095026 Records DK2",0.942,0.561,0,-7.207,1,0.188,0.109,0.0454,0.316,0.5,134.982,4
spotify:track:5FpaIEFF0VXcfpghQthsEm,"To The Dark","To The Dark","Andromedik;MC Stretch",2023-09-13,231000,39,false,,2023-10-18T19:12:54Z,"drum and bass,liquid funk,drumstep,hardstyle,frenchcore","Monstercat",0.562,0.935,1,-2.467,1,0.0404,0.00696,0.72,0.124,0.283,174.07,4
spotify:track:15jg4vt123axobdGleLugn,"ROTTEN (feat. EST Gee)","Confetti","Jack Harlow;EST Gee",2019-09-20,190962,55,true,,2023-10-17T15:48:05Z,"","Generation Now/Atlantic",0.844,0.54,6,-5.58,0,0.166,0.0144,0,0.167,0.133,107.004,4
spotify:track:5UQ8hwKm3n7ay4Hqkjb2ez,"N B C","N B C","Sol ChYld",2023-04-28,166400,25,true,,2023-10-16T20:22:24Z,"","Urth2Saturn LLC.",0.58,0.573,6,-6.993,1,0.354,0.151,0,0.115,0.434,89.179,4
spotify:track:0OCFIEsSrmKueOiPK6S3xq,"Pepper","Pepper","Flowdan;Lil Baby;Skrillex",2023-10-13,148965,51,false,,2023-10-16T19:53:55Z,"drum and bass,grime,uk garage,dubstep,edm,electro,electrónica","OWSLA/Atlantic",0.754,0.906,10,-3.237,0,0.107,0.00114,0.000269,0.0893,0.308,145.039,4
spotify:track:4P7zaGQ8rQ6k1szdZt5wxg,"Ice Cream","Ice Cream","Xavier Picardo",2023-08-25,142978,47,false,,2023-10-08T12:47:31Z,"shatta","Studio13",0.943,0.479,0,-6.713,1,0.152,0.126,0.00000302,0.0914,0.549,125.232,5
spotify:track:1kjXTuGjeTV0gCuDABPUkU,"Freebow","Freebow","El Shick",2019-06-14,163657,52,false,,2023-10-07T12:05:34Z,"dembow","Monkey Noise Distributed By Socio Records Music",0.705,0.5,7,-7.545,1,0.246,0.000261,0.344,0.333,0.149,220.07,4
spotify:track:18EcR5oRBNKqKqX9qxpcKC,"Censor (feat. Popcaan & IRAH)","What Came Before","Chase & Status;Popcaan;IRAH",2022-06-10,216093,55,true,,2023-10-07T12:03:16Z,"drum and bass,jungle,dancehall,soca,riddim,afrobeats,reggae,bassline,uk garage","EMI",0.511,0.96,5,-3.214,1,0.395,0.00444,0.000121,0.133,0.307,175.076,4
spotify:track:6yxgLlHHp9EMklVUUdyjKh,"Flicka Da Wrist","Chedda World ""The Album""","Chedda Da Connect",2015-10-02,222733,0,true,,2023-10-06T22:50:25Z,"","eOne Music",0.951,0.483,6,-5.592,1,0.3,0.0681,0.00000167,0.0727,0.595,125.049,4
spotify:track:1gtYYvvXluyVxS6HNXefco,"Volvernos a Amar","Volvernos a Amar","Lia Kali;Nanpa Básico;Toni Anzis",2023-02-09,189098,52,false,,2023-10-06T22:42:29Z,"hip hop mexicano,hip hop latino,flamenco urbano","Propaganda pel Fet!",0.731,0.652,9,-7.098,0,0.245,0.254,0.0000124,0.129,0.374,145.991,4
spotify:track:4rXLjWdF2ZZpXCVTfWcshS,"fukumean","a Gift & a Curse","Gunna",2023-06-16,125040,81,true,,2023-10-06T04:44:07Z,"rap melódico","300 Entertainment",0.847,0.622,1,-6.747,0,0.0903,0.119,0,0.285,0.22,130.001,4
spotify:track:4UKKQtU98xxZANriFjJTVL,"Goody Two Shoes","Goody Two Shoes","ATM Danny",2022-09-12,123969,0,true,,2023-09-29T22:49:14Z,"","2068459 Records DK",0.948,0.441,1,-12.361,1,0.314,0.0785,0.00000922,0.109,0.215,109.998,4
spotify:track:3MbOT5mzE94Ne0Hv51akoS,"Brand New","Brand New","Tyga;YG;Lil Wayne",2023-09-27,182532,58,true,,2023-09-28T16:14:32Z,"hyphy,rap,hip hop","Last Kings Music / 4Hunnid Records / EMPIRE",0.61,0.524,1,-5.572,1,0.296,0.174,0.0000337,0.306,0.524,103.245,4
spotify:track:6QXPjFn2K4984EtcidgbV0,"Balaclava (feat. Spyda, D Double E & Frisco) [Skeptical Remix] - Mixed","Honey, I Shrunk The Rave, Vol. 1 (DJ Mix)","SHY FX;D Double E;Frisco;Spyda;Skeptical",2020-07-24,63549,37,false,,2023-09-27T17:21:30Z,"jungle,drum and bass,bassline,grime,uk grime,liquid funk,drumstep","Cult.ure",0.679,0.923,10,-1.188,0,0.269,0.00955,0.074,0.755,0.437,177.018,4
spotify:track:7bYKMJI4z6mApjLhv4hOBM,"Pimp Juice","Nellyville","Nelly",2002-06-25,292173,56,true,,2023-09-19T22:11:07Z,"","Motown",0.813,0.658,9,-8.997,1,0.0713,0.205,0.000137,0.161,0.571,74.432,4
spotify:track:3eg6Yi9x0gN3k4nD4h6il3,"Dos Gardenias","Buena Vista Social Club","Buena Vista Social Club",1997-06-23,184026,0,false,,2023-09-19T09:12:50Z,"son cubano,jazz latino,jazz afrocubano,latina,bolero","World Circuit",0.577,0.205,4,-16.741,0,0.0381,0.833,0.00014,0.0935,0.517,91.796,4
spotify:track:1udwFobQ1JoOdWPQrp2b6u,"Surround Sound (feat. 21 Savage & Baby Tate)","The Forever Story (Extended Version)","JID;21 Savage;Baby Tate",2022-10-31,229938,78,true,,2023-09-18T05:58:31Z,"","Dreamville/Interscope",0.574,0.567,7,-7.126,0,0.465,0.164,0,0.258,0.526,75.965,4
spotify:track:4yKTDPH6iRBHmA44AipmIk,"Les feuilles mortes","Chante Prevert","Yves Montand",1980-12-01,201066,52,false,,2023-09-14T18:09:20Z,"chanson,jazz francés,variété francesa","Universal Music Division Mercury Records",0.353,0.0743,2,-19.717,0,0.0452,0.977,0.000539,0.0969,0.155,172.507,3
spotify:track:10ecV5dPqa4XJOtVQRqYSX,"Sweet Victory","Spongebob Squarepants - The Yellow Album","David Glen Eisley;Bob Kulick",2005-11-15,126653,51,false,,2023-09-12T22:09:27Z,"","NITRON media",0.426,0.646,10,-8.048,1,0.039,0.0294,0.0343,0.0792,0.263,122.073,4
spotify:track:4VZdIvsAiQCWPRe6CAzNj7,"N.P.D.D.P.E.T.","Cookin Bananas (5 Aniversario / Remasterizado)","Cookin Soul;Mucho Muchacho",2018-04-17,175624,16,true,,2023-09-12T18:33:07Z,"","Cookin Soul Records",0.631,0.612,7,-10.266,1,0.395,0.626,0,0.107,0.265,81.886,4
spotify:track:2CQ0S1zCT7QqmAh7Ke6Kso,"Soso - Remix","Afro","Ozuna;OMAH LAY",2023-05-26,202012,60,false,,2023-09-09T21:19:19Z,"reggaetón,trap latino,latina,urbano latino,afrobeats,afrobeat,afropop,r&b afro,afropiano,afro soul","Aura Music Corp.",0.741,0.668,3,-7.547,0,0.12,0.418,0.00546,0.11,0.621,104.982,4
spotify:track:1wADwLSkYhrSmy4vdy6BRn,"soso","Boy Alone","OMAH LAY",2022-07-14,183056,77,false,,2023-09-09T21:19:12Z,"afrobeats,afrobeat,afropop,r&b afro,afropiano,afro soul","KeyQaad/Sire Records",0.711,0.725,3,-8.315,0,0.0941,0.424,0.129,0.11,0.53,105.016,4
spotify:track:4HCAuu2bliCnavbMEv3cvA,"Kold Blooded Soulja","Kold Blooded Soulja","Topshakaz",2022-01-11,126966,0,true,,2023-09-09T21:17:42Z,"reggae","2785877 Records DK",0.863,0.54,9,-6.281,0,0.16,0.0404,0,0.139,0.544,159.977,4
spotify:track:5iAmmra4TKlT2zXT11pf7h,"Lentement","Premier souffle","Robin",2022-09-23,158786,29,false,,2023-09-07T18:43:56Z,"zouk,r&b francés,kizomba","Oganesson",0.573,0.5,0,-7.098,1,0.146,0.651,0.000079,0.0936,0.284,148.374,4
spotify:track:5gp4fDZhfPDV75DyK1BkdB,"0 - A COLORS SHOW","0 - A COLORS SHOW","Robin",2023-06-19,201882,36,false,,2023-09-07T18:43:47Z,"zouk,r&b francés,kizomba","Oganesson",0.85,0.586,4,-8.008,0,0.0889,0.411,0.000421,0.117,0.202,84.994,4
spotify:track:5BrTUo0xP1wKXLJWUaGFtk,"Loyal (feat. Lil Wayne & Tyga)","X (Expanded Edition)","Chris Brown;Lil Wayne;Tyga",2014-09-16,264938,82,true,,2023-09-07T09:12:29Z,"r&b,rap,hip hop","RCA Records Label",0.841,0.522,10,-5.963,0,0.049,0.0168,0.00000137,0.188,0.616,99.059,4
spotify:track:3bn8rclQCaTyysmU9VNPIs,"Summer of Love (Video Edit)","Hotmixradio Dance: Summer Session","Cascada",2012-07-09,215734,0,false,,2023-09-06T21:44:27Z,"europop,eurodance,nightcore","Happy Music",0.569,0.747,8,-5.634,1,0.0476,0.00273,0.0000131,0.247,0.549,127.94,4
spotify:track:4knL4iPxPOZjQzTUlELGSY,"Rake It Up (feat. Nicki Minaj)","I Still Am","Yo Gotti;Nicki Minaj",2017-10-27,276333,66,true,,2023-09-01T05:34:59Z,"hip hop sureño americano","Epic/CMG",0.91,0.444,1,-8.126,0,0.344,0.022,0,0.137,0.53,149.953,4
spotify:track:1KUZ33cOqk3X4Ezk0aZnVp,"Peaches & Eggplants (feat. 21 Savage)","Peaches & Eggplants (feat. 21 Savage)","Young Nudy;21 Savage",2023-02-27,203813,64,true,,2023-08-31T19:25:22Z,"","PDE Records/RCA Records",0.911,0.536,4,-7.884,0,0.282,0.00897,0.00000373,0.111,0.584,146.014,4
spotify:track:6KNkwW52dda5lTGf10KLXn,"Kobe (feat. Snoop Dogg & Derrick Milano)","Kobe (feat. Snoop Dogg & Derrick Milano)","Dame D.O.L.L.A;Snoop Dogg;Derrick Milano",2020-09-11,171273,36,true,,2023-08-25T09:47:12Z,"g-funk,hip hop de la costa oeste,rap gangster,hip hop old school,hip hop,rap","Front Page Music, Inc",0.714,0.641,11,-6.883,1,0.187,0.0307,0,0.0955,0.767,80.93,4
spotify:track:4PkJ7c9y1CwpuVOiJODnCZ,"Someday","The Long Road","Nickelback",2003-09-23,207466,79,false,,2023-08-22T14:05:59Z,"post-grunge,rock","Roadrunner Records",0.455,0.858,11,-5.659,0,0.0391,0.000616,0.000247,0.226,0.597,163.118,4
spotify:track:1jq28NGw6wdtFKx8MBPy6C,"Burn It to the Ground","Dark Horse","Nickelback",2008-11-14,212346,82,false,,2023-08-22T13:58:23Z,"post-grunge,rock","Roadrunner Records",0.617,0.922,11,-3.474,1,0.0744,0.000247,0.388,0.363,0.6,132.059,4
spotify:track:4P8mjYMBWmYymCpgjUVqKW,"One Spliff","Rubadub","Gray",2019-12-13,267272,53,false,,2023-08-21T00:08:48Z,"drum and bass,jungle,bassline","Born On Road",0.635,0.89,1,-2.034,1,0.109,0.00563,0.26,0.518,0.45,175.977,4
spotify:track:5YJ4BVvTFmVCxUyhKejHfR,"Pa' Que Retozen","El Abayarde","Tego Calderón",2003-07-01,151666,82,true,,2023-08-13T21:36:27Z,"reggaetón,hip hop latino","Jiggiri Records, Inc.",0.815,0.856,1,-3.825,0,0.122,0.4,0.0000834,0.244,0.872,91.995,4
spotify:track:0NTMtAO2BV4tnGvw9EgBVq,"Bitch Better Have My Money","Bitch Better Have My Money","Rihanna",2015-03-26,219305,78,true,,2023-08-13T21:07:01Z,"","Roc Nation / Rihanna",0.781,0.728,1,-4.981,1,0.0621,0.0509,0.00000194,0.257,0.395,102.99,4
spotify:track:73tnLQtl7FqD0MS7VEM0xi,"You","You","Elle Eliades;R.L. KING",2021-02-12,231504,49,false,,2023-08-13T21:06:10Z,"","Elle Eliades",0.702,0.247,1,-8.769,0,0.0303,0.495,0.0000154,0.111,0.287,113.015,3
spotify:track:1Vj7Fjk2epIZqU350RUJBg,"Deeper","Deeper","Original Sin;Sub Zero;Gracie Van Brunt",2023-07-28,255085,0,false,,2023-08-13T21:04:39Z,"drum and bass,bassline,jungle","Crucast",0.454,0.882,10,-1.852,0,0.282,0.0168,0.00628,0.0863,0.267,174.602,4
spotify:track:6SglxGaFBfgW69ASbikI4k,"La traviata, Act I: Libiamo ne' lieti calici ""Brindisi""","Spirito Italiano","Giuseppe Verdi;Luciano Pavarotti;Dame Joan Sutherland;The London Opera Chorus;National Philharmonic Orchestra;Richard Bonynge",2020-04-04,170040,45,false,,2023-08-09T10:07:29Z,"ópera,clásica,canzone napoletana,clásica para todos los gustos,orquestal,ballet","UME - Global Clearing House",0.395,0.269,10,-15.08,1,0.0708,0.963,0.00000113,0.161,0.216,109.619,1
spotify:track:7zFXmv6vqI4qOt4yGf3jYZ,"Get You (feat. Kali Uchis)","Freudian","Daniel Caesar;Kali Uchis",2017-08-25,278179,8,false,,2023-08-09T09:36:18Z,"","Golden Child Recordings",0.658,0.294,4,-8.533,0,0.0321,0.422,0.000052,0.0749,0.358,74.038,4
spotify:track:0XaKIs5sTAhmhUfwsqTKiB,"F*ck Jump Up (feat. B Live)","F*ck Jump Up (feat. B Live)","Bou;B Live",2023-02-23,224914,52,true,,2023-08-05T19:01:22Z,"drum and bass,bassline,jungle","DnB Allstars Records",0.847,0.641,6,-3.509,0,0.175,0.00942,0.00224,0.324,0.504,87.488,4
spotify:track:3sUPWrfIKSxpTzcp56fNfL,"Pal Party Cool, Vol. 1","Pal Party Cool, Vol. 1","DJ Lopetoms",2023-06-10,483033,0,false,,2023-08-05T18:55:28Z,"","Pautalo Music",0.902,0.636,1,-7.538,1,0.146,0.179,0.000162,0.26,0.498,100.05,4
spotify:track:0YVAbRnpG4mVxxwob9DdS8,"Flow","Flow","Jourden",2023-07-14,162162,32,true,,2023-08-03T04:56:48Z,"","Not specified",0.631,0.614,6,-9.626,1,0.29,0.395,0.00000816,0.115,0.55,73.767,4
spotify:track:03NgCpDoLcslt53N88Y3Fp,"Le roi du Shatta","Le roi du Shatta","Elji",2023-06-23,127992,9,false,,2023-08-01T22:15:07Z,"shatta,zouk,dancehall,kompa","iMusician | Ozelaïf",0.811,0.834,6,-8.523,1,0.286,0.466,0,0.396,0.678,102.777,4
spotify:track:6PGoSes0D9eUDeeAafB2As,"LOVE. FEAT. ZACARI.","DAMN.","Kendrick Lamar;Zacari",2017-04-14,213400,85,false,,2023-07-31T20:47:59Z,"hip hop,hip hop de la costa oeste","Aftermath",0.8,0.585,10,-7.343,1,0.0924,0.264,0,0.153,0.779,126.058,4
spotify:track:3eGnvpFOpf2CEffcKjbC5m,"Drill FR 4","Drill FR 4","Gazo;Freeze corleone",2020-06-18,254000,58,true,,2023-07-31T20:38:10Z,"rap francés,r&b francés,pop urbaine,drill","BSB PRODUCTIONS",0.751,0.774,3,-5.399,0,0.387,0.188,0,0.24,0.459,137,4
spotify:track:1z2R2oYSbfQQYW4CI4Fh1c,"Wicked","Wicked","Sudley;Anaïs;Flowdan",2023-05-26,196000,36,false,,2023-07-31T19:56:22Z,"drum and bass,liquid funk,jungle,grime,uk garage","Invicta Audio",0.47,0.921,10,-2.568,0,0.301,0.135,0.000038,0.488,0.506,87.275,4
spotify:track:2UPi2wRqNuG6W00VwKLk6M,"Boomclap","Boomclap","Warma",2022-03-03,216000,0,false,,2023-07-28T19:19:39Z,"reggae en español","KONEKTA Music ENT®",0.749,0.624,4,-9.362,0,0.339,0.503,0,0.0561,0.681,80.251,4
spotify:track:6kuEgsXZ5KjidJfsq6hMFV,"Roulman","Roulman","DJ SEBB;Junior;Black-T;P.L.L",2022-04-08,176250,58,false,,2023-07-27T09:31:41Z,"shatta,maloya,dancehall,zouk,kompa,ragga","Somy",0.926,0.64,0,-4.392,1,0.22,0.328,0.0000571,0.105,0.901,128.065,4
spotify:track:7oopoWQa0jicMSf9SFtxMK,"SWITCH IT UP | ZWITCH 1T UP","TA13OO","Denzel Curry",2018-07-27,175906,47,true,,2023-07-25T22:44:01Z,"","Loma Vista",0.567,0.723,9,-5.33,0,0.29,0.0121,0,0.264,0.272,128.463,4
spotify:track:1InX2gJz9jvp4tLOc84DWe,"Ain't No Way [Feat. 6LACK, Rico Nasty, J.I.D, Jasiah, Kitty Ca$h]","Melt My Eyez See Your Future","Denzel Curry;6LACK;Rico Nasty;JID;Jasiah;Kitty Ca$h;Powers Pleasant",2022-03-25,264613,50,true,,2023-07-25T22:35:28Z,"trap metal","Loma Vista Recordings",0.405,0.707,5,-7.586,0,0.111,0.0929,0.00000296,0.348,0.327,80.666,4
spotify:track:1q8DwZtQen5fvyB7cKbShC,"Walkin","Melt My Eyez See Your Future","Denzel Curry",2022-03-25,280000,68,true,,2023-07-25T22:33:01Z,"","Loma Vista Recordings",0.557,0.654,11,-7.201,0,0.196,0.134,0,0.291,0.386,135.983,4
spotify:track:4JYUDRtPZuVNi7FAnbHyux,"Flava in Ya Ear Remix (feat. The Notorious B.I.G., LL Cool J, Busta Rhymes, Rampage)","Flava In Ya Ear Remix","Craig Mack;Busta Rhymes;LL COOL J;Rampage;The Notorious B.I.G.",1994,302013,60,true,,2023-07-25T16:30:48Z,"hip hop old school,hip hop de la costa este,rap gangster,hip hop","Rhino Atlantic",0.52,0.847,9,-5.3,1,0.427,0.272,0,0.325,0.799,177.371,4
spotify:track:5wYenlc24DFCUP4fuLLWdS,"MTV Steez","Whateva, Vol. 3","Cookin Soul",2020-06-09,121803,40,true,,2023-07-25T16:22:44Z,"","Cookin Soul Records",0.409,0.722,5,-6.765,0,0.543,0.714,0.0146,0.146,0.588,172.461,4
spotify:track:4ea9w8c4ROqiZpJVhfBA3m,"Hot (Remix) [feat. Gunna and Travis Scott]","So Much Fun (Deluxe)","Young Thug;Travis Scott;Gunna",2019-12-20,279906,77,true,,2023-07-23T09:16:20Z,"rap,rap melódico,trap","300 Entertainment/Atl",0.845,0.631,7,-8.206,0,0.216,0.188,0,0.0806,0.545,111.983,4
spotify:track:0e4A9Fak1nJ7RtBD8YpoEo,"Onna Come Up","Underrated","Lil Eazzyy",2020-11-20,128014,70,true,,2023-07-21T16:47:15Z,"drill de chicago","P2020",0.796,0.426,1,-13.207,1,0.285,0.356,0.0000273,0.0941,0.649,150.043,4
spotify:track:58BlUB8jE5RoHXa5V1O73d,"Praise The Lord","Praise The Lord","Bandokay",2022-01-14,189000,33,true,,2023-07-21T15:28:10Z,"drill británico,drill,grime,uk grime","Polydor Records",0.801,0.711,1,-5.39,1,0.38,0.0523,0,0.268,0.419,146.095,4
spotify:track:6qBFSepqLCuh5tehehc1bd,"Like I Want You","TAKE TIME","GIVĒON",2020-03-27,260776,78,false,,2023-07-20T20:34:32Z,"r&b","Epic/Not So Fast",0.678,0.355,10,-7.757,0,0.0627,0.759,0.0000706,0.114,0.438,119.772,3
spotify:track:6mY6G8J7sDCireOkB93oaq,"Dejalo Ahi","Puro Mambo","La Banda Gorda",2006-01-01,248626,45,false,,2023-07-17T16:09:38Z,"merengue,mambo","Musical Productions",0.832,0.907,6,-5.112,0,0.235,0.314,0.0000253,0.141,0.851,173.94,4
spotify:track:5oVBCcGv1EX2foIs6X6GRw,"Onana","Onana","Jey One",2023-05-08,128571,71,false,,2023-07-16T18:19:10Z,"dembow","Mapa Negro Music",0.681,0.719,8,-5.428,0,0.455,0.595,0.00112,0.14,0.802,148.931,5
spotify:track:0cIkdVvxT2lalJFH254lYA,"Rave Out","Rave Out","Turno;Skepsis;Charlotte Plank",2023-05-18,148155,67,false,,2023-07-16T18:03:34Z,"drum and bass,bassline,jungle,bass house","EMI",0.591,0.887,11,-1.555,1,0.0324,0.0873,0.00506,0.665,0.377,87.034,4
spotify:track:1vByAxtr0Mzf5FtpVz9VCn,"What's the Move (feat. General Degree)","What's the Move (feat. General Degree)","Henry Fong;Knock2;General Degree",2020-07-17,169076,1,false,,2023-07-15T16:43:15Z,"bass house,melbourne bounce,moombahton,electro house,big room,edm,bassline,dancehall,ragga,reggae,riddim","Dim Mak Records",0.654,0.988,11,-1.647,1,0.0946,0.0091,0.338,0.317,0.389,129.967,4
spotify:track:43ic0un1f9Nak0ZCQgvKjY,"Yo No Sé","Yo No Sé","Rvfv;Pablo Mas",2020-11-20,168960,1,false,,2023-07-12T21:43:23Z,"flamenco urbano","NASTU MUSIC distributed by Altafonte",0.917,0.54,1,-6.63,0,0.0954,0.29,0.000197,0.0937,0.747,125.048,4
spotify:track:7kQUdVjev73xIuwu7W6YW9,"Welcome To Brixton","Welcome To Brixton","SR",2020-11-27,180000,2,true,,2023-07-12T21:41:03Z,"drill británico,drill,uk grime","SR",0.89,0.455,2,-10.226,1,0.437,0.158,0,0.153,0.897,138.988,4
spotify:track:6ZrGL8SnNy8GYtLQtfwvux,"Dance (Disco Heat)","The Original Hits","Sylvester",1989-01-01,351026,0,false,,2023-07-10T14:06:49Z,"disco,hi-nrg,post-disco","Concord Records",0.765,0.634,5,-15.906,0,0.0372,0.0293,0.633,0.0621,0.96,133.503,4
spotify:track:3QVohEKDEZBsAjsePPIFIV,"Major","Major","TYTE",2022-05-13,165251,0,true,,2023-07-09T09:13:16Z,"","SLIP N SLIDE ENTERPRISES (SAS)",0.865,0.452,1,-8.968,0,0.31,0.00746,0,0.101,0.538,152.041,4
spotify:track:1jzIJcHCXneHw7ojC6LXiF,"Potato Salad","Potato Salad","Tyler, The Creator;A$AP Rocky",2018-09-28,182493,67,true,,2023-07-09T06:11:17Z,"rap","Columbia/RCA",0.538,0.612,2,-6.02,1,0.424,0.308,0,0.213,0.684,168.197,4
spotify:track:5cZqsjVs6MevCnAkasbEOX,"Break Stuff","Significant Other","Limp Bizkit",1999,166706,87,true,,2023-07-09T05:41:03Z,"nu metal,rap metal,metal alternativo,rap rock","Interscope",0.432,0.884,8,-6.657,1,0.128,0.0128,0.000457,0.166,0.619,108.835,4
spotify:track:2avKuMN2QXkaG9vvHa2JLt,"Take A Look Around","Chocolate Starfish And The Hot Dog Flavored Water","Limp Bizkit",2000-10-17,321040,83,false,,2023-07-09T05:40:21Z,"nu metal,rap metal,metal alternativo,rap rock","Interscope",0.425,0.852,11,-5.605,1,0.0461,0.0174,0.311,0.0935,0.499,101.97,4
spotify:track:0QF5si3iK6XPuKeboUaqS6,"Erotiquement votre (Interlude)","Paradis d'amour","Krisy;Instagram Followers",2017-03-28,176538,0,false,,2023-07-08T12:01:57Z,"rap francés,r&b francés","Spinnup",0.669,0.565,1,-10.751,1,0.247,0.839,0,0.113,0.564,122.167,4
spotify:track:4FrZouF4ZpEZLHerxvqGpO,"Until Morning - A COLORS SHOW","Until Morning - A COLORS SHOW","James Vickery",2018-06-04,197062,50,false,,2023-07-07T05:56:31Z,"r&b británico","COLORSxSTUDIOS",0.554,0.201,1,-15.765,0,0.0983,0.317,0,0.106,0.309,136.138,3
spotify:track:5kYcmyTVwXoLSQpsBF0J03,"Doliprane","Doliprane","Kalash",2023-06-10,138947,59,false,,2023-07-05T13:25:12Z,"shatta,rap francés,dancehall,zouk,pop urbaine,kompa","Play Two",0.722,0.609,9,-8.522,1,0.223,0.386,0.000502,0.0683,0.395,94.999,4
spotify:track:0ZxhtATQ0a6EvQNZ0z6NKV,"Princess Diana (with Nicki Minaj)","Princess Diana (with Nicki Minaj)","Ice Spice;Nicki Minaj",2023-04-14,172125,67,true,,2023-07-04T21:00:35Z,"","10K Projects/Capitol Records",0.898,0.689,9,-5.092,1,0.171,0.165,0,0.0957,0.772,147.964,4
spotify:track:4bfAZUN7Y2yxxrANVpcErC,"Three Little Birds","Three Little Birds","Vybz Kartel",2021-10-08,208835,25,false,,2023-07-03T20:05:07Z,"dancehall,soca,riddim,ragga,reggae","T100 Records, Vybz Kartel Muzik",0.585,0.808,7,-5.43,1,0.25,0.082,0,0.277,0.769,193.763,4
spotify:track:1wb4P4F0sxAQ2KXrRvsx6n,"You're Still The One","Come On Over","Shania Twain",1997-11-04,212200,76,false,,2023-07-01T20:49:11Z,"country","Mercury Nashville",0.585,0.494,3,-8.751,1,0.0353,0.363,0,0.0885,0.634,133.828,4
spotify:track:5mxJu0dK7KXbwEBzds4OLl,"C.A.B. (Catch A Body) (feat. Fivio Foreign)","Breezy","Chris Brown;Fivio Foreign",2022-06-24,263680,51,true,,2023-06-28T22:16:15Z,"r&b,drill de brooklyn,drill neoyorquino,drill,drill británico","Chris Brown Entertainment/RCA Records",0.655,0.61,10,-8.157,1,0.0759,0.0313,0.00108,0.191,0.3,147.994,4
spotify:track:6qelWJZgIv9woWtbOfrktP,"Velours","Métropole","Anomalie",2017-06-23,256179,45,false,,2023-06-28T22:14:05Z,"nu jazz,jazz fusión","Anomalie",0.541,0.465,1,-5.325,0,0.204,0.247,0.891,0.255,0.451,178.4,4
spotify:track:4jKOhcqAIWIo5lksJBwztO,"Où t’es ?","Où t’es ?","Robin",2022-04-29,181034,18,false,,2023-06-27T17:12:22Z,"zouk,r&b francés,kizomba","Oganesson",0.628,0.486,4,-5.528,1,0.0358,0.698,0,0.123,0.372,119.519,3
spotify:track:1M6SuEJZJkZf2S419vIPkB,"FEFE","DUMMY BOY","6ix9ine;Nicki Minaj;Murda Beatz",2018,179404,0,true,,2023-06-26T20:11:49Z,"","Scumgang Records/TenThousand Projects, LLC",0.931,0.387,1,-9.127,1,0.412,0.088,0,0.136,0.375,125.978,4
spotify:track:0Pr05tDGNCf4f8Fe8ubSJ4,"Abusadora","El Poder de New York","Oro Solido",2016,279893,65,false,,2023-06-26T08:35:44Z,"merengue","Wahoo Music / 24K Entertainment",0.746,0.772,7,-9.415,1,0.152,0.0714,0.00155,0.0444,0.66,169.985,4
spotify:track:7mlagGXcvSapZdWesGpmdS,"TOXIC","TOXIC","YOUNGX777",2021-11-24,84000,50,true,,2023-06-23T22:06:55Z,"phonk","25/7 Records LLC.",0.46,0.953,1,-6.982,1,0.315,0.018,0.0215,0.193,0.274,144.021,3
spotify:track:1waOqfmEVkVC8WhaIP6uGI,"Waiting In Vain","Legend - The Best Of Bob Marley And The Wailers","Bob Marley & The Wailers",2002-01-01,256493,62,false,,2023-06-23T22:04:33Z,"reggae,roots reggae","UMC (Universal Music Catalogue)",0.838,0.453,8,-11.536,1,0.31,0.025,0.0000242,0.116,0.815,78.84,4
spotify:track:1tXQo5hKcBWry7Lxsv9MsI,"Alien Boogie","BATUCADA EP VOL 4","M3B8",2023-05-05,166889,3,false,,2023-06-23T20:46:48Z,"moombahton","Riddim Movement",0.926,0.851,11,-4.27,0,0.246,0.00118,0.35,0.0538,0.468,127.985,4
spotify:track:1Py5moq1DjrFQjUrBj0Z61,"Hollow","DEMIGOD","Famous Dex;Kai Wachi",2019-05-31,214196,25,true,,2023-06-23T09:27:01Z,"dubstep,deathstep,riddim,bass melódico,edm,bass music","Kannibalen Records",0.539,0.985,9,-2.002,1,0.38,0.0016,0.025,0.198,0.383,149.919,4
spotify:track:5n2hJFtwTpXjRbOoQpUvWb,"Loco","Loco","SWACQ;Willy William",2020-10-16,146285,15,false,,2023-06-23T09:04:37Z,"big room,bass house","Scorpio Music",0.722,0.795,2,-3.363,1,0.066,0.0628,0,0.106,0.395,105.034,4
spotify:track:2AeZqTKtf56lyPCOIxGmsZ,"Floppa Gun","Floppa Gun","Dopeboii;Rudeboi",2022-10-08,164400,19,false,,2023-06-23T09:02:24Z,"moombahton,shatta,dancehall","Dopeboi x Rudeboi",0.632,0.71,2,-6.302,1,0.0994,0.0011,0.000409,0.102,0.312,99.843,4
spotify:track:5RxCC8ecpIb6W9MVrJNmSF,"...To Be Loved","The Paramour Sessions","Papa Roach",2006-01-01,182120,61,true,,2023-06-22T10:50:19Z,"nu metal,rap metal,metal alternativo,rap rock,rock","Geffen",0.478,0.977,8,-3.162,1,0.0751,0.00473,0,0.509,0.482,96.047,4
spotify:track:2goLsvvODILDzeeiT4dAoR,"Believe","Believe","Cher",1998,239026,84,false,,2023-06-22T08:03:44Z,"","Warner Records",0.652,0.917,6,-6.72,1,0.0548,0.0082,0,0.0509,0.459,132.975,4
spotify:track:4mCymu11MzO0IvlWSiMGBN,"Amour inconditionnel","Amour inconditionnel","Kerdy vuvu",2023-02-14,291000,45,false,,2023-06-21T07:42:05Z,"kompa,zouk,rap cristiano en francés","Warrior corporation",0.705,0.698,4,-8.038,0,0.0477,0.265,0.00000775,0.0851,0.725,159.993,4
spotify:track:1cs7Z2cpMD8W4xShrEMN3F,"Me da Asco Tu Familia","Me da Asco Tu Familia","Nadie Sabe Nada",2019,86298,18,true,,2023-06-20T20:10:14Z,"","El Terrat",0.505,0.885,9,-8.822,1,0.0968,0.00236,0.000334,0.0856,0.785,168.036,4
spotify:track:7oOOI85fVQvVnK5ynNMdW7,"Rock with You - Single Version","Off the Wall","Michael Jackson",1979-08-10,219926,88,false,,2023-06-20T20:01:00Z,"","Epic",0.808,0.535,1,-12.521,1,0.0353,0.179,0.0000991,0.158,0.848,114.031,4
spotify:track:26b3oVLrRUaaybJulow9kz,"People","People","Libianca",2022-12-06,184791,78,false,,2023-06-20T08:07:07Z,"afrobeats,afrobeat","5K Records Limited",0.573,0.422,10,-7.621,0,0.0678,0.551,0.0000131,0.102,0.693,124.357,5
spotify:track:7dbbZJaWN7ZZiUgJzzzFhj,"What is salsa?","Ritmo Antillano, Vol. 4","YenJuan",2022-02-04,153149,1,false,,2023-06-20T07:42:42Z,"salsa,timba","3214015 Records DK",0.72,0.925,5,-9.055,1,0.09,0.756,0.2,0.413,0.717,104.927,4
spotify:track:0KzAbK6nItSqNh8q70tb0K,"Where Is My Mind?","Death to the Pixies","Pixies",1997-10-06,229226,76,false,,2023-06-18T16:57:49Z,"rock alternativo","4AD",0.513,0.442,4,-13.529,1,0.0343,0.00731,0.000838,0.0878,0.243,81.201,4
spotify:track:5lRzWDEe7UuedU2QPsFg0K,"The Funeral","Everything All The Time","Band of Horses",2006-03-21,322173,74,false,,2023-06-18T15:56:36Z,"","Sub Pop Records",0.319,0.757,0,-6.117,0,0.0432,0.016,0,0.102,0.101,122.465,4
spotify:track:6I86RF3odBlcuZA9Vfjzeq,"Eres Mía","Fórmula, Vol. 2 (Deluxe Edition)","Romeo Santos",2014-02-25,250640,84,false,,2023-06-18T07:02:24Z,"bachata,latina","Sony Music Latin",0.843,0.729,6,-3.634,0,0.0374,0.401,0.0000012,0.206,0.903,123.046,4
spotify:track:0uY9lkqLD0IQ5s4IeMPVES,"No Limit (feat. A$AP Rocky & Cardi B)","The Beautiful & Damned (Deluxe Edition)","G-Eazy;A$AP Rocky;Cardi B",2020-12-18,245438,46,true,,2023-06-17T08:15:37Z,"rap","BPG/RVG/RCA Records",0.838,0.771,1,-3.791,1,0.244,0.0115,0,0.0853,0.402,175.959,4
spotify:track:6GRV7LwVsnR0e5YXXXQu0W,"Ta Ta Ta","Ta Ta Ta","Reefer Tym",2022-12-12,166153,0,false,,2023-06-17T07:51:15Z,"afrobeats,afrobeat,r&b afro","Cartel",0.879,0.727,0,-5.697,0,0.152,0.79,0.0548,0.245,0.789,103.965,4
spotify:track:1PoJXULCvl03b1fiZmMxmd,"On the Low","African Giant","Burna Boy",2019-07-25,185898,68,false,,2023-06-17T07:41:26Z,"afrobeats,afrobeat,afropop,afroswing,dancehall,afropiano","Spaceship/ Bad Habit/Atlantic Records",0.816,0.781,1,-4.237,0,0.0425,0.692,0.00928,0.0835,0.937,99.95,4
spotify:track:1g5e9WHQKSf4K7UYMinNDB,"Realise","Realise","SOTA;Primate",2022-12-30,195862,46,false,,2023-06-10T11:14:29Z,"drum and bass,bassline","Sota Music",0.407,0.943,11,-1.735,1,0.324,0.0363,0.0515,0.319,0.306,173.495,4
spotify:track:4doxCAkqckpGTasPN6ByUu,"Rebuke","KAYTRAMINÉ","KAYTRAMINÉ;Aminé;KAYTRANADA",2023-05-19,118436,0,true,,2023-06-09T21:53:56Z,"","CLBN LLC & Kaytranada Music & Publishing, Inc. under exclusive license to Venice Music",0.606,0.622,9,-5.397,0,0.109,0.18,0,0.0883,0.581,86.867,4
spotify:track:4lcM7UhovQcCa9efiHgPU7,"Goodbye Moonmen","The Rick and Morty Soundtrack","Rick and Morty;Jemaine Clement;Ryan Elder",2018-09-18,141263,51,true,,2023-06-09T20:43:41Z,"humor","Adult Swim / WaterTower Music",0.422,0.399,1,-7.977,1,0.0401,0.679,0,0.0528,0.333,149.234,4
spotify:track:6z3aLbqPAinXXxEJ6NKrPQ,"Wait For Me","Wait For Me","SOTA",2023-03-10,171034,0,false,,2023-06-09T12:53:04Z,"drum and bass,bassline","Crucast",0.51,0.969,6,-1.853,0,0.178,0.00132,0.000707,0.186,0.385,174.036,4
spotify:track:0HdjpQXDnlGCp0II1BRcau,"Samba De Verão","Caetano Veloso Naturalmente","Caetano Veloso",2008-01-01,186626,45,false,,2023-06-05T18:48:48Z,"mpb,bossa nova,samba","Universal Music Ltda.",0.735,0.313,5,-16.679,1,0.0493,0.843,0.0468,0.11,0.445,119.764,4
spotify:track:3MlQPB0wJuopo3NTZGlMpI,"Where I Go (feat. H.E.R.)","Where I Go (feat. H.E.R.)","NxWorries;Anderson .Paak;H.E.R.;Knxwledge",2022-10-19,201026,50,true,,2023-06-01T07:23:52Z,"r&b","Stones Throw Records",0.62,0.396,1,-15.498,0,0.206,0.735,0.000985,0.0976,0.774,87.865,4
spotify:track:0PfurdlOZRYJ6pkrvHOkUh,"Blue","Red Moon In Venus","Kali Uchis",2023-03-03,192611,57,false,,2023-05-29T20:56:18Z,"","Geffen Records",0.701,0.569,11,-5.946,0,0.0519,0.523,0.000126,0.236,0.574,94.043,4
spotify:track:6wJqtdE4wC9TXOLgCNBVde,"This Moment","The Lost Children","Disturbed",2011,185733,53,false,,2023-05-26T17:16:28Z,"metal,nu metal,metal alternativo,rap metal,hard rock","Reprise",0.497,0.96,1,-3.532,1,0.125,0.000509,0.0151,0.151,0.669,171.835,4
spotify:track:5bTdupnDTfyZcyoXkROGHn,"The Lonely Shepherd - Live","Live in Europe 2004","James Last",2006-12-01,261880,18,false,,2023-05-25T20:58:13Z,"orquestal,polka,easy listening,big band","BY4RECORDS",0.383,0.401,2,-12.163,0,0.0315,0.246,0.37,0.415,0.0877,131.943,4
spotify:track:7dFGkZbmm6cVlI28bfMaWE,"Righteous Minds","1999","Joey Bada$$",2012-06-12,224042,68,true,,2023-05-24T23:53:10Z,"hip hop,jazz rap,rap","PRO ERA / EMPIRE",0.809,0.638,8,-5.646,0,0.28,0.262,0,0.453,0.608,94.893,4
spotify:track:0tNuJpBgtE65diL6Q8Q7fI,"On & On","Baduizm","Erykah Badu",1997-01-01,226133,72,true,,2023-05-24T09:24:43Z,"neo soul,r&b","Universal Records",0.761,0.403,11,-10.424,0,0.158,0.0392,0.0113,0.256,0.346,80.476,4
spotify:track:48EeIRdKLiZt5lE7GspwZ9,"Rm. 143 - Remix","Rm. 143 (Remix)","Reggie Becton;Kenyon Dixon",2022-02-11,178616,20,true,,2023-05-23T18:47:28Z,"","BNB Lake",0.651,0.407,8,-8.628,0,0.26,0.626,0,0.352,0.471,119.783,4
spotify:track:4aYd4OvURiE7jrnkdbwk0t,"La Llama del Amor - Riega Este Querer - Rumba/Alborea","La Llama del Amor (Riega Este Querer - Rumba/Alborea)","Omar Montes;Jairo deRemache;Farruquito",2022-06-23,178186,56,false,,2023-05-23T11:26:48Z,"flamenco,flamenco urbano,flamenco pop","Sony Music Latin",0.762,0.85,7,-5.303,1,0.141,0.154,0.000398,0.0474,0.747,105.444,4
spotify:track:4ZF74uJy2XGgVx8TUeYjZ8,"La Dueña del Swing","Los Dueños del Swing","Los Hermanos Rosario",1995-10-01,260600,72,false,,2023-05-22T17:21:55Z,"merengue","Karen Publishing Company",0.676,0.872,7,-7.739,0,0.0473,0.672,0.0000428,0.0976,0.788,154.986,4
spotify:track:6lbhWl34Il0WXm5pX1fM9E,"Up Down (Do This All Day) (feat. B.o.B)","Happy Hour: The Greatest Hits","T-Pain;B.o.B",2014,231093,82,true,,2023-05-21T22:26:08Z,"","Nappy Boy/Konvict Muzik/RCA Records",0.778,0.498,5,-6.846,0,0.0562,0.256,0,0.295,0.464,96.995,4
spotify:track:38spM0LahLUfQhOMAqA7AI,"Be Your Girl (Kaytranada Edition)","Be Your Girl (Kaytranada Edition)","Teedra Moses;KAYTRANADA",2018-05-04,268087,2,false,,2023-05-21T21:48:41Z,"","eOne Music Canada",0.864,0.682,6,-6.73,0,0.386,0.208,0.00000527,0.1,0.268,115.012,4
spotify:track:5dn3gdkauaKxipW2JeOAhs,"Rocky Road, Pt. 2","Before the Garden 5","Caleb Gordon;Alano Adan",2023-04-13,117475,0,false,,2023-05-21T20:46:22Z,"hip hop cristiano,r&b cristiano,música cristiana,pop cristiano,reggaetón cristiano","Caleb Gordon",0.901,0.231,1,-16.314,1,0.403,0.124,0,0.13,0.613,124.991,4
spotify:track:6qqq5zPYV7U4UsKnGC82tw,"Daydreaming","Daydreaming","NxWorries;Anderson .Paak;Knxwledge",2023-05-18,186967,45,false,,2023-05-20T10:04:38Z,"","Stones Throw Records",0.697,0.585,1,-9.597,1,0.0361,0.274,0.145,0.0779,0.504,74.014,4
spotify:track:1QIIQ1B2syNBSvQULkXgTa,"Traingazing","Traingazing","Sam Wills;Honey Mooncie",2020-03-04,214159,0,false,,2023-05-19T06:37:47Z,"","eOne Music UK",0.849,0.361,11,-10.057,1,0.0641,0.692,0.00673,0.14,0.553,137.539,4
spotify:track:0pMs1gXODWwGQ1pK3qKVtz,"Closer","The Silhouettes Project","The Silhouettes Project;Elisa Imperilee;Whoeva?",2020-12-11,201933,51,false,,2023-05-18T21:21:46Z,"jazz rap,r&b indie,neo soul","Melting Pot Music",0.45,0.358,1,-12.836,1,0.0686,0.499,0.000269,0.254,0.213,85.269,4
spotify:track:6LX3k2Su3r5KIEHZbvhxoG,"Best Gyal","Level Up","Blaiz Fayah",2018-01-10,127612,65,true,,2023-05-18T16:13:01Z,"shatta,dancehall,moombahton,ragga","O.Productions",0.813,0.523,3,-6.056,0,0.337,0.449,0,0.0785,0.587,98.469,4
spotify:track:7BwfjietX7YEXECGi49z5M,"Mété Kow","Mété Kow","Lagess;DJ Digital",2022-06-03,145000,17,true,,2023-05-18T09:45:45Z,"shatta,dancehall,kompa,zouk","Lagess",0.934,0.624,4,-7.668,1,0.306,0.174,0,0.0884,0.66,96.008,4
spotify:track:3QFInJAm9eyaho5vBzxInN,"family ties (with Kendrick Lamar)","The Melodic Blue","Baby Keem;Kendrick Lamar",2021-09-10,252262,81,true,,2023-05-17T08:08:53Z,"hip hop,hip hop de la costa oeste","Columbia",0.711,0.611,1,-5.453,1,0.33,0.00588,0,0.23,0.144,134.093,4
spotify:track:5MPjmLI9yIAkEiJOUYfsTt,"no idea (latin version) - 8D audio","no idea (latin version) - 8D audio","(((())));surround.",2023-04-19,151728,17,false,,2023-05-17T07:26:28Z,"","(((())))",0.709,0.446,9,-11.329,1,0.0317,0.253,0.000182,0.164,0.639,127.958,4
spotify:track:5E4mQ2mXblbeuI4tefnMZG,"Self Medication (feat. Seth MacFarlane, Redman, & Statik Selektah)","College Park","Logic;Seth MacFarlane;Redman;Statik Selektah",2023-02-24,315102,0,true,,2023-05-17T00:24:55Z,"navidad,hip hop de la costa este,hip hop old school,hip hop,hardcore hip hop,boom bap","BMG Rights Management (US) LLC",0.655,0.881,5,-3.531,0,0.431,0.626,0,0.125,0.651,92.118,4
spotify:track:5l91KHr9uF8wdSdtRoZba8,"Wicked Game - Remastered","Best Of Chris Isaak","Chris Isaak",2006-05-05,286880,62,false,,2023-05-16T21:55:06Z,"","Wicked Game/Reprise",0.664,0.553,9,-7.723,1,0.0264,0.743,0.00978,0.0838,0.287,112.52,4
spotify:track:0DIPy1dx48YbJhTNmHrYEn,"A Long Walk - Remastered","By Popular Demand (Remastered)","Jill Scott",2018-09-28,284502,27,false,,2023-05-15T09:00:38Z,"neo soul,quiet storm","Hidden Beach Records, LLC",0.632,0.621,6,-7.37,0,0.256,0.0651,0.0000584,0.0616,0.322,151.603,4
spotify:track:4dRb7kdtBVBFzSiCqsY7wP,"Forget About You","Poetry","Devin Kennedy",2022-06-03,151712,50,false,,2023-05-14T07:31:25Z,"r&b indie","Wonderiff Music",0.627,0.525,11,-8.003,0,0.0635,0.892,0.000233,0.109,0.207,98.08,4
spotify:track:0H08fNRHqolQ0b6MPCk3B4,"Darlin","Darlin","Throttle;Tony Romera",2019-04-30,178080,0,false,,2023-05-13T09:34:35Z,"future house,bass house,tech house,g-house","SANS MERCI x Dirty Disco Records",0.774,0.844,1,-4.027,1,0.125,0.0674,0.03,0.108,0.199,124.865,4
spotify:track:4oWMlgtuuWBpF91ZlaohvS,"Rebelion","Salsa Y Mas Para Gozar Vol I","Joe Arroyo Y La Verdad",2010-09-13,379627,0,false,,2023-05-13T09:31:43Z,"","Tropicaliche",0.566,0.83,10,-4.605,0,0.0593,0.14,0.000116,0.215,0.803,106.055,4
spotify:track:1AZlOsf9LnEGibuPXanV8x,"After The Storm","Late Night Summer Vibes","Kali Uchis;Tyler, The Creator;Bootsy Collins",2021-08-19,207454,48,false,,2023-05-13T09:03:13Z,"funk","UME - Global Clearing House",0.718,0.656,4,-6.604,0,0.159,0.267,0.00107,0.263,0.83,79.395,4
spotify:track:3j0D98RSZGiNjMUibTQt3d,"God Bless The Dead","God Bless The Dead","DJ PL3X",2023-05-08,204480,0,true,,2023-05-13T09:00:14Z,"","5296436 Records DK",0.813,0.53,11,-10.57,0,0.365,0.0784,0.0000143,0.0789,0.319,97.66,4
spotify:track:0UtnpKaReKUg2GquaSxCyD,"Money Trees","good kid, m.A.A.d city (Deluxe)","Kendrick Lamar;Jay Rock",2012-10-22,386906,68,true,,2023-05-13T08:57:41Z,"hip hop,hip hop de la costa oeste","Aftermath",0.716,0.531,7,-7.355,1,0.157,0.0709,0,0.22,0.335,71.972,4
spotify:track:7g780zywvKnzTkH4Ltc2AB,"Ranch","Ranch","Ollie Joseph;Nate Rose;HUSH",2019-09-13,140000,39,true,,2023-05-12T16:58:20Z,"","HUSH HOUSE WORLDWIDE",0.838,0.689,1,-7.733,1,0.0665,0.0409,0,0.0896,0.344,83.994,4
spotify:track:0ITLv4E7YWi1TstGBS0Q5P,"Soundgasm - Puri x The Plugz Europe Remix","Soundgasm (Puri x The Plugz Europe Remix)","Rema;Puri;The Plugz Europe",2022-08-12,165881,37,true,,2023-05-12T09:48:56Z,"afrobeats,afrobeat,afropop,afropiano,moombahton","Mavin Records / Jonzing World",0.907,0.301,6,-4.528,0,0.121,0.0587,0.0922,0.0933,0.438,99.973,4
spotify:track:2naqSVQHgiaoEpxtkVOhmK,"Llorarás","Una Dimensión De Éxitos","La Dimensión Latina;Oscar D'León",1996-01-17,228554,67,false,,2023-05-12T09:27:02Z,"salsa,merengue","Musart-Balboa",0.704,0.884,8,-6.275,1,0.0527,0.549,0.000364,0.0492,0.964,93.058,4
spotify:track:3OHxPzfXTFwYzCZoZaade2,"Sweet You","No News Is Good News","Phonte",2018-03-02,267213,38,true,,2023-05-11T19:30:24Z,"neo soul","The Foreign Exchange Music",0.711,0.435,11,-10.469,1,0.127,0.614,0.00000268,0.098,0.246,89.877,4
spotify:track:5HQwoi47vjLNqaOc329VNM,"I Wanna Be Down (feat. Queen Latifah, Yoyo & McLyte) - Remix","The Best Of Brandy (with bonus track)","Brandy;MC Lyte;Yo-Yo;Queen Latifah",2005-04-05,256666,0,false,,2023-05-11T19:11:16Z,"r&b,r&b contemporáneo,hip hop old school,hip hop de la costa este,hip hop de la costa oeste,musicales","Rhino Atlantic",0.893,0.433,11,-5.88,0,0.396,0.33,0,0.395,0.675,86.01,4
spotify:track:58r4JuwHhXLAkttkaUZfLw,"Got to Be Real","Cheryl Lynn (Expanded Edition)","Cheryl Lynn",1978-07-17,307946,73,false,,2023-05-11T07:14:40Z,"post-disco,disco","Legacy Recordings",0.836,0.626,9,-10.143,0,0.0335,0.0943,0.742,0.153,0.898,114.657,4
spotify:track:0dFdGPVLs3k0z9ezYWZzUa,"Intimidated (feat. H.E.R.)","Intimidated","KAYTRANADA;H.E.R.",2021-11-19,207830,77,false,,2023-05-11T07:04:10Z,"r&b","KAYTRANADA/RCA Records",0.738,0.75,11,-3.654,0,0.219,0.0167,0.00976,0.174,0.342,112.009,4
spotify:track:34qvgmIagzNQdZTRL2poiv,"Two Worlds Apart","Sometimes I Might Be Introvert","Little Simz",2021-09-03,178066,55,true,,2023-05-11T06:51:30Z,"","AGE 101",0.459,0.637,2,-7.18,1,0.127,0.608,0,0.145,0.408,140.593,4
spotify:track:27a1mYSG5tYg7dmEjWBcmL,"CAN'T SAY","ASTROWORLD","Travis Scott",2018-08-03,198408,80,true,,2023-05-09T21:21:04Z,"rap","Cactus Jack / Epic",0.702,0.708,10,-5.366,0,0.0547,0.201,0,0.118,0.713,147.98,4
spotify:track:6gAITmhZLmFZs91GS6XX85,"When a Man","Lovesick","Raheem DeVaughn;Apollo Brown",2021-06-04,180000,0,false,,2023-05-09T21:07:28Z,"neo soul,quiet storm,hip hop underground,boom bap,hip hop","Mello Music Group",0.805,0.415,1,-10.639,0,0.304,0.104,0.0000153,0.106,0.649,88.895,4
spotify:track:0PwKsFzNiOTnAus6fj7zJn,"Sober","Kauai","Childish Gambino",2014-10-03,252013,0,false,,2023-05-09T21:01:34Z,"","Glassnote",0.701,0.6,0,-6.515,1,0.0311,0.115,0.0000501,0.513,0.446,98.029,4
spotify:track:7i7UIbm5E0DD7aSOYvwp2v,"Oh (feat. Ludacris)","Goodies","Ciara;Ludacris",2004-09-27,256346,70,false,,2023-05-09T20:59:49Z,"hip hop sureño americano","So So Def",0.8,0.496,7,-7.135,1,0.0506,0.000298,0,0.0697,0.357,128.29,4
spotify:track:5sz8s4iF6TaHKii8fbolOU,"III. Urn","because the internet","Childish Gambino",2013-01-01,73386,0,true,,2023-05-09T20:58:55Z,"","Glassnote",0.611,0.441,2,-12.442,0,0.0677,0.666,0.000206,0.0666,0.496,139.615,4
spotify:track:68QgZ20yKM6wgX9UpFbSbL,"Get It Shawty - Main","Street Love","Lloyd",2007-01-01,209533,0,false,,2023-05-09T20:53:06Z,"r&b","Motown",0.822,0.905,5,-4.032,0,0.241,0.123,0,0.0496,0.674,128.014,4
spotify:track:3MtMrpbmkxCWsMD2AL8P6q,"You Are","You Are","Charlie Wilson",2010-10-08,249920,43,false,,2023-05-09T20:44:37Z,"drill sexy","Jive",0.588,0.812,5,-3.938,0,0.0516,0.0716,0,0.144,0.236,132.017,3
spotify:track:2PqGoKKs2MpxidH5jBmy2K,"B4 The Night Is Thru (prod By Machine Drum)","B4 The Night Is Thru (prod By Machine Drum) - Single","Jesse Boykins III",2010-12-07,251076,0,false,,2023-05-09T20:43:36Z,"neo soul,afro house,r&b alternativo","NoMadic Music, LLC",0.731,0.542,0,-10.219,1,0.111,0.0642,0.0000828,0.102,0.766,97.483,4
spotify:track:7ao0Xvdk7izp68CWlUzneN,"Nite & Day","Sensuous Smooth Jazz Guitar","Ronny Jordan",2006-05-30,252040,0,false,,2023-05-09T20:42:18Z,"acid jazz,smooth jazz,jazz funk,nu jazz,jazz,jazz fusión","Shanachie Entertainment- OLD",0.783,0.457,9,-8.416,1,0.0423,0.114,0.688,0.114,0.452,91.983,4
spotify:track:2y2xj9qRikAIVQt2uUjUlU,"Like It Like That","The Best Of","A Tribe Called Quest",2008-04-01,166880,0,false,,2023-05-09T20:37:16Z,"jazz rap,hip hop de la costa este,hip hop old school,hip hop","Sony BMG Music Entertainment",0.93,0.369,3,-9.326,0,0.178,0.598,0,0.0929,0.703,94.991,4
spotify:track:0ncC7da4OXfIAmepjPX0g0,"Sometimes (Remix)","Jay Deelicious 95-98: The Delicious Vinyl Years","J Dilla;The Brand New Heavies",2007-08-07,251840,0,false,,2023-05-09T20:35:55Z,"plunderphonics,hip hop alternativo,jazz rap,acid jazz,jazz funk,funk","Delicious Vinyl",0.917,0.424,2,-6.227,1,0.301,0.0861,0,0.154,0.385,96.642,4
spotify:track:7dPxC7mt8XyB4eGasb2ZeO,"No More Love Songs","No More Love Songs","Skeete",2022-08-26,151304,48,true,,2023-05-09T08:29:16Z,"afroswing,dancehall,r&b británico,r&b afro,afrobeats","Skeete",0.693,0.542,8,-5.458,1,0.399,0.433,0.0000136,0.0828,0.688,92.09,4
spotify:track:5URsESUAD2N8mICoPh6jd8,"Just Like You Used To","What A Difference She Made","Jalen Ngonda",2022-10-11,188155,11,false,,2023-05-08T12:36:10Z,"retro soul","Daptone Records",0.386,0.569,4,-6.861,1,0.0344,0.644,0.00044,0.304,0.551,174.281,4
spotify:track:4f3RDq9nYPBeR1yMSgnmBm,"You've Got Another Thing Comin'","Screaming For Vengeance (Expanded Edition)","Judas Priest",1982,310080,69,false,,2023-05-06T16:33:19Z,"heavy metal,metal,hard rock,glam metal,speed metal","Sony Music UK",0.519,0.833,6,-6.947,0,0.0496,0.00572,0.00000433,0.104,0.532,138.225,4
spotify:track:1gEB5InUzgNLHPv8H34v54,"Wake Up, Get Down","Wake Up, Get Down","Cupidon;KALLITECHNIS;Ric Wilson",2021-04-09,259816,50,true,,2023-05-05T13:22:44Z,"r&b indie","Sundae Sauuce",0.747,0.453,10,-10.563,0,0.429,0.372,0.000276,0.125,0.374,108.911,4
spotify:track:3GZD6HmiNUhxXYf8Gch723,"Lost","channel ORANGE","Frank Ocean",2012-07-10,234093,85,true,,2023-05-05T07:23:30Z,"","Red Zone Entertainment / IDJ",0.913,0.603,8,-4.892,1,0.226,0.0272,0.000503,0.167,0.497,123.061,4
spotify:track:2dHHgzDwk4BJdRwy9uXhTO,"Creepin' (with The Weeknd & 21 Savage)","HEROES & VILLAINS","Metro Boomin;The Weeknd;21 Savage",2022-12-02,221520,84,true,,2023-05-04T07:00:20Z,"","Republic Records",0.716,0.613,1,-6.018,0,0.0522,0.391,0,0.0813,0.157,97.914,4
spotify:track:67lwbBwIuEqPnmx263daBB,"Total 90","Juglar del Siglo XXI","Ayax y Prok;FERNANDOCOSTA;Foyone;Sceno;Blasfem",2022-02-25,208695,0,true,,2023-05-03T09:35:11Z,"","Ayax",0.735,0.933,1,-4.051,1,0.347,0.368,0,0.574,0.636,92.102,4
spotify:track:07Ej3VM6BDh88PoH1rxLkJ,"Wisdom Pie","This is Karmic","Karmic",2019-05-31,184705,0,false,,2023-05-02T18:05:02Z,"","Bad Owl",0.87,0.4,5,-9.053,0,0.14,0.548,0.00515,0.0898,0.733,102.029,4
spotify:track:5W8OFf4lhZO0feWHR0Q7UG,"Go Go Club","Nachtvlinder","Bokoesam;$hirak;Chivv",2018-10-19,147467,43,true,,2023-05-02T17:56:31Z,"","Top Notch Music BV",0.785,0.622,5,-5.312,0,0.397,0.515,0,0.158,0.639,160.285,4
spotify:track:45wneA2j0Z0WMnYNDO6Ad0,"Back & Forth","Age Ain't Nothing But A Number","Aaliyah",1994-05-22,231093,65,false,,2023-05-02T05:07:35Z,"r&b,r&b contemporáneo","Jive",0.706,0.727,5,-8.06,1,0.0317,0.0698,0.00000531,0.115,0.903,92.938,4
spotify:track:7cSzfId9hyN4CjdFKKKojm,"sink or swim","sink or swim","Chase Shakur",2023-04-07,192373,45,true,,2023-04-30T23:34:33Z,"dark r&b,r&b","Def Jam Recordings",0.878,0.545,5,-7.787,0,0.0622,0.455,0.000676,0.173,0.635,115.045,4
spotify:track:06GSXFuynvyYDwNA2kgLFa,"Aikido Flows - Ben Snow Remix","Aikido Flows (Ben Snow Remix)","Ben Snow;Beluga Ice",2023-02-24,226206,0,true,,2023-04-30T23:05:26Z,"drum and bass,jungle,bassline,uk garage","DnB Direct Records",0.829,0.785,1,-3.214,1,0.143,0.265,0,0.0946,0.443,87.039,4
spotify:track:3AzoCI4SD7xLkxDC9HPu34,"Aleluya","Aleluya","Delaossa;J.Moods",2020-02-10,233181,42,true,,2023-04-29T23:20:19Z,"","DALE PLAY Records",0.731,0.5,0,-6.937,0,0.392,0.225,0,0.203,0.59,88.134,4
spotify:track:1bg9EXfcGzKDHtQlKC75O5,"Habichuela en Rama","Habichuela en Rama","Pepe Habichuela;Josemi Carmona",1997-01-31,283026,26,false,,2023-04-28T07:57:48Z,"flamenco","Nuevos Medios S. A.",0.624,0.461,6,-16.797,0,0.0586,0.17,0.00542,0.151,0.713,118.094,3
spotify:track:1zWH7rSHQYQhX6IIUFvW5h,"Badman","Badman","DJ Chinwax",2023-04-19,136488,46,false,,2023-04-27T22:51:53Z,"shatta,zouk,kompa,dancehall","DJ CHINWAX",0.864,0.598,0,-7.375,1,0.312,0.165,0,0.132,0.304,102.035,4
spotify:track:7rv0UuxMX7CpUUwEE1jVrd,"Beautiful","Freedom","Akon;Colby O'Donis;Kardinal Offishall",2008-01-01,312986,3,false,,2023-04-26T09:45:13Z,"","Konvict/Upfront/SRC/Universal Records",0.743,0.948,0,-4.445,0,0.0893,0.122,0,0.112,0.614,130.024,4
spotify:track:5WdMadyqQZQ2ZWuCbdBJYq,"In & Outta Town","Glockoma 2","Key Glock",2023-02-24,141813,43,true,,2023-04-25T09:31:37Z,"","Paper Route EMPIRE",0.947,0.68,11,-7.552,0,0.333,0.0135,0,0.112,0.794,138.933,4
spotify:track:5Jr3GDNZk6mwe31PQNU0kX,"Nakahara","Nakahara","Meiko Fantasy",2022-12-29,239379,0,false,,2023-04-24T21:09:05Z,"","4753498 Records DK",0.688,0.663,5,-12.329,1,0.0436,0.588,0.0189,0.343,0.92,141.063,4
spotify:track:3w1W7YiVQpQ4mUJ12cjUfb,"What If I Told You That I Love You - Vanboii Remix","What If I Told You That I Love You (Vanboii Remix)","Ali Gatie;Vanboii",2020-09-04,280889,38,false,,2023-04-21T20:32:31Z,"","Warner Records",0.744,0.513,7,-3.689,1,0.188,0.359,0.000116,0.262,0.56,169.922,4
spotify:track:18ZzuFTuVgSpWS97NOn53h,"Computers Take Over The World (Mixed) - Maddix Remix","Live at A State of Trance - Celebration Weekend (Saturday | Reflexion Set) [Highlights]","Armin van Buuren;Maddix",2023-03-22,134120,27,false,,2023-04-18T22:04:33Z,"trance,trance progresivo,house progresivo,electrónica,edm,big room,techno,hard techno,acid techno,hipertechno","A State of Trance",0.46,0.897,5,-11.73,0,0.0721,0.000661,0.35,0.593,0.236,138.046,4
spotify:track:3nFJbZCHP4d9vduKjJLdBL,"Never Too Much","Never Too Much","Luther Vandross",1981-07-23,230269,77,false,,2023-04-18T21:58:35Z,"quiet storm,soul,soul clásico","Epic/Legacy",0.734,0.586,2,-11.866,1,0.129,0.125,0,0.0367,0.762,109.933,4
spotify:track:1ubY35d8LtYvMHsgPo8pMc,"Energy","Energy","Digga",2023-03-09,176666,52,true,,2023-04-18T21:29:32Z,"drill británico,drill,grime,uk grime,drill australiano","Black Money Records",0.76,0.494,7,-8.781,0,0.278,0.487,0,0.171,0.57,143.941,4
spotify:track:50tk1CWIz73Zkoycyodw49,"Cristale x TeeZandos x Fumez The Engineer - Plugged In","Cristale x TeeZandos x Fumez The Engineer - Plugged In","Fumez The Engineer;TeeZandos;Cristale",2023-04-14,137368,20,true,,2023-04-18T20:30:13Z,"drill británico,drill,grime,uk grime","Fumez The Engineer",0.726,0.844,6,-4.612,1,0.338,0.486,0,0.204,0.819,151.898,4
spotify:track:5z3ZDMP02xF33yCvPFnct3,"Don't Know Much (with Aaron Neville)","Cry Like a Rainstorm Howl Like the Wind","Linda Ronstadt;Aaron Neville",1989,211973,69,false,,2023-04-14T16:38:50Z,"country rock,mariachi,soul clásico","Iconic Artists Group",0.401,0.285,11,-11.005,1,0.0327,0.657,0.0000113,0.158,0.267,130.465,4
spotify:track:1Zjdt705TM2Hr26YDKgnyc,"Anti Rana","Anti Rana","El Jordan 23",2022-01-21,189216,0,true,,2023-04-14T08:59:48Z,"reggaetón chileno,trap chileno,mambo chileno,reggaetón mexa,mambo,reggaetón","Los Patos Feos Inc.",0.863,0.827,0,-6.628,1,0.0966,0.0758,0.01,0.396,0.765,98.019,4
spotify:track:4J5n1coG6cjvvcsYQwC4iW,"C-LINE","Very Bad Drip","Smeels",2020-11-27,148000,33,true,,2023-04-14T07:19:51Z,"rap francés,r&b francés","Panama Record",0.808,0.235,10,-13.706,1,0.518,0.222,0,0.104,0.22,140.083,4
spotify:track:3Rr8Mew8NQSdxKsjkAhIrD,"Lucky You (feat. Joyner Lucas)","Curtain Call 2","Eminem;Joyner Lucas",2022-08-05,246000,42,true,,2023-04-08T18:38:15Z,"rap,hip hop","Eminem Catalog PS",0.877,0.651,10,-8.541,0,0.317,0.0507,0,0.141,0.586,153.016,4
spotify:track:0EJBw9ykM7keaTwUety5sZ,"Bikini","Strandje Aan De Maas","Broederliefde;KM;Jayh",2022-10-27,181957,39,true,,2023-04-07T22:03:13Z,"nederpop","Top Notch Music BV",0.527,0.764,10,-4.825,0,0.486,0.00618,0,0.0749,0.481,189.583,4
spotify:track:0nSuEPNs1vV6d57TWiTWOu,"Magical","Magical","Texjam;Meceno",2023-03-17,203999,23,false,,2023-04-04T11:48:17Z,"","Texjam",0.786,0.247,6,-12.561,1,0.104,0.611,0.0485,0.119,0.548,119.99,3
spotify:track:1B0BQaSRHxhI0AUlItY3LK,"MALAMENTE - Cap.1: Augurio","El Mal Querer","ROSALÍA",2018-11-02,150027,68,false,,2023-04-02T09:46:06Z,"latina","Columbia",0.893,0.482,0,-4.779,0,0.0873,0.549,0.0164,0.0752,0.53,97.975,4
spotify:track:2lnQcP5hr4RKR63TFvnI4k,"Overjoyed","In Square Circle","Stevie Wonder",1985-09-13,222586,62,false,,2023-04-02T07:19:06Z,"motown,soul clásico,soul","Motown",0.221,0.264,10,-17.533,1,0.0332,0.541,0,0.148,0.169,83.128,4
spotify:track:6Zj3YsYfj8YTY9aGMDnpn8,"Hot Dog","Chocolate Starfish And The Hot Dog Flavored Water","Limp Bizkit",2000-10-17,230240,77,true,,2023-04-01T16:07:42Z,"nu metal,rap metal,metal alternativo,rap rock","Interscope",0.608,0.938,1,-3.615,1,0.0743,0.00154,0.0000149,0.369,0.603,100.861,4
spotify:track:4YPdEAF4HlsblHVShvSxJG,"Niggalize It","F F F","F.F.F.",1996-08-04,264306,13,false,,2023-03-31T21:08:55Z,"funk rock","Epic",0.35,0.776,6,-6.816,0,0.157,0.00927,0.0000212,0.146,0.731,167.868,4
spotify:track:7neWp4incUBLP1XQTNWmP0,"La Vaca","Con Su Loquera","Mala Fe",2000,255533,70,false,,2023-03-31T21:02:07Z,"merengue","JVN Music, Inc.",0.738,0.927,9,-5.439,1,0.101,0.23,0.00515,0.684,0.665,170.011,4
spotify:track:1MaI6NwdrqnE3mRzOYTpoo,"Bomb Intro / Pass That Dutch","This Is Not a Test!","Missy Elliott",2003-12-02,217200,65,true,,2023-03-29T12:10:11Z,"hip hop","EastWest",0.899,0.645,10,-11.621,0,0.271,0.0435,0.101,0.358,0.348,110.895,4
spotify:track:4wteGC0HtLeZWjDcczc4Pw,"RATATA","Quest For Fire","Skrillex;Missy Elliott;Mr. Oizo",2023-02-17,126774,67,false,,2023-03-29T12:08:21Z,"dubstep,edm,electro,electrónica,hip hop,house francés","OWSLA/Atlantic",0.9,0.827,9,-5.159,1,0.0611,0.00872,0,0.304,0.509,123.96,4
spotify:track:4xNuNghO7ZRHB6pAz7cvOL,"Talking","Talking","Ruko;DEEPROT",2022-04-27,211384,21,false,,2023-03-26T07:17:24Z,"bassline,bass house,drum and bass,uk garage","DEEPROT",0.591,0.77,11,-7.913,0,0.105,0.00933,0.000258,0.404,0.31,130.098,4
spotify:track:4RsL2ZlU4P0CIKDrOwQkzz,"Romance","WaJazz: Japanese Jazz Spectacle Vol.I - Deep, Heavy and Beautiful Jazz from Japan 1968-1984 - The Nippon Columbia masters - Selected by Yusuke Ogawa (Universounds)","Hiroshi Suzuki",2022-04-08,356352,0,false,,2023-03-25T21:32:16Z,"cool jazz","180g",0.467,0.315,7,-11.339,0,0.0268,0.719,0.898,0.0727,0.249,147.971,4
spotify:track:3cQo8Sz2SaYHcPFXrqBxGT,"Ultimate (ft. Snow Tha Product)","Ultimate (ft. Snow Tha Product)","Steve Aoki;Santa Fe Klan;Snow Tha Product",2022-08-26,213281,43,true,,2023-03-25T10:10:37Z,"electro house,edm,hip hop mexicano,hip hop latino","Steve Aoki",0.851,0.835,2,-4.205,1,0.264,0.0856,0,0.136,0.76,99.982,4
spotify:track:3eekarcy7kvN4yt5ZFzltW,"HIGHEST IN THE ROOM","HIGHEST IN THE ROOM","Travis Scott",2019-10-04,175720,85,true,,2023-03-24T16:29:38Z,"rap","Cactus Jack/Epic",0.598,0.427,7,-8.764,0,0.0317,0.0546,0.00000583,0.21,0.0605,76.469,4
spotify:track:7cQ0LAxT5HHCLGbxcjaxac,"Arcángel: Bzrp Music Sessions, Vol. 54/66","Arcángel: Bzrp Music Sessions, Vol. 54/66","Bizarrap;Arcángel",2023-03-22,223019,65,false,,2023-03-23T01:19:53Z,"trap argentino,trap latino,urbano latino,reggaetón","DALE PLAY Records",0.717,0.708,11,-5.686,0,0.3,0.0923,0,0.167,0.514,123.898,4
spotify:track:6lqS8VgQfacxDBj6WPvPlG,"crazy","crazy","DearQuinton",2023-02-14,223045,3,false,,2023-03-22T11:12:24Z,"","2023 DearQuinton",0.6,0.544,1,-6.05,0,0.111,0.42,0.00000408,0.202,0.786,77.013,4
spotify:track:0z5yLgBmAtaylDYrgwzlpH,"Amapolas","Amapolas","Leo Rizzi",2021-07-09,205716,74,false,,2023-03-17T16:45:57Z,"","WM Spain",0.784,0.689,4,-8.216,0,0.0385,0.759,0.00536,0.143,0.332,124.025,4
spotify:track:1c5CllrZr45UBhWpIqM332,"Funny Thing","It Is What It Is","Thundercat",2020-04-03,116630,76,false,,2023-03-17T10:59:52Z,"","Brainfeeder",0.586,0.893,7,-8.772,1,0.439,0.827,0.642,0.212,0.65,140.023,3
spotify:track:2EK2hR0X1XYrPnfLCgCIXl,"Come Around","Come Around","Subsonic;Flowidus",2022-08-05,228706,41,false,,2023-03-17T10:49:56Z,"drum and bass,bassline,liquid funk","Elevate Records",0.473,0.961,5,-1.332,0,0.0815,0.0298,0.00439,0.154,0.285,174.015,4
spotify:track:0idIFv8uHY1Z2Wac5y47mv,"SMOKE W U","SHEEESH","MXXWLL;Aloe Blacc",2020-05-22,68699,33,false,,2023-03-15T13:36:25Z,"r&b contemporáneo","Rare Chords",0.892,0.211,10,-7.163,1,0.256,0.0729,0.00028,0.353,0.744,82.542,4
spotify:track:4pZmP4DiiYU3uQI9IoYs9g,"321","Hack The Planet","BXKS;Oscar #Worldpeace",2021-11-05,152387,19,true,,2023-03-15T13:34:11Z,"alté,r&b británico","Marathon Artists",0.909,0.495,1,-8.086,1,0.0899,0.0548,0.00277,0.116,0.612,126.99,4
spotify:track:7jHsvigoQzaoiJXSwJsvlV,"Gotta Move On (Cool & Dre Remix)","Gotta Move On (Remix)","Diddy;Bryson Tiller;Cool & Dre",2022-10-14,172427,38,false,,2023-03-15T13:32:35Z,"hip hop,hip hop de la costa este,trap soul,r&b","Love Records/Motown Records",0.824,0.594,6,-6.588,0,0.0853,0.191,0,0.125,0.636,102.971,4
spotify:track:4ZLzoOkj0MPWrTLvooIuaa,"Get You The Moon (feat. Snøw)","Get You The Moon (feat. Snøw)","Kina;Snøw",2018-10-08,179080,75,false,,2023-03-12T03:21:30Z,"","Columbia",0.498,0.235,1,-16.541,0,0.188,0.72,0,0.144,0.0895,118.917,4
spotify:track:3MBh4HeKws0gRdOMEI0v0I,"Back Trackin","Back Trackin","K Motionz;Comma Dee",2023-01-26,212500,48,true,,2023-03-12T02:18:51Z,"drum and bass,liquid funk,bassline","UKF",0.504,0.963,10,-2.493,0,0.297,0.0646,0.000835,0.242,0.445,86.723,4
spotify:track:6clDsO8HwhHEgJDDp88VdL,"Two Tens (feat. Anderson .Paak)","Two Tens (feat. Anderson .Paak)","Cordae;Anderson .Paak",2023-01-25,152371,56,true,,2023-03-08T00:11:47Z,"","Art@War/Atlantic Records",0.782,0.525,4,-7.626,0,0.376,0.218,0.00000356,0.0804,0.7,176.242,4
spotify:track:2SDOS0F4FJb1SEjOpF9PR5,"Right Now (Na Na Na)","Freedom (Int'l Version 2)","Akon",2008,240746,0,false,,2023-03-08T00:06:52Z,"","Konvict/Upfront/SRC/Universal Records",0.832,0.869,8,-4.2,0,0.165,0.266,0,0.415,0.576,137.997,4
spotify:track:4UQH52FfgGpzDShKDbBvEA,"Forget Me Nots - Remastered","Straight From The Heart","Patrice Rushen",2017-12-06,284506,61,false,,2023-03-07T22:57:50Z,"post-disco,jazz funk,disco,funk","Strut",0.919,0.458,6,-6.962,0,0.0431,0.0826,0.0613,0.0532,0.963,113.815,4
spotify:track:77JDCi7e2U2CR3H5jkaJ88,"N.E.Z","The Pound","Nezi Momodu",2022-08-05,226625,37,true,,2023-03-02T10:14:14Z,"","Nezi Momodu",0.628,0.472,8,-9.441,0,0.594,0.562,0,0.0982,0.85,85.783,4
spotify:track:7iH8v8C7zMBniaCVjsf2um,"Paaji","Paaji","August.III",2021-11-20,217046,26,true,,2023-03-02T09:38:06Z,"","Marylebone Records",0.64,0.631,2,-5.89,1,0.267,0.203,0.00000237,0.137,0.276,131.985,5
spotify:track:10BWEQ0WDTc9JlG1kfNZI5,"Scene 1 - A COLORS SHOW","Scene 1 - A COLORS SHOW","Sebastian Mikael",2022-10-13,180100,38,true,,2023-03-01T16:40:32Z,"neo soul,r&b alternativo","COLORSxSTUDIOS",0.59,0.585,5,-10.345,0,0.108,0.767,0.557,0.109,0.618,71.983,4
spotify:track:7jpI0bUmUK3vOWaV3UFmev,"Slam","Blessed","Beenie Man",1995-01-01,167533,46,false,,2023-02-28T08:24:05Z,"dancehall,ragga,reggae,soca,riddim","Island Records",0.664,0.669,10,-8.869,0,0.315,0.594,0,0.188,0.755,82.326,4
spotify:track:7x68OKWmVySSU51vSqHR5x,"Underrated","Underrated","Zoe Osama",2022-01-21,155466,0,true,,2022-12-21T09:45:51Z,"","Zoe Osama , LLC / Tha New Cartel Records",0.956,0.617,1,-7.526,1,0.267,0.148,0,0.141,0.739,101.991,4
spotify:track:0lmZDOabTVizbPSehiRqan,"T'es qu'une merde","Mode Difficile","Jewel Usain",2021-05-07,214680,41,true,,2022-12-16T11:09:01Z,"rap francés","DS PROD",0.857,0.603,1,-7.191,0,0.353,0.165,0,0.0997,0.418,119.966,4
spotify:track:1h1IERBZcsq6HVYbvLkmoT,"Come With Me","Come With Me","Will Sparks",2022-08-12,230909,47,false,,2022-12-16T10:50:04Z,"melbourne bounce,big room,techno","Spinnin' Records",0.559,0.928,9,-5.507,1,0.0434,0.0218,0.519,0.322,0.0384,132.014,4
spotify:track:22nyEAEM29tcBRhukR089b,"Icon","SYRE","Jaden",2017-11-17,220995,63,true,,2022-12-16T10:00:53Z,"","MSFTS/Roc Nation",0.786,0.82,9,-5.093,0,0.232,0.222,0,0.575,0.49,119.982,4
spotify:track:5zuex7tbGFz0gSHlrMvQdu,"COULD BE WRONG","COULD BE WRONG","LOSTBOYJAY",2022-12-02,186046,77,false,,2022-12-14T13:17:40Z,"house,rally house","Polydor Records",0.875,0.772,0,-8.472,1,0.111,0.0233,0.0016,0.316,0.826,129.024,4
spotify:track:2Kqx9hsTRT8uNwbUDm7kbA,"Sindhu Sesh","Sindhu Sesh","Pete & Bas",2022-11-01,233379,37,true,,2022-12-12T21:21:50Z,"drill británico,grime,drill,uk grime","Independent",0.836,0.662,10,-5.484,0,0.337,0.291,0,0.0591,0.506,145.044,4
spotify:track:2SpEHTbUuebeLkgs9QB7Ue,"Jolene","Jolene","Dolly Parton",1974-02-04,163275,75,false,,2022-12-12T15:38:55Z,"country,country clásico","RLG/Legacy",0.674,0.537,1,-10.971,0,0.0363,0.566,0,0.131,0.809,110.578,4
spotify:track:4GCGH6TJ69neckwITeBFXK,"Earth Song","HIStory - PAST, PRESENT AND FUTURE - BOOK I","Michael Jackson",1995-06-16,405933,80,false,,2022-12-12T08:55:01Z,"","Epic",0.501,0.439,3,-7.521,0,0.0313,0.482,0.000117,0.087,0.145,138.377,4
spotify:track:64xslN8DB3jG1tK2l3H1mA,"Natural Mystic","Exodus","Bob Marley & The Wailers",1977-06-03,207733,1,false,,2022-12-10T12:23:16Z,"reggae,roots reggae","Tuff Gong",0.876,0.282,7,-12.618,1,0.319,0.0503,0.0000459,0.0741,0.801,130.958,4
spotify:track:24X4MoxQIxWORqKcJ5Iwsh,"Rambo","Rambo","Burt Cope",2022-11-25,265401,33,false,,2022-12-10T08:11:11Z,"drum and bass,bassline,uk garage,liquid funk","Invicta Audio",0.78,0.946,11,-1.218,0,0.29,0.0544,0.00666,0.0315,0.518,87.528,4
spotify:track:4yNk9iz9WVJikRFle3XEvn,"golden hour","this is what falling in love feels like (554Hz)","JVKE",2022-10-03,209259,78,false,,2022-12-07T11:05:02Z,"","JVKE",0.515,0.593,4,-4.801,1,0.0322,0.653,0.162,0.25,0.153,94.467,3
spotify:track:0cgcD73SD4nFdTK2oKofzW,"Love In Portofino","Les Annees Barclay","Dalida",1991-01-01,182066,61,false,,2022-12-04T22:56:07Z,"variété francesa,chanson","Universal Music Division Barclay",0.418,0.29,8,-10.126,0,0.0317,0.78,0,0.173,0.505,89.499,4
spotify:track:0AtVA7axXKVFnjQsN4xBIy,"Dream","What is This Thing Called Love?","The Pied Pipers",1942-06-20,168158,0,false,,2022-12-04T21:26:52Z,"big band,adult standards","Legacy International",0.198,0.276,7,-10.588,1,0.0289,0.919,0.00261,0.21,0.0692,88.422,3
spotify:track:2BHj31ufdEqVK5CkYDp9mA,"Mayonaka no Door / Stay With Me","Miki Matsubara Best Collection","Miki Matsubara",2008,312293,14,false,,2022-12-04T10:20:24Z,"city pop,j-pop","PONY CANYON INC.",0.658,0.747,5,-6.615,1,0.0431,0.176,0.00000849,0.0789,0.792,108.259,4
spotify:track:5OzgCc3gQsqchX95k1C1Qa,"Spinnin","Spinnin","Connor Price;Bens",2022-10-21,110938,58,false,,2022-12-04T09:53:47Z,"","4 of Clubs LLC",0.765,0.572,11,-6.153,0,0.128,0.226,0,0.192,0.475,140.013,4
spotify:track:1S4VTc75DUr86mEr8aRKwP,"One Last Time","One Last Time","EQRIC;Kverz;MØRFI;Britt",2022-09-16,123750,0,false,,2022-12-03T20:10:19Z,"slap house,phonk brasileño,phonk,deep house","Magic Records",0.721,0.812,8,-6.444,1,0.115,0.308,0.0000619,0.3,0.448,127.855,4
spotify:track:1M8t1j3Kv2qp97bdq5q4Vl,"Rainfall (Praise You)","Rainfall (Praise You)","Tom Santa",2022-02-18,166569,73,false,,2022-12-02T10:05:56Z,"stutter house","Polydor Records",0.767,0.862,5,-5.464,0,0.0606,0.14,0.0092,0.252,0.509,128.039,4
spotify:track:2RnkJgwCzgvQU3MUysO1fG,"Kolo Kolo","Kolo Kolo","Patoranking;Diamond Platnumz",2022-09-08,195135,44,false,,2022-12-02T08:51:12Z,"afrobeats,afrobeat,afropop,azonto,hiplife,bongo flava,dancehall,bongo piano,amapiano,singeli,afropiano,ndombolo,rumba congoleña","AMARI MUSIQ",0.557,0.845,6,-4.352,0,0.103,0.0284,0.0000229,0.289,0.542,127.432,5
spotify:track:6J2EBGI2Hl8XzU8OduqksN,"Bomb","Bomb","DJ Tunez;J. Anthoni",2021-02-12,146756,35,true,,2022-11-27T21:36:57Z,"afrobeats,afrobeat,afropop,afropiano,alté,amapiano,afroswing,azonto,r&b afro","BT Music Worldwide",0.871,0.599,7,-4.851,1,0.187,0.241,0.000109,0.0976,0.899,100.017,4
spotify:track:1fxtea6rhR8I9h2gjDIrXF,"Hov (Vip)","Hov (Vip)","Ashton Adams;Pyrate;100m's",2022-09-16,243697,11,true,,2022-11-24T08:25:56Z,"bass house,bassline","Kyngdom Records",0.614,0.915,7,-2.114,1,0.145,0.0317,0.000246,0.3,0.227,130.013,4
spotify:track:79s5XnCN4TJKTVMSmOx8Ep,"Dior","Meet The Woo","Pop Smoke",2019-07-26,216386,20,true,,2022-11-23T02:00:57Z,"drill de brooklyn,drill neoyorquino,drill","Victor Victor Worldwide/Republic Records",0.548,0.805,7,-5.732,1,0.351,0.212,0.000405,0.408,0.649,142.096,4
spotify:track:0PV1TFUMTBrDETzW6KQulB,"93 'Til Infinity","93 'til Infinity","Souls Of Mischief",1993-02-13,286440,73,false,,2022-11-22T10:59:05Z,"jazz rap,hip hop old school","Jive",0.59,0.672,1,-11.792,1,0.412,0.125,0.00000104,0.147,0.688,206.247,4
spotify:track:6mBexxOdKMkAqdpYdqZ4Q7,"Watching Me","Watching Me","TRiLLeR",2019-09-22,173500,0,true,,2022-11-19T09:12:11Z,"freestyle","TRiLLeR",0.875,0.497,0,-9.15,1,0.274,0.0477,0.0923,0.122,0.588,100.065,4
spotify:track:0755vnFQZLSgHHWbR1qCjY,"Rocket","BEYONCÉ [Platinum Edition]","Beyoncé",2014-11-24,391906,58,true,,2022-11-17T17:42:51Z,"","Parkwood Entertainment/Columbia",0.495,0.403,1,-9.732,1,0.299,0.499,0,0.7,0.563,140.365,3
spotify:track:3FAJ6O0NOHQV8Mc5Ri6ENp,"Heartbreak Anniversary","TAKE TIME","GIVĒON",2020-03-27,198371,80,false,,2022-11-16T08:07:21Z,"r&b","Epic/Not So Fast",0.449,0.465,0,-8.964,1,0.0791,0.524,0.00000102,0.303,0.543,89.087,3
spotify:track:30QD4VRP9yEneOh0eGTrtJ,"Solitude","Solitude","Billie Holiday",1956-01-01,207600,67,false,,2022-11-14T18:35:48Z,"jazz,vocal jazz,big band,swing","Verve Reissues",0.461,0.15,8,-13.531,1,0.051,0.984,0.000902,0.105,0.188,97.902,3
spotify:track:3KI4rfS7kRC58Dd4ToY7P3,"Mini Mini","Mini Mini","El Punto40;Marcianeke",2021-05-26,197663,1,true,,2022-11-14T18:21:08Z,"reggaetón chileno,trap chileno,mambo chileno,mambo,rkt,guaracha,turreo","El Punto40",0.862,0.739,6,-4.612,1,0.387,0.703,0.0000229,0.141,0.885,98.073,4
spotify:track:3C57ewlHARCVqeH3KiYkma,"Sober","Sober","Mahalia",2017-07-07,266287,56,false,,2022-11-14T08:05:07Z,"r&b británico,r&b alternativo","Atlantic Records UK",0.657,0.7,10,-4.911,0,0.382,0.34,0.000106,0.0992,0.61,82.113,4
spotify:track:1eMUGMEWrvTXYWrPobq2dH,"Heute Nacht","Heute Nacht","Maddix",2022-10-14,204444,67,false,,2022-11-13T10:41:13Z,"big room,techno,hard techno,acid techno,hipertechno","Revealed Recordings",0.609,0.912,11,-6.593,0,0.0391,0.0196,0.478,0.133,0.0391,135.027,4
spotify:track:0kF6MdXhjQeYhZ2kogCIsx,"She Came II Give It II U (feat. Nicki Minaj)","She Came II Give It II U (feat. Nicki Minaj)","USHER;Nicki Minaj",2014-07-08,242560,51,true,,2022-11-12T18:09:12Z,"r&b","RCA Records Label",0.821,0.565,4,-5.403,0,0.0837,0.0419,0,0.0796,0.732,119.975,4
spotify:track:6pe4Lrhbzle5wBsfAFgMTM,"Fortunate","A Tribute To - Usher vs. Maxwell","Dubble Trubble",2013-01-05,316946,1,true,,2022-11-12T08:07:48Z,"northern soul","Goodelove Productions",0.72,0.338,3,-9.603,0,0.0439,0.538,0.00000275,0.0964,0.47,126.264,4
spotify:track:38LUbz74v3nmP8x0efElw2,"Last Summer Whisper","Heaven Beach","Anri",1982-11-21,299680,64,false,,2022-11-11T08:16:47Z,"city pop,kayōkyoku,j-pop","FOR LIFE MUSIC ENTERTAINMENT,INC.",0.732,0.488,4,-8.65,1,0.0446,0.222,0.000149,0.0383,0.61,78.512,4
spotify:track:4kdnniHBTCnzaYXrnsweSf,"Poison","Lekker Setje Beats","Klaus Veen",2020-07-09,191772,2,false,,2022-11-10T01:02:21Z,"rally house,house","Klaus Veen Records",0.826,0.925,1,-6.441,1,0.254,0.0428,0.00621,0.0689,0.726,126.505,4
spotify:track:4sDbdBjuYQVdNNB4PiHUPo,"Coastline","Wanderlust","Hollow Coves",2017-03-17,233973,80,false,,2022-11-10T01:00:57Z,"indie folk","Nettwerk Music Group",0.67,0.496,2,-11.23,1,0.0277,0.627,0.00319,0.0584,0.427,100.17,4
spotify:track:5BYCMWNQqz4nqErN1ReRGL,"Curse","XXXTENTACION Presents: Members Only, Vol. 3","Bass Santana;XXXTENTACION;Cooliecut;Kin$oul",2017-07-14,118360,61,true,,2022-11-07T07:26:34Z,"rap emo","Bad Vibes Forever / EMPIRE",0.556,0.64,11,-7.504,1,0.445,0.552,0,0.215,0.703,88.399,5
spotify:track:2z8XObji1XO7EtGVCOqeCP,"BFG Division (Doom) - Cover","BFG Division (Doom) [Cover]","Alex Terrible",2022-08-05,338571,0,true,,2022-11-07T01:03:48Z,"deathcore","Gentlepunks Inc.",0.268,0.9,7,-4.859,1,0.133,0.000582,0.066,0.323,0.101,114.898,3
spotify:track:5Tv5WCasE4NXS6X9JM0jCW,"Listen Up","Listen Up","Mtox;Evoke DNB;Mtox & Evoke",2022-11-04,205757,40,false,,2022-11-06T23:56:43Z,"drum and bass,jungle","Allstars Raw",0.826,0.772,10,-2.625,0,0.0882,0.00644,0,0.474,0.56,87.489,4
spotify:track:3KwwE4sgCzMaKWq6QBebmX,"Me Too","Thank You (Deluxe Version)","Meghan Trainor",2017-05-12,181240,78,false,,2022-11-06T10:36:35Z,"","Epic",0.934,0.694,11,-5.849,0,0.101,0.0971,0.0000012,0.477,0.833,123.831,4
spotify:track:57nIGopzQKNFjAIK9JoFN8,"Freebow","Freebow","El Shick",2019-06-14,163683,23,false,,2022-11-06T10:36:20Z,"dembow","Socio Records Music",0.838,0.512,11,-7.481,0,0.125,0.000212,0.381,0.301,0.191,109.923,4
spotify:track:1P2oHHt55HVVOZ2no8s7F0,"MEDELLÍN","MEDELLÍN","Jordy",2022-04-27,198786,45,false,,2022-11-04T11:03:24Z,"grime,uk grime","HARLEY / FLAT 10",0.88,0.547,11,-7.406,0,0.125,0.113,0.00000134,0.114,0.599,130.025,4
spotify:track:4d3YMCc71ZHzK8ezddOxPt,"Trouble","Trouble","Murdock",2022-06-27,249942,0,false,,2022-11-03T08:46:06Z,"drum and bass,liquid funk,drumstep","Rampage Recordings",0.509,0.982,11,0.198,1,0.0501,0.000258,0.303,0.0834,0.0395,174.968,4
spotify:track:1TDk2Jmi4dVZhm2dum3Jim,"Cochise","Audioslave","Audioslave",2002-11-17,222026,67,false,,2022-10-31T19:21:47Z,"grunge,post-grunge,metal alternativo","Epic/Interscope",0.452,0.873,9,-4.867,1,0.0613,0.000519,0,0.0592,0.433,80.473,4
spotify:track:5KFasflYKU9VnMTthjNXNv,"HYPNOSIS","HYPNOSIS","AYYBO;ero808",2022-07-01,158583,61,false,,2022-10-31T09:49:14Z,"tech house,house,bass house","Helix Records",0.96,0.872,1,-4.758,0,0.282,0.182,0.00983,0.291,0.7,125.03,4
spotify:track:3c7H5RL3H6jFgDTbMxGBe9,"El Pañuelo","El Pañuelo","Romeo Santos;ROSALÍA",2022-08-30,234784,56,false,,2022-10-29T10:00:40Z,"bachata,latina","Sony Music Latin",0.839,0.71,8,-3.823,1,0.0409,0.0534,0,0.283,0.661,129.998,4
spotify:track:4j1Bk0BEIGCF9hR7cSwl9d,"Candy Rain","Candy Rain","Soul For Real",1995,276066,75,false,,2022-10-29T08:35:59Z,"new jack swing,r&b","Geffen*",0.589,0.699,11,-7.529,0,0.0788,0.00389,0.0000476,0.0577,0.63,188.253,4
spotify:track:7z0ZVTsCdFDzl6LbTepffm,"Mwana Mboka","Stupéfiant","Niro",2020-01-17,188533,37,true,,2022-10-22T21:25:14Z,"rap francés,pop urbaine","Ambition Music",0.801,0.627,2,-9.477,0,0.104,0.129,0.337,0.2,0.729,108.02,4
spotify:track:3lzUeaCbcCDB5IXYfqWRlF,"Silent Hill","Mr. Morale & The Big Steppers","Kendrick Lamar;Kodak Black",2022-05-13,220779,66,true,,2022-10-18T23:23:40Z,"hip hop,hip hop de la costa oeste","pgLang/Top Dawg Entertainment/Aftermath/Interscope Records",0.907,0.577,1,-6.737,0,0.0767,0.438,0.0000319,0.137,0.801,140.07,4
spotify:track:5EHh4p7qjecjG9kD4ie7FB,"NEW NEW (feat. CJ Fly)","OUT THE BLUE","Devontée;CJ Fly",2021-12-10,172800,17,true,,2022-10-18T10:41:14Z,"","WOE Records",0.928,0.462,1,-6.71,0,0.281,0.334,0,0.156,0.621,125.013,4
spotify:track:02oVra8RWdAYaKbdinrfRC,"EXCEPTIONAL","EXCEPTIONAL","veggi;DijahSB",2021-09-10,137739,48,false,,2022-10-18T10:37:58Z,"hip house,jazz rap","Lowly",0.726,0.489,11,-9.344,0,0.484,0.301,0.0000172,0.263,0.447,115.195,4
spotify:track:1x9jw0pdfbtYXRrdgYCc8O,"Juju pt. 2 - A COLORS SHOW","Juju pt. 2 - A COLORS SHOW","Bryann",2022-07-28,196210,34,false,,2022-10-18T10:27:47Z,"alté,afrobeats,afrobeat,r&b afro,afropop,afro soul","COLORSxSTUDIOS",0.707,0.785,1,-4.898,0,0.152,0.418,0.000503,0.0735,0.97,196.099,4
spotify:track:5IGJfLJRtJ5GYlQuOi2pBy,"Throwback (feat. Jnr Choi & Blackway)","Throwback (feat. Jnr Choi & Blackway)","Rotimi;JNR CHOI;Blackway",2022-07-08,145061,28,true,,2022-10-18T10:26:33Z,"afrobeats,afrobeat","FrontRo Music Group LLC / EMPIRE",0.619,0.668,2,-3.602,1,0.314,0.0759,0.00000456,0.318,0.573,101.999,4
spotify:track:2NlvmciThyx1BFRF3RwlUP,"Sunday Night","Sunday Night","Hurricane;AirBorn Gav",2018-07-22,194112,25,false,,2022-10-18T10:25:13Z,"alté","Eclectics UK",0.491,0.613,3,-7.302,0,0.129,0.191,0.00873,0.145,0.661,112.832,4
spotify:track:3WQlJpaUUbGtUqAskvGA7c,"Yonkers","Goblin","Tyler, The Creator",2011-05-09,249333,59,true,,2022-10-16T21:35:11Z,"","XL Recordings",0.712,0.759,11,-5.397,1,0.334,0.0161,0.0808,0.217,0.738,79.102,4
spotify:track:3S68RFe1lsdCdTMPIMJM3X,"Cash In Cash Out","Cash In Cash Out","Pharrell Williams;21 Savage;Tyler, The Creator",2022-06-10,216135,65,true,,2022-10-16T21:34:12Z,"","Columbia",0.877,0.56,7,-3.751,1,0.0596,0.00721,0.00000145,0.0839,0.154,119.971,4
spotify:track:4woTEX1wYOTGDqNXuavlRC,"Superman","The Eminem Show","Eminem;Dina Rae",2002-05-26,350320,85,true,,2022-10-16T21:19:16Z,"rap,hip hop","Eminem Catalog PS",0.802,0.755,4,-3.138,0,0.0564,0.0215,0,0.295,0.58,130.027,4
spotify:track:7D7e6hm2LiNd6nLuJF6K9Q,"Hex","Hex","80purppp",2018-03-12,122221,5,false,,2022-10-16T21:14:54Z,"","Violet High, LLC. under exclusive license to Amuseio AB",0.845,0.398,5,-15.781,1,0.268,0.872,0.00713,0.159,0.482,109.996,4
spotify:track:6ojZtz3sZr6ynvejLOqgCj,"Nos Comemos (feat. Ozuna)","Nos Comemos (feat. Ozuna)","Tiago PZK;Ozuna",2022-06-02,191086,59,true,,2022-10-16T07:30:16Z,"trap argentino,urbano latino,reggaetón,trap latino,latina","WEA Latina",0.827,0.819,6,-3.701,1,0.052,0.1,0,0.089,0.562,92.017,4
spotify:track:2sZzEKY3DxpY8V87SuYoU2,"Favorita","OzuTochi","Ozuna",2022-10-07,208133,53,false,,2022-10-15T10:01:51Z,"reggaetón,trap latino,latina,urbano latino","Aura Music Corp.",0.783,0.489,0,-4.853,0,0.0956,0.141,0.00915,0.303,0.732,170.003,4
spotify:track:6RbOyNeajWax51NtpO6WT8,"Soweto","Outlaw","Victony;Tempoe",2022-05-06,148000,0,true,,2022-10-13T07:32:47Z,"afrobeats,afrobeat,afropop,afropiano,r&b afro,afro soul,alté","The Plug Entertainment",0.749,0.663,5,-7.093,0,0.0364,0.0379,0.000168,0.103,0.593,104.967,4
spotify:track:052jJunJ19wBGNlg8sz7me,"I can see it in your eyes","I can see it in your eyes","Lucas Mountain",2021-09-19,192856,21,false,,2022-10-10T09:28:28Z,"","Lucas Mountain",0.729,0.827,4,-6.906,0,0.0494,0.000395,0.118,0.178,0.77,139.988,4
spotify:track:7bYs6rdrNdpidWjJJtJMsm,"B-Day","B-Day","AQUIHAYAQUIHAY",2022-09-02,248000,0,true,,2022-10-09T22:18:59Z,"r&b latino","WM Mexico",0.526,0.495,5,-9.086,0,0.28,0.0832,0.0000141,0.175,0.891,80.47,4
spotify:track:1mrB4qR3gluUnix4IAd3Ln,"Layin' Low (Ne-Yo & Zae France)","Self Explanatory","Ne-Yo;Zae France",2022-07-15,181451,38,true,,2022-10-09T22:18:41Z,"","Motown Records",0.424,0.644,9,-6.398,1,0.563,0.487,0,0.118,0.609,189.668,4
spotify:track:1UP8LOk66LufjRtBBEZtGL,"Party Trippy (feat. Totoy El Frio)","Party Trippy (feat. Totoy El Frio)","DJ Maff;Snow Tha Product;Akapellah;Totoy El Frio",2022-08-30,201935,23,true,,2022-10-09T22:18:25Z,"reggae en español,hip hop latino,hip hop mexicano,reggaetón,urbano latino","WM Mexico",0.778,0.61,4,-5.717,0,0.344,0.224,0.00000678,0.14,0.627,92.618,4
spotify:track:1Ch9ij2JqH3Y9tDEnSrd0n,"Maniac","Maniac","YG;Hit-Boy",2022-09-23,166787,32,true,,2022-10-09T22:16:55Z,"hyphy","YG PS/ Def Jam",0.761,0.769,0,-6.533,1,0.16,0.284,0,0.439,0.71,94.918,4
spotify:track:5GoYi5Nx1ImQTjrCxVkwuk,"Bad (Latin Remix)","Bad (Latin Remix)","Blaiz Fayah;Tribal Kush;Randy Nota Loca;Kafu Banton",2022-06-10,203636,0,true,,2022-10-09T22:15:41Z,"shatta,dancehall,moombahton,ragga,reggaetón,reggae en español","Basshall Records",0.875,0.714,2,-4.862,1,0.0798,0.0329,0.00000729,0.178,0.67,98.97,4
spotify:track:3IuC01T7uEnCxPnGMg41Hv,"No Matta","No Matta","Blaiz Fayah;Dj Fasta",2022,147936,0,false,,2022-10-09T22:15:18Z,"shatta,dancehall,moombahton,ragga","CREEPY MUSIC",0.905,0.696,5,-5.958,0,0.0811,0.168,0.000608,0.359,0.607,99.982,4
spotify:track:1FnIhlpiuKfNxC4CDA9vEK,"Oh My Gosh (feat. Belami)","CONTROVERSIA by Alok Vol. 007","DISORDER;Dynamick;belami",2022-09-30,127619,0,false,,2022-10-09T22:15:03Z,"graves brasileños","CONTROVERSIA",0.702,0.887,6,-5.366,0,0.0734,0.0404,0.524,0.0518,0.406,125.981,4
spotify:track:13UEaHxxvvu7WIVcIfsKaN,"No Love","I GOT ISSUES","YG",2022-09-30,206630,30,true,,2022-10-09T22:14:52Z,"hyphy","YG PS/ Def Jam",0.742,0.694,11,-4.854,0,0.246,0.00252,0,0.173,0.637,93.049,4
spotify:track:5HhmdA5b7eVszPf7GqIocf,"Liberty (feat. Heleen)","Liberty (feat. Heleen)","Blasterjaxx;Heleen",2021-06-25,209531,36,false,,2022-10-09T22:14:14Z,"big room,edm","MAXXIMIZE",0.457,0.902,6,-5.276,0,0.0667,0.00343,0.0031,0.376,0.0718,127.942,4
spotify:track:2ELYhs5BOiTTQdGdvjxlQo,"Te Pienso","Te Pienso","Ozuna",2022-10-04,147760,48,false,,2022-10-09T22:13:46Z,"reggaetón,trap latino,latina,urbano latino","Aura Music Corp.",0.668,0.533,2,-7.409,1,0.098,0.117,0,0.305,0.676,163.733,4
spotify:track:1sajOsIfI8ncxrb1I7Ak5D,"El Anciano y el Niño","El Anciano y el Niño","Cheo Gallego",2020-07-31,198221,67,false,,2022-10-07T21:08:13Z,"","WK Records",0.697,0.718,10,-5.762,0,0.327,0.556,0.0000261,0.0938,0.787,85.763,4
spotify:track:6NtgDbtP4oAdPqw8SRpwwY,"Rhythm nd Bass","Rhythm nd Bass","Philkeyz;The Gifted",2020-05-01,144039,0,false,,2022-10-07T06:17:12Z,"afrobeats,afrobeat,afropop","Philkeyz",0.839,0.609,9,-9.35,0,0.187,0.297,0.0000158,0.162,0.918,100.005,4
spotify:track:4M96yip3UVqQA4XvvsuTWM,"Aston","Heat Wave","Prince K",2021-08-20,135483,20,true,,2022-10-07T06:16:40Z,"r&b francés","OneTruePath",0.764,0.406,5,-11.864,0,0.119,0.701,0.032,0.106,0.147,100.041,4
spotify:track:1B7I1XSXciid0JztNLgH2U,"Natural","Natural","Moe Shop;Ace Hashimoto",2016-12-03,215522,38,false,,2022-10-06T19:20:05Z,"future bass,hyperpop","Moe Shop & Ace Hashimoto",0.816,0.426,6,-10.788,1,0.281,0.0000202,0.388,0.12,0.553,109.977,4
spotify:track:1QPreu0BNOrUfEb8HTd2qG,"Rich Spirit","Mr. Morale & The Big Steppers","Kendrick Lamar",2022-05-13,202285,71,true,,2022-10-06T19:19:41Z,"hip hop,hip hop de la costa oeste","pgLang/Top Dawg Entertainment/Aftermath/Interscope Records",0.852,0.421,10,-9.153,0,0.208,0.428,0.00000228,0.106,0.457,95.977,4
spotify:track:2laELMCsQb7gUjeZsb2lKt,"You're Gone","You're Gone","SHOW-GO",2021-09-17,123500,30,false,,2022-10-05T16:02:18Z,"","SHOW-GO",0.728,0.736,1,-7.23,1,0.308,0.338,0.244,0.23,0.483,89.58,4
spotify:track:4ByEFOBuLXpCqvO1kw8Wdm,"(I Just) Died In Your Arms","Broadcast","Cutting Crew",1986-01-01,280400,86,false,,2022-10-05T06:44:21Z,"","Ten Records",0.625,0.726,11,-11.402,0,0.0444,0.0158,0.000169,0.0625,0.507,124.945,4
spotify:track:3u6v1F9EQqYFaCAou7ipzN,"Runaround Sue - Remastered 1991","The Best Of Dion","Dion",2001-01-01,160306,52,false,,2022-10-04T03:24:49Z,"doo-wop","Capitol Records (CAP)",0.451,0.489,2,-12.425,1,0.122,0.302,0,0.488,0.654,159.043,4
spotify:track:3zQpWQCDm9QMDaAhe4ggoO,"T.L.C. (TURNSTILE LOVE CONNECTION)","GLOW ON","Turnstile",2021-08-27,102804,55,false,,2022-10-04T03:23:56Z,"hardcore punk,hardcore","Roadrunner Records",0.415,0.957,9,-6.087,1,0.107,0.0108,0.0147,0.0945,0.322,129.892,4
spotify:track:5qSM5nQz9sRE31CyrqXhkW,"Uproar (feat. Swizz Beatz)","Tha Carter V (Deluxe)","Lil Wayne;Swizz Beatz",2020-09-25,194184,40,true,,2022-10-04T03:21:27Z,"rap,hip hop","Young Money Records, Inc.",0.743,0.87,1,-2.188,1,0.212,0.0595,0,0.299,0.884,99.079,4
spotify:track:3tZs3nVjySLbL320lP4mvs,"Focus","H.E.R.","H.E.R.",2017-10-20,200140,68,false,,2022-10-04T02:45:27Z,"r&b","MBK Entertainment/RCA Records",0.414,0.314,1,-12.943,0,0.0548,0.25,0.0000147,0.117,0.09,84.993,4
spotify:track:5OLJPA7u6IutzHDjHKxMFJ,"I'm drunk and I miss you too (feat. ilyTOMMY)","I'm drunk and I miss you too (feat. ilyTOMMY)","Savage Ga$p;ilyTOMMY",2020-06-12,141504,41,true,,2022-10-02T14:22:38Z,"trap metal","300 Entertainment",0.673,0.564,6,-8.629,0,0.272,0.139,0,0.0711,0.462,101.149,4
spotify:track:4qgMPzf9QOETWQFUcFkHD4,"Love Me","Love Me","RealestK",2022-02-18,207546,64,false,,2022-10-02T14:20:53Z,"","Columbia",0.569,0.325,7,-9.66,0,0.0376,0.67,0,0.141,0.274,122.051,3
spotify:track:3EfhAKPAlisCLipFJYPiFl,"IF YOU GO","IF YOU GO","Eem Triplin",2022-05-08,131709,41,true,,2022-10-02T14:20:03Z,"","Eem Triplin LLC",0.44,0.537,1,-10.372,1,0.315,0.732,0,0.163,0.225,136.672,4
spotify:track:0ZiZoJuytgBABtjeR9nzhE,"Second Nature","Don't Look Up (Soundtrack from the Netflix Film)","Bon Iver",2021-12-10,242149,45,false,,2022-10-01T21:29:58Z,"","Republic Records",0.417,0.517,0,-9.946,1,0.0355,0.732,0.00349,0.0992,0.281,126.877,4
spotify:track:2c8cMVWio0ZLsYxooHN092,"Get Dis Money","Fantastic Vol. 2","Slum Village",2000-06-03,211120,0,true,,2022-09-30T05:05:33Z,"jazz rap","Barak Entertainment",0.882,0.507,11,-4.926,0,0.343,0.133,0,0.0802,0.773,96.495,4
spotify:track:21jGcNKet2qwijlDFuPiPb,"Circles","Hollywood's Bleeding","Post Malone",2019-09-06,215280,88,false,,2022-09-29T21:09:10Z,"","Republic Records",0.695,0.763,0,-3.497,1,0.0396,0.189,0.00242,0.0863,0.551,120.042,4
spotify:track:5PycBIeabfvX3n9ILG7Vrv,"Propuesta Indecente","Fórmula, Vol. 2 (Deluxe Edition)","Romeo Santos",2014-02-25,235133,85,false,,2022-09-28T09:55:40Z,"bachata,latina","Sony Music Latin",0.757,0.632,2,-6.83,1,0.0549,0.499,0,0.0723,0.742,122.936,4
spotify:track:3j9ukJT4sx6jq7FmpHzp5K,"Teach Me","EDNA","Headie One",2020-10-09,150400,30,true,,2022-09-25T09:46:00Z,"drill británico,grime,drill,uk grime","Relentless Records",0.796,0.532,1,-7.363,0,0.426,0.413,0,0.134,0.493,141.926,4
spotify:track:4Tla2jt77nO70DgGwFejbK,"Run It Up","Run It Up","Snakehips;EARTHGANG",2021-06-11,178218,42,true,,2022-09-25T08:11:24Z,"","Never Worry Records",0.838,0.793,2,-5.176,1,0.145,0.00621,0,0.0962,0.527,120.062,4
spotify:track:0WSa1sucoNRcEeULlZVQXj,"Can You Feel My Heart","Sempiternal (Expanded Edition)","Bring Me The Horizon",2013-04-01,227296,82,true,,2022-09-25T00:22:30Z,"metalcore,emo,rock,screamo,metal","RCA Records Label",0.15,0.859,4,-2.827,0,0.0595,0.00201,0.194,0.387,0.354,170.527,5
spotify:track:2WigMwGJysIh9fRnSJvpjn,"KU LO SA - A COLORS SHOW","KU LO SA - A COLORS SHOW","Oxlade",2022-06-10,147580,75,false,,2022-09-24T08:06:31Z,"afrobeats,afrobeat,afropop,r&b afro,alté,afroswing,afro soul,afropiano","Troniq Inc",0.649,0.655,10,-5.534,0,0.0652,0.307,0,0.22,0.793,92.9,4
spotify:track:2K38KlYqhLnMDr15CUalHu,"POWER (with CeeLo Green & Nick Cannon)","GHETTO GODS","EARTHGANG;CeeLo Green;Nick Cannon",2022-02-25,273960,27,true,,2022-09-21T11:10:02Z,"","Dreamville/Interscope",0.608,0.811,2,-5.695,1,0.323,0.248,0,0.129,0.33,107.369,5
spotify:track:69w0TasAPsBzoLUyJGvPIz,"Fallin'","Fallin'","AVAION;Why So Sad",2021-10-08,163500,48,false,,2022-09-21T11:07:30Z,"stutter house,deep house","Ariola/Hansa Local",0.752,0.639,11,-7.078,1,0.173,0.345,0.00493,0.169,0.0758,122.933,4
spotify:track:4vgTAdLit4VNnxZ7YK06NW,"Feeling Myself","The Pinkprint (International Deluxe Explicit)","Nicki Minaj;Beyoncé",2014-12-12,237840,62,true,,2022-09-19T07:06:50Z,"","Nicki Minaj/Cash Money",0.607,0.703,2,-5.459,1,0.206,0.437,0.0092,0.358,0.494,101.64,3
spotify:track:0jdMi0tvHrh5ln2bVIorUC,"D O N N E L E M O I","Fleur froide - Second état : la cristallisation","Tayc",2021-11-19,224426,0,false,,2022-09-18T06:35:55Z,"r&b francés,pop urbaine,afrobeats,afrobeat","Play Two",0.486,0.734,10,-8.019,0,0.129,0.285,0.000276,0.367,0.553,109.893,5
spotify:track:3HypZVKMnSXTww4VbAoyQK,"J'ai mal","Fleur froide","Tayc",2020-12-04,194853,53,false,,2022-09-16T08:35:50Z,"r&b francés,pop urbaine,afrobeats,afrobeat","Play Two",0.746,0.673,3,-4.696,0,0.162,0.0462,0.0000526,0.109,0.826,102.703,4
spotify:track:380NKOqBHvp6GtMYvGFm40,"Leaf Wraps","Leaf Wraps","The Homies;Jack Harlow",2018-11-29,213040,0,true,,2022-09-13T11:08:21Z,"","Private Garden Records.",0.898,0.665,9,-4.705,0,0.218,0.211,0,0.11,0.717,109.975,4
spotify:track:0fIffclhgJC5h8AdMMVvkp,"Welcome To The Party","Meet The Woo","Pop Smoke",2019-07-26,214960,10,true,,2022-09-13T08:32:27Z,"drill de brooklyn,drill neoyorquino,drill","Victor Victor Worldwide/Republic Records",0.63,0.724,2,-5.543,1,0.105,0.0138,0.0000692,0.196,0.237,143.024,4
spotify:track:6yIh43XrY4Mc5xOxeagVhp,"Le temps","Fleur froide (Donum Novae)","Tayc",2021-02-26,197240,70,false,,2022-09-11T09:16:20Z,"r&b francés,pop urbaine,afrobeats,afrobeat","Play Two",0.577,0.595,6,-6.084,1,0.173,0.108,0.000101,0.0759,0.633,201.892,4
spotify:track:7HsebNHZDGj8UhWIrZaMx6,"Bebo","Fórmula, Vol. 3","Romeo Santos",2022-09-01,235733,68,false,,2022-09-10T20:41:51Z,"bachata,latina","Sony Music Latin",0.765,0.878,3,-3.649,0,0.0465,0.105,0,0.314,0.96,125.046,4
spotify:track:45ilvcEm0hVWBf6gJzLTYv,"Maria","30 minutes de folies","Babe",2018-05-15,185000,37,true,,2022-09-08T22:42:25Z,"shatta,dancehall,kompa,zouk","Musicone",0.896,0.242,2,-11.02,1,0.573,0.467,0,0.105,0.522,97.022,4
spotify:track:5zVB1UcrO52SUONu7h7F7U,"Funky Thang","Funky Thang","Shay Lia",2018-08-10,160780,0,false,,2022-09-08T08:51:21Z,"r&b alternativo","N.O.T.E",0.732,0.649,0,-7.672,1,0.412,0.137,0.0000857,0.113,0.47,120.073,4
spotify:track:3Fc7k96EGOGiJBMZUxbpq7,"LITE SPOTS","99.9%","KAYTRANADA",2016-05-06,230920,53,false,,2022-09-08T08:49:24Z,"","XL Recordings",0.884,0.549,1,-11.683,1,0.471,0.0346,0.0698,0.112,0.394,120.461,4
spotify:track:0RJPcHHwu7aKRroKLUNWky,"Lemon Pon Goose (feat. Jean Deaux)","Lemon Pon Goose (feat. Jean Deaux)","Smino;Jean Deaux",2016-09-21,155851,26,true,,2022-09-07T22:11:40Z,"r&b alternativo","Zero Fatigue",0.694,0.532,7,-7.337,1,0.402,0.0867,0,0.0697,0.461,95.634,4
spotify:track:6x8o78q3vItAIIqGeMCTvO,"Roll the Dice","Mellow Mermaids and Malibu","KinKai;glue70",2017-11-30,216163,19,true,,2022-09-07T22:10:07Z,"jazz rap,vaporwave","LousyLyrics",0.557,0.448,1,-13.659,0,0.528,0.856,0.0000406,0.105,0.659,85.051,4
spotify:track:7C59BIHV4zSvRFAQC2YLRi,"American Hustle - Live","Coda: a Big Menu Live Performance","BIG MENU;Dano",2017-04-17,177470,16,true,,2022-09-07T22:04:33Z,"","Little Red Corvette Records",0.613,0.623,4,-7.288,0,0.537,0.0831,0,0.165,0.245,93.073,4
spotify:track:5lA3pwMkBdd24StM90QrNR,"P.Y.T. (Pretty Young Thing)","Thriller 25 Super Deluxe Edition","Michael Jackson",2008-02-08,238733,68,false,,2022-09-07T21:58:39Z,"","Epic/Legacy",0.888,0.816,11,-4.909,0,0.0404,0.233,0.00042,0.127,0.961,127.276,4
spotify:track:7BiqCOsctkaGb7KU8NbKUw,"Thru the Night","Tigallerro","Phonte;Eric Roberson",2016-07-22,260163,26,false,,2022-09-07T21:57:38Z,"neo soul","The Foreign Exchange Music",0.745,0.539,1,-6.989,1,0.268,0.116,0,0.192,0.675,92.021,4
spotify:track:5rgmUNzSHdRnNLBSHE0KcQ,"HYPNOTIZE","HYPNOTIZE","Stevedreez",2022-05-20,208413,50,false,,2022-09-04T08:54:51Z,"","Sundae Sauuce",0.835,0.46,2,-10.095,0,0.0988,0.0812,0.61,0.0519,0.786,118.035,4
spotify:track:0IoksfEt4rvLtPnVw09VlI,"Whisky and Spice","Whisky and Spice","Yeico X Toni",2020-03-23,188836,50,true,,2022-09-04T07:26:16Z,"","Yeico x Toni",0.939,0.571,2,-7.548,1,0.254,0.0419,0.0000387,0.0749,0.443,120.062,4
spotify:track:0A00iK5X19o7Y2sN5nRc9k,"Teletubbies Son","Teletubbies Son","SABU;PENNY",2020-03-30,213502,21,false,,2022-09-04T07:23:07Z,"flamenco","SABU & PENNY",0.683,0.649,4,-4.533,0,0.243,0.507,0,0.0765,0.397,108.589,4
spotify:track:5gflgO9EPbIBf16n5TKnQS,"Yo Voy (feat. Daddy Yankee)","Motivando a la Yal","Zion & Lennox",2004-05-04,232019,81,false,,2022-09-01T16:09:10Z,"reggaetón,latina","Baby Records Inc",0.808,0.697,10,-5.899,1,0.241,0.041,0,0.0546,0.554,95.06,4
spotify:track:2wvjh6x7vaEgAemUvuc7fO,"3D","3D","777villain",2021-04-29,119806,37,true,,2022-09-01T15:55:33Z,"","777villian",0.951,0.68,11,-6.824,0,0.295,0.141,0,0.194,0.856,100.053,4
spotify:track:3EF6LVr4vCyxu66HBe8pGO,"Moi, je prouve.","NYXIA. Tome III","Tayc;Barack Adama",2019-12-13,190800,57,true,,2022-08-31T21:59:52Z,"r&b francés,pop urbaine,afrobeats,afrobeat","H24 / Bendo Music / Capitol",0.657,0.545,5,-8.65,0,0.232,0.057,0,0.114,0.491,83.884,4
spotify:track:2ZRdQMMKtmPLdYp9aP5cK5,"Hawk Em","Meet The Woo","Pop Smoke",2019-07-26,118800,8,true,,2022-08-31T13:47:15Z,"drill de brooklyn,drill neoyorquino,drill","Victor Victor Worldwide/Republic Records",0.68,0.607,2,-5.523,1,0.222,0.264,0.0000139,0.354,0.506,141.992,4
spotify:track:3ZrHlFSxGGk6TWjwtGCobZ,"Whatchuwando","The Fixtape, Vol. 1: Smoke on This","Krayzie Bone",2008-04-01,179333,0,true,,2022-08-30T07:38:30Z,"","RBC Records",0.77,0.572,10,-11.374,0,0.257,0.0304,0.000256,0.06,0.428,93.979,4
spotify:track:51HFvd9LHbhbJ6ddMydXlS,"FEMME FATALE","FEMME FATALE","Santa Salut",2022-07-28,159000,13,true,,2022-08-29T07:47:14Z,"hip hop latino","Yuukii Records SL",0.665,0.588,1,-6.006,1,0.216,0.0871,0,0.136,0.273,143.811,4
spotify:track:557DLyFeg06jCV2cpT005C,"Toxic","Toxic","YG",2022-08-12,213288,56,true,,2022-08-29T07:42:47Z,"hyphy","YG PS/ Def Jam",0.688,0.478,10,-7.04,0,0.202,0.384,0,0.0975,0.444,99.998,4
spotify:track:3s53zBEi1ZU6dJj19eFOxW,"Tippa My Tongue","Tippa My Tongue","Red Hot Chili Peppers",2022-08-19,260809,47,false,,2022-08-29T07:41:41Z,"funk rock,rock alternativo,rock","Warner Records",0.573,0.913,5,-6.52,0,0.0409,0.00861,0.0273,0.114,0.795,88.418,4
spotify:track:7vVs4XCsQyGn1Au3drvo9Z,"Call Me Every Day (feat. Wizkid)","Call Me Every Day (feat. Wizkid)","Chris Brown;Wizkid",2022-06-17,146840,57,false,,2022-08-29T07:41:18Z,"r&b,afrobeats,afrobeat,afropop,azonto,afroswing,r&b afro,afropiano","Chris Brown Entertainment/RCA Records",0.729,0.634,4,-7.194,0,0.175,0.115,0.0000135,0.0997,0.772,171.862,4
spotify:track:0NhXCXiS18wFt6sCAF8fkI,"Elle me demande","Poison ou Antidote (Miel Book Edition)","Dadju",2021-12-16,218712,36,false,,2022-08-29T07:39:34Z,"r&b francés,pop urbaine,rap francés,pop francés","Universal Music Division Capitol Music France",0.615,0.546,10,-8.069,1,0.106,0.664,0,0.0612,0.315,94.099,4
spotify:track:6upXAlN0tlTavXMenVWna9,"When I'm Gone","When I'm Gone","PEEKABOO;XAELO",2022-08-19,262393,43,false,,2022-08-29T07:39:17Z,"dubstep,bass music,riddim,bass house","NIGHTMODE",0.486,0.605,6,-7.378,0,0.0448,0.128,0,0.186,0.12,84.863,4
spotify:track:5vhrsx08dHh2QcVh1Rsiwt,"LONDON (feat. J. Cole)","LONDON (feat. J. Cole)","BIA;J. Cole",2022-04-08,250722,53,true,,2022-08-28T07:13:49Z,"rap","Epic",0.644,0.671,11,-5.156,0,0.315,0.0225,0,0.0855,0.563,132.001,4
spotify:track:0SLE0Ym3WhxfHSDR7Qd5pf,"Stylin'","Local Mvp","Sainté",2021-01-06,158000,59,false,,2022-08-27T21:02:24Z,"drill británico","YSM collective",0.641,0.436,6,-10.353,0,0.323,0.636,0.0000268,0.14,0.535,129.08,4
spotify:track:0X9MxHR1rTkEHDjp95F2OO,"Bad Liar","Bad Liar","Anna Hamilton;The Acoustic Room",2018-12-14,248448,61,false,,2022-08-25T06:04:24Z,"pop acústico","2018 Indian Moon",0.688,0.233,3,-6.441,1,0.0287,0.778,0,0.12,0.201,86.998,4
spotify:track:3fQD3IOpn9KTvbwfNDR5Ry,"Set It All Free","Tous En Scene (Deluxe)","Scarlett Johansson",2016-12-09,214546,38,false,,2022-08-24T08:57:17Z,"","Republic/Universal Pictures/Sing",0.492,0.856,6,-4.485,1,0.129,0.00000634,0.00526,0.111,0.525,134.112,4
spotify:track:1PhmFufQowjegRYc4jAqOq,"Red Nose","Remember Me","Sage The Gemini",2014-01-01,193200,0,true,,2022-08-23T08:25:39Z,"hyphy","Universal Music Group",0.859,0.46,11,-5.699,0,0.123,0.413,0,0.233,0.761,97.513,4
spotify:track:1zgnEfnFgx7BlQPPdHfqJx,"Imma Ride","Fillmoelanta da Trap","Rich Homie Quan;Gucci Mane",2015-07-21,287085,19,true,,2022-08-23T08:22:19Z,"hip hop sureño americano,rap,trap","1017",0.854,0.401,9,-8.553,1,0.395,0.118,0,0.527,0.42,139.922,4
spotify:track:5UlBBoRRstO2tFEb0rGgV1,"You Are My Starship - Urbanstar Mix","You Are My Starship (Urbanstar Mix)","Dazz Band",2020-01-28,302666,40,false,,2022-08-23T08:18:19Z,"funk,post-disco","Urbanstar Records",0.5,0.661,0,-7.984,0,0.456,0.0666,0.000019,0.089,0.827,191.991,4
spotify:track:3pndPhlQWjuSoXhcIIdBjv,"What They Want","There's Really A Wolf","Russ",2017-05-05,165853,73,true,,2022-08-23T08:04:56Z,"","Columbia",0.71,0.404,1,-10.04,0,0.379,0.484,0,0.0953,0.398,139.553,4
spotify:track:0aPaGIX2QIMAH5SMp0VEMe,"The Most Beautiful Girl In the World","The Gold Experience","Prince",1995-09-26,265320,63,false,,2022-08-22T09:53:58Z,"funk,funk rock","Legacy Recordings",0.489,0.693,6,-4.952,1,0.0427,0.0182,0.00000563,0.304,0.453,185.758,4
spotify:track:7dSQHfnJSK0SzmPpiuNrlC,"What's Next","What's Next","Austin Millz;Pell",2022-05-05,159107,37,false,,2022-08-17T09:34:22Z,"","Boom.Records (Austin Millz)",0.848,0.744,0,-4.316,1,0.3,0.0846,0,0.142,0.957,112.037,4
spotify:track:5sWkgw4o3DDpIlw906aSr4,"Polongo","Polongo","Olakira",2022-07-15,173076,35,false,,2022-08-17T00:49:44Z,"afrobeats,afrobeat,afropop","U&I Music Under Exclusive License to emPawa Africa Limited",0.815,0.711,1,-7.707,1,0.13,0.302,0.0000538,0.0806,0.596,104.014,4
spotify:track:3uZgr5fHIzOAc3sjX5zHc1,"Somos Iguales","Somos Iguales","Ozuna;Tokischa;Louchie Lou;Michie One",2022-08-10,172414,43,false,,2022-08-13T10:56:55Z,"reggaetón,trap latino,latina,urbano latino,dembow,neoperreo,dancehall","Aura Music Corp.",0.834,0.67,1,-3.357,1,0.0792,0.0287,0.000261,0.274,0.419,97.022,4
spotify:track:1GC0MbJO7uU2JPkD4J28rv,"The Sickness - Extended Version","The Remedy","OthaSoul;Jelani Blackman;Poppy Ajudha",2015-09-14,225284,0,false,,2022-08-05T08:42:40Z,"jazz rap,grime,indie soul","OthaSoul",0.483,0.417,6,-7.709,0,0.325,0.229,0,0.11,0.536,76.017,1
spotify:track:7LjrpYAKy6hPmncnK2Ju9s,"All I Know","Starboy","The Weeknd;Future",2016-11-25,321026,0,true,,2022-08-05T06:21:39Z,"rap,trap","Universal Music Group",0.653,0.434,8,-10.543,0,0.0556,0.443,0.000202,0.0952,0.18,120.06,4
spotify:track:5jzEwSyyymBlf1fa1o39T2,"512","Primer Dia de Clases","Mora;JHAYCO",2021-02-05,193636,76,true,,2022-08-02T05:51:49Z,"urbano latino,trap latino,reggaetón","Rimas Entertainment LLC",0.818,0.673,4,-7.542,0,0.148,0.348,0,0.172,0.695,87.961,4
spotify:track:4VgKKuLoLAcgNvJ8d0hKlA,"Alzypher Vol. 9","Alzypher Vol. 9","Alzada;Yoss Bones;Santa Salut;Almanegra;Zxmyr",2022-06-24,207483,43,true,,2022-08-01T21:33:05Z,"hip hop mexicano,hip hop latino","Alzada Corp",0.772,0.535,11,-10.529,0,0.391,0.103,0,0.107,0.641,77.326,4
spotify:track:3PYNtH2b5IxwjH1wTJzfDq,"No Love","No Love","Queen Omega;Little Lion Sound",2022-05-13,212790,55,false,,2022-07-29T08:51:49Z,"reggae,ragga,dub,roots reggae","Evidence Music",0.802,0.696,11,-5.128,1,0.335,0.00934,0,0.0651,0.449,85.849,4
spotify:track:2rBHnIxbhkMGLpqmsNX91M,"Bombtrack","Rage Against The Machine - XX (20th Anniversary Special Edition)","Rage Against The Machine",1992,243453,70,true,,2022-07-28T10:23:30Z,"rap metal,rap rock,metal alternativo,nu metal","Epic/Legacy",0.459,0.926,4,-3.415,1,0.155,0.0239,0.0000193,0.183,0.569,151.534,4
spotify:track:6zWU7YALeEDMcPGhKKZJhV,"Navajo","Navajo","Masego",2017-06-08,194157,75,false,,2022-07-28T05:59:58Z,"","Masego",0.567,0.593,6,-7.404,0,0.288,0.117,0.00000132,0.248,0.358,88.545,4
spotify:track:3F5CgOj3wFlRv51JsHbxhe,"Jimmy Cooks (feat. 21 Savage)","Honestly, Nevermind","Drake;21 Savage",2022-06-17,218364,82,true,,2022-07-28T05:58:48Z,"rap","OVO",0.529,0.673,0,-4.711,1,0.175,0.000307,0.00000241,0.093,0.366,165.921,4
spotify:track:45ZGE4ZqMOZwf47RMg5XdV,"HEET (feat. Bizzey)","TURBULENTIE","Dopebwoy;Bizzey",2022-05-13,173085,44,false,,2022-07-27T09:52:12Z,"moombahton","Forever Lit Records",0.615,0.324,1,-8.225,1,0.453,0.236,0.000344,0.203,0.407,117.687,5
spotify:track:2QlezR8yAdRjyBTQFEdDtA,"Change My Mind (Patrick Tomala Remix)","Change My Mind (Remixes)","Just Kiddin;Patrick Tomala",2022-06-24,158000,0,false,,2022-07-25T22:28:22Z,"house","Perfect Havoc",0.718,0.656,8,-8.233,0,0.13,0.218,0.000372,0.478,0.723,132.027,4
spotify:track:2ck3poi9OAj25CcOWfr1QW,"Exquisite","Exquisite","Mindflip",2022-07-08,162782,26,true,,2022-07-25T22:27:34Z,"rap quebequés","Mindflip",0.754,0.736,6,-4.731,0,0.188,0.133,0,0.0951,0.667,114.982,4
spotify:track:3f3nARxwW5S0riJwTzwzrj,"Baby boy","L'amour change le monde","Ya Levis",2022-03-18,187435,48,false,,2022-07-25T22:23:59Z,"r&b francés,kizomba,zouk,kompa,rumba congoleña,afrobeats,pop urbaine,afrobeat,r&b afro","MCP Group",0.785,0.464,9,-8.159,0,0.292,0.453,0.000657,0.221,0.717,160.17,4
spotify:track:7rCrOTI49IE199dlDkGcC5,"Ready Set","The Underground Sound","Joey Valence & Brae",2022-02-25,178543,62,false,,2022-07-24T10:08:12Z,"","Joey Valence",0.808,0.987,0,-0.089,0,0.361,0.0248,0,0.17,0.653,103.013,4
spotify:track:3ylhgzhvSICQcyv0U3Ozwv,"Sex & Love","Portales","Tiago PZK;Rvssian",2022-07-21,145890,54,true,,2022-07-23T10:56:25Z,"trap argentino,urbano latino","WEA Latina",0.651,0.728,10,-5.129,0,0.0921,0.0426,0.0000308,0.544,0.524,98.089,4
spotify:track:2HWelwHQS4EdRqIycZOc3O,"When We","SAVAGE","Tank",2017-09-29,309120,63,true,,2022-07-19T17:18:16Z,"r&b","R&B Money/Atlantic Records",0.635,0.324,6,-9.51,0,0.0769,0.165,0.00000418,0.108,0.0741,117.863,4
spotify:track:7JQ8noW0DovPXaRGNTuVBm,"TOUT DOUCEMENT - Dj Tyson Remix","TOUT DOUCEMENT (Dj Tyson Remix)","Mik L;Dj Tyson",2022-02-25,279257,0,false,,2022-07-18T23:35:35Z,"zouk,kompa,maloya,kizomba,shatta","WUMB LABEL",0.634,0.804,11,-3.225,0,0.039,0.634,0.12,0.0811,0.641,160.023,4
spotify:track:0kIHfcHGFGm5xb0dSlKEdp,"Hood Go Crazy","Special Effects","Tech N9ne;2 Chainz;B.o.B",2015-05-04,225040,62,true,,2022-07-18T23:32:08Z,"horrorcore,hip hop sureño americano,rap","Strange Music, Inc",0.912,0.644,11,-6.63,1,0.288,0.00714,0,0.107,0.492,95.999,4
spotify:track:6AomCkEOQUODCYzQwH4SWC,"Floor Seats","Floor Seats","A$AP Ferg",2019-08-16,157501,60,true,,2022-07-18T23:30:01Z,"rap","A$AP Worldwide/Polo Grounds Music/RCA Records",0.705,0.733,5,-4.942,1,0.102,0.069,0.154,0.823,0.681,135.993,4
spotify:track:4X70hLzIDfY5T2BcsOcv6Q,"REDMERCEDES","REDMERCEDES","Aminé",2017-03-03,169706,53,true,,2022-07-18T23:28:05Z,"","Universal Records",0.816,0.63,1,-5.729,0,0.183,0.00639,0.0304,0.173,0.599,101.997,4
spotify:track:6XHVuErjQ4XNm6nDPVCxVX,"No Guidance (feat. Drake)","Indigo","Chris Brown;Drake",2019-06-28,260645,81,true,,2022-07-18T23:25:43Z,"r&b,rap","Chris Brown Entertainment/RCA Records",0.696,0.454,1,-6.756,0,0.153,0.123,0,0.155,0.136,92.928,4
spotify:track:5WJdUrZ4ND1TCZ2AsjYK3P,"Broke Leg (with Quavo & Tyga)","Broke Leg (with Quavo & Tyga)","Tory Lanez;Quavo;Tyga",2019-05-31,165604,43,true,,2022-07-18T23:21:20Z,"","Mad Love/Interscope Records",0.851,0.85,1,-3.4,1,0.0904,0.226,0,0.145,0.642,99.975,4
spotify:track:1SKRlqFgMVRcILCxhIMsoa,"DripDemeanor (feat. Sum1)","ICONOLOGY","Missy Elliott;Sum1",2019-08-23,232013,35,true,,2022-07-18T23:03:22Z,"hip hop,soca","Goldmind/Atlantic",0.843,0.515,0,-6.631,1,0.283,0.0666,0,0.114,0.346,119.996,4
spotify:track:4AILWMTyKIlicSfDVNtZQD,"Often","Often","The Weeknd",2014-07-31,250000,0,true,,2022-07-16T07:30:02Z,"","The Weeknd XO, Inc.",0.38,0.614,7,-8.439,0,0.0487,0.255,0,0.0824,0.0806,133.906,4
spotify:track:0fgVs2FjWxf60Gk8aaoECK,"More Than A Woman (feat. Calvin)","Mahogany Soul","Angie Stone;Calvin Richardson",2001-10-16,293640,49,false,,2022-07-16T07:10:02Z,"neo soul,soul,zydeco","J Records",0.685,0.404,5,-7.784,0,0.121,0.445,0,0.116,0.473,131.846,4
spotify:track:1HbcclMpw0q2WDWpdGCKdS,"Tenerife Sea","x (Deluxe Edition)","Ed Sheeran",2014-06-21,241346,70,false,,2022-07-16T07:06:42Z,"pop suave","Atlantic Records UK",0.53,0.346,8,-10.497,1,0.0376,0.697,0.0000107,0.105,0.359,121.876,4
spotify:track:0eRmTxpRHEPJ1v6BaDpDmZ,"Baila Dom","Baila Dom","Afro Bros;Godwonder",2022-06-10,179733,27,false,,2022-07-15T11:30:14Z,"moombahton,dancehall,shatta","Afreaka Records",0.881,0.832,1,-4.534,1,0.153,0.0325,0.00626,0.0513,0.719,97.957,4
spotify:track:3lq06iX09nUI5DH2014BWi,"Whisky and Spice","Whisky and Spice","Yeico X Toni",2020-03-23,188836,0,true,,2022-07-13T08:13:35Z,"","1864055 Records DK2",0.941,0.573,2,-7.54,1,0.254,0.0406,0.0000359,0.0748,0.438,120.063,4
spotify:track:46GsFW8AFIvi8TUDlYRlXR,"Te Espero - feat. Maria Becerra","Te Espero (feat. Maria Becerra)","Prince Royce;Maria Becerra",2022-03-03,246850,61,false,,2022-07-13T00:13:44Z,"bachata,latina,trap argentino","Sony Music Latin",0.733,0.689,10,-5.083,0,0.0307,0.345,0,0.0429,0.828,126.943,4
spotify:track:1PjOJD6X6uInaheqUSDCJT,"Hit My Line","Breezy (Deluxe)","Chris Brown",2022-07-08,158440,51,true,,2022-07-09T22:03:29Z,"r&b","Chris Brown Entertainment/RCA Records",0.645,0.607,9,-7.399,1,0.0493,0.0217,0,0.558,0.606,93.161,4
spotify:track:4RgoqOBE34Q6zZj8K7RUAx,"Go","Huncho Jack, Jack Huncho","Huncho Jack;Travis Scott;Quavo",2017-12-21,156530,53,true,,2022-07-09T21:57:35Z,"rap","Quality Control Music - Epic",0.755,0.898,5,-0.777,0,0.042,0.32,0.0000493,0.309,0.576,135.057,4
spotify:track:1qA7crrPzO702kDZgRAhyk,"HOTEL LOBBY (Unc & Phew) - A COLORS SHOW","HOTEL LOBBY (Unc & Phew) - A COLORS SHOW","Quavo;Takeoff",2022-06-18,165580,64,true,,2022-07-08T11:11:43Z,"","Quality Control Music/Motown Records",0.859,0.548,10,-6.59,0,0.197,0.041,0,0.204,0.112,127.958,4
spotify:track:4iuNZTcvT9diFySSzVsnVS,"When I See U","Fantasia","Fantasia",2006-12-09,217346,74,false,,2022-07-06T23:38:31Z,"r&b","J Records",0.569,0.596,8,-6.486,1,0.172,0.452,0.0000792,0.205,0.754,93.135,4
spotify:track:6sFh5LihlIcOh6ahYn6UyJ,"Roberto Clemente","Outer Body Experience","Dot Demo",2016-09-20,234688,1,true,,2022-07-03T11:03:09Z,"","U7tra Nostra Records",0.774,0.62,9,-9.225,1,0.49,0.233,0.00000691,0.221,0.172,116.031,4
spotify:track:4BqWpN1B0LqoRJRGYEj9gl,"Veuve Clicquot","Veuve Clicquot","Di-Meh;Caballero",2022-05-25,144000,19,true,,2022-06-27T09:18:09Z,"rap francés","Todos - Grand Musique Management",0.721,0.491,8,-7.113,0,0.348,0.0764,0,0.0965,0.214,87.232,4
spotify:track:5ivebXfBDaKEhi86VRsuCi,"See Me - A COLORS SHOW","See Me - A COLORS SHOW","Boj",2022-06-13,143999,30,false,,2022-06-27T09:11:03Z,"alté,afrobeats,afroswing,afrobeat,r&b afro,afropop,afro soul","COLORSxSTUDIOS",0.925,0.296,7,-8.551,1,0.402,0.298,0.00203,0.102,0.543,101.954,4
spotify:track:3zMilAZgJdLResNhCYh2wE,"BRUXOS - A COLORS SHOW","BRUXOS (A COLORS SHOW)","Pongo",2021-06-09,184364,32,false,,2022-06-26T14:33:40Z,"kuduro","Universal Music Division Virgin Records",0.825,0.751,1,-7.367,1,0.164,0.0112,0.0183,0.148,0.6,128.1,4
spotify:track:5Pg4qYTcvCUBBq3jBhKq0t,"HOT","LEGENDADDY","Daddy Yankee;Pitbull",2022-03-25,154493,66,true,,2022-06-25T21:07:10Z,"reggaetón,latina","Republic Records",0.898,0.677,11,-6.422,0,0.243,0.0223,0,0.35,0.578,130.027,4
spotify:track:35056uy2b4M1qJ3Z1ed3sf,"Sere","Grace","SPINALL;Fireboy DML",2020-12-11,185454,69,false,,2022-06-24T12:15:12Z,"afrobeats,afrobeat,afropop,afropiano,alté,afroswing,r&b afro,afro soul","TheCAPMusic",0.711,0.679,7,-6.261,0,0.108,0.077,0.0000142,0.142,0.642,109.971,4
spotify:track:6RoDauxGlKd2OFzw7V0GJX,"Lambis","Lambis","Kalash;DJ Digital",2019-05-05,177121,52,true,,2022-06-19T11:34:49Z,"shatta,rap francés,dancehall,zouk,pop urbaine,kompa","Kalash & Dj Digital",0.62,0.549,5,-9.172,1,0.278,0.0641,0.0000379,0.1,0.701,95.358,4
spotify:track:73ma0MeGotPhuafx8B0mUO,"Milkshake","Milkshake","Alfons;Sayfro",2019-01-25,130327,0,false,,2022-06-19T02:15:47Z,"melbourne bounce,epadunk","Le Fons Records",0.867,0.752,0,-5.091,1,0.0937,0.0961,0.0272,0.213,0.744,122.031,4
spotify:track:74OHEZCii7GYJqqEIHPYb0,"Affiliation","Affiliation","Bermal",2021-05-14,190437,23,false,,2022-06-19T02:14:51Z,"bassline,bass house,uk garage","About TV",0.866,0.709,7,-2.976,1,0.24,0.0168,0.00000754,0.0647,0.838,129.997,4
spotify:track:3E1y4V7dxcn5AwKCD4AqFn,"Dope (with JID)","Dope","John Legend;JID",2022-05-18,158745,39,true,,2022-06-18T14:06:20Z,"pop suave,neo soul","Republic Records",0.728,0.849,1,-5.092,0,0.049,0.0747,0.0000258,0.193,0.956,114.033,4
spotify:track:1Ej96GIBCTvgH7tNX1r3qr,"Otro Trago","Sueños","Sech;Darell",2019-04-19,225933,74,true,,2022-06-17T13:11:39Z,"reggaetón,urbano latino,trap latino,dembow","Rich Music/Ingrooves Records",0.746,0.7,0,-4.669,1,0.341,0.136,0.000159,0.11,0.619,176.044,4
spotify:track:0E7U13bmvEccq4CtC3q0Pw,"Me & U","Me & U","TWOPILOTS",2021-09-17,174512,53,false,,2022-06-17T13:06:13Z,"tropical house,lounge","Soave Records",0.781,0.849,8,-4.855,0,0.0396,0.0123,0.000523,0.0602,0.495,118.012,4
spotify:track:1GMq61rtAFhnn0K7GBJDkK,"Like Wooh Wooh","Like Wooh Wooh","Rnbstylerz",2019-07-30,196043,0,false,,2022-06-17T13:05:31Z,"","Rnbstylerz",0.814,0.803,10,-5.354,1,0.0844,0.0416,0.808,0.0713,0.575,125.012,4
spotify:track:5KCH6zWcx5qUYbmp0uaaE7,"N'y pense plus","N'y pense plus","Tayc",2020-06-19,212006,57,false,,2022-06-17T13:04:54Z,"r&b francés,pop urbaine,afrobeats,afrobeat","Play Two",0.556,0.633,2,-7.381,0,0.27,0.444,0,0.0744,0.45,93.329,4
spotify:track:4XWIjzIDRAyVal6H7dWgL9,"Tut Mir Leid - A COLORS ENCORE","Tut Mir Leid - A COLORS ENCORE","Sumpa;COLORS",2022-05-26,145448,24,false,,2022-06-16T11:27:38Z,"","COLORSxSTUDIOS",0.518,0.393,6,-11.14,1,0.528,0.592,0.000929,0.0988,0.622,80.986,5
spotify:track:2YaOQzBkhejBu5d4CyGsfS,"Tap Out (feat. Jeremih)","Redemption","Jay Rock;Jeremih",2018-06-15,199960,54,true,,2022-06-16T11:24:58Z,"","Top Dawg Ent./Interscope Records",0.676,0.62,5,-6.343,0,0.0562,0.105,0,0.211,0.607,100.06,4
spotify:track:7tnU1PWJEQtijJCXLUasiU,"Despacio","Despacio","Cráneo;Itchy & Buco Sounds;Lee Eye",2022-06-15,174285,0,true,,2022-06-16T11:19:07Z,"r&b latino","Cráneo",0.767,0.608,1,-8.597,1,0.151,0.649,0.0000333,0.111,0.589,83.995,4
spotify:track:4u4V8UhXHViG75XejvEfy2,"Only You","Only You","Dom Scanlon",2021-03-12,119994,34,false,,2022-06-15T10:16:18Z,"bassline,bass house","YosH",0.839,0.595,5,-7.231,0,0.0626,0.137,0.00000195,0.064,0.428,128.01,4
spotify:track:66LAdJjZToagkK20K4jKiQ,"Drip","Drip","Leftside",2019-09-03,143804,0,false,,2022-06-12T10:08:32Z,"dancehall,moombahton,shatta,ragga","Leftside",0.781,0.71,7,-4.22,1,0.175,0.0684,0.000192,0.716,0.759,96.506,4
spotify:track:3jzpCiLBBkY3ICFBSp50n1,"Basshall Session #1","Basshall Session #1","Kybba;Bay-C;Fyahbwoy;Lion Fiah;Alex (TOK)",2022-05-20,172500,0,false,,2022-06-12T10:06:03Z,"dancehall,shatta,moombahton,reggae en español,reggae","Basshall Records",0.867,0.65,10,-4.179,0,0.118,0.238,0.0017,0.174,0.259,96.017,4
spotify:track:1Hu8EMKCGD25srDybGOtBC,"Soy una Gargola","Gargolas 5: The Next Generation","Alex Gargolas;Randy Nota Loca",2006,184737,77,false,,2022-06-08T07:13:47Z,"reggaetón","Rimas Classics LLC.",0.741,0.835,4,-6.108,0,0.0854,0.0843,0.000133,0.11,0.641,93.988,4
spotify:track:1dtTRXifeGC51adYy0902s,"Bad Boy","Bad Boy","Yung Bae;bbno$;Billy Marchiafava",2019-06-21,187570,51,false,,2022-06-06T12:42:27Z,"vaporwave,city pop,nu disco","Arista Records",0.861,0.82,1,-4.807,0,0.0728,0.032,0.00000476,0.0706,0.781,118.04,4
spotify:track:1gdMfFTB6r0e7KE1MBVptM,"I'm Juiced","I'm Juiced","Adam Vida",2016-10-28,216266,0,true,,2022-06-03T23:04:48Z,"","Universal Music Group",0.792,0.854,6,-3.725,1,0.242,0.347,0,0.106,0.699,90.076,4
spotify:track:3h9l7rZJ7afKhtLodCgBfe,"Fatty Fatty","Kaotik 06","Radium;Vandal",2013-10-28,294153,0,false,,2022-06-02T02:53:15Z,"frenchcore,gabber,tekno,hardcore,techno hardcore,speedcore,ragga,jungle","Undergroundtekno",0.734,0.995,6,0.229,0,0.181,0.0508,0.0000457,0.315,0.761,97.442,4
spotify:track:58AGoOGbwsQMhBbH0eFLRR,"Over Now (with The Weeknd)","Over Now (with The Weeknd)","Calvin Harris;The Weeknd",2020-08-28,210795,65,true,,2022-06-01T06:54:22Z,"edm","Columbia",0.612,0.884,4,-4.113,0,0.0454,0.0759,0.00132,0.247,0.679,178.043,4
spotify:track:2Vba5MBCdGqcE57GSiOstv,"Around My Way (Freedom Ain't Free)","Food & Liquor II: The Great American Rap Album, Pt. 1","Lupe Fiasco",2012-09-25,255773,46,true,,2022-05-23T22:06:57Z,"","1st & 15th/Atlantic",0.482,0.877,8,-3.714,0,0.374,0.0526,0,0.366,0.635,205.037,4
spotify:track:0CU32df38bL70u26LGBDWN,"Pasilda - Youngr Bootleg","Bootleg Mixtape, Vol. 01","Afro Medusa;Youngr",2020-09-18,275074,5,false,,2022-05-22T14:13:06Z,"house latino,afro house,house","Armada Music Albums",0.672,0.831,9,-4.948,0,0.0386,0.0677,0.000418,0.141,0.701,125.956,4
spotify:track:71Rdw1dYa80OUd3kYe3hKx,"1-2 STEP","Loading","Sika Deva;Gracy Hopkins",2021-07-30,149140,22,true,,2022-05-20T07:53:35Z,"r&b francés","IXI / Le Sofa",0.816,0.507,3,-8.772,0,0.299,0.24,0,0.136,0.398,120.125,4
spotify:track:78kygHp1dvW1kncYjBgbe1,"Mujeriego","Mujeriego","Ryan Castro",2021-12-17,142500,70,false,,2022-05-18T16:53:00Z,"reggaetón","Sony Music Entertainment",0.758,0.621,9,-8.033,1,0.125,0.0628,0,0.0809,0.92,79.949,4
spotify:track:5uKHTLXNcftXtYfU7j9cQ6,"I LIKE","I LIKE","Tory Lanez",2022-04-22,133521,69,true,,2022-05-16T10:25:36Z,"","One Umbrella Records",0.744,0.448,4,-10.426,1,0.291,0.365,0,0.194,0.279,118.027,4
spotify:track:1QxIFMs4M8qd5cbJJu80v4,"Skyline","Skyline","Khalid",2022-04-28,182895,61,false,,2022-05-16T10:25:13Z,"","Right Hand Music Group, LLC/RCA Records",0.733,0.653,11,-6.094,1,0.0391,0.0179,0.0218,0.184,0.752,119.996,5
spotify:track:3Z4bNZw6nYqSGk0PdL3zwp,"Toblerone","Juglar del Siglo XXI","Ayax y Prok;Tensei One",2022-02-25,199550,0,true,,2022-05-16T10:24:28Z,"","Ayax",0.479,0.896,8,-5.775,0,0.511,0.0263,0,0.175,0.474,177.734,4
spotify:track:2FeBslNBMdR9V58uv6hd2t,"N95","Mr. Morale & The Big Steppers","Kendrick Lamar",2022-05-13,195950,3,true,,2022-05-16T10:23:31Z,"hip hop,hip hop de la costa oeste","pgLang/Top Dawg Entertainment/Aftermath/Interscope Records",0.79,0.67,1,-5.527,1,0.105,0.377,0.00000232,0.119,0.408,139.956,4
spotify:track:2OiVXw1ieDk0vxMFzpPaic,"Tiempo y Silencio","São Vicente di Longe","Cesária Evora;Pedro Guerra",2001-03-29,198000,53,false,,2022-05-15T14:13:26Z,"fado,trova,nueva trova,cantautores,folk latino,bolero","RCA Records Label",0.71,0.364,7,-9.01,0,0.0311,0.854,0.00000497,0.204,0.444,120.041,4
spotify:track:3lUQpvfWFcxZC3RYAVGE7F,"I Feel Good","I Feel Good","Pink Sweat$",2021-10-15,136058,61,false,,2022-05-15T08:58:50Z,"","Atlantic Records",0.803,0.75,11,-4.67,1,0.0551,0.0233,0.0000387,0.045,0.628,106,4
spotify:track:1douAhtB2HqZXjO580glaK,"Plat","Plat","Umpa",2021-08-06,141951,0,false,,2022-05-15T00:45:36Z,"shatta,soca,dancehall","Fox Fuse",0.605,0.683,6,-6.12,0,0.368,0.00174,0.322,0.055,0.678,153.784,5
spotify:track:0ecC8p17cDNlxHXkuYqeR6,"Surrender","Surrender","Natalie Taylor",2019-10-29,183103,70,false,,2022-05-09T07:34:02Z,"","Columbia",0.39,0.448,5,-8.57,0,0.0276,0.8,0.182,0.107,0.077,144.89,5
spotify:track:7fWotHT92my4vLN713vFTa,"D O D O","Fleur froide - Second état : la cristallisation","Tayc",2021-11-19,179240,0,false,,2022-05-08T22:19:34Z,"r&b francés,pop urbaine,afrobeats,afrobeat","Play Two",0.678,0.646,5,-7.996,0,0.112,0.304,0.000405,0.154,0.582,98.816,4
spotify:track:3Q5cLvkKsHJvYltf8k7HkO,"Ego Death (feat. Kanye West, FKA twigs & Skrillex)","Featuring Ty Dolla $ign","Ty Dolla $ign;FKA twigs;Skrillex;Kanye West",2020-10-22,231618,64,false,,2022-05-08T10:40:04Z,"trap soul,art pop,r&b alternativo,dubstep,edm,electro,electrónica,rap","Atlantic Records",0.818,0.598,10,-5.948,0,0.113,0.0573,0.00000132,0.634,0.331,111.052,4
spotify:track:5e7KhiI6313ZsVQutn6hiH,"Soulflower","Soulflower","Noah Slee",2019-07-05,215010,23,false,,2022-05-08T07:59:37Z,"indie soul","HAVELU Records",0.749,0.636,10,-7.954,0,0.0491,0.41,0.0000704,0.149,0.575,145.074,4
spotify:track:2RISD4aJrioDB54exm5WWM,"Fall in Love (feat. Ciscero)","Fall in Love (feat. Ciscero)","GoldLink;Ciscero",2016-08-26,184571,46,true,,2022-05-06T22:36:37Z,"jazz rap","Squaaash Club/RCA Records",0.627,0.837,1,-7.162,1,0.36,0.058,0.000567,0.328,0.504,105.105,4
spotify:track:5hgnY0mVcVetszbb85qeDg,"Partition","BEYONCÉ [Platinum Edition]","Beyoncé",2014-11-24,319466,75,true,,2022-05-06T22:21:21Z,"","Parkwood Entertainment/Columbia",0.418,0.441,11,-11.522,0,0.283,0.029,0.0707,0.306,0.172,175.928,4
spotify:track:7e2vCAtcYXuM8JOUqIZ9GQ,"Laptop","Tombolo","Kalash;Maureen",2022-04-29,167600,66,true,,2022-05-03T10:10:13Z,"shatta,rap francés,dancehall,zouk,pop urbaine,kompa","Play Two",0.949,0.485,0,-6.405,1,0.15,0.0863,0.038,0.122,0.353,102.48,4
spotify:track:4Rrj1QxDqsj28gv9SiHQRA,"Out of Time - KAYTRANADA Remix","Out Of Time (Remix Bundle)","The Weeknd;KAYTRANADA",2022-04-22,275555,43,false,,2022-04-29T16:25:01Z,"","XO / Republic Records",0.742,0.599,1,-8.796,1,0.297,0.0962,0.000578,0.0981,0.573,108.283,4
spotify:track:01T6sBu7sH9ptbJcDw43Go,"Zenit","Zenit","Ayax y Prok;Blasfem",2022-04-21,146250,36,false,,2022-04-29T16:24:34Z,"rap","Prok",0.628,0.907,6,-3.57,0,0.319,0.252,0,0.316,0.614,91.934,4
spotify:track:6VaZy3CmYDMafPC6myZDeZ,"My Man","My Man","Yemi Alade;Kranium",2022-04-08,218181,0,false,,2022-04-29T16:23:40Z,"afrobeats,afrobeat,azonto,afropop,dancehall,soca,afroswing","Effyzzie Music Group",0.732,0.763,11,-4.237,0,0.0926,0.354,0.00288,0.075,0.67,99.156,4
spotify:track:5GdeEPWOJ66ciNYjDl8bkx,"Mistica","A Lo Cubano","Orishas",1999,264973,58,false,,2022-04-28T16:02:11Z,"hip hop latino,música alternativa latina,son cubano,latina","EMI France",0.795,0.732,9,-8.343,0,0.183,0.0795,0.000257,0.0827,0.926,168.156,4
spotify:track:060eJ9B1LFi7INFiIXOZj7,"Let me know","Let Me Know","Kadeem Tyrell",2018-01-02,248502,0,false,,2022-04-27T14:15:09Z,"r&b británico,neo soul","Open Your Mind",0.627,0.535,11,-6.469,0,0.185,0.564,0.000154,0.384,0.597,85.023,4
spotify:track:4rdPNHlIYUbSfa4iuQ7ccz,"Mr. Wrong","My Life II...The Journey Continues (Act 1)","Mary J. Blige;Drake",2011-01-01,241866,62,false,,2022-04-27T11:23:10Z,"r&b,rap","Geffen*",0.694,0.674,0,-4.991,0,0.164,0.202,0.0000122,0.138,0.46,143.067,4
spotify:track:2xkZjneR9X9NQ1xXSi0HqR,"American Beauty","The Realness","Cormega",2001-07-24,123720,0,true,,2022-04-27T00:00:25Z,"hip hop de la costa este","Aura",0.728,0.525,0,-10.477,1,0.37,0.825,0,0.108,0.569,91.461,4
spotify:track:7zF8R12fP9fX4b11arc1FP,"Cruel","Cruel","OBOY",2020-11-06,186461,43,true,,2022-04-22T00:03:54Z,"rap francés,pop urbaine","Syndicate Records",0.729,0.491,6,-8.871,0,0.168,0.312,0,0.101,0.594,141.886,4
spotify:track:6mB77iymlHqhW6csdZixwG,"Culo","Culo","Jose De Las Heras;Ghetto Flow",2019-06-07,171128,52,false,,2022-04-21T23:56:10Z,"flamenco urbano,moombahton,afrobeat latino,dancehall","The Was Music Group",0.662,0.678,8,-5.403,1,0.278,0.0639,0.0473,0.17,0.634,107.775,4
spotify:track:6eqqWm2LkDweTHhz1u5KKo,"1er Gaou","1er Gaou","Magic System",2003-01-01,295146,0,false,,2022-04-20T07:37:15Z,"coupé décalé","Showbox International",0.834,0.674,7,-13.455,0,0.0721,0.124,0,0.0828,0.951,119.039,4
spotify:track:0QIjsbm2fh1cJ45XO9eGqq,"Wake Up in the Sky","Wake Up in the Sky","Gucci Mane;Bruno Mars;Kodak Black",2018-09-14,204664,74,true,,2022-04-19T00:21:32Z,"hip hop sureño americano,rap,trap","Guwop Enterprises/Atlantic",0.8,0.578,4,-5.144,0,0.0485,0.00381,0,0.359,0.367,143.01,4
spotify:track:1wg19chzByanxCC8mKc8SI,"Taco","Taco","IDK",2022-04-08,144868,28,true,,2022-04-18T11:19:42Z,"","Clue/Warner Records",0.656,0.805,1,-7.341,0,0.364,0.0373,0,0.676,0.781,105.924,4
spotify:track:6IFOw9Ck9mWHRQgw6QrPYx,"Music (feat. Marvin Gaye)","Music","Erick Sermon;Marvin Gaye",2001-10-29,223133,58,true,,2022-04-18T09:09:20Z,"hip hop de la costa este,hip hop old school,motown,soul clásico,soul,northern soul,quiet storm","J Records",0.897,0.466,10,-9.053,0,0.203,0.187,0.00000135,0.0757,0.884,100.01,4
spotify:track:4oDZ5L8izBals6jKBJDBcX,"Your Love","Play Deep","The Outfield",1985-06-29,216466,7,false,,2022-04-15T06:02:28Z,"","Columbia/Legacy",0.579,0.654,1,-12.421,0,0.0553,0.121,0.00000362,0.0673,0.616,129.537,4
spotify:track:5qF9vwRZIzBCR1iDUDkU8W,"FWM","FWM","Tone Stith",2021-06-11,196656,45,true,,2022-04-14T18:25:27Z,"trap soul,r&b","BPG/RCA Records",0.615,0.551,7,-6.763,0,0.144,0.285,0.00105,0.109,0.363,142.019,4
spotify:track:1NeJwPGz8hAALUmgxfJBvu,"Freak of the Week","Cooking with Pagans","Freak Kitchen",2014-09-02,259560,38,false,,2022-04-12T09:16:46Z,"metal progresivo","TSP-Thunderstruck Productions",0.352,0.834,1,-6.373,1,0.0427,0.000527,0.00385,0.117,0.499,171.081,3
spotify:track:3aOmRscxeXJqnywqdjyoEN,"MAMA","MAMA","Kidd Keo",2022-03-06,265116,55,true,,2022-04-12T09:16:12Z,"trap,trap argentino","WEA Latina",0.868,0.42,0,-11.167,1,0.262,0.236,0,0.225,0.454,86.001,4
spotify:track:7kbKXgIpWuljf9WUYoelqg,"Rakata - Remix","Rakata (Remix)","Moncho Chavea;Yotuel;Original Elias;C de Cama;Omar Montes;Mala Rodríguez;Rvfv;Beatriz Luengo;Nyno Vargas",2021-09-02,329920,51,false,,2022-04-12T09:14:06Z,"flamenco,flamenco urbano,flamenco pop,hip hop latino","Universal Music Spain S.L.",0.627,0.794,1,-4.687,1,0.197,0.0759,0.0000157,0.29,0.797,98.79,4
spotify:track:3mr6uMx3OzaqKMvk9csJm1,"LA OLA","LEGENDADDY","Daddy Yankee",2022-03-25,191533,47,false,,2022-04-12T09:11:57Z,"reggaetón,latina","Republic Records",0.78,0.598,1,-4.062,0,0.101,0.127,0.0314,0.104,0.882,168.078,4
spotify:track:2SLwbpExuoBDZBpjfefCtV,"Out of Time","Dawn FM","The Weeknd",2022-01-06,214193,80,false,,2022-04-12T09:11:49Z,"","XO / Republic Records",0.65,0.76,0,-4.422,0,0.0446,0.255,0,0.339,0.838,93.057,4
spotify:track:70jjParnrP2X3mOVkoljGE,"Ye Not Crazy","Ye Not Crazy","Joyner Lucas",2022-04-01,226758,0,true,,2022-04-12T09:11:40Z,"","Twenty Nine Music Group",0.862,0.547,8,-9.557,1,0.333,0.144,0,0.0691,0.645,145.191,4
spotify:track:4A4WBqGZmp80B5mI824Rx5,"STRONG FRIENDS","GHETTO GODS","EARTHGANG",2022-02-25,279340,29,true,,2022-04-12T09:10:28Z,"","Dreamville/Interscope",0.412,0.612,5,-7.149,0,0.0799,0.526,0,0.292,0.532,85.264,3
spotify:track:6FDeouZz4liRfuXB7CjeEg,"No Effort","No Effort","Princess Nokia",2022-03-18,168666,46,true,,2022-04-12T09:10:09Z,"","Arista Records",0.916,0.718,0,-5.99,1,0.154,0.035,0.0000223,0.305,0.515,105.957,4
spotify:track:3Icnj3FRBYCl2m2hF6cATP,"Asthma Pump (feat. Flo Milli)","Asthma Pump (feat. Flo Milli)","Tay Money;Flo Milli",2021-03-19,178973,0,true,,2022-04-09T20:48:41Z,"","Tay Money",0.908,0.663,1,-4.032,1,0.359,0.0163,0,0.287,0.399,119.983,4
spotify:track:0uDxsPAVs2Hu6OQ7XlUWo2,"El Baile Del Perrito","La Batalla","Anthony Santos",1993-02-01,491200,41,false,,2022-04-08T06:54:23Z,"bachata,merengue","PLATANO RECORDS",0.58,0.73,2,-12.601,1,0.0563,0.106,0.00077,0.06,0.84,169.328,4
spotify:track:1AajFWbXbqpomHwLb3vYC3,"Me & U - US Version","Me & U","Cassie",2006-08-14,191519,48,false,,2022-03-25T20:27:17Z,"","Bad Boy Records",0.806,0.455,11,-4.494,1,0.0319,0.362,0,0.0961,0.739,100.015,4
spotify:track:4cXLQrYdvNNRGg6fpCxWT2,"When You Know (Where You Come From)","Rock Believer (Deluxe)","Scorpions",2022-02-25,262146,55,false,,2022-03-24T02:30:59Z,"hard rock,glam metal,rock","Vertigo Berlin",0.45,0.618,2,-3.522,0,0.0308,0.26,0,0.121,0.291,147.96,4
spotify:track:71si6qnqug1pf2qHgRxMDV,"Again","Again","Black Stone Cherry",2020-08-06,235672,0,false,,2022-03-24T02:18:24Z,"rock sureño,post-grunge,hard rock","Mascot Records",0.625,0.928,1,-3.054,1,0.0316,0.0000986,0.00207,0.0937,0.456,98.025,4
spotify:track:79QwXzvJjPPU97g71xD8gk,"Hala","Hala","Caravan Trip;BEJO",2019-11-17,126896,14,true,,2022-03-24T02:12:57Z,"","Little Red Corvette Records",0.831,0.497,7,-7.923,1,0.279,0.0555,0.00000182,0.684,0.939,87.023,4
spotify:track:3RmKpob8xzv1pzHEQrMJah,"Let Me Blow Ya Mind","Scorpion","Eve;Gwen Stefani",2001-03-06,230133,74,true,,2022-03-24T02:02:49Z,"","Ruff Ryders RECORDS",0.908,0.557,8,-4.243,0,0.107,0.242,0,0.0709,0.897,90.032,4
spotify:track:0sTW8OzAchJDkwQOfAQgD3,"Get Involved","The PJs","Raphael Saadiq;Q-Tip",1999-06-15,194693,58,true,,2022-03-24T02:00:38Z,"neo soul,soul,retro soul,hip hop de la costa este","All Love",0.852,0.526,0,-5.099,0,0.0515,0.0145,0.000461,0.0772,0.762,97.984,4
spotify:track:4A9kMqwijHsdsnkoluwkoJ,"Your Body","Your Body","Valentino Khan;NITTI",2021-07-16,157500,47,false,,2022-03-24T00:54:48Z,"bass house,moombahton,g-house","Spinnin' Records",0.819,0.96,4,-0.166,1,0.0787,0.00374,0.605,0.0382,0.775,128.042,4
spotify:track:7oWg1CUHHJGr5TUwFf6LAP,"Gentleman (feat. T-Pain) - Remix","Gentleman","Gallant;T-Pain",2019-04-03,221422,25,true,,2022-03-17T08:21:28Z,"r&b alternativo","Mind of a Genius/Warner Records",0.538,0.691,4,-5.304,0,0.195,0.36,0,0.212,0.472,106.633,4
spotify:track:2o0hVSbnkdvDDKKVNaUxnB,"La bohème","La Bohème (Remastered 2014)","Charles Aznavour",1966,245186,1,false,,2022-03-15T08:33:29Z,"chanson,variété francesa,jazz francés","Universal Music Division Barclay",0.377,0.337,0,-7.346,0,0.0341,0.808,0,0.238,0.545,117.316,3
spotify:track:1OxcIUqVmVYxT6427tbhDW,"Fly Away","5","Lenny Kravitz",1998-05-12,221332,82,false,,2022-03-13T12:04:34Z,"","Virgin Records",0.587,0.872,7,-5.066,1,0.0484,0.018,0,0.622,0.735,159.925,4
spotify:track:3Hb9kUdm4yf839Fle4RIdT,"Parado no Bailão","Parado no Bailão","MC L da Vinte;MC Gury;DJ Swat",2018-07-23,171692,79,false,,2022-03-08T20:42:23Z,"funk brasileño,funk de belo horizonte,funk carioca","Onerpm",0.828,0.599,11,-1.624,1,0.149,0.381,0,0.0775,0.478,86.533,5
spotify:track:0CVEGScc3aIMdp7Dkga7Qd,"Ta Lá Dar","Panamera","Preto Show;Gaia Beat",2017-02-13,181000,0,true,,2022-03-08T19:23:57Z,"kuduro,kizomba,afro house,zouk,hip hop portugués","Preto Show",0.474,0.638,11,-7.686,0,0.198,0.26,0.775,0.0762,0.855,188.837,3
spotify:track:3XXCY0gZkBy0wO0COTNvfA,"Mariposa","Star Talent Anime Concert, Vol. 1","Cesar Franco",2013-06-24,256973,0,false,,2022-03-05T20:49:41Z,"anime","Prodisc",0.339,0.972,9,-1.712,1,0.0873,0.0527,0,0.0855,0.496,164.823,4
spotify:track:2NVpYQqdraEcQwqT7GhUkh,"Ain't Nobody","Epiphany: The Best of Chaka Khan, Vol. 1","Chaka Khan",1996-11-08,280853,70,false,,2022-02-25T20:40:36Z,"","Reprise",0.8,0.878,1,-7.109,1,0.0434,0.189,0.000104,0.14,0.816,104.282,4
spotify:track:5ry6DGjhCKVdo6ewfwhJqd,"Majestic","La La Land","Wax Fang",2010-05-11,337053,0,false,,2022-02-24T22:37:00Z,"","Absolutely Kosher",0.498,0.355,2,-8.882,1,0.0289,0.445,0.0882,0.115,0.276,155.05,3
spotify:track:2SLZ2rX5773RS16mcqBxG7,"Peaches & Cream","Part III","112",2001,193093,67,false,,2022-02-24T22:26:25Z,"r&b","Rhino Atlantic",0.677,0.52,4,-6.255,0,0.334,0.00277,0,0.0532,0.768,203.862,4
spotify:track:0ikz6tENMONtK6qGkOrU3c,"Wake Me Up Before You Go-Go","Make It Big","Wham!",1984-10-23,231333,82,false,,2022-02-24T22:23:18Z,"navidad","Columbia",0.62,0.573,0,-11.893,1,0.0423,0.271,0,0.0607,0.897,81.548,4
spotify:track:2iw9YJMQee4QQxeAknC70K,"No","Bussin'","Devin Morrison",2019-04-03,239214,0,false,,2022-02-23T23:13:17Z,"neo soul","NBN",0.783,0.341,1,-11.534,0,0.4,0.419,0,0.134,0.511,91.036,4
spotify:track:5CGJi24W5W9Ul8Oj4yBEjo,"Go (feat. Krisy)","Platinum","PLK;Krisy",2018-03-30,193017,44,true,,2022-02-23T23:11:59Z,"rap francés,pop urbaine,r&b francés","Panenka Music",0.752,0.573,10,-6.913,0,0.237,0.379,0.0000068,0.115,0.525,105.911,4
spotify:track:1t2ZxgMhUmOprCILh0UjlX,"Life of a Sinner","True 2 the Streets: G-Funk Hood Classics","Sinister",2000-11-07,265253,32,true,,2022-02-23T23:09:10Z,"g-funk,hip hop de la costa oeste","RED Solar Music",0.819,0.618,11,-6.144,0,0.168,0.46,0.148,0.105,0.851,94.283,4
spotify:track:03M43BuPcn8LapDoNIosPD,"U Better Recognize - Remix","Nothin' but the Cavi Hit: G-Funk Favorites","Sam Sneed",2000-11-07,240922,38,true,,2022-02-23T23:06:57Z,"g-funk,hip hop de la costa oeste,rap gangster,hip hop old school","RED Solar Music",0.74,0.805,6,-4.801,0,0.247,0.0581,0,0.0499,0.5,90.176,4
spotify:track:16mVMRo6kONvduq4GT0gXY,"Distant","Distant","Sage Pee",2021-01-15,180645,0,false,,2022-02-23T23:05:52Z,"r&b francés,rap francés","TRES HAUT",0.713,0.534,0,-9.482,0,0.0479,0.236,0.409,0.119,0.513,93.002,4
spotify:track:2HokeQm5QoDZ4ayL1VW6P2,"Flamez","Left Is Right","TroyBoi",2017-08-25,254814,29,false,,2022-02-23T23:01:45Z,"edm trap","T Dot Music / Sunset Entertainment Group",0.773,0.841,10,-2.308,1,0.321,0.163,0.695,0.561,0.473,80.975,4
spotify:track:4WY3HyGXsWqjFRCVD6gnTe,"Baby Boy (feat. Sean Paul)","Dangerously In Love","Beyoncé;Sean Paul",2003-06-24,244826,72,false,,2022-02-23T10:51:08Z,"dancehall","Columbia",0.655,0.488,1,-9.17,1,0.22,0.0825,0.00000116,0.221,0.791,91.025,4
spotify:track:1nQRg9q9uwALGzouOX5OyQ,"Radio Ga Ga - Remastered 2011","The Works (2011 Remaster)","Queen",1984-02-27,348226,66,false,,2022-02-22T12:35:21Z,"rock clásico,rock,glam rock","EMI",0.744,0.502,5,-7.719,1,0.0359,0.183,0.000228,0.189,0.66,112.344,4
spotify:track:4PgMRk7oJmRzJOngQlONBa,"ODG","Body Of Work","Eltee Skhillz",2022-01-12,193805,0,false,,2022-02-20T00:09:53Z,"bongo piano,afrobeats,afropiano,amapiano,afrobeat,bongo flava,afropop","Krisvosa Entertainment",0.883,0.815,7,-5.682,1,0.0558,0.278,0.0855,0.16,0.66,113.003,4
spotify:track:42Ue3YiL4Mt0nmnRdGlBba,"I Don't Wanna Work","I Don't Wanna Work","Valerio",2015-12-10,175448,0,false,,2022-02-19T21:35:35Z,"bachata","Valerio",0.898,0.542,9,-7.585,0,0.139,0.163,0.0000115,0.17,0.634,140.007,4
spotify:track:20TnXqrq0vCKVGNP45VEAg,"Abusadora","La Revolucion (Deluxe)","Wisin & Yandel",2009-01-01,180386,0,false,,2022-02-19T19:47:24Z,"reggaetón,urbano latino","Universal Music Argentina S.A.",0.775,0.786,1,-4.59,0,0.0503,0.0419,0.000413,0.0875,0.19,114.996,4
spotify:track:249Z7XT6mf8B2zuI0RaeS0,"Violent Pornography","Mezmerize","System Of A Down",2005-05-17,211333,74,true,,2022-02-13T10:16:00Z,"nu metal,metal,metal alternativo,rap metal,rock","American/Columbia",0.459,0.958,6,-2.333,1,0.0877,0.0283,0,0.108,0.586,142.707,4
spotify:track:31RTFPrB7wmYBhlkM2ILXG,"Sugar","System Of A Down (Deluxe Version)","System Of A Down",1998,153800,7,true,,2022-02-13T10:14:31Z,"nu metal,metal,metal alternativo,rap metal,rock","American/Columbia",0.451,0.889,1,-2.693,1,0.261,0.00167,0.00215,0.258,0.586,131.073,4
spotify:track:5CTj6t8M4n8ft81jN8o1S7,"Comerte a Besos - Salsa Version","Por Tu Placer","Frankie Negrón;Mario de Jesús;Sergio George",2001-08-14,269800,44,false,,2022-02-13T08:51:00Z,"salsa,merengue,bolero","WEA Latina",0.464,0.848,11,-5.214,0,0.0698,0.372,0,0.421,0.657,97.747,4
spotify:track:028MkfDdEe6uyIkuJVj0cb,"Acuetate (feat. Tivi Gunz, Haraca Kiko, Capitan Aloo, El Fother & Kiko el Crazy)","Acuetate (feat. Tivi Gunz, Haraca Kiko, Capitan Aloo, El Fother & Kiko el Crazy)","El Alfa;Chael Produciendo;Yomel El Meloso;Tivi Gunz;Haraca Kiko;Capitan Aloo;El Fother;Kiko el Crazy",2021-05-26,248000,0,false,,2022-02-10T21:45:41Z,"dembow,urbano latino,latina","El Jefe Records",0.902,0.933,0,-0.981,1,0.108,0.125,0.00193,0.312,0.769,123.999,4
spotify:track:25hOVBThMFIfNcIgOgRsR6,"OCCASION - A COLORS SHOW","OCCASION - A COLORS SHOW","SIPHO.;COLORS",2022-01-17,211282,33,false,,2022-02-09T09:10:28Z,"r&b británico,r&b alternativo","COLORSxSTUDIOS",0.354,0.344,2,-9.411,1,0.077,0.937,0,0.096,0.241,174.818,4
spotify:track:3xRH6FPVtheDyNla3T1FE7,"Hrs and Hrs","Public Displays Of Affection","Muni Long",2021-11-19,204316,0,true,,2022-02-07T00:16:30Z,"","Supergiant Records",0.511,0.525,8,-4.595,0,0.183,0.604,0,0.111,0.661,139.885,3
spotify:track:1bAy16OKep71WF9mbaIhgZ,"Tic Tac - Viejo Vive","Tic Tac (Viejo Vive)","El Jincho",2021-03-07,204631,0,true,,2022-02-04T09:09:23Z,"","Rapport Digital Music",0.77,0.883,7,-4.787,1,0.336,0.0827,0.0000261,0.0713,0.855,189.968,4
spotify:track:5NT67c2bpzilrBSc73JEoc,"wys?","Insert Project Name","AYLØ;Santi",2017-09-22,165333,0,true,,2022-02-02T22:10:28Z,"alté,r&b afro,afro soul","Independent",0.924,0.579,5,-8.115,0,0.429,0.578,0.000808,0.0859,0.749,120.055,3
spotify:track:6akfq2c0QE3ujkWTxkQ2EY,"Chemtrails","Chemtrails","Pimp Flaco;Kinder Malo",2016-12-07,194260,0,true,,2022-02-02T22:06:47Z,"","Dora Black",0.6,0.783,11,-6.597,0,0.26,0.247,0,0.166,0.609,160.063,4
spotify:track:7CAbF0By0Fpnbiu6Xn5ZF7,"Kingslayer (feat. BABYMETAL)","POST HUMAN: SURVIVAL HORROR","Bring Me The Horizon;BABYMETAL",2020-10-30,220041,76,true,,2022-01-31T11:26:50Z,"metalcore,emo,rock,screamo,metal,rock japonés","RCA Records Label",0.434,0.929,1,-2.749,1,0.147,0.000207,0.00109,0.0916,0.428,92.541,4
spotify:track:05gZLyOQphrQN86Jn2urCP,"TRACK UNO","99.9%","KAYTRANADA",2016-05-06,344120,47,false,,2022-01-24T12:01:52Z,"","XL Recordings",0.843,0.448,0,-10.398,1,0.316,0.0126,0.000944,0.0826,0.172,119.564,4
spotify:track:5j3wzSS6z80VEs71O0gysC,"Hace Calor","Hace Calor","Kaleb Di Masi;Omar Varela",2021-12-10,201197,53,false,,2022-01-24T01:41:08Z,"rkt,turreo,trap argentino,trap","Wapeo",0.905,0.55,5,-6.466,0,0.0674,0.239,0.119,0.0817,0.362,129.976,4
spotify:track:0lP4HYLmvowOKdsQ7CVkuq,"The Kill","A Beautiful Lie","Thirty Seconds To Mars",2005-08-16,231533,83,false,,2022-01-23T09:36:27Z,"","Virgin Records",0.179,0.912,4,-3.881,0,0.0791,0.0014,0.000294,0.582,0.289,182.99,3
spotify:track:5xoftVQDjeQusLR3LQLsB6,"Dímelo","Dímelo","Carrion GodBle$$;J.Moods",2019-06-11,219775,23,true,,2022-01-20T08:50:06Z,"","Spacehammu Records",0.617,0.629,6,-6.302,0,0.331,0.769,0.00000941,0.109,0.887,103.921,4
spotify:track:5soMJpcVhSrGrB4prvPL6P,"Rip & Tear","Doom (Original Game Soundtrack)","Mick Gordon",2016-09-28,257734,20,false,,2022-01-18T21:15:51Z,"","Bethesda Softworks",0.506,0.882,9,-8.683,1,0.0737,0.000655,0.795,0.174,0.14,107.994,4
spotify:track:0jqK7sGTLsHPkQrrcrGuKD,"Still Waiting","Does This Look Infected?","Sum 41",2002-01-01,158733,74,true,,2022-01-15T09:28:32Z,"pop punk,punk,skate punk","Island Records",0.431,0.95,7,-4.918,1,0.26,0.00105,0.0000363,0.272,0.562,191.941,4
spotify:track:7bH9S0IHoM5kznWf1432zZ,"Lift Me Up","Lift Me Up","Tyga",2021-11-19,168224,61,true,,2022-01-14T11:22:19Z,"","Last Kings Music / EMPIRE",0.913,0.534,9,-6.048,1,0.0571,0.0163,0.000875,0.269,0.312,107.054,4
spotify:track:1uB8XTI9vgWZQQRC7xlw0X,"Pop That Trunk","Pop That Trunk","Juicy J;Wiz Khalifa",2021-12-03,192353,37,true,,2022-01-14T11:21:54Z,"crunk","Trippy Music LLC",0.978,0.775,1,-5.975,1,0.0774,0.0111,0.00000171,0.151,0.647,129.969,4
spotify:track:2GK3qCHRnRLs3wxdvKQ3Zr,"Este Tema Maste","Este Tema Maste","El Alfa",2021-11-30,204827,0,true,,2022-01-14T11:21:17Z,"dembow,urbano latino,latina","El Jefe Records",0.921,0.728,10,-6.218,0,0.11,0.19,0.0199,0.345,0.833,116.049,4
spotify:track:6lknMmJZALXxx7emwwZWLX,"Frozen","Frozen","Madonna;Sickick",2021-12-03,120157,69,false,,2022-01-14T11:20:52Z,"","Artist Partner Group Inc. / Warner Records",0.706,0.633,1,-9.584,1,0.0419,0.267,0.0192,0.175,0.375,110.005,4
spotify:track:2romlZZi2Ypdik8KPjpv6X,"Foki","Foki","Tribal Kush;Alex Sargo;La Toya Linger;Willie Wartaal",2022-01-07,144000,0,true,,2022-01-14T11:20:23Z,"dancehall,shatta,moombahton","Basshall Records",0.845,0.605,4,-6.969,0,0.31,0.0202,0.000404,0.126,0.894,94.977,4
spotify:track:2OAfIt4rf4GFIceIUB8U6L,"Take My Breath (Remix) (feat. Agents of Time)","Dawn FM (Alternate World)","The Weeknd;Agents Of Time",2022-01-07,368661,0,false,,2022-01-14T11:19:13Z,"techno melódico,house melódico,techno","XO / Republic Records",0.649,0.835,10,-8.611,0,0.0464,0.0402,0.575,0.112,0.457,124.999,4
spotify:track:1lB6TCFlx4f50wdetOuGcT,"What You Won't Do for Love","What You Won't Do for Love","Bobby Caldwell",1978-08-19,286493,0,false,,2022-01-14T08:50:20Z,"yacht rock","Big Deal Records",0.642,0.397,6,-16.842,1,0.0639,0.461,0.000834,0.106,0.798,84.064,4
spotify:track:0COqiPhxzoWICwFCS4eZcp,"Bring Me To Life","Fallen","Evanescence",2003-03-04,235893,92,false,,2022-01-12T09:44:37Z,"metal alternativo","The Bicycle Music Company",0.331,0.943,4,-3.188,0,0.0698,0.00721,0.00000206,0.242,0.296,94.612,4
spotify:track:1FrzDVkYmjBNyXVJqn21w7,"No Smut On My Name (Snoop Dogg feat. Battle Locco & Kokane)","Snoop Dogg Presents Algorithm","Snoop Dogg;Battle Locco;Kokane",2021-11-19,153858,13,true,,2022-01-12T08:36:45Z,"g-funk,hip hop de la costa oeste,rap gangster,hip hop old school,hip hop,rap","Def Jam Recordings",0.631,0.666,7,-3.682,1,0.41,0.258,0,0.17,0.595,101.518,4
spotify:track:5ByAIlEEnxYdvpnezg7HTX,"Juicy - 2005 Remaster","Ready to Die (The Remaster)","The Notorious B.I.G.",1994-09-13,302760,78,true,,2022-01-11T09:47:05Z,"hip hop old school,rap gangster,hip hop de la costa este,hip hop","Bad Boy Records",0.889,0.818,9,-4.639,1,0.253,0.47,0,0.179,0.782,96.063,4
spotify:track:49hAL0xPGPpjnshjQA22tq,"Goudou","Bansky","H Magnum",2021-11-26,139426,33,true,,2022-01-10T23:47:35Z,"pop urbaine,r&b francés,rap francés","Magnum Publishing",0.709,0.697,8,-7.084,0,0.296,0.427,0.00427,0.258,0.603,189.79,4
spotify:track:57DSC66KdF03BXZM1rdnvq,"BEEN KNOWN - A COLORS SHOW","BEEN KNOWN - A COLORS SHOW","Zebra Katz",2020-04-09,146947,20,true,,2022-01-09T10:26:30Z,"voguing,hip house","COLORSxSTUDIOS",0.912,0.588,8,-9.472,0,0.406,0.106,0.00146,0.293,0.784,130.035,4
spotify:track:6TY5Ok3vlQWPIZhxh1hWiX,"Move On","Run The Clock","JahZee",2020-12-18,219500,0,true,,2022-01-09T10:23:05Z,"","Better Off Silent",0.872,0.528,3,-9.399,1,0.183,0.737,0.00000162,0.112,0.482,103.017,4
spotify:track:4vzV11MKDc82D9r1YV61MQ,"Moonlight in Atlanta","Moonlight in Atlanta","Russ",2016-01-15,163500,54,true,,2021-12-23T20:53:23Z,"","DIEMON",0.514,0.32,9,-9.669,1,0.144,0.891,0,0.0977,0.236,76.916,4
spotify:track:3XjRIN9vEt35lm1iStPcgq,"Todo Va a Estar Bien","Todo Va a Estar Bien","Santa Fe Klan;Big Soto;Neto Peña",2021-07-01,267796,0,false,,2021-12-23T08:23:27Z,"hip hop mexicano,hip hop latino,urbano latino,trap latino","473 Music",0.611,0.66,4,-6.49,0,0.381,0.734,0,0.0636,0.582,137.668,1
spotify:track:20on25jryn53hWghthWWW3,"Do It To It","Do It To It","ACRAZE;Cherish",2021-08-20,157890,22,false,,2021-12-11T07:19:59Z,"tech house","Thrive Music, LLC",0.854,0.806,11,-8.262,0,0.0886,0.0209,0.0542,0.0703,0.637,124.927,4
spotify:track:5q6RxN2jOHbwfHpWVZQPdc,"You're Too Close (Acoustic)","You're Too Close (Acoustic)","Francis Karel",2021-04-07,246855,0,false,,2021-12-09T09:19:14Z,"","Francis Karel",0.542,0.371,3,-5.23,0,0.0279,0.829,0,0.109,0.339,96.073,4
spotify:track:7qEHsqek33rTcFNT9PFqLf,"Someone You Loved","Divinely Uninspired To A Hellish Extent","Lewis Capaldi",2019-05-17,182160,88,false,,2021-12-07T17:54:23Z,"pop suave","Vertigo Berlin",0.501,0.405,1,-5.679,1,0.0319,0.751,0,0.105,0.446,109.891,4
spotify:track:7vvRkLPIvfjjmCIqNxBuEZ,"Back To Life","Keep On Movin'","Soul II Soul;Caron Wheeler",1989-01-01,228266,71,false,,2021-12-04T08:09:29Z,"new jack swing","Virgin",0.817,0.484,7,-11.659,1,0.143,0.0515,0.000213,0.0391,0.671,100.978,4
spotify:track:5Mv7yjian35AddlklJgg1v,"Switch A Nigga Out","Still Over It","Summer Walker",2021-11-05,177542,61,true,,2021-12-02T10:43:40Z,"r&b","LVRN/Interscope Records",0.573,0.289,2,-9.532,1,0.0953,0.199,0.0000105,0.101,0.0393,99.96,4
spotify:track:7iqOIHHEmu6Vhw25GgQ2eA,"Una Nota","JOSE","J Balvin;Sech",2021-09-10,170760,59,false,,2021-11-29T13:42:16Z,"reggaetón,latina,urbano latino","Sueños Globales, LLC",0.662,0.788,3,-4.55,0,0.205,0.0191,0,0.0559,0.711,179.876,4
spotify:track:2gpWyfu7eZ01zzncHpxOtA,"Moth To A Flame (with The Weeknd)","Moth To A Flame","Swedish House Mafia;The Weeknd",2021-10-22,234000,8,false,,2021-11-24T18:36:24Z,"edm","Republic Records",0.542,0.659,8,-7.289,1,0.0389,0.00279,0,0.105,0.109,120.122,4
spotify:track:0k4d5YPDr1r7FX77VdqWez,"You Right","Planet Her","Doja Cat;The Weeknd",2021-06-25,186173,82,true,,2021-11-24T18:36:01Z,"","Kemosabe Records/RCA Records",0.828,0.621,8,-6.414,1,0.0565,0.0164,0.00233,0.0845,0.436,128.986,4
spotify:track:6mG1OLeE9pb227YViv8DH8,"Compliments","Compliments","Bugle;808 Delavega",2021-06-18,196423,11,false,,2021-11-24T13:05:54Z,"dancehall,reggae,riddim,roots reggae,ragga,lovers rock","Evidence Music",0.844,0.493,10,-11.435,0,0.276,0.406,0.0000451,0.13,0.53,128.591,4
spotify:track:7aHKl52jUd9Yyj4q1eegCk,"El Anhelo - Bulerías","Amor","Israel Fernández;Diego del Morao",2020-09-24,209374,44,false,,2021-11-24T11:39:21Z,"flamenco,flamenco urbano,flamenco pop","Universal Music Spain S.L.",0.694,0.794,7,-7.177,1,0.0521,0.717,0.0117,0.167,0.788,119.961,3
spotify:track:4IMXzboyTgeLJSCogApevA,"Dash It","Dash It","Stylo G",2021-08-13,188235,29,true,,2021-11-23T22:24:37Z,"dancehall,hip hop indio,soca,desi hip hop","365 Records Limited",0.593,0.6,6,-7.59,1,0.461,0.204,0,0.138,0.817,136.02,5
spotify:track:3ofAA4Af9EdvSLEtzFjvXt,"MIERDA","Tripi Hapa","BEJO;Cookin Soul",2021-06-18,230110,0,false,,2021-11-23T21:59:19Z,"","8=D",0.626,0.936,0,-2.346,0,0.248,0.475,0,0.125,0.848,167.978,4
spotify:track:6UZwhCqEArSOG9Y97bnUAN,"Fiesta (Bulería) - A COLORS SHOW","Fiesta (Bulería)","Israel Fernández",2021-11-22,155959,43,false,,2021-11-23T21:59:11Z,"flamenco,flamenco urbano,flamenco pop","Universal Music Spain S.L.",0.78,0.603,10,-8.334,0,0.269,0.828,0.0000884,0.0319,0.679,129.295,4
spotify:track:7IyvL95ZbSsuo12iqpiO4I,"Tears and Rain","Back to Bedlam","James Blunt",2005-10-04,244226,47,false,,2021-11-18T10:13:44Z,"","Atlantic Records",0.435,0.489,7,-7.519,1,0.0301,0.555,0.000246,0.107,0.178,169.861,4
spotify:track:4Nqnib7aOu8EyBlI6Zcn7i,"Tu Ya Sa","Tu Ya Sa","MCKEA;Oskar Klap",2019-04-12,217426,0,true,,2021-11-13T15:34:00Z,"hip hop latino","MCKEA",0.828,0.714,2,-6.331,1,0.492,0.327,0.000837,0.1,0.901,94.13,4
spotify:track:7BPBKDibbRfn04ke3sgMUk,"Mad Man","Codes","Lou Fresco;La Base;Tru Comers",2018-03-02,252112,0,false,,2021-11-13T13:03:11Z,"hip hop latino,boom bap","VinDig",0.809,0.465,4,-8.418,0,0.214,0.131,0.00045,0.12,0.512,82.42,4
spotify:track:2qmCcm2ceHKQNyO3x4Jlof,"Rien à fêter","OMEGA","OBOY",2019-07-12,165146,44,true,,2021-11-12T07:58:23Z,"rap francés,pop urbaine","Syndicate Records",0.921,0.497,5,-8.133,1,0.16,0.0143,0.00194,0.196,0.528,130.961,4
spotify:track:3OT0LkBENXwVpR0MDClfFf,"Turbio","Turbio","Kiamya;Atari Hanzo",2020-01-22,211948,16,true,,2021-11-12T07:55:30Z,"","1197542 Records DK",0.671,0.663,10,-5.799,0,0.326,0.709,0,0.102,0.571,77.133,4
spotify:track:2pSMjadGmWcUbIF5eqLUxE,"The Battle of the Pelennor Fields","The Lord of the Rings - The Return of the King - The Complete Recordings (Limited Edition)","Howard Shore",2003-12-16,250040,55,false,,2021-11-10T19:22:02Z,"banda sonora,música incidental","Reprise",0.175,0.399,4,-14.865,0,0.0501,0.473,0.959,0.0799,0.069,120.942,5
spotify:track:4iN16F8JtVxG2UTzp3avGl,"Smokin Out The Window","Smokin Out The Window","Bruno Mars;Anderson .Paak;Silk Sonic",2021-11-05,197442,4,false,,2021-11-07T20:43:50Z,"","Aftermath Entertainment/Atlantic",0.627,0.618,2,-8.529,1,0.0437,0.0558,0,0.351,0.848,82.03,4
spotify:track:4xD3DFKtDy9JkOOxcsTy3r,"Cracklanders - Part. I","Cracklanders (Part. I)","Guy2Bezbar",2021-11-04,179880,38,true,,2021-11-07T20:42:07Z,"rap francés,pop urbaine","Blue Magic Corp",0.637,0.678,2,-6.777,0,0.289,0.154,0.0000812,0.0836,0.568,128.882,4
spotify:track:012l2BANUkQGaS6u95640I,"Money On My Mind","Money On My Mind","Sam Smith",2014-01-13,194079,0,false,,2021-11-04T08:04:32Z,"pop suave","Universal Music Division Capitol Music France",0.692,0.813,2,-6.197,1,0.19,0.249,0.000201,0.158,0.714,133.914,4
spotify:track:1TQKEwq4y9SkNciJuisE1m,"Evenstar","The Lord of the Rings: The Two Towers (Original Motion Picture Soundtrack)","Howard Shore",2002-12-02,195600,64,false,,2021-11-02T10:17:25Z,"banda sonora,música incidental","Reprise",0.122,0.0407,4,-26.194,0,0.0457,0.96,0.847,0.104,0.0342,74.418,5
spotify:track:3XoWD042SQWcvCd9JD7rQR,"Like My Weed","Like My Weed","JANE HANDCOCK",2021-10-29,184116,9,false,,2021-10-30T22:39:39Z,"","Def Jam Recordings",0.533,0.711,4,-3.303,1,0.191,0.0256,0.000026,0.333,0.635,76.43,4
spotify:track:14WC3aPKp9cGWMErF8lkza,"October Eyes","October Eyes","Alt Bloom",2019-09-27,147790,47,false,,2021-10-30T22:36:18Z,"canción de autor pop","BigMTN Records",0.618,0.52,4,-9.232,1,0.367,0.719,0.0117,0.146,0.698,144.922,4
spotify:track:1SJEXBCuowCehTtkt983zn,"Delete","Delete","Ape Drums;BEAM",2020-10-14,152231,40,true,,2021-10-29T09:01:49Z,"moombahton,afro tech,afro house","Mad Decent",0.735,0.752,2,-2.453,1,0.308,0.209,0,0.17,0.314,179.773,4
spotify:track:6VZB0ttlqGjpGMAcaomXh9,"Sous le vent","Seul","Garou;Céline Dion",2000-11-06,211293,64,false,,2021-10-24T18:25:53Z,"variété francesa,chanson,chanson québécois","Columbia",0.495,0.501,11,-7.511,1,0.0449,0.499,0,0.0973,0.303,140.616,4
spotify:track:154TjwuLs3DNgrKfH1ecZ0,"She","The Greatest Hits (Deluxe)","Il Divo",2012-11-19,170333,32,false,,2021-10-24T11:06:18Z,"clásica para todos los gustos,ópera","Syco Music UK",0.316,0.261,1,-8.72,1,0.0433,0.833,0,0.165,0.0619,58.794,4
spotify:track:5iE4Iv7dJbad2GqVFrLptz,"Drifting & Burning","Drifting & Burning","Kidd Keo;Yay",2021-09-26,170689,29,false,,2021-10-20T21:37:20Z,"trap,trap argentino,electrocorridos","WEA Latina",0.78,0.764,11,-5.35,1,0.135,0.0023,0.188,0.18,0.542,123.989,4
spotify:track:3U84GeKG4tUHhimhie1aDK,"Big Subwoofer - Single Version","Big Subwoofer","MOUNT WESTMORE;Snoop Dogg;Ice Cube;E-40;Too $hort",2021-10-20,241587,0,true,,2021-10-20T07:36:44Z,"hip hop de la costa oeste,g-funk,rap gangster,hip hop old school,hip hop,rap,hyphy","Def Jam Recordings",0.92,0.547,1,-6.081,1,0.249,0.028,0.00000229,0.234,0.718,89.986,4
spotify:track:0nbwgOqhlWtG0rNib6bs2a,"L'étrangère","Jok'Rambo","Jok'air",2018-12-21,274000,57,true,,2021-10-19T12:20:37Z,"rap francés,r&b francés","Play Two",0.692,0.568,1,-7.369,0,0.368,0.0993,0,0.131,0.458,133.965,4
spotify:track:6iPzFPafHG23FomvNwgOLl,"Every Step Every Way","Majid Jordan","Majid Jordan",2016-02-05,214920,0,false,,2021-10-19T12:02:01Z,"","OVO Sound/Warner Records",0.707,0.492,0,-9.388,1,0.302,0.124,0.0000376,0.103,0.246,105.06,4
spotify:track:3CMHACJ1rZtTyPnFgXOx8U,"Sweet & Sour","Love You Really","Elli Ingram",2017-09-15,204053,33,true,,2021-10-19T11:57:55Z,"r&b británico","Universal-Island Records Ltd.",0.637,0.599,7,-6.856,0,0.199,0.205,0.000001,0.12,0.556,95.845,4
spotify:track:6EJJax3fb88AVZghkXjcxM,"Start Again","Start Again","Sunlike Brothers",2021-07-30,178134,12,false,,2021-10-18T23:50:19Z,"slap house,hipertechno","Kontor Records",0.6,0.954,1,-4.172,1,0.0365,0.00305,0.861,0.345,0.0787,128.024,4
spotify:track:0JOEtmcW5jjlqQVCvOQuKv,"Dansie","Dansie","Heskes;Djaff",2020-10-29,162285,0,false,,2021-10-18T23:49:51Z,"","FFS",0.627,0.528,9,-9.949,1,0.367,0.044,0.00649,0.0542,0.532,197.46,4
spotify:track:2XghxCSGfhpGR2B3ahQXVr,"Lento","Lento","Mr Eazi;J Balvin",2020-12-04,188910,46,false,,2021-10-12T09:06:18Z,"afrobeats,afrobeat,afropop,azonto,afroswing,hiplife,hip hop ghanés,dancehall,reggaetón,latina","Eazi Core Under Exclusive License to emPawa Africa Limited",0.87,0.721,10,-5.311,0,0.11,0.522,0.648,0.108,0.489,92.025,4
spotify:track:33NsHtCX9YxrIhLMgw33yJ,"Bumping (feat. Cráneo & Lasser)","Energeia","Soukin;Juan Rios;Cráneo;Lasser",2017-11-17,228965,0,true,,2021-10-09T05:08:39Z,"lo-fi beats,hip hop lo-fi,lo-fi,ritmos de jazz,acid house","MadPleure",0.855,0.298,2,-10.971,0,0.401,0.755,0.0356,0.0919,0.577,87.065,4
spotify:track:67WTwafOMgegV6ABnBQxcE,"Some Nights","Some Nights","fun.",2012-02-14,277040,75,true,,2021-10-06T12:24:17Z,"","Fueled By Ramen",0.672,0.738,0,-7.045,1,0.0506,0.0178,0.0000675,0.0927,0.392,107.938,4
spotify:track:3CA9pLiwRIGtUBiMjbZmRw,"Nice For What","Scorpion","Drake",2018-06-29,210746,80,true,,2021-10-06T12:18:34Z,"rap","Cash Money/Drake LP6",0.585,0.909,8,-6.474,1,0.0707,0.0891,0.000097,0.119,0.758,93.372,4
spotify:track:285NGish4sNBfqgcUJOXmS,"Slow Motion - Remix","Slow Motion (Remix)","AMARIA BB;Tayc",2021-09-15,168316,49,true,,2021-10-05T21:42:32Z,"dancehall,afroswing,r&b británico,r&b afro,r&b francés,pop urbaine,afrobeats,afrobeat","Play Two",0.435,0.555,1,-8.914,0,0.251,0.283,0.00106,0.105,0.497,86.068,4
spotify:track:5bwMo0eOZ7joQVawbs7BZx,"Fucked Up","Fucked Up","AVAION",2018-08-21,219141,0,true,,2021-10-05T20:23:13Z,"stutter house,deep house","Spinnup",0.782,0.319,10,-10.907,0,0.138,0.351,0,0.595,0.507,114.937,4
spotify:track:6zcSWREy1vcJ4aWt7bzBW3,"Cartier","Cartier","Dopebwoy;Chivv;3robi",2017-06-23,232421,62,true,,2021-10-02T02:18:46Z,"rap marroquí","Avalon Music",0.849,0.778,0,-5.443,1,0.217,0.0358,0.00000143,0.126,0.634,126.842,4
spotify:track:5FvlQZTm4eOGeUiAB1bKc9,"No Vaseline","Death Certificate (25th Anniversary Edition)","Ice Cube",2017-06-09,313053,2,true,,2021-09-25T07:05:19Z,"hip hop old school,rap gangster,hip hop de la costa oeste,g-funk,hip hop","Cubevision JV New Agreements",0.777,0.957,11,-3.201,0,0.319,0.179,0,0.296,0.543,105.756,4
spotify:track:0xLwnCEEIPLkaIfDrp2Vmw,"Conejita","Conejita","Atomic Otro Way",2018-07-21,177423,68,true,,2021-09-19T22:03:46Z,"dembow","OneLand Music Group",0.894,0.846,4,-4.827,1,0.162,0.236,0.00354,0.0886,0.761,114.988,4
spotify:track:1Jz1yhcPm1Yt6aoed3zact,"Go Crazy (Remix) (feat. Young Thug, Future, Lil Durk & Latto)","Go Crazy (Remix) (feat. Young Thug, Future, Lil Durk & Latto)","Chris Brown;Future;Latto;Young Thug;Lil Durk",2021-02-19,227234,54,true,,2021-09-15T20:54:38Z,"r&b,rap,trap,rap melódico,drill de chicago,drill","Chris Brown Entertainment/RCA Records",0.721,0.565,0,-9.157,0,0.28,0.248,0,0.284,0.597,93.8,4
spotify:track:61b4ocd6d4Bg99HXEFIHDI,"You Just Got Slapped - From ""How I Met Your Mother: Season 9""","How I Met Your Music: Deluxe (Original Television Soundtrack)","Boyz II Men",2014-09-23,85386,25,false,,2021-09-14T17:53:38Z,"new jack swing,r&b,quiet storm","Hollywood Records",0.357,0.391,7,-6.979,0,0.0303,0.738,0,0.207,0.399,85.083,3
spotify:track:3znlxKwQTRVrrerCcZPus2,"Tranquilísimo","Tranquilísimo","Israel B;C. Tangana;LOWLIGHT",2021-07-22,143179,0,false,,2021-09-11T08:37:42Z,"","Sony Music Entertainment",0.828,0.714,10,-6.852,0,0.108,0.185,0.00000315,0.244,0.407,95.967,4
spotify:track:5Tr5wKJx2fcrfYuNre9xrl,"Lirikal Shottaz","Lirikal Shottaz","Pielroja;Zumbiman",2018-11-13,218186,24,true,,2021-09-07T22:42:06Z,"hip hop latino,reggae en español","688353 Records DK",0.696,0.647,8,-7.242,0,0.372,0.148,0,0.0883,0.825,88.029,4
spotify:track:7tjtWVu8RsshzPxQm8oT3y,"Be Alone","No Love Lost","Blxst",2020-09-04,154105,57,false,,2021-09-07T21:54:56Z,"","Red Bull Records Inc. / Evgle LLC",0.606,0.617,8,-5.123,0,0.427,0.83,0.000727,0.166,0.685,93.169,4
spotify:track:4kAtRwNRLMKuoCbxMSxUGI,"Noche De Sexo","Pa'l Mundo","Wisin & Yandel;Romeo Santos",2005-01-01,205706,77,true,,2021-09-05T08:07:59Z,"reggaetón,urbano latino,bachata,latina","UMLE - Machete",0.717,0.722,11,-5.4,0,0.229,0.108,0,0.493,0.518,94.028,4
spotify:track:5c549LWiKCWGvcDsZwMN6v,"Soundgasm","Soundgasm","Rema",2021-06-10,204755,63,true,,2021-08-27T07:58:49Z,"afrobeats,afrobeat,afropop,afropiano","Mavin Records / Jonzing World",0.805,0.525,6,-7.376,0,0.0638,0.119,0.00203,0.0779,0.693,100.033,4
spotify:track:03SEp9sXkAOAgxJtSLuVEi,"Ride With Me (feat. Kid Ink)","Ride With Me (feat. Kid Ink)","Tungevaag;Kid Ink",2021-06-04,169500,47,false,,2021-08-26T00:56:59Z,"big room","Spinnin' Records",0.623,0.889,7,-2.169,1,0.0367,0.0939,0,0.358,0.466,149.931,4
spotify:track:3R7AEhVRxOQZUJzxYa0gmF,"FUMÁNDOTE UN BLUNT","Tripi Hapa","BEJO;Cookin Soul",2021-06-18,156226,0,false,,2021-08-23T01:03:42Z,"","8=D",0.724,0.744,0,-4.849,1,0.279,0.804,0.00000946,0.29,0.89,76.929,4
spotify:track:2sXf2JdbB2GlNju00kw9WE,"Skate","Skate","Bruno Mars;Anderson .Paak;Silk Sonic",2021-07-30,203122,1,false,,2021-08-23T01:03:00Z,"","Aftermath Entertainment/Atlantic",0.708,0.598,5,-8.365,1,0.0291,0.037,0,0.17,0.698,112.027,4
spotify:track:6zSpb8dQRaw0M1dK8PBwQz,"Cold Heart - PNAU Remix","Cold Heart (PNAU Remix)","Elton John;Dua Lipa;PNAU",2021-08-13,202735,82,false,,2021-08-23T01:02:27Z,"pop","EMI",0.796,0.798,1,-6.312,1,0.0317,0.034,0.0000419,0.0952,0.942,116.032,4
spotify:track:1VjNQAm7bG3MLIC5Cwb508,"Riri","Limbo","Aminé",2020-08-07,181975,50,true,,2021-08-20T22:00:30Z,"","Republic Records",0.809,0.623,10,-6.152,0,0.0337,0.0455,0.00000167,0.321,0.535,121.989,4
spotify:track:6ugatvjnYPE1cQxbplZU1J,"Say Bitch","Say Bitch","Snow Tha Product",2019-04-10,199142,48,false,,2021-08-20T11:09:22Z,"hip hop latino,hip hop mexicano","Product Entertainment",0.829,0.473,1,-9.687,1,0.31,0.00933,0,0.108,0.244,105.054,4
spotify:track:61KoN6PlBhQD7sivCcf0hA,"Compensating (feat. Young Thug)","Limbo","Aminé;Young Thug",2020-08-07,197855,52,true,,2021-08-20T11:08:51Z,"rap,rap melódico,trap","Republic Records",0.868,0.616,5,-5.405,0,0.17,0.292,0,0.253,0.495,98.017,4
spotify:track:7rpWDu9GPlLxbLorYKVys7,"Gbona","African Giant","Burna Boy",2019-07-25,187609,67,false,,2021-08-19T19:47:19Z,"afrobeats,afrobeat,afropop,afroswing,dancehall,afropiano","Spaceship/ Bad Habit/Atlantic Records",0.798,0.813,4,-5.869,0,0.162,0.564,0.000142,0.108,0.942,93.912,4
spotify:track:3WlbeuhfRSqU7ylK2Ui5U7,"Snowchild","After Hours","The Weeknd",2020-03-20,247186,64,true,,2021-08-18T08:54:57Z,"","Republic Records",0.551,0.612,0,-7.475,1,0.139,0.161,0.0000613,0.121,0.244,148.073,4
spotify:track:1Crj1zkRMpsEjb9NOR6Zof,"L-Gante: Bzrp Music Sessions, Vol. 38/66","L-Gante: Bzrp Music Sessions, Vol. 38/66","Bizarrap;L-Gante",2021-03-10,192347,65,false,,2021-08-18T08:54:28Z,"trap argentino,trap latino,urbano latino,rkt,turreo","DALE PLAY Records",0.553,0.819,2,-3.083,1,0.257,0.368,0.0000136,0.0915,0.761,87.913,4
spotify:track:1htkSHN5OpJwclUvq9ZGbG,"Daddy's Gone - From ""American Dad!""","Daddy's Gone (From ""American Dad!"")","American Dad! Cast",2011-09-25,84460,41,false,,2021-08-18T08:52:44Z,"","Hollywood Records",0.732,0.131,8,-17.745,1,0.0979,0.688,0.00000519,0.0809,0.0648,113.783,4
spotify:track:2vmfvSoZBFAt9hhRoEByLi,"Volví","Volví","Aventura;Bad Bunny",2021-08-03,230125,77,true,,2021-08-16T20:30:37Z,"bachata,reggaetón,trap latino,latina,urbano latino","Rimas Entertainment LLC",0.725,0.86,1,-3.726,1,0.182,0.422,0.000284,0.0674,0.791,175.896,4
spotify:track:5RqdUkvsV4BOXpFd5zbXFt,"Métele Sazón","Mas Flow, Vol. 1","Luny Tunes;Noriega;Tego Calderón",2003-08-26,242573,68,false,,2021-08-07T08:45:09Z,"reggaetón,hip hop latino","2003 Mas Flow",0.847,0.663,2,-8,0,0.0533,0.526,0.00148,0.0736,0.914,95.041,4
spotify:track:7GLqR9ToJLb0PV3XyNAWNm,"MMM MMM (feat. ATL Jacob)","MMM MMM (feat. ATL Jacob)","Kaliii;ATL Jacob",2021-06-28,137341,54,true,,2021-08-07T00:57:26Z,"","P2021",0.85,0.444,9,-8.69,1,0.346,0.134,0,0.113,0.187,86.533,4
spotify:track:3l9CW99AHtExIRV4hW2N5m,"Misery Business","Riot!","Paramore",2007-06-12,211520,80,false,,2021-08-05T00:46:33Z,"pop punk,emo","Atlantic Records UK",0.517,0.906,1,-3.677,1,0.0735,0.00272,0.00000926,0.113,0.731,172.977,4
spotify:track:7pMWE6h8thBOq9YnFzBEpy,"Mayor Que Yo","Pa'l Mundo First Class Delivery","Baby Ranks;Daddy Yankee;Tonny Tun Tun;Wisin & Yandel;Héctor ""El Father""",2007-01-01,254080,53,false,,2021-07-20T20:36:33Z,"reggaetón,latina,merengue,urbano latino","UMLE - Machete",0.628,0.881,9,-4.331,0,0.337,0.529,0,0.383,0.719,179.981,4
spotify:track:27uj8wY486yzDkm45hue1e,"#Twerkit","#TWERKIT","Busta Rhymes;Nicki Minaj",2013-01-01,231320,48,true,,2021-07-16T11:02:49Z,"hip hop de la costa este","Cash Money",0.67,0.916,6,-4.344,0,0.439,0.159,0.00000439,0.417,0.656,149.405,4
spotify:track:1kVYXfxTWSftIZtmYr6yH8,"Coming In Hot","Coming In Hot","Andy Mineo;Lecrae",2018-07-20,200168,58,false,,2021-07-06T23:09:32Z,"hip hop cristiano,música cristiana,r&b cristiano,pop cristiano,hip hop chino,rap cristiano en francés","Reach Records",0.889,0.453,8,-8.782,1,0.261,0.0274,0.00000475,0.156,0.428,140.025,4
spotify:track:5dzaVAQYKPNeTYskiuLsKg,"Crazy - DRKTMS Remix","Crazy: Remixes","Cabu;Love Mansuy;DRKTMS",2018-06-20,242481,43,false,,2021-06-26T10:29:55Z,"","Majestic Casual Records",0.863,0.314,6,-10.089,0,0.455,0.361,0,0.532,0.329,105.709,4
spotify:track:7zSuMBPE82UBr6eNpJEzSd,"Kiliki Taka Ti","Lo Mejor De...Toño Rosario","Toño Rosario",2006-02-28,400266,43,false,,2021-06-26T09:39:33Z,"merengue,bachata,mambo","WEA Latina",0.6,0.872,1,-4.166,1,0.141,0.505,0.00145,0.168,0.823,147.708,4
spotify:track:2VHiutb1qQgE2rOzKeCwdI,"Réel (feat. Zed)","Réel (feat. Zed)","Hamza;Zed",2021-02-03,222821,28,true,,2021-06-20T10:30:54Z,"rap francés,pop urbaine,r&b francés","Rec. 118",0.693,0.508,4,-8.149,0,0.228,0.141,0.00000122,0.075,0.591,144.079,4
spotify:track:7dRfobhDNnsEgB2ZArxA1f,"El Cuarto de Tula","Buena Vista Social Club","Buena Vista Social Club",1997-06-23,444533,0,false,,2021-06-13T08:09:23Z,"son cubano,jazz latino,jazz afrocubano,latina,bolero","World Circuit",0.553,0.664,9,-13.167,1,0.0453,0.595,0.000416,0.299,0.858,104.784,4
spotify:track:0lOcAh9zG1ZcURZLwlNBPy,"WHOA WAIT","WHOA WAIT","Bluestaeb;Ric Wilson;cay caleb.",2021-05-12,137229,0,false,,2021-06-01T20:44:44Z,"jazz rap,jazz house,nu jazz","Jakarta",0.894,0.572,1,-8.782,0,0.166,0.246,0.00481,0.115,0.621,114.002,4
spotify:track:4YwUVJPlq93RcAYDLz31uP,"Rosalía - Live","Rosalía (Live)","Juan Luis Guerra 4.40",2021-05-28,200520,25,false,,2021-06-01T20:39:09Z,"merengue,bachata,salsa","Rimas Entertainment LLC.",0.756,0.855,2,-3.339,1,0.103,0.529,0,0.109,0.835,130.949,4
spotify:track:2f9mmR37OEceYERbXml0Nj,"Another Life","Black Messiah","D'Angelo",2014-12-15,358558,48,false,,2021-06-01T20:30:29Z,"neo soul","RCA Records Label",0.572,0.61,9,-7.994,1,0.0448,0.127,0.0295,0.0953,0.364,71.254,4
spotify:track:6brl7bwOHmGFkNw3MBqssT,"So Sick","In My Own Words","Ne-Yo",2006-01-01,207186,84,false,,2021-06-01T20:28:11Z,"","Def Soul",0.452,0.574,6,-8.336,1,0.311,0.245,0,0.189,0.578,92.795,4
spotify:track:2kd0T6zgABT8P0s2h9QU5O,"Es Épico","Muerte","Canserbero",2012-03-22,361978,34,true,,2021-06-01T11:44:50Z,"hip hop latino,rap","La Biblioteca, LLC",0.665,0.816,0,-6.753,1,0.266,0.448,0,0.297,0.745,93.37,4
spotify:track:6Y4EGEbQvkh5s3hqcCknca,"Olvídate","Olvídate","Kidd Keo",2021-03-04,193058,64,true,,2021-05-30T20:03:09Z,"trap,trap argentino","WEA Latina",0.564,0.428,0,-10.076,0,0.403,0.0722,0.00000352,0.0979,0.542,79.541,4
spotify:track:7IVgmqZLkrkUutEEQeOO2I,"What I'm After","Keepers of the Funk","Lords Of The Underground",1994-08-23,262400,0,true,,2021-05-25T09:03:37Z,"hip hop de la costa este,hip hop old school,hip hop","Pendulum",0.786,0.709,10,-8.162,0,0.197,0.121,0.00343,0.3,0.659,96,4
spotify:track:4X5xMFMXPgjHzRytqTRdNA,"Me And Those Dreamin' Eyes Of Mine - Def Squad Remix","Brown Sugar (Deluxe Edition)","D'Angelo;Redman;Erick Sermon",1995-07-04,291453,28,false,,2021-05-16T22:22:50Z,"neo soul,hip hop de la costa este,hip hop old school,hip hop,hardcore hip hop","Virgin Catalog",0.77,0.468,11,-11.129,0,0.273,0.191,0,0.231,0.734,87.992,4
spotify:track:59ZlJX4VQ21hsJa0Oumni3,"NKS in mein Block","Original Rudeboy, Vol. 1","Kwam.E",2019-03-01,187050,0,true,,2021-05-16T22:16:35Z,"hip hop alemán","Nur! Musik.",0.875,0.941,1,-4.008,0,0.373,0.236,0.00000166,0.106,0.636,84.003,4
spotify:track:3krZxyBsWEHfEfJegYaWTd,"Come Through (feat. Chris Brown)","Come Through (feat. Chris Brown)","H.E.R.;Chris Brown",2021-04-23,214093,61,true,,2021-05-13T21:46:12Z,"r&b","MBK Entertainment/RCA Records",0.615,0.422,5,-8.019,0,0.0504,0.604,0,0.112,0.185,135.859,5
spotify:track:4BggEwLhGfrbrl7JBhC8EC,"Butterfly","The Gift Of Game","Crazy Town",2000-12-15,216733,77,false,,2021-05-12T23:17:13Z,"rap rock,nu metal","Columbia",0.736,0.811,9,-4.17,0,0.081,0.00132,0.000142,0.107,0.609,103.502,4
spotify:track:2RlgNHKcydI9sayD2Df2xp,"Mr. Blue Sky","Out of the Blue","Electric Light Orchestra",1977,303820,85,false,,2021-05-12T22:53:27Z,"art rock,rock suave","Epic/Legacy",0.388,0.338,10,-10.054,1,0.0329,0.652,0.00000373,0.248,0.478,177.765,4
spotify:track:1lCRw5FEZ1gPDNPzy1K4zW,"We Are The Champions - Remastered 2011","News Of The World (2011 Remaster)","Queen",1977-10-28,179200,65,false,,2021-05-12T22:46:16Z,"rock clásico,rock,glam rock","EMI",0.268,0.459,10,-6.94,1,0.0346,0.378,0,0.118,0.175,64.177,4
spotify:track:37eGbhE1xVFSvcKkqGb6i1,"Contra La Pared","Contra La Pared","Sean Paul;J Balvin",2019-03-14,224680,70,false,,2021-04-23T13:17:16Z,"dancehall,reggaetón,latina","Universal-Island Records Ltd.",0.828,0.588,2,-7.14,1,0.118,0.0156,0,0.124,0.598,94.052,4
spotify:track:6f7XlxqTWqF32qbyds748p,"Ojala Que Llueva Café","Tribute to Juan Luis Guerra","Covers Like Juan Luis Guerra",2008-10-15,188520,0,false,,2021-04-22T09:34:57Z,"","Hello Music",0.788,0.772,8,-7.105,1,0.0687,0.436,0,0.315,0.96,113.045,4
spotify:track:64TfjcQGPKAIcH1ArFfbB2,"Feels (feat. Chris Brown)","Feels (feat. Chris Brown)","Tory Lanez;Chris Brown",2021-02-19,254666,44,true,,2021-04-17T20:11:57Z,"r&b","One Umbrella Records",0.751,0.56,0,-10.411,0,0.147,0.0391,0.0000011,0.0814,0.786,89.957,4
spotify:track:4ejNjyLaL8GtUOIQbpmhTq,"Break Stuff","Pop- Punk Viejito","Limp Bizkit",2021-04-16,166653,0,true,,2021-04-16T19:42:20Z,"nu metal,rap metal,metal alternativo,rap rock","UME - Global Clearing House",0.429,0.908,8,-5.399,1,0.158,0.00325,0.0000612,0.0475,0.615,108.806,4
spotify:track:2RqZFOLOnzVmHUX7ZMcaES,"Let It Go","Just Like You","Keyshia Cole;Missy Elliott;Lil' Kim",2007-01-01,238333,71,false,,2021-04-14T09:05:53Z,"r&b,hip hop,hip hop de la costa este","Geffen",0.806,0.721,1,-5.167,1,0.215,0.197,0,0.209,0.781,94.966,4
spotify:track:6Fa36cSErzvCjKLQkXY53R,"SALE TCHOIN","ALASKA","Green Montana",2020-10-30,146080,47,true,,2021-04-13T09:00:05Z,"rap francés","Universal Music Division Capitol Music France",0.898,0.439,8,-7.413,0,0.209,0.32,0.0044,0.144,0.52,106.079,4
spotify:track:7jMjB9fGYoaFgACXCeFgwN,"Hipócrita","Hipócrita","BEJO;Cookin Soul",2021-03-12,133894,0,true,,2021-04-12T21:57:04Z,"","8=D",0.66,0.955,7,-3.537,1,0.23,0.00493,0,0.207,0.523,94.62,4
spotify:track:0GATmBanwPiHQBfl2mDq3o,"Freak (feat. Steve Bays)","Random White Dude Be Everywhere","Diplo;Deorro;Steve Aoki;Steve Bays",2014-07-29,281250,43,false,,2021-04-07T22:23:08Z,"moombahton,melbourne bounce,electro house,edm","Mad Decent",0.661,0.957,6,-3.486,1,0.0898,0.00538,0.132,0.0622,0.263,127.948,4
spotify:track:5bAwc4oM3fwqdidTHwaVnZ,"Body Shots","X (Deluxe Version)","Chris Brown",2014-09-12,222386,0,true,,2021-04-07T09:23:49Z,"r&b","RCA Records Label",0.598,0.59,9,-7.593,0,0.107,0.00604,0,0.0425,0.515,144.781,4
spotify:track:0V4l4GQhgnWQGtCWpvA7va,"Crew Love","Take Care (Deluxe)","Drake;The Weeknd",2011-11-15,208813,74,true,,2021-04-07T09:23:47Z,"rap","Cash Money Records/Young Money Ent./Universal Rec.",0.418,0.546,0,-9.057,0,0.238,0.227,0,0.229,0.294,160.152,4
spotify:track:0nElzVRcJKKeC1RueSm60W,"Left And Right - feat. Method Man And Redman","Voodoo","D'Angelo",2000-01-25,286466,0,true,,2021-04-07T08:53:26Z,"neo soul","Virgin Records",0.842,0.405,1,-9.504,1,0.628,0.219,0,0.368,0.824,91.972,4
spotify:track:15EPc80XuFrb2LmOzGjuRg,"Crew (feat. Brent Faiyaz & Shy Glizzy)","At What Cost","GoldLink;Brent Faiyaz;Shy Glizzy",2017-03-24,176390,77,true,,2021-04-04T15:09:37Z,"r&b","Squaaash Club/RCA Records",0.728,0.607,1,-8.417,0,0.132,0.133,0,0.0864,0.445,129.938,4
spotify:track:4nrs7SMvAFwL1sZbL3DsKV,"Un printemps sur Mars","Un printemps sur Mars","Scylla",2020-04-24,195948,23,false,,2021-04-02T10:08:12Z,"rap francés","Urban",0.883,0.506,2,-9.282,1,0.233,0.352,0.00000147,0.082,0.486,119.924,4
spotify:track:6SgQIoLn8kpu8J4wfwGWy8,"Ain't That Funkin' Kinda Hard on You? (feat. Kendrick Lamar & Ice Cube) - We Ain't Neva Gonna Stop Remix","Ain't That Funkin' Kinda Hard on You? (We Ain't Neva Gonna Stop Remix) [feat. Kendrick Lamar & Ice Cube]","Funkadelic;Kendrick Lamar;Ice Cube",2016-03-09,309723,43,true,,2021-03-31T14:13:12Z,"funk,funk rock,rock psicodélico,hip hop,hip hop de la costa oeste,hip hop old school,rap gangster,g-funk","Alliance / C Kunspyruhzy",0.635,0.874,4,-4.693,0,0.176,0.156,0,0.245,0.632,89.895,4
spotify:track:70kdJnm1X6eEM8DbWa8Mnc,"YOU'RE THE ONE","99.9%","KAYTRANADA;Syd",2016-05-06,227706,73,false,,2021-03-30T18:14:48Z,"r&b alternativo","XL Recordings",0.824,0.396,2,-9.663,1,0.332,0.0323,0.00286,0.108,0.253,118.048,4
spotify:track:2Heffji4MozdMrIjxngDjw,"Dime Otra Vez","Dime Otra Vez","Mak112",2019-05-25,218814,0,false,,2021-03-30T15:08:27Z,"","Mak112",0.586,0.402,6,-12.42,0,0.0507,0.333,0,0.0577,0.0841,100.567,4
spotify:track:69VE5kmfqG4dJSkrB1OtCI,"Doing All Right - ...Revisited","Bohemian Rhapsody (The Original Soundtrack)","Smile",2018-10-19,196840,37,false,,2021-03-26T12:24:31Z,"","EMI",0.372,0.454,9,-9.224,1,0.042,0.261,0.000047,0.16,0.419,95.325,4
spotify:track:5u5MvmVtitax9R1Mxh3reC,"Dile Que Tu Me Quieres","Odisea","Ozuna",2017-08-25,226520,84,false,,2021-03-21T01:19:04Z,"reggaetón,trap latino,latina,urbano latino","VP Records Corp/Dimelo Vi",0.773,0.757,1,-4.959,1,0.0526,0.0864,0.00000373,0.0727,0.858,88.006,4
spotify:track:6kdyQUoFRC8DdfCxnFYd03,"Narcolepsia (feat. Chicho Beats)","Yipiyou","FERNANDOCOSTA;Chicho Beats",2018-06-22,149583,49,true,,2021-03-21T01:18:48Z,"","FERNANDOCOSTA",0.776,0.607,2,-8.35,1,0.367,0.308,0,0.11,0.771,93.85,4
spotify:track:6IgrNxvRBuqX7ecHoBtDsD,"Malamanera","Malamanera","FERNANDOCOSTA",2017-06-23,182129,57,true,,2021-03-21T01:18:12Z,"","FERNANDOCOSTA",0.83,0.586,7,-6.834,1,0.254,0.529,0,0.12,0.364,91.994,4
spotify:track:5gx2E5aIXMRBellPZW1up5,"Pills & Automobiles (feat. Yo Gotti, A Boogie Wit Da Hoodie & Kodak Black)","Heartbreak on a Full Moon","Chris Brown;Yo Gotti;A Boogie Wit da Hoodie;Kodak Black",2017-10-31,293434,64,true,,2021-03-21T01:17:55Z,"r&b,hip hop sureño americano,rap melódico","RCA Records Label",0.82,0.696,7,-4.918,0,0.182,0.119,0,0.232,0.617,144.981,4
spotify:track:6xQ4GyjSe7UVQvribtPUyc,"Sensei (feat. A1)","Heartbreak on a Full Moon","Chris Brown;SprngBrk",2017-10-31,156298,40,true,,2021-03-20T21:49:00Z,"r&b","RCA Records Label",0.771,0.614,1,-4.729,0,0.0399,0.00131,0,0.0995,0.35,140.012,4
spotify:track:5bZNIKwZP7qfvliBR1jmBj,"Roses","Heartbreak on a Full Moon","Chris Brown",2017-10-31,204015,42,true,,2021-03-20T21:48:51Z,"r&b","RCA Records Label",0.639,0.651,5,-5.959,0,0.213,0.166,0,0.131,0.328,113.976,4
spotify:track:6FwiZxKXipsyGw2CVZOzol,"High End (feat. Future & Young Thug)","Heartbreak on a Full Moon","Chris Brown;Future;Young Thug",2017-10-31,202213,52,true,,2021-03-20T21:47:16Z,"r&b,rap,trap,rap melódico","RCA Records Label",0.725,0.503,10,-5.646,1,0.209,0.0144,0.00000152,0.124,0.0636,153.047,4
spotify:track:2zXS3CeMLJAGMVZkBIyjvk,"Signs","Con hip y con hop: HIP HOP","Snoop Dogg;Charlie Wilson;Justin Timberlake",2021-03-19,236480,0,true,,2021-03-20T18:24:03Z,"g-funk,hip hop de la costa oeste,rap gangster,hip hop old school,hip hop,rap,drill sexy","UME - Global Clearing House",0.934,0.706,7,-5.317,1,0.178,0.0305,0.000121,0.136,0.614,112.96,4
spotify:track:1IOXBE455Hn21XZzfnQ19l,"Jasmine","Groove Therapy","Monsieur Nov",2010-11-22,311346,18,false,,2021-03-20T09:48:34Z,"r&b francés,pop urbaine,rap francés","Interludes",0.612,0.458,0,-7.805,1,0.281,0.744,0,0.153,0.584,82.912,4
spotify:track:3Vb0EDj3nLxxK3IOcp27j3,"Casta Diva","Maria Callas Live in Paris 1958","Maria Callas",2003-03-03,330266,0,false,,2021-03-15T16:36:40Z,"ópera,clásica","EMI Classics",0.187,0.302,5,-15.671,1,0.0697,0.992,0.0194,0.677,0.127,78.14,4
spotify:track:6DYrsZsQMqzA0ZaHmBKUjW,"Zinedine","Zinedine","Ayax y Prok",2020-11-09,127252,0,true,,2021-03-12T11:40:35Z,"rap","ALBZ Records",0.818,0.63,6,-8.743,0,0.466,0.0257,0,0.125,0.846,95.984,4
spotify:track:7MAibcTli4IisCtbHKrGMh,"Leave The Door Open","Leave The Door Open","Bruno Mars;Anderson .Paak;Silk Sonic",2021-03-05,242096,6,false,,2021-03-12T09:03:33Z,"","Aftermath Entertainment/Atlantic",0.586,0.616,5,-7.964,1,0.0324,0.182,0,0.0927,0.719,148.088,4
spotify:track:3SK45LddxlEkzI8OWO9Eyo,"Ingobernable","El Madrileño","C. Tangana;Gipsy Kings;Nicolas Reyes;Tonino Baliardo",2021-02-26,187053,70,false,,2021-03-12T09:03:15Z,"flamenco,flamenco pop,flamenco urbano","Sony Music Entertainment",0.705,0.757,6,-5.608,0,0.0656,0.195,0.000228,0.0524,0.737,104.973,4
spotify:track:4ok9uByGKfiEfpZIzugxJv,"Tropicana - A COLORS SHOW","Tropicana - A COLORS SHOW","Topaz Jones",2017-08-17,142007,0,true,,2021-03-10T11:32:45Z,"","colorsxstudios",0.834,0.402,11,-11.927,0,0.383,0.125,0,0.236,0.81,137.027,4
spotify:track:4ipnJyDU3Lq15qBAYNqlqK,"Mi Gente","Mi Gente","J Balvin;Willy William",2017-06-30,189440,72,false,,2021-03-10T11:30:57Z,"reggaetón,latina","UMLE - Latino",0.774,0.687,11,-4.818,0,0.0584,0.0179,0.0000117,0.128,0.308,104.959,4
spotify:track:1GT0Q2ZTeKtIBueYKr4vhr,"La Bilirrubina - En Vivo Estadio Olímpico De República Dominicana/2012","Asondeguerra Tour (En Vivo Estadio Olímpico De República Dominicana/2012)","Juan Luis Guerra 4.40",2013-01-01,232880,63,false,,2021-03-10T11:30:37Z,"merengue,bachata,salsa","Capitol Latin",0.585,0.977,1,-3.57,1,0.0615,0.622,0,0.328,0.801,138.264,4
spotify:track:3gsaqrqx8UtEUi3kDPEa7i,"Zombie Apocalypse","Too Mean to Die","Accept",2021-01-29,335360,43,false,,2021-03-10T10:51:19Z,"heavy metal,speed metal,metal,thrash metal,hard rock,glam metal","Nuclear Blast",0.392,0.977,4,-6.009,0,0.101,0.0000378,0.0776,0.119,0.207,195.984,4
spotify:track:1KBuhAHzia2qoD4u6YhvER,"Stiff Upper Lip","Stiff Upper Lip","AC/DC",2000-02-25,214724,68,false,,2021-03-10T10:50:23Z,"rock,hard rock,rock clásico,rock and roll","Columbia",0.588,0.851,7,-4.206,1,0.033,0.0344,0.00773,0.16,0.706,123.691,4
spotify:track:2ZA4uMlSZjaoWGFqP1tsLI,"Ordinary People","Get Lifted","John Legend",2005-12-06,281466,65,false,,2021-02-28T22:50:50Z,"pop suave,neo soul","Getting Out Our Dreams/Sony Urban Music/Columbia",0.469,0.132,10,-14.001,1,0.0798,0.928,0,0.0873,0.36,66.989,3
spotify:track:2WrxGpnCvpwiQkcHDDmVXc,"Bad","Bad","Blaiz Fayah;Tribal Kush",2021-01-22,150303,0,true,,2021-02-23T21:15:00Z,"shatta,dancehall,moombahton,ragga","Basshall Records",0.783,0.748,2,-4.118,1,0.188,0.00451,0.0000462,0.135,0.799,99.16,4
spotify:track:6Gul0FnIbrDUjpL58kB9gX,"Sangria (feat. Denzel Curry)","Beautiful Havoc","$NOT;Denzel Curry",2020-10-30,126000,48,true,,2021-02-23T21:13:10Z,"","300 Entertainment",0.883,0.673,6,-8.089,0,0.3,0.057,0.000028,0.13,0.507,100.022,4
spotify:track:3Zlyzdlr9wyBVw66geJS8H,"Lluna","Lluna","Santa Salut",2021-02-12,138296,0,false,,2021-02-21T20:55:50Z,"hip hop latino","Santa Salut",0.659,0.51,5,-8.726,0,0.0595,0.211,0,0.184,0.69,91.989,4
spotify:track:2upOgg1eArpJwBf6RZ4G3G,"Get Wet","Get Wet","Limitlezz;Richie Loop",2021-02-18,129500,0,true,,2021-02-21T20:53:44Z,"dancehall,shatta,moombahton,ragga,big room,trance psicodélico","Basshall Records",0.941,0.522,1,-7.383,0,0.226,0.105,0.000012,0.138,0.688,98.022,4
spotify:track:3qxbVEvpPubsqUP9FdJibk,"Sinner","Sinner","Moods;Nic Hanson",2021-02-19,162783,32,false,,2021-02-21T20:53:23Z,"lo-fi beats,indie soul,nu disco","Boogie Angst",0.734,0.645,4,-7.916,1,0.314,0.127,0.000246,0.195,0.498,107.906,4
spotify:track:1KSpcZtz3dEDBnmU5YkNS4,"Nu Normal - A COLORS ENCORE","Nu Normal - A COLORS ENCORE","ENNY;Baker Aaron",2021-02-17,144137,0,true,,2021-02-21T20:53:06Z,"r&b británico,r&b alternativo","COLORSxSTUDIOS",0.745,0.564,1,-8.2,1,0.39,0.326,0.000106,0.218,0.958,86.956,4
spotify:track:6AwbQI2M4BYZXAE5RoxzTW,"Plead The .45th","Plead The .45th","Smino;Saba",2021-02-12,140470,37,true,,2021-02-21T20:51:17Z,"","Six Course Music Group/RCA Records",0.788,0.565,5,-5.791,0,0.273,0.238,0.000624,0.163,0.773,84.98,4
spotify:track:0qcHYWieDFBlFK0BguAfjf,"Remember The Name","Remember The Name","Kløn;Kris Norton",2021-02-12,309222,0,false,,2021-02-21T20:50:54Z,"drift phonk","Killabite Media",0.528,0.784,0,-5.89,0,0.31,0.0267,0,0.18,0.47,84.447,4
spotify:track:3QiVJY6bzYGvZirwbEtXej,"No Sleeep (feat. J. Cole)","No Sleeep (feat. J. Cole)","Janet Jackson;J. Cole",2015-07-24,260776,0,false,,2021-02-19T16:42:54Z,"new jack swing,rap","BMG Rights Management (UK) Ltd.",0.757,0.47,2,-7.722,1,0.125,0.0131,0.000224,0.109,0.32,88.047,4
spotify:track:5TXQCMKN6TgemTL3c4wRTn,"Sorrows","A N N I V E R S A R Y","Bryson Tiller",2020-10-02,193702,78,false,,2021-02-18T20:46:07Z,"trap soul,r&b","TrapSoul/RCA Records",0.633,0.793,5,-6.847,0,0.182,0.148,0,0.867,0.761,109.093,4
spotify:track:2qKmnm0cEXnvD82C6Sr2hs,"Fallin' Apart","Fallin' Apart","Young Franco;Denzel Curry;Pell",2020-11-27,124493,46,true,,2021-02-18T20:34:25Z,"","Universal Music Australia Pty. Ltd.",0.766,0.8,4,-7.676,1,0.321,0.0455,0,0.672,0.806,111.126,4
spotify:track:46emlPjDK6m3vEpJGsWTTC,"Vite","Capsules","Arma Jackson",2019-04-19,119543,30,false,,2021-02-18T16:58:10Z,"r&b francés,rap francés,pop urbaine","Mukongo Business",0.674,0.507,7,-10.555,0,0.164,0.297,0.000413,0.13,0.492,82.908,4
spotify:track:3R7OSYPlhCLu8CQJGLYFwF,"Certified Freak - A COLORS SHOW","Certified Freak - A COLORS SHOW","Carla Prata",2021-02-08,172944,0,false,,2021-02-08T22:41:52Z,"kizomba,hip hop portugués","Third Party",0.417,0.458,10,-10.215,0,0.166,0.03,0,0.096,0.303,83.901,4
spotify:track:5xiG9GT8pjdyfPkoMhS0i7,"Temblor","Temblor","Fastah Selectah;Flori del Pino;Shockman",2021-02-04,165492,0,false,,2021-02-07T22:26:53Z,"dancehall,moombahton,reggae en español,house latino,shatta,ragga","Basshall Records",0.611,0.391,1,-8.531,1,0.218,0.0309,0.000441,0.253,0.404,106.151,4
spotify:track:3Zv2d2j7rMIHkzbJvCwEsz,"I Want","Disconnection Notice","Goldfinger",2005-02-15,141346,39,false,,2021-02-03T00:27:14Z,"ska punk,ska,skate punk,punk,pop punk","Maverick",0.39,0.954,2,-5.6,1,0.0674,0.000202,0,0.187,0.565,195.16,4
spotify:track:0vq0qoIMXjE8uFzIIyiOy9,"Hello (Reggae Cover)","Hello (Reggae Cover)","Conkarah;Rosie Delmah",2016-01-26,238250,0,false,,2021-02-03T00:25:08Z,"reggae,reggae pop","Tuff Tumas Music",0.759,0.535,8,-9.431,1,0.0441,0.078,0.0121,0.107,0.46,78.993,4
spotify:track:6fhpnwCBLVamyD7gkZhXjt,"Too Much, Too Young, Too Fast","Runnin' Wild","Airbourne",2007-01-01,224773,1,false,,2021-02-03T00:18:28Z,"hard rock","Roadrunner Records",0.592,0.813,9,-7.154,1,0.0465,0.0014,0.000966,0.336,0.384,114.038,4
spotify:track:7sZqxJiyDsTtftLbhdgpqU,"Cómo Cuándo Quién","Año Perro","Dinero",2012-06-25,205153,0,false,,2021-02-03T00:15:13Z,"","Tricornio Producciones",0.41,0.968,6,-4.795,0,0.233,0.000866,0.0000291,0.147,0.476,165.072,4
spotify:track:7z0JcZ8PQoAfUaLIXvbyTH,"More Than Words","The Best Of Extreme (An Accidental Collication Of Atoms)","Extreme",1998-01-01,335946,1,false,,2021-02-03T00:14:13Z,"glam metal","A&M",0.621,0.144,6,-14.201,1,0.0298,0.464,0,0.12,0.255,91.354,4
spotify:track:3Vr4AaUcphcIW8bJDHmj4N,"54-46 Was My Number","Repo Men","Toots & The Maytals",2010-05-31,190466,0,false,,2021-02-03T00:13:15Z,"reggae,rocksteady,roots reggae,ska,dub,ragga","Silva Screen Records",0.698,0.457,7,-7.363,1,0.317,0.639,0.0000166,0.0645,0.389,157.566,4
spotify:track:7DJsL4jyXA39GDiHFQYQ0t,"Mess Around","Ray Charles (aka: Hallelujah, I Love Her So)","Ray Charles",1957-01-01,160226,63,false,,2021-02-03T00:12:17Z,"soul,soul blues,soul clásico,vocal jazz,jazz","Rhino Atlantic",0.565,0.962,8,-2.981,1,0.064,0.437,0,0.056,0.906,148.808,4
spotify:track:00chLpzhgVjxs1zKC9UScL,"Poison","Gold","Bell Biv DeVoe",2005-01-01,262466,0,false,,2021-02-03T00:12:09Z,"new jack swing","Universal Music",0.845,0.652,6,-7.504,0,0.216,0.00432,0.00723,0.489,0.65,111.904,4
spotify:track:1OFfN6ZiJdDAnSycMIpLwt,"Dani California","Stadium Arcadium","Red Hot Chili Peppers",2006-05-09,282160,0,false,,2021-02-03T00:11:19Z,"funk rock,rock alternativo,rock","Warner Bros.",0.556,0.913,0,-2.36,1,0.0437,0.0193,0.00000859,0.346,0.73,96.184,4
spotify:track:5VwYcCKNAgDqDJ9ah9tDGl,"Con la luna llena","Sin Noticias De Holanda","Melendi",2006-07-14,228213,68,false,,2021-02-03T00:11:00Z,"flamenco,flamenco pop","Parlophone Spain",0.68,0.856,4,-6.516,1,0.158,0.702,0,0.0893,0.673,163.941,4
spotify:track:3ejyijAxXBz1fBT08iMsTX,"Sous l'oeil de l'ange","La Good Life","K.Maro",2004-07-06,271666,0,false,,2021-02-03T00:10:10Z,"r&b francés","EastWest France",0.661,0.416,9,-12.079,0,0.0696,0.737,0,0.118,0.616,105.012,4
spotify:track:5AUlDwO6DJtMRYbSDT3WRu,"Wake Up and Move... Funky","Delicious Disco","Eddy Rosemond",2011-01-01,230736,0,false,,2021-02-03T00:08:31Z,"disco","Musiques & Solutions",0.846,0.682,1,-7.668,1,0.21,0.00185,0.0000743,0.0414,0.816,129.308,4
spotify:track:2dkSknVUCvRJ8OTayCMQN5,"Lit Up","Lit Up","Jean Tonique;DiRTY RADiO",2016-07-08,222109,0,false,,2021-02-03T00:06:37Z,"nu disco,house francés,indie pop francés","Partyfine",0.801,0.674,1,-5.939,1,0.336,0.0628,0.00000362,0.0405,0.77,118.96,4
spotify:track:6n8TMVyFKoUmDc4apxceRD,"Breaking the Habit","Meteora","Linkin Park",2003-03-25,196133,74,false,,2021-02-03T00:02:32Z,"nu metal,rap metal,rock,metal alternativo","Warner Records",0.58,0.865,4,-4.359,0,0.0313,0.105,0,0.106,0.587,100.016,4
spotify:track:0uK2d3mNUFE2iSLWBEE138,"Personally","Personally","P-Square",2013-06-21,194786,0,false,,2021-02-03T00:01:00Z,"afrobeats,azonto,afrobeat,afropop,hiplife,bongo flava","Square Records",0.572,0.752,6,-3.962,0,0.295,0.09,0.000311,0.0943,0.965,160.268,5
spotify:track:7rpIvG4mLi3U6iwHVH4Pm4,"Pourquoi flipper ?","Soul Inside","Kohndo",2011-05-16,277472,1,false,,2021-02-02T23:59:24Z,"rap francés","greenstone records",0.801,0.341,7,-7.481,1,0.207,0.576,0.000451,0.156,0.486,82.122,4
spotify:track:4YiEKrJuoZGGg3nzTJfONS,"Superlove - Radio Edit","Superlove (Radio Edit)","Avicii;Lenny Kravitz",2012-08-24,179530,48,false,,2021-02-02T23:50:44Z,"edm","Roadrunner Records",0.601,0.951,9,-3.138,0,0.0426,0.271,0.84,0.146,0.968,127.959,4
spotify:track:22wt8Hi61HAuHIrnltZ0wF,"Tip Pon It","Tip Pon It","Sean Paul;Major Lazer",2018-04-20,221612,39,false,,2021-02-02T23:41:53Z,"dancehall,moombahton","Universal-Island Records Ltd.",0.689,0.892,4,-3.95,0,0.246,0.00446,0.00932,0.435,0.77,110.09,4
spotify:track:5ETRYg14nPQtgoNrjvW4eY,"Believe","Believe","Kosling;LUX",2018-04-06,200860,0,false,,2021-02-02T23:41:05Z,"house progresivo","Proximity",0.418,0.837,6,-3.929,1,0.0449,0.17,0.0144,0.0798,0.331,127.99,4
spotify:track:6v8TanaRlnOpilcEPaWYba,"What U Need (feat. all damn day.)","What U Need (feat. all damn day.)","Perto;all damn day.",2018-05-18,205241,0,true,,2021-02-02T23:39:56Z,"jersey club","WM Australia",0.503,0.865,8,-4.492,0,0.166,0.233,0,0.333,0.579,144.9,4
spotify:track:0hflzNG8jMVwH2RAzLX2xf,"Le hasard ou la chance - Colors Version","Le hasard ou la chance (Colors Version)","Sopico",2017-06-08,216000,40,false,,2021-02-02T23:35:29Z,"rap francés","75e Session Records",0.537,0.246,9,-18.496,1,0.491,0.665,0,0.0937,0.455,89.669,3
spotify:track:198Q7XqPUQmUOggMFiXm8m,"XOX","Flightmode Vol. 4","IAMDDB",2018-06-22,191520,44,false,,2021-02-02T23:33:11Z,"r&b alternativo,r&b británico","Union IV Recordings",0.605,0.494,11,-8.586,0,0.224,0.287,0.0000583,0.0864,0.369,122.292,4
spotify:track:7Kb3C0NTp3Nq0uYByMLo3d,"STUPÉFIANT ET NOIR","UNE MAIN LAVE L'AUTRE","Alpha Wann",2018-09-21,189440,0,true,,2021-02-02T23:29:58Z,"rap francés","Don Dada Records",0.884,0.483,6,-7.473,0,0.412,0.197,0,0.132,0.576,138.051,4
spotify:track:3X5M53Xi5k1SijRtZMM3TA,"Te Boté - Remix","Now Or Never","Nio Garcia;Casper Magico;Bad Bunny;Darell;Ozuna;Nicky Jam",2020-07-24,417920,71,true,,2021-02-01T12:21:04Z,"reggaetón,trap latino,urbano latino,latina,dembow","Flow La Movie, Inc.",0.903,0.675,11,-3.445,0,0.214,0.543,0.0000129,0.0595,0.442,96.507,4
spotify:track:5Fim1gaXBgsiFfsQAfQSDS,"Hasta el Amanecer","Fénix","Nicky Jam",2017-01-20,198706,83,false,,2021-02-01T12:20:55Z,"reggaetón,latina","Sony Music Latin",0.831,0.609,6,-6.043,0,0.0384,0.282,0,0.0761,0.589,94.013,4
spotify:track:6JjPBQfI2Y8nIjnm65X6Pw,"X (feat. Maluma & Ozuna) - Remix","X (feat. Maluma & Ozuna) [Remix]","Nicky Jam;J Balvin;Maluma;Ozuna",2018-06-29,236000,84,false,,2021-02-01T12:13:39Z,"reggaetón,latina,urbano latino,trap latino","Sony Music Latin",0.663,0.696,9,-4.957,0,0.103,0.0561,0.0000377,0.0778,0.738,180.113,4
spotify:track:36YCdzT57us0LhDmCYtrNE,"Rockin’","Starboy","The Weeknd",2016-11-25,232880,65,true,,2021-01-31T01:10:42Z,"","The Weeknd/Lyric",0.738,0.885,9,-5.547,0,0.206,0.0133,0,0.0821,0.752,112.878,4
spotify:track:2p8IUWQDrpjuFltbdgLOag,"After Hours","After Hours","The Weeknd",2020-03-20,361026,85,false,,2021-01-31T01:09:56Z,"","Republic Records",0.658,0.572,5,-6.099,0,0.0308,0.0811,0.0061,0.121,0.144,108.968,4
spotify:track:6bnF93Rx87YqUBLSgjiMU8,"Heartless","After Hours","The Weeknd",2020-03-20,198266,81,true,,2021-01-31T01:09:38Z,"","Republic Records",0.537,0.746,10,-5.507,0,0.15,0.0236,0.000001,0.156,0.252,170.083,4
spotify:track:4kEsRngsTsKjaFlFSnVkyq,"Loco En El Coco (Insane In the Brain) - Spanish Version","Los Grandes Éxitos En Español (Spanish Greatest Hits)","Cypress Hill",1999-10-07,203773,49,true,,2021-01-31T01:08:52Z,"hip hop de la costa oeste,hip hop old school,rap rock,hip hop","Ruffhouse/Columbia",0.871,0.623,8,-9.404,0,0.188,0.0346,0.0292,0.081,0.862,102.147,4
spotify:track:27ccZxdrx3VbCTUXI433OO,"Dr. Dedoverde (Dr. Greenthumb) - Spanish Version","Los Grandes Éxitos En Español (Spanish Greatest Hits)","Cypress Hill",1999-10-07,178533,53,true,,2021-01-31T01:08:10Z,"hip hop de la costa oeste,hip hop old school,rap rock,hip hop","Ruffhouse/Columbia",0.794,0.434,10,-12.931,0,0.354,0.0138,0.00000889,0.1,0.16,103.714,4
spotify:track:2QfcGf6OhxF2TK769d3rFs,"Heartbreaker","Runnin' Wild","Airbourne",2007-01-01,236160,0,false,,2021-01-31T01:07:35Z,"hard rock","Roadrunner Records",0.546,0.942,7,-3.036,1,0.0451,0.000178,0.145,0.362,0.407,151.055,4
spotify:track:05RgAMGypEvqhNs5hPCbMS,"Panama - 2015 Remaster","1984 (Remastered)","Van Halen",1984-01-04,210226,78,false,,2021-01-31T00:58:19Z,"glam metal,rock clásico,rock,hard rock","Rhino/Warner Records",0.526,0.978,8,-5.436,1,0.108,0.00122,0.0000475,0.0744,0.451,141.167,4
spotify:track:1v5B5Cmfh7IDevxQqlSo0M,"Buss It (feat. Chris Brown)","Buss It (feat. Chris Brown)","Sage The Gemini;Chris Brown",2018-08-30,159357,48,true,,2021-01-31T00:50:20Z,"hyphy,r&b","Global Gemini",0.831,0.504,4,-5.846,0,0.0532,0.00882,0,0.104,0.26,92.54,4
spotify:track:4AC2WORf0Pdr145s9ZRtYU,"Garden Kisses","Garden Kisses","Erick Di",2020-11-15,171603,5,false,,2021-01-30T22:03:39Z,"boom bap,trap brasileño","Erick Di",0.551,0.54,2,-7.923,1,0.459,0.268,0.000112,0.128,0.375,135.941,4
spotify:track:1cwnhsNaDWvnxSDuDgYOKr,"Gwan So","Gwan So","Fastah Selectah;Iamroyston",2021-01-15,155000,0,false,,2021-01-30T22:00:52Z,"dancehall,moombahton,reggae en español,shatta","Basshall Records",0.756,0.607,6,-7.402,0,0.236,0.415,0,0.396,0.706,111.995,4
spotify:track:0SZPXD0uEl72YjUVY2K3E9,"The Business, Pt. II","The Business, Pt. II","Tiësto;Ty Dolla $ign",2021-01-21,164267,55,false,,2021-01-30T21:58:37Z,"edm,trance,big room,trap soul","Atlantic Records",0.658,0.747,8,-6.567,0,0.0971,0.138,0,0.129,0.326,120.073,4
spotify:track:0l3jBCAEdeLR9OgQqES9CI,"Money Shot","POWER UP","AC/DC",2020-11-13,185318,43,false,,2021-01-30T21:56:24Z,"rock,hard rock,rock clásico,rock and roll","Columbia",0.628,0.83,7,-4.752,1,0.0626,0.00038,0.0000253,0.0982,0.767,120.004,4
spotify:track:5IVzDwReSQxXvfocgDnhSc,"DJ Mash Up Di Place","DJ Mash Up Di Place","Its Natascha;Bay-C;Fernandez",2021-01-29,142174,0,false,,2021-01-30T21:53:06Z,"shatta,dancehall,moombahton,ragga","Basshall Records",0.895,0.818,7,-4.192,1,0.14,0.138,0.000103,0.195,0.516,104.967,4
spotify:track:2oU690wzSBZGKMbgw0EOe2,"Eyez on Me","V!BEZ, Vol. 4","TroyBoi;Nina Sky",2021-01-29,202422,35,false,,2021-01-30T21:51:57Z,"edm trap","T Dot Music",0.752,0.677,2,-7.092,1,0.0951,0.147,0.0000255,0.136,0.401,97.014,4
spotify:track:78xKKhY8AH6Ps9iLojk5dS,"Like It Like That (feat. Spyro & Maikki)","6OKI - Rave Royale EP","Steve Aoki;Ben Nicky;Spyro;Maikki",2021-01-22,153750,0,false,,2021-01-30T21:50:23Z,"electro house,edm,trance,happy hardcore,hardstyle,epadunk,big room","Dim Mak Records",0.629,0.946,1,-3.25,1,0.145,0.00293,0.000421,0.35,0.549,160.024,4
spotify:track:2D0dj3hVkRQJCp63cxCPEx,"Stunnin' (feat. Harm Franklin)","Stunnin' (feat. Harm Franklin)","Curtis Waters;Harm Franklin",2020-05-19,144000,3,true,,2021-01-29T21:40:10Z,"","BMG Rights Management (US) LLC",0.885,0.685,11,-6.429,0,0.0627,0.33,0,0.148,0.937,99.954,4
spotify:track:4EchqUKQ3qAQuRNKmeIpnf,"The Kids Aren't Alright","Americana","The Offspring",1998-11-16,180160,86,false,,2021-01-25T18:06:30Z,"punk,skate punk","Concord Records",0.523,0.943,1,-4.203,1,0.0337,0.00704,0.0000381,0.0579,0.766,99.607,4
spotify:track:1rdDtBy28Z5wtSIatYHot0,"Zombie Apocalypse","Zombie Apocalypse","Accept",2021-01-15,335360,0,false,,2021-01-18T21:39:12Z,"heavy metal,speed metal,metal,thrash metal,hard rock,glam metal","Nuclear Blast",0.392,0.977,4,-6.009,0,0.101,0.0000378,0.0776,0.119,0.207,195.984,4
spotify:track:61Ivix5DTnDPVjp1dgLyov,"Disco Yes","Geography","Tom Misch;Poppy Ajudha",2018-04-06,280878,1,false,,2021-01-11T12:27:59Z,"indie soul","Beyond The Groove 4",0.927,0.551,9,-6.624,0,0.0921,0.42,0.0346,0.298,0.665,123.042,4
spotify:track:6NPVVeHetUBa6NhYSaMo1w,"With You","Hybrid Theory (20th Anniversary Edition)","Linkin Park",2020-10-09,203266,47,false,,2021-01-03T11:07:19Z,"nu metal,rap metal,rock,metal alternativo","Warner Records",0.423,0.978,6,-4.004,0,0.303,0.0037,0,0.111,0.361,196.93,4
spotify:track:5cZxMH8hF5NtPu5VINBmVr,"Vans - King Kavalier Remix","Vans (The Remixes)","Arrested Youth;King Kavalier",2018-06-21,165333,0,false,,2021-01-02T22:32:24Z,"dark r&b","Lowly",0.516,0.783,2,-9.778,1,0.242,0.0486,0.0107,0.427,0.396,89.522,4
spotify:track:5NmENli4oodYuWrI0vSGK4,"Why We Lose","Why We Lose","Cartoon;Coleman Trapp",2015-06-11,197485,1,false,,2021-01-01T23:03:59Z,"","NCS",0.424,0.921,4,-3.174,0,0.0427,0.00118,0.00817,0.328,0.0973,174.986,4
spotify:track:0MRYsngZv8UGICDehOYuYJ,"Do You Love Me","Do You Love Me","The Contours",2012-12-24,174195,51,false,,2020-12-30T01:36:45Z,"motown,northern soul,doo-wop","Hallmark",0.578,0.524,5,-12.602,1,0.0454,0.78,0.00868,0.141,0.861,150.361,4
spotify:track:1mmYggYd1nMxoopyvSfrXo,"Waine Kabron","Waine Kabron","FLAVAONE;Aire Urbano",2020-12-28,177161,0,true,,2020-12-29T21:46:51Z,"moombahton,dancehall,reggaetón mexa,shatta","Basshall Records",0.665,0.644,5,-8.632,0,0.103,0.112,0.00163,0.132,0.378,103.029,4
spotify:track:4hNgMLdda6VpNHUKdgmRMU,"Morning Matters","Morning Matters","Yazmin Lacey",2020-02-27,246800,0,false,,2020-12-28T17:22:46Z,"indie soul,neo soul,jazz pop,r&b británico,r&b alternativo","Own Your Own Records",0.452,0.556,5,-9.094,0,0.145,0.519,0.0421,0.298,0.473,82.01,4
spotify:track:0RiRZpuVRbi7oqRdSMwhQY,"Sunflower - Spider-Man: Into the Spider-Verse","Hollywood's Bleeding","Post Malone;Swae Lee",2019-09-06,157560,88,false,,2020-12-26T10:31:46Z,"","Republic Records",0.755,0.522,2,-4.368,1,0.0575,0.533,0,0.0685,0.925,89.96,4
spotify:track:4mdgmgwGEt36XnMxyQiabI,"Energy - Cadenza Remix","Energy (Cadenza Remix)","Avelino;Stormzy;Skepta;Cadenza",2017-04-07,210445,24,true,,2020-12-21T13:20:24Z,"grime,uk grime,afroswing,drill británico","More Music Records / OddChild Music",0.878,0.475,1,-9.917,1,0.195,0.0147,0.0475,0.111,0.267,120.928,4
spotify:track:0NTuU9JZH0ynmCr63rtZVw,"Headspace","Headspace","Gavlyn;DJ Hoppa",2018-03-01,161582,31,true,,2020-12-21T13:18:29Z,"","Broken Complex",0.6,0.712,2,-5.671,1,0.335,0.0674,0,0.114,0.259,168.009,4
spotify:track:0OaSLPPZIKgyRleJTHSmTm,"Argentique","Imany","Dinos",2018-04-27,245106,27,true,,2020-12-18T14:48:22Z,"rap francés","SPKTAQLR",0.661,0.539,5,-5.564,0,0.0368,0.259,0.00000102,0.0867,0.111,115.136,4
spotify:track:1qR5M6imIjQEFXTsai8tcR,"TNT","TNT","NAYANA IZ",2020-05-27,160711,51,true,,2020-12-18T13:35:18Z,"","Different Recordings",0.726,0.441,10,-8.953,0,0.131,0.18,0.0422,0.109,0.379,143.732,4
spotify:track:6jtUOVRO4p09Z7E35ERRL7,"Demon Fire","POWER UP","AC/DC",2020-11-13,210361,61,false,,2020-12-16T21:33:37Z,"rock,hard rock,rock clásico,rock and roll","Columbia",0.521,0.881,9,-5.309,1,0.0387,0.00000493,0.0114,0.141,0.564,160.026,4
spotify:track:1ykYncbYWgaHapHMJWyGqi,"Wild World","The Best Of Cat Stevens 20th Century Masters The Millennium Collection","Yusuf / Cat Stevens",2007-01-01,199240,0,false,,2020-12-12T19:13:27Z,"folk rock,folk,cantautores","A&M",0.48,0.491,0,-9.875,1,0.0373,0.389,0.000899,0.104,0.566,153.741,4
spotify:track:6voMS2OL56W3oVdAjikb4X,"Girl's Club","Loop Daddy III","Marc Rebillet",2020-10-01,105729,0,true,,2020-12-12T00:17:09Z,"","Bored Certified",0.869,0.537,9,-7.21,1,0.448,0.336,0.00187,0.0762,0.752,141.965,4
spotify:track:03Uq8UBpfc2ZqERiM53ATZ,"Essential Workers Anthem","Loop Daddy III","Marc Rebillet",2020-10-01,165332,0,true,,2020-12-12T00:17:01Z,"","Bored Certified",0.867,0.552,11,-8.239,0,0.108,0.0643,0.00203,0.514,0.875,124.945,4
spotify:track:5Z6Mur2nBOrSrQepW53cnu,"Insert Coin","Picnic","Cráneo;Itchy & Buco Sounds",2020-11-18,179586,0,true,,2020-12-12T00:14:53Z,"","Guayaba Records",0.847,0.458,8,-10.983,1,0.109,0.0596,0.00204,0.108,0.783,143.006,4
spotify:track:4ZQE54bbMxt7qYHEFIN6jH,"Gurififlay","Hipi Hapa Vacilanduki","BEJO",2017-08-20,118309,0,true,,2020-12-12T00:12:48Z,"","Teleyoli Sound Studio",0.566,0.811,3,-6.241,1,0.44,0.527,0,0.172,0.711,147.777,4
spotify:track:2xksvHleMQfe4V7XN5fJH9,"Widdit","Widdit","Lava La Rue",2018-05-22,151954,0,false,,2020-12-12T00:07:59Z,"r&b alternativo","NiNE8 COLLECTIVE",0.802,0.389,6,-8.761,0,0.365,0.527,0.0032,0.25,0.833,92.643,4
spotify:track:78SeXVRJ7KCqVmOwTiFjnI,"Nathy Peluso: Bzrp Music Sessions, Vol. 36/66","Nathy Peluso: Bzrp Music Sessions, Vol. 36/66","Bizarrap;NATHY PELUSO",2020-11-27,171215,67,false,,2020-12-09T00:44:18Z,"trap argentino,trap latino,urbano latino","DALE PLAY Records",0.65,0.655,1,-3.71,0,0.405,0.25,0,0.0691,0.735,94.059,4
spotify:track:6PfJgjfYXPvxKmRzBdl2rH,"Bootleggers","Bootleggers","YGTUT",2020-02-21,216964,36,true,,2020-12-06T09:39:32Z,"","Same Plate",0.901,0.579,6,-7.226,0,0.344,0.0116,0,0.141,0.717,148.005,4
spotify:track:43IfdE75ficQgsI8QGBvwb,"Mama/Show Love (feat. YBN Cordae)","Confessions of a Dangerous Mind","Logic;Cordae",2019-05-10,241306,0,true,,2020-12-05T21:06:22Z,"","Def Jam Recordings",0.574,0.823,0,-4.322,0,0.124,0.116,0,0.0898,0.256,154.053,4
spotify:track:12HlZFRb14C0bq5NGLcXVB,"Waves","Battlecruiser","CVPELLV;tapecut",2016-08-23,226862,23,false,,2020-12-04T13:20:28Z,"","#internetghetto",0.563,0.679,11,-3.621,1,0.368,0.0894,0.0206,0.125,0.388,170.947,4
spotify:track:3EN3bPWUwXOPh0gP6lrPf0,"Weed Flower Pot Heads","Strictly 4 All","Teknical Development.is;Figub Brazlevic;Tesla Alset;DJ Educut",2018-07-23,258876,0,true,,2020-12-04T13:15:28Z,"jazz rap,boom bap,lo-fi beats","VinDig",0.669,0.738,7,-4.626,1,0.345,0.234,0.000822,0.109,0.324,177.958,4
spotify:track:0JzPnwc3eDdyBeReXFLgXr,"Look Easy","Look Easy","KAYTRANADA;Lucky Daye",2020-07-10,165219,53,true,,2020-11-29T14:08:54Z,"","KAYTRANADA/RCA Records",0.718,0.637,1,-9.962,0,0.168,0.00828,0.0071,0.227,0.487,108.023,4
spotify:track:76AbJUvQCeWa0zSo7PjsTb,"Pause","Vibe, Volume 2.","IAMDDB",2017-05-07,120000,38,true,,2020-11-29T10:42:16Z,"r&b alternativo,r&b británico","WAEV Records.",0.444,0.376,4,-12.377,1,0.161,0.625,0,0.201,0.423,86.573,4
spotify:track:0OdQXPVo4yKRt27nvXyPR5,"Every Day Will Be Like a Holiday","100 Greatest Christmas Songs Ever","William Bell",2017-12-01,159000,0,false,,2020-11-28T22:59:17Z,"navidad","Warner Music Group - X5 Music Group",0.743,0.218,2,-12.024,1,0.0306,0.616,0,0.155,0.719,78.563,4
spotify:track:1I31JZ3Ag3tmAC40VHV4SX,"Thank You","Thank You","Bret James",2017-12-01,180375,0,false,,2020-11-28T09:42:38Z,"","Lowly Palace LLC",0.703,0.48,5,-6.586,1,0.235,0.397,0.0000129,0.129,0.355,79.994,4
spotify:track:3h2uMfchV3OUUYoOnNRoNb,"Noir ou blanc","Pour de vrai","Ichon;Loveni",2020-09-11,179173,35,false,,2020-11-28T09:05:23Z,"rap francés,r&b francés","911",0.786,0.751,2,-7.896,1,0.291,0.223,0.000153,0.105,0.605,115.118,4
spotify:track:1LYYsrjs2VIKB8t534B3cm,"No Stylist (feat. Drake)","MONTANA","French Montana;Drake",2019-12-06,189692,55,true,,2020-11-22T10:33:32Z,"rap","Epic/Bad Boy Entertainment",0.762,0.696,5,-4.795,0,0.126,0.0172,0.00000133,0.22,0.532,147.123,4
spotify:track:7wcyO1rrH3Ru4t659IjG41,"Crushed Up","Future Hndrxx Presents: The WIZRD","Future",2019-01-18,149948,56,true,,2020-11-21T21:19:26Z,"rap,trap","Epic/Freebandz",0.781,0.597,10,-6.794,0,0.23,0.0415,0,0.152,0.544,158.043,4
spotify:track:39RwDjX4s7OuUvlutGjBZI,"Bye Felicia","Studying Abroad","Masego",2020-11-13,158112,26,false,,2020-11-15T14:38:59Z,"","EQT Recordings/Capitol Records",0.56,0.351,8,-9.817,0,0.125,0.672,0.0702,0.241,0.623,200.156,4
spotify:track:63nBx0NMIyLr58DEKOEdg9,"The Recipe (prod. by KAYTRANADA)","Renaissance","Aluna;KAYTRANADA;Rema",2020-08-28,202012,46,false,,2020-11-15T11:21:32Z,"afrobeats,afrobeat,afropop,afropiano","Mad Decent",0.798,0.873,10,-3.561,0,0.0818,0.0641,0.000138,0.0762,0.522,108.014,4
spotify:track:12coFsCXPiFKo6vpa4t265,"GRABBA","In the AIR","Kidaf;Shuko",2018-03-09,145671,0,true,,2020-11-14T10:45:43Z,"ritmos de jazz,lo-fi beats,jazz rap","For The Love Of It",0.835,0.681,0,-5.934,1,0.322,0.258,0,0.23,0.646,100.521,4
spotify:track:19jYNfhsYSYX8vt3v7bvuJ,"Running Man - Main","Running Man","Footsie;Takjacob",2019-09-06,206626,34,false,,2020-11-14T10:38:18Z,"grime,uk grime,bassline,uk garage","Studio 55",0.849,0.484,10,-12.794,0,0.325,0.0833,0.000539,0.0815,0.532,127.016,4
spotify:track:2xnv4pjbfG6VGpVVy4AcJm,"Juice","Juice","CHISEKO;JCAL",2016-11-10,217142,40,false,,2020-11-14T10:11:12Z,"drill australiano","Four AM Collective",0.741,0.551,0,-10.323,1,0.355,0.149,0,0.0382,0.352,105.132,4
spotify:track:7GonnnalI2s19OCQO1J7Tf,"Kickstart My Heart","Dr. Feelgood","Mötley Crüe",1989,282653,11,false,,2020-11-12T22:09:17Z,"glam metal,glam rock,hard rock","Mötley Records",0.359,0.981,7,-3.622,0,0.303,0.00125,0.00236,0.284,0.271,178.98,4
spotify:track:7fcfNW0XxTWlwVlftzfDOR,"Walk","Vulgar Display of Power","Pantera",1992,315120,80,true,,2020-11-12T22:08:11Z,"groove metal,metal,thrash metal,heavy metal","Atlantic Records",0.43,0.704,1,-8.008,0,0.0804,0.000155,0.00221,0.0933,0.703,118.242,4
spotify:track:00Ro1lnV3V6i87aY4t8Q43,"La rebelion","Sabor a Salsa","Joe Arroyo",2007-05-12,376013,0,false,,2020-11-12T21:28:19Z,"salsa,merengue,música tropical","Magenta",0.571,0.755,1,-7.907,1,0.0735,0.142,0.0000255,0.136,0.875,107.951,4
spotify:track:6m6EZFUKT8308VXwBurewn,"Agüita","Agüita","Gabriel Garzón-Montano",2020-10-02,193416,0,false,,2020-11-12T10:35:11Z,"","Jagjaguwar",0.767,0.748,5,-5.451,0,0.366,0.183,0.000067,0.16,0.638,134.951,4
spotify:track:6M1sRwraMMNUVCLUvo4e1B,"Tomboy","1992 Deluxe","Princess Nokia",2017-09-08,217439,0,true,,2020-11-06T16:17:49Z,"","Rough Trade",0.623,0.785,2,-6.479,1,0.247,0.37,0.00494,0.413,0.476,75.056,4
spotify:track:32mS3YkFXkUab2By9hjCRa,"Sugar Honey Iced Tea (S.H.I.T.)","Everything is Beautiful","Princess Nokia",2020-02-26,148000,45,true,,2020-11-06T16:17:28Z,"","Platoon",0.747,0.461,11,-8.055,1,0.363,0.019,0.00000239,0.0884,0.352,95.181,4
spotify:track:79VKEr51Prtp9dBIEYjJVn,"Gemini","Everything is Beautiful","Princess Nokia",2020-02-26,184666,42,true,,2020-11-06T16:17:14Z,"","Platoon",0.784,0.57,2,-7.534,1,0.354,0.207,0.00475,0.126,0.908,80.048,4
spotify:track:6tByydPskASjm9jTPkNQq0,"Numb Numb Juice","CrasH Talk","ScHoolboy Q",2019-04-26,107146,63,true,,2020-11-01T10:48:01Z,"","Top Dawg Entertainment/Interscope Records",0.885,0.492,1,-6.015,1,0.367,0.00172,0.0000746,0.081,0.203,156.958,4
spotify:track:5fxBS5FiHsGJJCOZ1Vha0W,"YN","AUTONOMY","KLOUD",2020-10-30,243289,0,false,,2020-11-01T09:57:45Z,"hard techno","Lowly",0.369,0.725,9,-3.857,1,0.0396,0.00126,0.0000036,0.0894,0.0732,139.748,4
spotify:track:383LM93rT5NdU2Le0qu4Xk,"Hotel California - Spanish Mix","The Essential Gipsy Kings","Gipsy Kings",1999-08-03,346600,0,false,,2020-10-28T18:42:57Z,"flamenco","Sony Music CG",0.457,0.819,11,-9.072,0,0.0486,0.51,0.0000455,0.111,0.514,102.102,4
spotify:track:5Tqzffefo3Ua5G9ScLAnBe,"Todos los Besos","Tras la Máscara","Los Rebujitos",2016-05-20,251440,64,false,,2020-10-28T18:42:30Z,"flamenco,flamenco pop,flamenco urbano","Fods Records",0.505,0.644,7,-4.876,0,0.144,0.845,0,0.0662,0.57,112.88,4
spotify:track:1BK353EYyBMkDd80kmfrqA,"Ese Hombre","Dicen Que Soy","LA INDIA",1994-01-01,280013,55,false,,2020-10-28T18:42:19Z,"salsa,merengue","RMM Records",0.666,0.732,9,-9.078,0,0.0771,0.709,0.000132,0.0478,0.673,88.349,4
spotify:track:5NbSNwMC4pSuGNLX12mEhJ,"Let It Go","Let It Go","Chonique Sneed",2014-07-11,242286,27,false,,2020-10-28T18:41:53Z,"","Monsters Dance Music",0.637,0.67,8,-6.397,1,0.279,0.0285,0.0000191,0.0837,0.54,120.02,4
spotify:track:51R2M1JgyFfRS3e6v5wCt3,"Clandestino","Clandestino","Manu Chao",1998-10-06,149173,70,false,,2020-10-23T21:59:55Z,"música alternativa latina","Radio Bemba",0.68,0.594,6,-6.417,0,0.0688,0.469,0,0.431,0.774,85.04,4
spotify:track:5UOzQpO62ljPFDqquxGDqT,"Como El Agua - Tangos","Como El Agua (Remastered)","Camaron De La Isla;Paco de Lucía;Tomatito",2005-01-01,221080,51,false,,2020-10-23T21:59:33Z,"flamenco,flamenco pop,jazz latino","Universal Music Spain S.L.",0.467,0.736,2,-8.612,1,0.131,0.826,0.000155,0.168,0.77,161.653,4
spotify:track:4F7A0DXBrmUAkp32uenhZt,"Party Monster","Starboy","The Weeknd",2016-11-25,249213,80,true,,2020-10-23T21:54:07Z,"","The Weeknd/Lyric",0.573,0.63,1,-8.389,1,0.105,0.189,0.0000231,0.259,0.218,77.525,4
spotify:track:6v4s7JosY38tu0hTZGpgrx,"Christ Conscious","B4.DA.$$","Joey Bada$$",2015-01-20,173793,56,true,,2020-10-23T21:52:50Z,"hip hop,jazz rap,rap","Cinematic Music Group",0.649,0.717,4,-5.021,1,0.262,0.0131,0.0000326,0.18,0.589,86.798,4
spotify:track:3HFqO1Khvk1pdmhjz3tXsk,"Breakin' Outta Hell","Breakin' Outta Hell","Airbourne",2016-09-23,232425,0,true,,2020-10-23T21:51:47Z,"hard rock","Spinefarm Records UK",0.429,0.993,2,-2.772,1,0.157,0.0000465,0.762,0.163,0.256,172.08,4
spotify:track:4SyH9mFQXuFlIaEX7DCFpa,"Gitana de Arte","Rumbea Sin Parar","Bernardo Vazquez",2010-05-17,232120,39,false,,2020-10-23T21:49:38Z,"flamenco,flamenco pop,flamenco urbano","La Voz del Flamenco",0.722,0.939,6,-3.52,1,0.271,0.224,0,0.179,0.771,108.155,4
spotify:track:5lw8Mgb4LyhriPIC86gV6e,"RNP (feat. Anderson .Paak)","The Lost Boy","Cordae;Anderson .Paak",2019-07-26,175827,68,true,,2020-10-23T21:48:36Z,"","Art@War/Atlantic Records",0.611,0.714,9,-4.696,0,0.856,0.184,0,0.145,0.628,196.043,4
spotify:track:0GfkQQtDoI4K8A4TdQR1oe,"Long Tall Sally","Specialty Profiles: Lloyd Price (With Bonus Disc)","Little Richard",2006-01-01,131746,0,false,,2020-10-23T21:47:55Z,"rockabilly,rock and roll,doo-wop,boogie-woogie","Concord Records",0.402,0.753,5,-5.929,1,0.119,0.776,0,0.184,0.823,185.509,4
spotify:track:39N9RPD9MRb5WmoLzNzPeA,"X","X","Nicky Jam;J Balvin",2018-03-02,173627,5,false,,2020-10-23T21:34:50Z,"reggaetón,latina","Sony Music Latin",0.595,0.773,9,-4.736,0,0.0549,0.0364,0.00108,0.334,0.711,180.073,4
spotify:track:5gIJdZ7ZKhhcCqfT7mMMh2,"All We Do","Kaytra to Do","KAYTRANADA;JMSN",2013-02-25,252008,0,false,,2020-10-23T21:34:03Z,"","Jakarta",0.695,0.521,11,-9.509,0,0.0932,0.0104,0.00316,0.083,0.263,140.005,4
spotify:track:5FX89IUKm9QJT9ymrmyK4k,"Free Lunch","The Sun's Tirade","Isaiah Rashad",2016-09-02,192029,65,true,,2020-10-23T21:32:26Z,"","Top Dawg Entertainment",0.865,0.472,11,-7.359,0,0.237,0.223,0.0000539,0.109,0.843,130.011,4
spotify:track:72YHgP5Zueyh9ilIjkaEaB,"Dile","Dile/Intocable","Don Omar",2005-01-01,205000,71,false,,2020-10-23T21:30:34Z,"reggaetón,urbano latino","VI Music",0.826,0.703,9,-7.527,1,0.117,0.19,0.000047,0.0617,0.744,94.032,4
spotify:track:0eO7SWs88desmou6tFqW36,"Smiley Faces","St. Elsewhere","Gnarls Barkley;CeeLo Green;Danger Mouse",2007-12-01,185413,52,false,,2020-10-23T21:27:58Z,"","WM UK",0.559,0.884,10,-2.647,0,0.0376,0.00924,0,0.33,0.621,86.985,4
spotify:track:2EbQzx4SPYv6Aup9mhP9U0,"Neighbors","4 Your Eyez Only","J. Cole",2016-12-09,216520,0,true,,2020-10-23T21:26:35Z,"rap","Universal Music Group",0.897,0.284,6,-12.983,0,0.346,0.34,0.000503,0.107,0.434,138.978,4
spotify:track:1QEEqeFIZktqIpPI4jSVSF,"More Than a Feeling","Boston","Boston",1976,285133,86,false,,2020-10-23T21:26:02Z,"rock clásico,aor","Epic/Legacy",0.377,0.681,7,-8.039,1,0.0298,0.00088,0.0023,0.0504,0.285,108.789,4
spotify:track:3xT9eKEFfXjTJjtLjPUnQY,"Agachate - Original Mix","Agachate","Danny Romero",2012-02-10,188222,0,false,,2020-10-23T21:25:15Z,"","We Love Asere!",0.554,0.763,4,-6.521,0,0.177,0.0777,0.00000142,0.145,0.828,127.581,4
spotify:track:53Iq6KtGGUYSslF3bQ7Bf5,"Bro Code","Murder Mile","Frenzy",2019-07-24,178983,0,true,,2020-10-23T21:08:31Z,"","Frenzy",0.868,0.575,1,-7.886,1,0.124,0.399,0.0000107,0.132,0.368,118.062,4
spotify:track:3ZOEytgrvLwQaqXreDs2Jx,"Can't Stop","By the Way (Deluxe Edition)","Red Hot Chili Peppers",2002-07-09,269000,89,false,,2020-10-23T21:06:06Z,"funk rock,rock alternativo,rock","Warner Records",0.618,0.938,9,-3.442,1,0.0456,0.0179,0,0.167,0.875,91.455,4
spotify:track:76ZExGgO2njBAqvPAeh1x4,"Maybe","Janis Joplin: The Woodstock Experience","Janis Joplin",2009-06-30,219240,44,false,,2020-10-23T08:19:27Z,"rock clásico,rock ácido,rock psicodélico","Columbia/Legacy",0.346,0.347,5,-11.509,0,0.0379,0.219,0.0417,0.134,0.326,164.447,3
spotify:track:4ZbiI1peH7RTMXhPx1gEsK,"Gun","Courtney","Allan Rayman",2017-11-10,210146,31,false,,2020-10-21T10:21:09Z,"","Universal Music Canada",0.606,0.705,8,-4.767,1,0.045,0.0251,0.0208,0.144,0.559,120.04,4
spotify:track:68UW3plyDDNg1dkNIZRezJ,"Tinted Eyes","Tinted Eyes","DVBBS;blackbear;24kGoldn",2020-06-05,175081,0,false,,2020-10-19T22:02:35Z,"edm,big room,electrónica,slap house","Ultra Records",0.743,0.801,5,-4.097,0,0.0343,0.00598,0.0000246,0.178,0.381,121.965,4
spotify:track:73NKL4poX9bHcJyY9YNjjB,"Blessed","Blessed","DVTCH NORRIS;Yann Gaudeuille",2019-01-25,207800,0,false,,2020-10-19T13:04:13Z,"","Beatville",0.533,0.619,0,-7.923,1,0.318,0.245,0.0000277,0.178,0.637,100.791,3
spotify:track:3my5W7QLojCSj3E33eehcP,"DRIVE ME CRAZY","99.9%","KAYTRANADA;VIC MENSA",2016-05-06,277786,0,true,,2020-10-14T10:21:11Z,"","XL Recordings",0.479,0.667,1,-7.653,1,0.379,0.00676,0.000118,0.157,0.274,147.486,4
spotify:track:2sUzdnSJA2EHNBZEqQZCxv,"Bury Me Alive - A COLORS SHOW","Bury Me Alive - A COLORS SHOW","Kelvyn Colt",2019-08-30,190520,0,true,,2020-10-09T21:05:13Z,"","COLORSxSTUDIOS",0.756,0.485,4,-10.064,0,0.391,0.235,0,0.116,0.224,143.99,4
spotify:track:4jFLw7QqWlv3lZr980HyYW,"how will i rest in peace if i'm buried by a highway?//","how will i rest in peace if i'm buried by a highway?//","KennyHoopla",2020-02-04,218533,53,false,,2020-10-07T16:29:02Z,"pop punk","Arista Records/Mogul Vision",0.479,0.844,1,-4.338,0,0.0819,0.0134,0.00000391,0.195,0.49,159.852,4
spotify:track:6ZGY81sGxvEpVSO1UWDvsG,"Perfecto","Perfecto","Sen Senra",2020-07-16,160312,33,false,,2020-10-07T16:28:10Z,"","Universal Music Spain S.L.",0.874,0.374,7,-7.354,0,0.0497,0.743,0.112,0.111,0.548,135.069,4
spotify:track:7xQAfvXzm3AkraOtGPWIZg,"Wow.","Hollywood's Bleeding","Post Malone",2019-09-06,149546,81,true,,2020-10-07T16:27:39Z,"","Republic Records",0.829,0.538,11,-7.359,0,0.212,0.137,0.00000188,0.103,0.389,99.952,4
spotify:track:0e7ipj03S05BNilyu5bRzt,"rockstar (feat. 21 Savage)","beerbongs & bentleys","Post Malone;21 Savage",2018-04-27,218146,85,true,,2020-10-07T16:27:13Z,"","Republic Records",0.585,0.52,5,-6.136,0,0.0713,0.124,0.0000775,0.131,0.129,159.798,4
spotify:track:4Y2glvLjQGOb4dXnwm1hQf,"Witchcraft","Immersion","Pendulum",2010-05-21,252786,64,false,,2020-10-07T16:26:16Z,"drum and bass,drumstep,dubstep","WM UK",0.42,0.969,1,-3.139,1,0.0581,0.0000284,0.00861,0.379,0.182,174.038,4
spotify:track:1wsZ0cp5He4Wm4yohNjwIs,"idfc - Tarro Remix","idfc (Tarro Remix)","blackbear;Tarro",2016-10-17,248633,60,true,,2020-10-06T13:27:51Z,"","Santa Anna",0.58,0.694,1,-5.45,0,0.221,0.481,0.00000118,0.109,0.389,139.751,4
spotify:track:7lLx76O0zm4zESRf0g5Qo6,"Mode v-vr","Explicit Samouraï","Explicit Samourai;Sly the Mic Buddah",2004-01-01,231973,0,false,,2020-10-03T21:05:36Z,"rap francés","Aktarus",0.824,0.653,8,-6.314,1,0.494,0.332,0,0.134,0.746,93.097,4
spotify:track:3kiKvrMonNxyh8nzkhCrbU,"Musicology","Musicology","Prince",2004-04-20,264253,49,false,,2020-10-01T10:03:28Z,"funk,funk rock","Legacy Recordings",0.717,0.524,6,-5.085,0,0.334,0.19,0.00157,0.157,0.644,99.497,4
spotify:track:3s3oiCHAHLWmKZUYk1ozJG,"Get on Top","Californication","Red Hot Chili Peppers",1999-06-08,198066,50,true,,2020-09-30T16:37:19Z,"funk rock,rock alternativo,rock","Warner Records",0.573,0.994,4,-0.407,0,0.342,0.0281,0.00543,0.367,0.416,114.563,4
spotify:track:2HrdUG3XmUH5BvOUeCkVMG,"Reggae Shark","The Key of Awesome","The Key of Awesome",2016-03-15,144076,0,false,,2020-09-28T10:10:18Z,"","Mark Douglas",0.867,0.443,11,-10.436,0,0.414,0.0538,0,0.121,0.695,79.939,4
spotify:track:05GvwwTLLID738BbKN1ze0,"Because You Move Me","Because You Move Me","Tinlicker;Helsloot",2017-07-31,196375,77,false,,2020-09-21T23:00:37Z,"house melódico,house progresivo,techno melódico,house","Armada Electronic Elements",0.789,0.435,2,-9.506,0,0.149,0.691,0.0418,0.107,0.166,122.995,4
spotify:track:5hYr8yRbQLFE20oS7Mi3T2,"(Rock) Superstar (feat. Chino Moreno & Everlast)","Skull & Bones","Cypress Hill;Chino Moreno;Everlast",2000-04-25,276866,64,true,,2020-09-16T19:32:41Z,"hip hop de la costa oeste,hip hop old school,rap rock,hip hop","Columbia",0.795,0.762,2,-6.972,1,0.261,0.0142,0.00000975,0.064,0.722,94.223,4
spotify:track:0snQkGI5qnAmohLE7jTsTn,"Toxicity","Toxicity","System Of A Down",2001-09-04,218933,88,false,,2020-09-10T09:31:28Z,"nu metal,metal,metal alternativo,rap metal,rock","American/Columbia",0.413,0.873,8,-4.151,1,0.0536,0.000264,0.00249,0.204,0.48,116.68,3
spotify:track:74PyndGWYtfs86n60lAsYW,"Everytime We Touch - Radio Edit","Original Me","Cascada",2011-01-01,199120,70,false,,2020-09-09T23:49:53Z,"europop,eurodance,nightcore","UMOD (Universal Music On Demand)",0.64,0.977,8,-5.369,1,0.0555,0.00461,0.0000168,0.371,0.493,142.019,4
spotify:track:43Qg2SbTP9G4SZprg4BgY1,"Ninja","Kill the Power","Skindred",2014-01-27,271408,0,true,,2020-09-08T22:00:28Z,"nu metal,rap metal","DoubleCross Records",0.619,0.99,10,-3.041,0,0.25,0.00528,0.00108,0.946,0.573,98.973,4
spotify:track:6RJdYpFQwLyNfDc5FbjkgV,"Stricken","Ten Thousand Fists","Disturbed",2005-09-19,245226,78,false,,2020-09-08T21:58:48Z,"metal,nu metal,metal alternativo,rap metal,hard rock","Reprise",0.402,0.969,8,-2.825,1,0.181,0.0000914,0.0325,0.225,0.262,173.847,4
spotify:track:40rvBMQizxkIqnjPdEWY1v,"Down with the Sickness","The Sickness","Disturbed",2000-03-07,279213,81,true,,2020-09-08T21:58:30Z,"metal,nu metal,metal alternativo,rap metal,hard rock","Giant/Reprise",0.695,0.876,3,-4.262,0,0.0553,0.000996,0.00000689,0.106,0.941,89.954,4
spotify:track:1INksmStBpxdNlBzwGUvsg,"Out of the Black","Royal Blood","Royal Blood",2014-08-18,240572,64,true,,2020-09-08T10:31:21Z,"garage rock,rock","Warner Records",0.52,0.981,2,-2.75,1,0.0905,0.000867,0.00177,0.197,0.634,158.93,4
spotify:track:5OT8zm57JTvXUn6AkfbQKk,"Beykat","Joko - From Village To Town","Youssou N'Dour",2000,269826,30,false,,2020-09-07T19:29:57Z,"afropop","S.M.A.L.L.",0.751,0.832,4,-10.498,1,0.0502,0.347,0.272,0.124,0.894,132.039,4
spotify:track:3aDhgouoRk6awklXL4QBGQ,"PYRO","PYRO","Chester Young;Castion",2019-10-07,148364,52,false,,2020-09-06T16:32:10Z,"future house,bass house,house latino","Darklight Recordings",0.718,0.977,1,-1.824,1,0.0668,0.143,0.0318,0.374,0.259,125.983,4
spotify:track:3e91QYrWXIBXesEjrR3a7F,"Winaloto","Winaloto","Tommy Cash",2016-07-20,208000,0,false,,2020-09-06T16:25:10Z,"","Tommy Cash",0.726,0.48,9,-10.042,1,0.345,0.215,0.000857,0.0562,0.352,170.016,4
spotify:track:0tZ3mElWcr74OOhKEiNz1x,"Bulls On Parade","Evil Empire","Rage Against The Machine",1996-04-16,229466,78,true,,2020-09-05T08:43:05Z,"rap metal,rap rock,metal alternativo,nu metal","Epic",0.412,0.919,5,-7.291,1,0.184,0.0124,0.0601,0.424,0.572,166.367,4
spotify:track:1ulVKX61ePVrT81RLFqrOj,"Just Friends (Sunny)","Aijuswanaseing","Musiq Soulchild",2000-11-14,251426,51,false,,2020-08-25T12:23:08Z,"neo soul,r&b,quiet storm","Def Jam Recordings",0.75,0.373,7,-7.577,1,0.162,0.44,0,0.366,0.547,95.033,4
spotify:track:6sVzvslEWIEI51xlfIR5cE,"Parapluie - A COLORS SHOW","Parapluie - A COLORS SHOW","Lala &ce",2020-08-20,162062,0,true,,2020-08-22T23:46:44Z,"rap francés,r&b francés","COLORSxSTUDIOS",0.719,0.289,8,-12.848,0,0.0834,0.506,0,0.148,0.235,91.954,4
spotify:track:1nMCaepTVQRf6aCwLOs3u3,"Foreign","Old Times in Gotham","Kidd Keo",2017-09-23,266165,50,true,,2020-08-22T23:28:17Z,"trap,trap argentino","Dbtrap Records",0.84,0.634,5,-4.565,0,0.116,0.278,0,0.0591,0.443,130.029,4
spotify:track:1RMJOxR6GRPsBHL8qeC2ux,"Best Part (feat. H.E.R.)","Freudian","Daniel Caesar;H.E.R.",2017-08-25,209831,9,false,,2020-08-22T23:21:37Z,"r&b","Golden Child Recordings",0.524,0.364,7,-10.209,1,0.0367,0.808,0,0.1,0.436,75.24,4
spotify:track:5TYQonY07iJP2ULhR4ptce,"Mellowship Slinky in B Major","Blood Sugar Sex Magik (Deluxe Edition)","Red Hot Chili Peppers",1991-09-24,239960,51,false,,2020-08-19T18:04:55Z,"funk rock,rock alternativo,rock","Warner Records",0.652,0.809,6,-11.623,0,0.0762,0.00295,0.00928,0.352,0.773,91.919,4
spotify:track:4ddA4oHvhrGx196qF5ZyQe,"Blood Sugar Sex Magik","Blood Sugar Sex Magik (Deluxe Edition)","Red Hot Chili Peppers",1991-09-24,271160,60,false,,2020-08-19T17:55:54Z,"funk rock,rock alternativo,rock","Warner Records",0.63,0.794,9,-10.2,0,0.0921,0.000282,0.429,0.298,0.836,146.574,4
spotify:track:0RdUX4WE0fO30VnlUbDVL6,"Still Loving You","Comeblack","Scorpions",2011-11-07,403453,79,false,,2020-08-18T13:35:24Z,"hard rock,glam metal,rock","Legacy Recordings",0.282,0.605,6,-4.916,0,0.0294,0.0047,0.00144,0.103,0.0783,103.929,4
spotify:track:7MXVkk9YMctZqd1Srtv4MB,"Starboy","Starboy","The Weeknd;Daft Punk",2016-11-25,230453,93,true,,2020-08-16T20:38:37Z,"house francés,electrónica,electro","The Weeknd/Lyric",0.679,0.587,7,-7.015,1,0.276,0.141,0.00000635,0.137,0.486,186.003,4
spotify:track:0VjIjW4GlUZAMYd2vXMi3b,"Blinding Lights","After Hours","The Weeknd",2020-03-20,200040,92,false,,2020-08-16T20:38:30Z,"","Republic Records",0.513,0.73,1,-5.94,1,0.0598,0.00143,0.0000954,0.0897,0.334,171.001,4
spotify:track:20wr69K2ETxXf05SixMQ1j,"Dale Don Dale","Reggaeton de los 00's","Don Omar",2019-05-31,212413,0,false,,2020-08-15T12:51:12Z,"reggaetón,urbano latino","UME - Global Clearing House",0.831,0.818,2,-7.827,1,0.0824,0.0245,0.000319,0.0892,0.819,95.022,4
spotify:track:5uk4MiACE4pC9s9JBf9Lc5,"Mayor Que Yo 3","Reggaeton de los 00's","Luny Tunes;Daddy Yankee;Don Omar;Wisin & Yandel",2019-05-31,304746,0,false,,2020-08-15T12:51:01Z,"reggaetón,latina,urbano latino","UME - Global Clearing House",0.715,0.964,1,-3.176,0,0.162,0.0985,0,0.291,0.535,91.976,4
spotify:track:5ry2OE6R2zPQFDO85XkgRb,"Money In The Grave (Drake ft. Rick Ross)","The Best In The World Pack","Drake;Rick Ross",2019-06-15,205426,78,true,,2020-08-14T23:18:46Z,"rap,hip hop sureño americano","Republic Records",0.831,0.502,10,-4.045,0,0.046,0.101,0,0.122,0.101,100.541,4
spotify:track:628ec6YsT4CbfloxL2f6wd,"Come Correct","Come Correct","Blimes;Gifted Gab",2018-03-09,144014,30,true,,2020-08-14T22:23:50Z,"","B.A.G.",0.533,0.777,9,-6.588,0,0.334,0.0164,0.00157,0.104,0.48,78.631,4
spotify:track:2nVTs8Dc5GL1bqUf9YUPh1,"Cherish","Cherish","Shay Lia",2018-02-02,208611,0,false,,2020-08-14T22:11:58Z,"r&b alternativo","N.O.T.E",0.715,0.231,4,-18.585,1,0.0546,0.125,0.8,0.105,0.164,139.993,4
spotify:track:3HEn14GqygLCNfroOnYiZb,"Free Room (feat. Appleby)","Moon Shoes EP","Ravyn Lenae;Appleby",2016-07-29,217013,57,false,,2020-08-14T22:11:40Z,"r&b alternativo,indie soul","Three Twenty Three Music Group",0.778,0.465,4,-7.662,1,0.318,0.729,0.000557,0.107,0.386,120.172,4
spotify:track:6BtCz1DSDa7f0DQqjdjzFE,"Uptempo","Supreme Laziness","The Celestics",2014-05-20,155402,0,true,,2020-08-14T22:11:16Z,"","HW&W Recordings",0.612,0.67,1,-7.708,0,0.264,0.06,0.00138,0.385,0.287,113.818,4
spotify:track:5uVjUTstAPE3lhgjNSVGUB,"Rakata","Reggaeton de los 00's","Wisin & Yandel",2019-05-31,172680,1,false,,2020-08-14T22:06:14Z,"reggaetón,urbano latino","UME - Global Clearing House",0.872,0.786,1,-5.473,1,0.142,0.0348,0,0.0776,0.722,95.986,4
spotify:track:1G391cbiT3v3Cywg8T7DM1,"Scar Tissue","Californication (Deluxe Edition)","Red Hot Chili Peppers",1999-06-08,215906,89,false,,2020-08-14T21:16:46Z,"funk rock,rock alternativo,rock","Warner Records",0.595,0.717,0,-4.803,1,0.0295,0.0779,0.00274,0.108,0.547,88.969,4
spotify:track:1OWSsdbAXFyPDo6khogqAW,"Lover, Leaver","Anthem Of The Peaceful Army","Greta Van Fleet",2018-10-19,214986,50,false,,2020-08-14T21:11:19Z,"rock","Republic Records",0.496,0.924,9,-3.895,1,0.0507,0.00214,0.22,0.136,0.594,91.882,4
spotify:track:0iYBNrznkCwhN3xCmNVJpo,"You're The One","Anthem Of The Peaceful Army","Greta Van Fleet",2018-10-19,266933,65,false,,2020-08-14T21:10:32Z,"rock","Republic Records",0.553,0.807,2,-5.805,1,0.0428,0.0125,0.00222,0.302,0.575,151.916,4
spotify:track:2ZMI0QNoqU9fQZFirR9WpK,"When The Curtain Falls","Anthem Of The Peaceful Army","Greta Van Fleet",2018-10-19,222960,63,false,,2020-08-14T21:10:29Z,"rock","Republic Records",0.535,0.975,0,-2.959,1,0.0647,0.0297,0.126,0.0482,0.689,96.004,4
spotify:track:32BEasyNQgqXQJKoVa0fUw,"Black Smoke Rising","From The Fires","Greta Van Fleet",2017-11-10,259893,70,false,,2020-08-14T21:10:19Z,"rock","Lava Music/Republic Records",0.558,0.902,7,-4.018,1,0.0464,0.197,0.000148,0.0852,0.572,100.027,4
spotify:track:7aOor99o8NNLZYElOXlBG1,"Highway Tune","From The Fires","Greta Van Fleet",2017-11-10,180640,74,false,,2020-08-14T21:10:13Z,"rock","Lava Music/Republic Records",0.582,0.962,4,-3.037,1,0.0542,0.0096,0.128,0.283,0.506,123.971,4
spotify:track:7fBv7CLKzipRk6EC6TWHOB,"The Hills","Beauty Behind The Madness","The Weeknd",2015-08-28,242253,89,true,,2020-08-14T10:38:15Z,"","The Weeknd/Lyric",0.585,0.564,0,-7.063,0,0.0515,0.0671,0,0.135,0.137,113.003,4
spotify:track:48BPAfzibzirpoHv2cS5Ts,"2X2","95","BEAM",2019-10-18,183928,38,false,,2020-08-13T09:09:43Z,"","BE I AM/Epic",0.579,0.589,1,-6.31,1,0.356,0.0277,0,0.137,0.195,179.885,4
spotify:track:5IaHrVsrferBYDm0bDyABy,"Taste (feat. Offset)","Taste (feat. Offset)","Tyga;Offset",2018-05-16,232959,71,true,,2020-08-10T22:24:21Z,"","Last Kings Music / EMPIRE",0.884,0.559,0,-7.442,1,0.12,0.0236,0,0.101,0.342,97.994,4
spotify:track:322vI2bPcLJeDxltXD9hzD,"Lyk Dis","Yes Lawd!","NxWorries;Anderson .Paak;Knxwledge",2016-10-21,150760,0,true,,2020-08-10T22:24:00Z,"","Stones Throw Records",0.703,0.493,1,-6.217,0,0.278,0.0338,0,0.449,0.579,85.039,4
spotify:track:6vVFqMUDG316z5EXYHs7fE,"Tip Pon It","Mad Love The Prequel","Sean Paul;Major Lazer",2018-06-29,221612,53,false,,2020-08-10T22:22:53Z,"dancehall,moombahton","Universal-Island Records Ltd.",0.689,0.892,4,-3.95,0,0.246,0.00446,0.00932,0.435,0.77,110.09,4
spotify:track:7aJjhQlplwtUS7emsLIEWC,"Believe In Me","Lenny","Lenny Kravitz",2001-01-01,280973,53,false,,2020-08-10T22:21:51Z,"","Virgin Records",0.73,0.65,5,-8.142,0,0.0354,0.00243,0.0245,0.0445,0.748,120.038,4
spotify:track:3yn3OaH7nZwmvHUXF5eago,"May I (feat. Mr. Talkbox)","Oblivion","T-Pain;Mr. Talkbox",2017-11-17,473765,0,true,,2020-08-10T22:21:15Z,"","Nappy Boy/Konvict Muzik/RCA Records",0.4,0.539,9,-8.548,1,0.0518,0.0624,0.00216,0.0855,0.182,139.96,4
spotify:track:1LWunyq4LMbOGjPD128dJy,"Seul","3 du mat","Lefa",2018-04-06,209440,37,true,,2020-08-10T22:16:17Z,"rap francés,pop urbaine","Jive Epic",0.671,0.584,9,-9.959,0,0.54,0.65,0,0.128,0.366,119.303,5
spotify:track:1060gzllf4b0UETAXisR5l,"Lights Out","How Did We Get So Dark?","Royal Blood",2017-06-16,236426,62,false,,2020-08-10T22:15:51Z,"garage rock,rock","Warner Records",0.501,0.824,0,-7.25,1,0.0413,0.000127,0.000311,0.0922,0.57,89.972,4
spotify:track:4RLyglwAFmsek6f7ojJ9db,"Rub A Bum","Rub A Bum","Play-N-Skillz;Jenn Morel;Joelii",2018-07-27,164554,31,false,,2020-08-10T22:15:23Z,"house latino,moombahton","Sony Music Latin/Latium Records",0.807,0.921,5,-3.327,0,0.0903,0.15,0.000833,0.136,0.719,102.964,4
spotify:track:5NhlpQ6BOIz3S5welptk1W,"Sober","Kauai","Childish Gambino",2014-10-03,252026,1,false,,2020-08-10T22:12:44Z,"","Glassnote Entertainment Group LLC",0.707,0.562,0,-7.621,1,0.0305,0.124,0.0000158,0.561,0.418,98.094,4
spotify:track:5MKSl2ZHsImt0wOfBAs87U,"Terrified","""Awaken, My Love!""","Childish Gambino",2016-12-02,255466,0,true,,2020-08-10T22:12:32Z,"","Glassnote Entertainment Group LLC",0.468,0.397,0,-11.707,0,0.0572,0.425,0.571,0.0989,0.0993,139.973,4
spotify:track:0wXuerDYiBnERgIpbb3JBR,"Redbone","""Awaken, My Love!""","Childish Gambino",2016-12-02,326933,5,true,,2020-08-10T22:12:19Z,"","Glassnote Entertainment Group LLC",0.743,0.344,1,-11.174,1,0.118,0.169,0.00879,0.103,0.577,160.15,4
spotify:track:3BINSFSuHalV8yoX3zAVbl,"Juice","Juice","Young Franco;Pell",2020-02-28,211212,47,false,,2020-08-10T22:11:39Z,"","Universal Music Australia Pty. Ltd.",0.861,0.533,0,-5.995,1,0.199,0.253,0.00000171,0.0535,0.61,111.986,4
spotify:track:5ZoDwIP1ntHwciLjydJ8X2,"My Cherie Amour","My Cherie Amour","Stevie Wonder",1969-08-01,173306,69,false,,2020-08-10T21:57:45Z,"motown,soul clásico,soul","Motown",0.574,0.507,6,-11.343,1,0.0258,0.228,0.00000457,0.279,0.514,101.085,4
spotify:track:7xcap8vPGE9Vloa7fhnxKC,"Call Out My Name","Call Out My Name","Seraphim",2018-04-24,216716,36,false,,2020-08-10T21:54:29Z,"","833284 Records DK2",0.535,0.798,6,-6.569,0,0.0558,0.019,0.000279,0.0982,0.309,134.023,3
spotify:track:0K6Id5hT0xHOgV5DmwbrKG,"Ella Quiere Dancehall","Lord King","Eichem",2018-06-01,148427,0,false,,2020-08-10T21:52:03Z,"dancehall","Royal Bombo Music",0.839,0.674,4,-7.857,0,0.491,0.0822,0,0.0715,0.802,113.01,5
spotify:track:1C26HwnwtIwLlSHJdB2iZw,"Control","Control","Moods;Two Another",2020-07-10,187364,44,false,,2020-08-10T21:48:26Z,"lo-fi beats,indie soul","Boogie Angst",0.704,0.47,7,-6.89,0,0.312,0.057,0.00000725,0.0891,0.486,59.209,4
spotify:track:7rWLqeQJabrK7FbY8X0TyI,"Suburban, Pt. 2","Growth & Development","22Gz",2020-04-10,190746,59,true,,2020-08-09T21:26:36Z,"drill de brooklyn,drill neoyorquino,drill","Atlantic Records",0.83,0.574,11,-6.892,1,0.701,0.281,0,0.124,0.538,143.892,4
spotify:track:4r9ZPOyVV5abeHjOsuFsaW,"Back in the Woods","Feral Roots","Rival Sons",2019-01-25,212946,41,false,,2020-08-09T21:22:15Z,"blues rock,blues modern","Atlantic Records",0.318,0.879,2,-2.625,1,0.0574,0.000298,0.0301,0.145,0.443,151.481,4
spotify:track:5DoLhdU27owX1NMrKLUbUl,"Lean (feat. Towy, Osquel, Beltito & Sammy & Falsetto)","Lean (feat. Towy, Osquel, Beltito & Sammy & Falsetto)","Super Yei;Sammy;Jone Quest;Towy;Osquel;Beltito;Sammy & Falsetto",2017-03-31,260545,1,true,,2020-08-09T21:16:59Z,"reggaetón,mambo chileno,trap latino,trap chileno","Superiority",0.863,0.669,6,-5.952,0,0.282,0.111,0,0.0569,0.947,164.062,4
spotify:track:4wFjTWCunQFKtukqrNijEt,"MotorSport","Culture II","Migos;Nicki Minaj;Cardi B",2018-01-26,303076,70,true,,2020-08-07T17:13:06Z,"trap","Quality Control Music, LLC",0.902,0.518,2,-5.32,1,0.183,0.0305,0,0.325,0.188,137.993,4
spotify:track:4k9EkhkFZY8Bk41Qi0Ob7P,"The Choice Is Yours (Revisited)","A Wolf In Sheep's Clothing","Black Sheep",1991-01-01,243200,61,false,,2020-07-31T20:56:49Z,"hip hop de la costa este,hip hop old school","Island Mercury",0.867,0.679,10,-12.028,0,0.207,0.0336,0.00000159,0.0742,0.68,101.293,4
spotify:track:2EEEVc87vwYaafWq0ciih4,"Aller Simple","Aller Simple","Siwa",2019-10-10,137142,24,true,,2020-07-29T15:41:16Z,"rap francés","Magnolia",0.809,0.572,1,-10.517,0,0.478,0.819,0.016,0.678,0.894,104.886,4
spotify:track:4NYzuuSf3lqmXogSd1tnFP,"SHIBUYA (GHOST II) (feat. Jaden, VIC MENSA & Belly)","SHIBUYA (GHOST II) (feat. Jaden, VIC MENSA & Belly)","Christian Rich;Jaden;VIC MENSA;Belly",2019-06-07,157000,28,true,,2020-07-17T23:20:46Z,"","Epic Local",0.705,0.623,1,-5.292,1,0.307,0.232,0.000123,0.268,0.4,73.862,4
spotify:track:0JwG03lkrLmyd0XavtkCVw,"Sego Hotline (ft. Krs.)","The Pink Polo EP","Masego,Medasin;KRS",2016-04-05,224040,30,false,,2020-07-17T23:19:04Z,"","TrapHouseJazz",0.844,0.384,9,-11.385,0,0.254,0.377,0.000492,0.321,0.324,112.975,4
spotify:track:2XTkpF9T2PKvcLgamGJGx1,"Goodbye Angels","The Getaway","Red Hot Chili Peppers",2016-06-17,268733,66,false,,2020-07-17T23:14:27Z,"funk rock,rock alternativo,rock","Warner Records",0.365,0.804,9,-5.922,0,0.105,0.104,0.0000658,0.15,0.577,171.597,4
spotify:track:4sozsbVtlFDe74usgfDPOQ,"Studio","Oxymoron (Deluxe)","ScHoolboy Q;BJ The Chicago Kid",2014-01-01,278066,0,true,,2020-07-17T23:06:46Z,"","Universal Music Group",0.708,0.596,8,-7.692,0,0.0412,0.0523,0,0.0555,0.588,133.955,3
spotify:track:5AeEoXX8et0BYkcp27Mj5Y,"Don't Speak","Death By Sexy","Eagles Of Death Metal",2006-07-01,167840,0,false,,2020-07-17T23:01:47Z,"stoner rock,garage rock","20-20 Entertainment LLC",0.599,0.905,8,-3.804,1,0.118,0.00695,0.0142,0.663,0.638,136.748,4
spotify:track:1ehhFCpPQHBKfn1aCNMo8t,"Ready For Your Love","Ready For Your Love","Gorgon City;MNEK",2014-01-01,197562,0,false,,2020-07-17T22:50:28Z,"house","Universal Music Group",0.66,0.747,5,-6.637,1,0.133,0.136,0.000786,0.347,0.455,121.963,4
spotify:track:3B7udSGy2PfgoCniMSb523,"I See Fire - From ""The Hobbit - The Desolation Of Smaug""","The Hobbit - The Desolation Of Smaug (Original Motion Picture Soundtrack / Special Edition)","Ed Sheeran",2013-01-01,300840,2,false,,2020-07-12T22:11:38Z,"pop suave","Decca (UMO)",0.581,0.0549,10,-20.514,0,0.0397,0.559,0,0.0718,0.234,152.037,4
spotify:track:5WphWTUIfRe7x8NZss79cY,"Let Me Love You","Turning Point","Mario",2004-12-06,249093,75,false,,2020-07-03T12:07:28Z,"r&b","J Records",0.622,0.593,7,-8.352,0,0.0916,0.163,0,0.0979,0.607,94.364,4
spotify:track:2rd4EiTUttYeshOynDXM3Z,"TROLLZ - Alternate Edition (with Nicki Minaj)","TROLLZ - Alternate Edition (with Nicki Minaj)","6ix9ine;Nicki Minaj",2020-06-16,185666,0,true,,2020-07-01T11:18:56Z,"","Create Music Group",0.722,0.502,1,-8.108,1,0.206,0.0328,0.0000377,0.108,0.35,179.989,4
spotify:track:6dO718ifYwuMljavDSLTTD,"Chemical (feat. Ahsha & Lemay) - Hex Cougar Remix","Fallout (The Remixes)","KRANE;Lemay;Ahsha;Hex Cougar",2018-03-30,236800,0,false,,2020-06-28T22:29:28Z,"future bass,edm trap,tropical house,bass melódico","Dim Mak Records",0.37,0.798,5,-1.212,0,0.11,0.122,0.0000347,0.108,0.224,149.785,4
spotify:track:1znGxpojJSjxZZEWA5zWva,"Still Counting","Guitar Gangsters & Cadillac Blood","Volbeat",2008,261813,4,false,,2020-06-21T15:31:14Z,"rock,metal","Mascot Records",0.309,0.919,2,-3.131,1,0.0609,0.00039,0.000225,0.423,0.322,103.891,4
spotify:track:6C14lSqG64BEBoSLhttx6m,"LENTO (with Sean Paul & Mozart La Para feat. Cazzu)","LENTO (with Sean Paul & Mozart La Para feat. Cazzu)","Tainy;Sean Paul;Mozart La Para;Cazzu",2020-01-31,171413,34,false,,2020-06-21T00:23:42Z,"reggaetón,dancehall,dembow,trap argentino,trap latino,turreo","NEON16 / Y Entertainment / Roc Nation Records, LLC",0.651,0.77,6,-5.101,0,0.342,0.353,0,0.107,0.49,115.191,4
spotify:track:0HnV5R4fBuNCoh6XDetQmj,"Rhythm Of The Night","Rhythm Of The Night","Maurice West;SaberZ",2018-02-26,181942,51,false,,2020-06-15T23:28:09Z,"big room","Mainstage Music",0.507,0.861,3,-3.302,0,0.0938,0.00264,0.00101,0.643,0.238,127.964,4
spotify:track:02846iBEHz7g1pFLvpRllW,"MUKANJYO","Mukanjyo","Survive Said The Prophet",2019-08-21,192400,2,false,,2020-06-15T23:26:36Z,"anime,rock japonés","NITRON concepts",0.316,0.961,7,-4.082,1,0.129,0.00364,0,0.226,0.304,94.858,4
spotify:track:4V9ySVUIkYGriZExyWLByC,"Hollyhood - A COLORS SHOW","Hollyhood - A COLORS SHOW","Buddy",2019-10-29,183290,13,false,,2020-06-15T23:24:51Z,"","Cool Lil Company, LLC/RCA Records",0.799,0.446,5,-14.695,0,0.455,0.498,0,0.178,0.822,155.018,4
spotify:track:42DZ6nBYhvyoLwmCUGz2T9,"Good To Know (feat. Masego, Kp & Ambriia)","Good To Know (feat. Masego, Kp & Ambriia)","Ciscero;Masego;Ambriia;KP_",2019-10-25,241755,42,true,,2020-06-15T23:23:43Z,"jazz rap","We Are Not The Same",0.877,0.387,6,-7.487,0,0.146,0.246,0.00127,0.116,0.647,97.35,4
spotify:track:4v5klXZ2UHKsmOcJI5h02F,"Hala","Hala","Caravan Trip;BEJO",2019-11-15,126896,0,true,,2020-06-15T23:22:59Z,"","Little Red Corvette Records",0.831,0.497,7,-7.924,1,0.279,0.0555,0.00000182,0.684,0.939,87.023,4
spotify:track:75iMmNoYpARcc0qpseoIex,"Her Lies (In a Box Version)","In a Box II: Acoustic Recordings","Asaf Avidan",2018-12-12,240981,0,false,,2020-06-15T23:20:17Z,"","Telmavar Records",0.483,0.377,4,-12.056,0,0.251,0.83,0,0.58,0.407,135.349,4
spotify:track:4cOVTA2GfYTHw99AJDQpHo,"The Worst In Me (feat. Tinashe)","BUBBA","KAYTRANADA;Tinashe",2019-12-13,226720,60,true,,2020-06-15T23:15:53Z,"r&b alternativo","KAYTRANADA/RCA Records",0.784,0.646,10,-7.325,0,0.401,0.00931,0.000132,0.117,0.59,109.978,4
spotify:track:5AkM4gM3mkjLs2XQPunXkX,"Vex Oh feat. GoldLink & Ari PenSmith","Vex Oh feat. GoldLink & Ari PenSmith","KAYTRANADA;Eight9FLY;Ari PenSmith;GoldLink",2019-12-12,162146,28,true,,2020-06-15T23:15:00Z,"","KAYTRANADA/RCA Records",0.742,0.643,6,-10.251,1,0.385,0.149,0.000026,0.0861,0.797,112.402,4
spotify:track:6tEAb2rMdgymsTvIn2syGM,"Sóbala","Sóbala","Brackem;Dazen",2019-12-12,151588,3,true,,2020-06-15T23:14:01Z,"moombahton,dancehall,shatta","Brackem",0.733,0.738,11,-4.751,0,0.26,0.0135,0.0567,0.0895,0.633,190.065,4
spotify:track:1SkQ9HjrgLvtITLtmTN2Vl,"Oil It","Oil It","Mr. Killa",2018-07-25,181090,48,false,,2020-06-15T23:11:47Z,"soca,dancehall","Eclectik Music",0.925,0.799,5,-7.608,1,0.229,0.165,0.00000173,0.122,0.537,112.67,4
spotify:track:37MuMZU7ckYhVYVHq8RUpb,"Wake up and Move... Funky","Wake up and Move Funky / Between Two Memories","Eddy Rosemond",2019-03-29,231502,35,false,,2020-06-15T23:08:28Z,"disco","Musiques & Solutions",0.857,0.62,1,-10.322,1,0.18,0.0035,0.0000683,0.051,0.826,129.291,4
spotify:track:5arVt2Wg0zbiWwAOZef2Nl,"Higher Ground - Remastered 2003","Mother's Milk","Red Hot Chili Peppers",1989-08-16,202053,66,false,,2020-06-15T23:06:22Z,"funk rock,rock alternativo,rock","Capitol Records",0.476,0.979,4,-3.506,0,0.132,0.0014,0.00729,0.0944,0.416,140.404,4
spotify:track:7xPoS0ocrAx5BeMs6Ye6Km,"Deja Vu (feat. Delora)","Deja Vu (feat. Delora)","DVBBS;Joey Dale;Delora",2014-10-03,368384,28,false,,2020-06-15T23:03:41Z,"edm,big room,electrónica,slap house,melbourne bounce","Spinnin' Records",0.629,0.772,5,-3.93,0,0.0487,0.0028,0.245,0.0758,0.116,128.044,4
spotify:track:55POBlOBhLuXm2Z7M4Xn1k,"Sleigh (with Monte Booker & Masego)","High 4 Da Highladays","Smino;monte booker;Masego",2019-12-23,145945,34,true,,2020-06-15T23:02:12Z,"","Zero Fatigue/Downtown/Interscope Records",0.699,0.412,5,-10.42,0,0.388,0.567,0.000014,0.324,0.577,73.639,4
spotify:track:4yN9KVWyteCzCpeSzMZxRH,"Orange","Orange","tobi lou",2018-10-12,176756,25,true,,2020-06-15T22:58:05Z,"","Artclub / EMPIRE",0.749,0.382,2,-10.503,1,0.327,0.873,0,0.0783,0.7,74.039,4
spotify:track:3s1kSxjMOwHSFgQb5oy58D,"Breezy","Breezy","Pastel;MarcLo",2019-12-06,257285,24,false,,2020-06-15T22:51:58Z,"","Crosswalk Records",0.738,0.551,5,-11.516,0,0.127,0.519,0.00039,0.104,0.671,105.003,4
spotify:track:7KxXL4m4cqM5gGrKAtvAns,"Supernatural - Pomo Remix","Supernatural (Remixes)","AlunaGeorge;Pomo",2015-03-01,202060,35,false,,2020-06-15T22:51:12Z,"nu disco","Universal-Island Records Ltd.",0.764,0.677,6,-7.187,1,0.423,0.0294,0.0667,0.104,0.573,119.878,4
spotify:track:65ES1qwOB577ZnTkizMXJJ,"HUMBLE. - SKRILLEX REMIX","HUMBLE. (SKRILLEX REMIX)","Skrillex;Kendrick Lamar",2017-09-29,156800,68,true,,2020-06-15T22:47:05Z,"dubstep,edm,electro,electrónica,hip hop,hip hop de la costa oeste","Aftermath",0.901,0.934,11,-2.345,1,0.273,0.00794,0.0000768,0.194,0.868,150.037,4
spotify:track:3bdhZxL276JwNlNsQgu51s,"Rockadown Subway Session","Rockadown Subway Session","Vanupié;Lidiop",2019-06-21,214041,0,false,,2020-06-15T22:42:12Z,"reggae,ragga","Universal Music Distribution Deal",0.65,0.648,6,-6.694,0,0.339,0.525,0,0.683,0.792,140.607,4
spotify:track:0Eq2AzJQNwxf5FsLYBjitC,"Carefree","The Circus","Mick Jenkins",2020-01-10,190116,53,true,,2020-06-15T22:35:30Z,"jazz rap","Cinematic Music Group",0.873,0.457,11,-11.558,1,0.0451,0.288,0.00000112,0.093,0.74,137.543,4
spotify:track:79LkW0H9OrEtuLiJVcHVcG,"Nothing Nice (feat. Kojey Radical and Gaidaa)","Nothing Nice","Jarreau Vandal;Kojey Radical;Gaidaa",2020-05-01,150663,1,true,,2020-06-15T22:34:27Z,"alté,r&b indie,r&b alternativo","Hear This Records",0.742,0.497,9,-9.292,1,0.32,0.421,0.0000179,0.107,0.311,79.99,4
spotify:track:5bU4KX47KqtDKKaLM4QCzh,"Die MF Die","Life","Dope",2001-12-16,186066,67,true,,2020-06-15T22:32:17Z,"metal industrial,nu metal,rock industrial,metal","Epic",0.657,0.96,5,-3.524,0,0.07,0.00169,0.000997,0.109,0.567,126.02,4
spotify:track:6WJHdM16lYFUz4mUnrULi9,"Akudama","Akudama","Alpha Wolf",2020-06-02,157411,0,true,,2020-06-15T22:31:30Z,"metalcore,deathcore,djent","SHARPTONE",0.44,0.993,1,-1.115,0,0.141,0.000176,0.00123,0.33,0.178,170.196,4
spotify:track:4DYGSZaXr27QPI2x7Vi7D7,"Gagarin","Gagarin","XS Project",2019-06-07,314400,17,false,,2020-06-15T22:29:39Z,"","XS Project",0.492,0.927,8,-4.665,1,0.0848,0.247,0.0295,0.3,0.0902,149.838,4
spotify:track:0F1UDr3MEQg6CCyzAZW4Yf,"1994","1994","Hamza",2017-10-27,206253,57,true,,2020-06-13T01:28:14Z,"rap francés,pop urbaine,r&b francés","Rec. 118 / Just Woke Up (JWU)",0.804,0.679,5,-6.417,0,0.156,0.387,0,0.203,0.577,134.026,4
spotify:track:0L7zm6afBEtrNKo6C6Gj08,"Painkiller","Painkiller","Judas Priest",1990-09-26,365826,69,false,,2020-06-12T10:09:14Z,"heavy metal,metal,hard rock,glam metal,speed metal","Columbia",0.435,0.987,1,-4.667,0,0.16,0.000195,0.0879,0.268,0.1,103.162,4
spotify:track:2RaA6kIcvomt77qlIgGhCT,"Breaking the Law","British Steel","Judas Priest",1980,153840,73,false,,2020-06-12T10:08:38Z,"heavy metal,metal,hard rock,glam metal,speed metal","Sony Music CG",0.362,0.961,2,-5.664,1,0.0857,0.024,0.00000935,0.159,0.491,164.019,4
spotify:track:2nA2F3JwEj3FoR9Pxgnkln,"Lalala - Oliver Heldens Remix","Lalala (Oliver Heldens Remix)","Y2K;bbno$;Oliver Heldens",2019-10-28,249546,47,true,,2020-06-10T15:21:05Z,"future house,house","Columbia",0.751,0.8,2,-6.398,1,0.0375,0.000461,0.000521,0.132,0.48,126.007,4
spotify:track:4lK8bNjAJwtT4LPFFlAXz5,"Strawberry Skies","Strawberry Skies","Dave Childz",2018-03-07,212469,24,true,,2020-06-04T13:39:15Z,"","A.T.F.L. Entertainment",0.779,0.633,11,-6.251,0,0.398,0.222,0.000004,0.104,0.446,139.923,4
spotify:track:1ZY4N485DfjLiaQI52bOUn,"Sin City","Sin City","T-Fesk",2019-01-12,132000,26,true,,2020-05-21T16:35:14Z,"","T-Fesk",0.861,0.302,10,-10.99,1,0.373,0.068,0,0.236,0.648,97.897,4
spotify:track:4nlvKIIetOWGIMyhjQXgOZ,"The Difference","The Difference","Flume;Toro y Moi",2020-03-11,139662,7,false,,2020-05-20T19:02:40Z,"future bass,chillwave","Future Classic",0.56,0.865,1,-1.148,1,0.0909,0.255,0.000153,0.083,0.424,159.96,4
spotify:track:5eEum96IDe1uRMWgfl8w0y,"Run Away","Voyager","Moonchild",2017-05-26,199613,0,false,,2020-05-09T23:38:24Z,"neo soul,indie soul,r&b contemporáneo","Tru Thoughts",0.502,0.41,11,-7.827,0,0.184,0.356,0.00751,0.107,0.119,89.211,4
spotify:track:0qk8f9DOMz3ivNEJVj2IPP,"Back Again","Back Again","Marvin Divine;Veronica King",2019-06-14,199626,27,false,,2020-04-25T13:36:02Z,"","Intercord",0.839,0.535,0,-6.52,0,0.245,0.23,0,0.198,0.679,106.989,4
spotify:track:7Gif0HI4FMOOgovRHjEcGu,"Holding On","Holding On","Dugong Jr;Austen",2019-02-01,228989,17,false,,2020-04-17T12:52:51Z,"","Mad Decent",0.643,0.416,10,-10.302,0,0.0798,0.521,0.0627,0.309,0.221,104.106,4
spotify:track:3SktMqZmo3M9zbB7oKMIF7,"Gravity","Continuum","John Mayer",2006-09-11,245773,70,false,,2020-04-16T11:40:40Z,"cantautores","Aware/Columbia",0.753,0.326,7,-9.883,1,0.0342,0.731,0.00131,0.24,0.237,123.799,3
spotify:track:18rHGxr6QDiPieSTo7cUGL,"Everytime We Touch - Hardwell & Maurice West Remix","Everytime We Touch (Hardwell & Maurice West Remix)","Cascada;Maurice West",2018-08-06,216441,66,false,,2020-04-12T03:25:46Z,"europop,eurodance,nightcore,big room","Zoo Digital",0.554,0.848,5,-4.075,0,0.0745,0.00237,0,0.185,0.286,144.996,4
spotify:track:1ek33BsjFQK6UKTUqpFrHQ,"Hit the Ceiling (Zikomo Remix)","Hit the Ceiling Remixes","Zikomo;LION BABE",2017-12-01,221084,43,false,,2020-04-09T12:55:04Z,"r&b alternativo,indie soul","LION BABE LLC",0.791,0.442,1,-9.705,1,0.314,0.0157,0.675,0.216,0.554,108.588,4
spotify:track:6YzCRaCp5CQiHzthyupeBF,"OMG WOW","OMG WOW","Paris Paige",2019-01-02,156577,35,true,,2020-04-04T00:47:00Z,"","KID RECORDS",0.804,0.561,0,-7.355,1,0.239,0.0425,0.0313,0.11,0.304,134.937,4
spotify:track:1aBettOr79Ze27sceoL6U9,"Feeling High","Jagged Tooth Crook","The Mouse Outfit;IAMDDB;KinKai",2018-05-04,224374,45,true,,2020-04-04T00:40:48Z,"jazz rap,r&b alternativo,r&b británico","TMO Records",0.732,0.42,10,-3.505,0,0.0856,0.377,0.0493,0.313,0.49,83.021,4
spotify:track:7BkEw9Af0HdhPsqT1yf5aB,"Frida Calo","Frida Calo","BEJO;Sandro Jeeawock",2020-03-20,182245,0,false,,2020-04-01T20:37:26Z,"","8=D",0.438,0.784,7,-6.226,0,0.327,0.234,0,0.0922,0.73,93.726,4
spotify:track:1Av69kr9JitqPWo7WJLS5q,"Can We Kiss Forever?","Can We Kiss Forever?","Kina;Adriana Proenza",2018-08-31,187898,0,false,,2020-03-30T02:06:53Z,"","Kinamood",0.493,0.13,4,-18.725,1,0.0369,0.898,0.0223,0.0941,0.119,109.852,4
spotify:track:3gVhsZtseYtY1fMuyYq06F,"Sonne","Mutter","Rammstein",2001-04-02,272440,80,false,,2020-03-20T23:50:20Z,"metal industrial,metal,rock industrial,industrial","Vertigo Berlin",0.51,0.917,4,-4.806,0,0.0854,0.0054,0.000133,0.396,0.313,75.098,4
spotify:track:5jyUBKpmaH670zrXrE0wmO,"Reload - Radio Edit","Reload (Vocal Version / Radio Edit)","Sebastian Ingrosso;Tommy Trash;John Martin",2013-01-01,221272,72,false,,2020-03-18T02:28:38Z,"edm","Universal Music AB Distributed Labels",0.485,0.723,9,-4.633,0,0.0518,0.0736,0,0.0631,0.432,128.045,4
spotify:track:1I7zHEdDx8Ny5RxzYPqsU2,"Reelin' In The Years","Can't Buy A Thrill","Steely Dan",1972-01-01,275466,2,false,,2020-03-18T02:07:55Z,"yacht rock,rock clásico","Geffen*",0.523,0.758,2,-9.81,1,0.0403,0.133,0,0.0952,0.766,135.437,4
spotify:track:0G6cDf9GNtv0ZkJNAMFLrZ,"Yoshu Fukushu","Yoshu Fukushu","MAXIMUM THE HORMONE",2013-07-31,313293,0,false,,2020-03-18T02:00:19Z,"rock japonés,anime,visual kei","33cjl./VAP",0.416,0.858,8,-4.044,1,0.0843,0.01,0.000038,0.0731,0.344,121.766,4
spotify:track:4yVEpUXxYgBwfSOKGTFxv5,"REEL IT IN (feat. Gucci Mane) - Remix","REEL IT IN","Aminé;Gucci Mane",2018-11-20,166960,46,true,,2020-03-13T20:59:19Z,"hip hop sureño americano,rap,trap","Republic Records",0.779,0.355,10,-8.971,0,0.0789,0.0624,0,0.159,0.362,128.805,4
spotify:track:4d42DsNHiQipjONbwTYyEc,"Detroit 3 AM - Radio Edit","Detroit 3 AM (Radio Edit)","David Guetta;MORTEN",2020-03-06,188640,40,false,,2020-03-13T20:48:21Z,"edm","Parlophone (France)",0.554,0.889,6,-6.635,0,0.0643,0.000285,0.911,0.0906,0.0605,125.016,4
spotify:track:55UR710n0U5bnSITuBfJ9q,"The Fall","The Fall","Hucci",2013-10-04,304979,0,false,,2020-03-13T20:38:24Z,"edm trap","Hucci Music Worldwide",0.601,0.437,9,-10.202,0,0.293,0.311,0.00759,0.102,0.0661,140.021,4
spotify:track:1gpYSFGZNaTjynm0RWnzy1,"ZÉRO DÉTAIL","NOUVO MODE","Sneazzy;Nekfeu",2020-03-06,260786,46,true,,2020-03-13T20:26:46Z,"rap francés","AllPoints",0.733,0.673,1,-8.124,0,0.164,0.459,0,0.107,0.384,78.91,4
spotify:track:0sf12qNH5qcw8qpgymFOqD,"Blinding Lights","Blinding Lights","The Weeknd",2019-11-29,201573,25,false,,2020-03-07T09:11:52Z,"","Republic Records",0.512,0.796,1,-4.075,1,0.0645,0.00147,0.000209,0.0938,0.344,171.014,4
spotify:track:3dFwpxh2yH7C7p9BGEKLVB,"Goodies (feat. Petey Pablo)","Goodies","Ciara;Petey Pablo",2004-09-27,223000,71,false,,2020-03-05T22:47:01Z,"crunk,hip hop sureño americano","So So Def",0.826,0.647,5,-6.306,0,0.0491,0.0277,0.00000152,0.298,0.872,102.017,4
spotify:track:3EsokBbAyQVkg7LoQKc8uV,"Baby","Baby","Four Tet",2020-01-23,264464,36,false,,2020-02-28T11:30:46Z,"idm,electrónica","Text Records",0.792,0.576,0,-9.947,1,0.248,0.487,0.00325,0.0972,0.053,127.066,4
spotify:track:5yY9lUy8nbvjM1Uyo1Uqoc,"Life Is Good (feat. Drake)","Life Is Good (feat. Drake)","Future;Drake",2020-01-10,237735,74,true,,2020-02-28T11:14:17Z,"rap,trap","Epic/Freebandz",0.676,0.609,2,-5.831,0,0.481,0.0706,0,0.152,0.508,142.037,4
spotify:track:6mUwMth1MQT8NVSMI7lKjx,"Shake Something (feat. Joey Purp)","Shake Something (feat. Joey Purp)","Louis The Child;Joey Purp",2018-03-08,193512,48,true,,2020-02-16T13:03:53Z,"","Louis The Child / Interscope",0.895,0.525,10,-7.969,0,0.186,0.0925,0.00552,0.585,0.202,87.999,4
spotify:track:6sq5mqtS3jwJjvBHALknJH,"Hair Down (feat. Kendrick Lamar)","Hair Down (feat. Kendrick Lamar)","SiR;Kendrick Lamar",2019-08-08,217005,0,true,,2020-02-12T21:50:34Z,"r&b alternativo,neo soul,hip hop,hip hop de la costa oeste","Top Dawg Entertainment/RCA Records",0.804,0.509,8,-10.833,0,0.132,0.208,0.00011,0.314,0.472,120.074,4
spotify:track:22WV03i2lBbwNVCE1g671p,"151 Rum","DiCaprio 2","JID",2018-11-26,156780,69,true,,2020-02-11T18:57:56Z,"","J. Cole/ DreamVille",0.756,0.867,7,-3.626,1,0.162,0.155,0.00285,0.33,0.666,129.983,4
spotify:track:2RnHyiUCzGAJn8Fyxd9Thg,"Money Over Bitches","Boys Don't Cry","Rels B",2016-09-25,168362,0,true,,2020-02-08T20:34:18Z,"urbano latino,trap latino","ILoveRibs!",0.753,0.597,7,-5.9,1,0.354,0.562,0,0.368,0.63,88.116,4
spotify:track:54Ditc4hEZl01RjcXe5ooQ,"Fiesta en Keli","Boys Don't Cry","Rels B",2016-09-25,134719,0,true,,2020-02-05T19:09:07Z,"urbano latino,trap latino","ILoveRibs!",0.698,0.594,10,-7.735,0,0.374,0.125,0,0.103,0.499,74.055,4
spotify:track:6Xfy7Iq7rbOTEVmP5jld7P,"Dome","Xover","Blue Lab Beats;OthaSoul;Daniel Taylor",2018-03-30,338626,16,true,,2020-01-26T15:32:14Z,"nu jazz,indie jazz,soul jazz,jazz rap,barroca,ópera","Blue Adventure / AllPoints",0.616,0.598,11,-5.865,0,0.455,0.394,0,0.102,0.723,136.482,3
spotify:track:4U5ovGD4My7MOISvUEtYaf,"Campfire","Campfire","Aminé;Injury Reserve",2018-04-06,135013,47,true,,2020-01-26T13:55:28Z,"hip hop experimental,hip hop alternativo","Universal Records",0.885,0.365,6,-14.107,1,0.263,0.00112,0,0.264,0.637,100.048,4
spotify:track:08M1S4uwtmPM0jIO1qNyhx,"NOTHIN LIKE U (feat. Ty Dolla $ign)","NOTHIN LIKE U / CHANCES","KAYTRANADA;Ty Dolla $ign",2018-11-30,194976,40,true,,2020-01-25T12:34:06Z,"trap soul","KAYTRANADA/RCA Records",0.787,0.805,9,-6.294,1,0.409,0.0589,0.00000161,0.192,0.769,104.862,4
spotify:track:43GS3mtezoIFiuIZCLLiDY,"Every Rose Has Its Thorn - 2003 Remaster","Open Up And Say...Ahh! (20th Anniversary Edition)","Poison",1988-03-21,260173,74,false,,2020-01-25T12:21:58Z,"glam metal,glam rock","Capitol Records",0.531,0.632,6,-5.557,1,0.0312,0.16,0.0000114,0.364,0.294,140.176,4
spotify:track:6Z9syPcYlnUvpMgmjQydIG,"Design in Malice","Violence Begets Violence","Jedi Mind Tricks;Vinnie Paz;Young Zee;Pacewon",2011-10-25,218293,54,true,,2020-01-24T11:57:11Z,"hip hop underground,hardcore hip hop,horrorcore,hip hop,hip hop de la costa este,boom bap","Enemy Soil",0.358,0.94,7,-4.274,0,0.164,0.0217,0.00779,0.0851,0.497,90.233,4
spotify:track:41L3O37CECZt3N7ziG2z7l,"Yummy","Yummy","Justin Bieber",2020-01-03,210426,68,false,,2020-01-22T22:45:50Z,"","RBMG/Def Jam",0.688,0.514,9,-6.612,0,0.0903,0.366,0,0.116,0.494,145.919,4
spotify:track:77tviKIXH9uuErKOHoSiMO,"I Found Love","Love Is The Movement","Yarah Bravo",2014-04-30,262679,0,false,,2020-01-15T13:56:32Z,"","Duzz Down San",0.89,0.409,5,-8.312,0,0.462,0.104,0,0.729,0.496,92.98,4
spotify:track:2hA4EzO54AqI89qpbxhTBa,"Turn My G Down (feat. Stash Marina)","Turn My G Down (feat. Stash Marina)","God Colony;Stash Marina",2017-02-24,226546,0,true,,2020-01-14T12:16:33Z,"","God Colony",0.547,0.357,2,-10.1,1,0.301,0.264,0.0000225,0.123,0.158,82.803,1
spotify:track:5byUj7I3UEZFyZcEQY9osu,"Last Days Reloaded","Turn Off the Radio Vol.2 (Get Free Or Die Tryin)","Dead Prez;Onyx",2003,250462,35,true,,2020-01-06T20:02:30Z,"hip hop de la costa este,hip hop old school,hardcore hip hop,hip hop,trance psicodélico","101 Distribution",0.71,0.747,10,-5.44,0,0.386,0.0604,0.000283,0.103,0.675,88.151,4
spotify:track:62d33ZVLAxgmlZnofs7Ang,"Nuthin But A G'Thang","Give It 2 Em Dogg","Snoop Dogg",2019-10-01,235199,0,true,,2019-12-22T01:07:00Z,"g-funk,hip hop de la costa oeste,rap gangster,hip hop old school,hip hop,rap","Strapz",0.812,0.714,11,-8.045,0,0.306,0.00806,0,0.179,0.69,94.612,4
spotify:track:3cdcT7I1xnQqQ84zMCtrKU,"Hyperreal","Hyperreal","Flume;KUČKA",2017-05-05,254062,0,false,,2019-12-21T23:59:51Z,"future bass","Transgressive",0.677,0.842,11,-5.204,0,0.294,0.0345,0.0742,0.153,0.543,110.036,4
spotify:track:7KHJJzgEj623kNV3tFlIXO,"Blast","Train Of Thought","Reflection Eternal;Vinia Mojica",2000-10-17,187026,0,true,,2019-12-04T09:03:52Z,"jazz rap,hip hop de la costa este,r&b francés","Geffen",0.78,0.733,0,-4.974,1,0.422,0.125,0,0.14,0.75,93.787,4
spotify:track:0cYX51Hneb8qIOx0tHm7ng,"Aïcha - Version Mixte","Sahra","Khaled",1996-01-01,259600,61,false,,2019-11-10T13:46:07Z,"raï","Universal Music Division Capitol Music France",0.592,0.66,7,-8.028,0,0.158,0.233,0.00000694,0.0918,0.495,170.143,4
spotify:track:6UEUQ3rn6pSnV3gb3aKCVu,"Gangsta","Rhino Hi-Five: Fabolous","Fabolous",2007-04-24,222160,0,true,,2019-11-06T12:54:44Z,"","Rhino/Elektra",0.498,0.675,9,-4.88,0,0.363,0.0828,0,0.0636,0.347,192.662,4
spotify:track:6ZvLKwgPKlyZtDPkTWjPI7,"This Groove","This Groove","Oliver Heldens;Lenno",2019-01-25,188174,54,false,,2019-11-05T22:25:13Z,"future house,house,nu disco","HELDEEP Records",0.823,0.909,1,-4.508,1,0.0635,0.00779,0.0407,0.126,0.787,124.025,4
spotify:track:67L3nt0J93uZ069m3oheLh,"Carnival","Carnival","Quintino",2017-02-24,170400,39,false,,2019-11-05T22:23:18Z,"big room,edm","Spinnin' Records",0.627,0.933,0,-3.951,1,0.0803,0.00239,0.264,0.126,0.449,150.035,4
spotify:track:368rNsWFlhmT6YRaMOA60X,"Trouble - Explicit LP Version","Strictly Hip Hop: The Best Of Cypress Hill","Cypress Hill",2010-04-23,299986,0,true,,2019-11-05T11:14:46Z,"hip hop de la costa oeste,hip hop old school,rap rock,hip hop","Sony Music Entertainment",0.561,0.879,4,-3.612,0,0.168,0.0126,0.00234,0.332,0.461,167.852,4
spotify:track:0M5EaPIXN3FneJ7exwpYNM,"The Twist (Rerecorded)","#1 Hits of the 60's","Chubby Checker",2009-09-30,158560,0,false,,2019-11-04T00:28:18Z,"rock and roll","K-Tel",0.524,0.712,4,-12.848,1,0.0314,0.0188,0.00572,0.0402,0.974,155.034,4
spotify:track:6FzjJPwf5JzzFOei7h6Qrp,"Great Spirit","The Best Of Armin Only","Armin van Buuren;Vini Vici;Hilight Tribe",2017-05-13,215773,50,false,,2019-10-25T20:33:24Z,"trance,trance progresivo,house progresivo,electrónica,edm,trance psicodélico","Armada Music Albums",0.591,0.911,9,-7.975,1,0.0661,0.00609,0.0123,0.223,0.211,103.517,3
spotify:track:3c6afiysmB7OnxQzzSqRfD,"So Into You","Tamia","Tamia",1998,261866,76,false,,2019-10-24T08:34:28Z,"r&b","Rhino/Warner Records",0.656,0.479,7,-7.055,0,0.0348,0.0665,0.00272,0.168,0.708,184.374,4
spotify:track:3L1c1cwqg8hRbehzw8beLm,"Backseat Boogie","Backseat Boogie","Airbourne",2019-10-11,203137,0,false,,2019-10-11T21:23:18Z,"hard rock","Spinefarm Records UK",0.428,0.963,3,-3.297,1,0.123,0.0503,0.672,0.143,0.498,144.744,4
spotify:track:55GiOwtxNajXVbpjjIzMnD,"SWISH","SWISH","Tyga",2018-07-25,194935,60,true,,2019-10-11T21:19:41Z,"","Last Kings Music / EMPIRE",0.884,0.541,11,-5.608,1,0.221,0.0831,0,0.118,0.274,105.009,4
spotify:track:636qHTnuAxnFNxGv3ueP9H,"Ok Without You","Ok Without You","Klaas",2018-11-02,170880,0,false,,2019-10-11T10:08:21Z,"slap house","Blanco y Negro Music",0.665,0.787,6,-6.026,0,0.098,0.0106,0.000423,0.541,0.268,124.996,4
spotify:track:1bj5ZFpxGFP5ooQcctNVB4,"Energy","Energy","Sampa the Great;Nadeem Din-Gabisi",2018-11-30,298750,55,false,,2019-10-11T10:00:30Z,"bedroom pop,r&b alternativo","Sampa The Great",0.493,0.569,7,-7.011,1,0.297,0.17,0.000327,0.122,0.308,90.134,4
spotify:track:1DFD5Fotzgn6yYXkYsKiGs,"Piece Of Your Heart","Piece Of Your Heart","MEDUZA;Goodboys",2019-02-01,152913,71,false,,2019-09-25T11:50:27Z,"","Intercord",0.677,0.744,10,-6.806,0,0.0295,0.0404,0.00016,0.074,0.631,124.08,4
spotify:track:2aALCCCqOJRFZyC7bU5prS,"Pagliacci, Act I: Recitar! – Vesti la giubba","Leoncavallo: Pagliacci","Ruggero Leoncavallo;Luciano Pavarotti;National Philharmonic Orchestra;Giuseppe Patanè",1978-12-03,248306,47,false,,2019-09-18T16:55:25Z,"ópera,clásica,canzone napoletana,clásica para todos los gustos,orquestal","Decca Music Group Ltd.",0.176,0.201,4,-17.344,1,0.0423,0.961,0.00707,0.194,0.0446,83.433,4
spotify:track:3au0pvHqcTtszysswan6AO,"LIFE","CARE FOR ME","Saba",2018-04-05,162750,0,true,,2019-09-10T15:17:36Z,"","Saba Pivot, LLC",0.901,0.497,7,-9.236,1,0.266,0.0192,0,0.109,0.463,120.025,4
spotify:track:5uNhWDGP1gXxS2IZl2alGx,"Maniac","Diaspora","GoldLink",2019-06-12,189613,39,true,,2019-09-10T15:17:25Z,"","Squaaash Club/RCA Records",0.812,0.606,1,-6.768,1,0.0448,0.0674,0.00245,0.173,0.0813,132.976,4
spotify:track:3PFaFVWq5wucLu6s4baj9D,"Girl (feat. KAYTRANADA)","Ego Death","The Internet;KAYTRANADA",2015-06-26,416322,65,true,,2019-09-09T10:01:35Z,"r&b alternativo,neo soul","Odd Future",0.568,0.42,7,-11.169,0,0.276,0.536,0.124,0.101,0.453,79.89,4
spotify:track:0eGrwX4kf5sV1faR5tZDp3,"Darlin'","Darlin'","tobi lou",2018-04-23,205090,47,true,,2019-09-09T00:08:52Z,"","Artclub / EMPIRE",0.866,0.388,9,-11.009,1,0.32,0.571,0,0.1,0.556,109.976,4
spotify:track:2S93hylQBYLndMnaJuso8S,"Nicki Nicole: Bzrp Music Sessions, Vol. 13/66","Nicki Nicole: Bzrp Music Sessions, Vol. 13/66","Bizarrap;Nicki Nicole",2019-08-14,143291,63,false,,2019-09-09T00:08:32Z,"trap argentino,trap latino,urbano latino","DALE PLAY Records",0.81,0.471,8,-5.047,1,0.0496,0.00554,0.000197,0.134,0.391,75.003,4
spotify:track:4vRaGGiQN6l2LiQxSFg6ZP,"RNP (feat. Anderson .Paak)","RNP (feat. Anderson .Paak)","Cordae;Anderson .Paak",2019-07-23,175853,0,true,,2019-09-09T00:05:41Z,"","Art@War/Atlantic Records",0.648,0.713,9,-4.696,0,0.855,0.184,0,0.145,0.627,196.558,4
spotify:track:4QbVWCAkh9Z1G041cQAiZ9,"Game Ova","Game Ova","tobi lou",2017-06-16,240000,34,true,,2019-09-04T09:23:02Z,"","Artclub / EMPIRE",0.445,0.518,1,-6.424,1,0.143,0.29,0.0000271,0.113,0.241,171.9,4
spotify:track:21mfxNbiAEdltud3oyV94o,"Cerf volant","Les Choristes - Los Chicos del Coro (Banda sonora original de la película)","Bruno Coulais;La Maîtrise de Saint Marc - LES CHORISTES",2004-03-17,58173,0,false,,2019-09-01T11:52:46Z,"","Peermusic France",0.28,0.378,5,-11.54,1,0.0372,0.97,0.000166,0.125,0.194,133.464,4
spotify:track:11gg6nwQaMRkI4SCcbGFxc,"Patra","Patra","Tom Thomson;Huisman;Jacka",2019-06-25,139990,0,true,,2019-08-29T07:50:26Z,"moombahton,rally house","Tom Thomson",0.802,0.451,1,-5.915,1,0.123,0.0641,0.0699,0.0412,0.2,102.952,4
spotify:track:3V8UKqhEK5zBkBb6d6ub8i,"Te Boté - Remix","Te Boté (Remix)","Nio Garcia;Casper Magico;Bad Bunny;Darell;Ozuna;Nicky Jam",2018-04-13,417920,78,true,,2019-08-23T17:04:46Z,"reggaetón,trap latino,urbano latino,latina,dembow","Flow La Movie, Inc.",0.903,0.675,11,-3.445,0,0.214,0.542,0.0000128,0.0595,0.442,96.507,4
spotify:track:1kZ3aeuuZOsDRlkZpp2uQU,"Suerte (feat. Cráneo & Bejo)","La Isla","Lasser;Juan Rios;Made in M;Cráneo;BEJO",2017-06-27,210661,0,false,,2019-08-20T21:56:51Z,"acid house,lo-fi beats,hip hop lo-fi,lo-fi,ritmos de jazz,lo-fi house","Guayaba Records",0.509,0.632,1,-11.886,1,0.36,0.766,0.00057,0.23,0.833,84.989,4
spotify:track:1rF6SlxOr7Z0b0uf4humsq,"Nasa","Nasa","Cráneo;Made in M",2017-12-23,145185,0,true,,2019-08-17T09:44:05Z,"lo-fi beats,lo-fi,hip hop lo-fi,lo-fi house","Guayaba Records",0.719,0.378,2,-12.157,1,0.369,0.76,0.00205,0.0965,0.791,80.707,4
spotify:track:6FpGCMRkqJV8guESA3CUbi,"Kickflip","La Isla","Lasser;Made in M",2017-06-27,207053,0,true,,2019-08-17T09:43:52Z,"acid house,lo-fi beats,lo-fi,hip hop lo-fi,lo-fi house","Guayaba Records",0.858,0.544,5,-11.009,0,0.344,0.727,0.00000117,0.548,0.725,76.977,4
spotify:track:2WNcwCZHSqLbS5yvbTZKVs,"Mango","Hipi Hapa Vacilanduki","BEJO",2017-08-20,103500,0,true,,2019-08-17T09:43:32Z,"","Teleyoli Sound Studio",0.833,0.673,11,-6.606,0,0.379,0.606,0,0.103,0.775,122.831,4
spotify:track:1NiTI21o1E44GSa7QGpULQ,"Omw","Omw","Tom Thomson;Huisman",2018-11-22,168938,0,false,,2019-08-16T21:18:42Z,"moombahton,rally house","Tom Thomson & Huisman",0.876,0.519,1,-5.499,1,0.0713,0.0394,0.19,0.0953,0.533,103.012,4
spotify:track:4YJUTdZ0Pgl0ZeNyHYXeLd,"Love Of My Life - Remastered 2011","A Night At The Opera (Deluxe Edition 2011 Remaster)","Queen",1975-11-21,217386,62,false,,2019-08-16T11:10:00Z,"rock clásico,rock,glam rock","EMI",0.328,0.179,5,-11.589,1,0.0299,0.933,0.00000554,0.115,0.256,154.803,4
spotify:track:4QnKrqFiQwzKXOJ5sOk53u,"Miss Shiney","Miss Shiney","Kaiit",2019-05-03,192000,0,false,,2019-08-16T11:01:57Z,"","Alt. Music Group",0.749,0.566,1,-7.793,1,0.268,0.409,0,0.0918,0.795,72.008,5
spotify:track:1wBK3EFlicezTIUjkakKU2,"I Had A Vision","Lady Lady","Masego",2018-09-07,192000,0,false,,2019-08-16T11:01:24Z,"","EQT Recordings, LLC",0.606,0.649,0,-6.894,1,0.264,0.342,0.0153,0.329,0.537,89.264,4
spotify:track:65lskbT8WoXr7GT3YVjRqW,"Just Keep Goin'","tobi lou and the Juice","tobi lou",2018-08-10,312000,43,true,,2019-08-16T10:57:31Z,"","Artclub / EMPIRE",0.775,0.412,2,-11.789,1,0.141,0.403,0,0.148,0.658,139.967,4
spotify:track:1F1QmI8TMHir9SUFrooq5F,"Buff Baby","tobi lou and the Loop","tobi lou",2018-04-27,215384,52,true,,2019-08-16T10:56:23Z,"","Artclub / EMPIRE",0.734,0.765,5,-6.047,1,0.0571,0.243,0,0.101,0.512,156.04,4
spotify:track:6LUS9Qqq83bRPqu5tJndPx,"Savage","Savage","Donny Duardo",2019-06-05,133345,56,false,,2019-08-16T10:55:05Z,"moombahton","Donny Duardo",0.89,0.564,1,-4.224,1,0.0643,0.223,0.212,0.0853,0.527,105.015,4
spotify:track:4WstRtdgYjwPvpCekgYAhs,"Bang","B-Sides","G-Eazy;Tyga",2019-06-28,193979,0,true,,2019-08-16T10:53:06Z,"","BPG/RVG/RCA Records",0.929,0.606,1,-7.356,1,0.242,0.0234,0,0.0925,0.207,103.019,4
spotify:track:10dVVfHlZYjV4Qv9uNVgrA,"Joanna (Drogba) - Remix","Joanna (Drogba) [Remix]","Afro B;French Montana",2019-06-25,207763,0,true,,2019-08-16T10:52:40Z,"afrobeats,afrobeat,afroswing,dancehall,soca,afropop","Marathon Artists",0.934,0.642,2,-6.489,1,0.117,0.037,0,0.0754,0.748,108.027,4
spotify:track:5eowjdonKBB0sBT3gJpl0t,"Floor Seats","Floor Seats","A$AP Ferg",2019-07-18,157610,39,true,,2019-08-16T10:50:12Z,"rap","A$AP Worldwide/Polo Grounds Music/RCA Records",0.706,0.735,5,-4.942,1,0.0957,0.069,0.154,0.804,0.682,135.996,4
spotify:track:3srURD7HBktaD14VKzctR4,"La Cosquillita","Sabor Criollo (Música Típica), Vol. 1","Juan Luis Guerra 4.40",2015-07-24,224306,0,false,,2019-08-16T10:49:28Z,"merengue,bachata,salsa","Caciques Latinos",0.478,0.893,0,-5.071,1,0.0988,0.643,0,0.262,0.928,174.094,4
spotify:track:6VCAUpeKXJrvcpV93RIGne,"El Baile del Sua Sua","Vida","Kinito Mendez",2010-12-07,293306,56,false,,2019-08-16T10:49:11Z,"merengue","J&N Records",0.853,0.823,5,-6.591,1,0.0597,0.524,0.000295,0.13,0.933,157.904,4
spotify:track:7ziHShe74mFSSwjWKQKut2,"Narkoman","Narkoman","Hard Bass School",2019-05-14,130850,32,false,,2019-08-16T10:48:47Z,"","Hard Bass School",0.753,0.929,2,-0.486,1,0.111,0.115,0.013,0.0534,0.574,150.071,4
spotify:track:5xBFpHCQXCPJVJII6TCTwj,"IRATE (Freestyle) - A COLORS SHOW","IRATE (Freestyle) - A COLORS SHOW","ICECOLDBISHOP",2019-07-04,120000,0,true,,2019-08-12T17:09:19Z,"hip hop underground,hip hop alternativo","COLORSXSTUDIOS",0.816,0.486,10,-10.577,0,0.545,0.246,0,0.15,0.55,74.95,4
spotify:track:6BC3Wg5a5lAQnJ0JRj4BJG,"Downers - A COLORS SHOW","Downers - A COLORS SHOW","Greentea Peng",2019-07-25,220000,0,true,,2019-08-12T17:06:05Z,"r&b alternativo,neo soul","colorsxstudios",0.682,0.394,8,-13.029,1,0.198,0.259,0,0.0724,0.447,107.987,4
spotify:track:2b7r6fN91KiHnp00aqHZ7x,"Don't Tread On Me","Metallica","Metallica",1991-08-12,240333,2,false,,2019-08-09T12:53:48Z,"metal,thrash metal,rock,heavy metal,hard rock","Blackened Recordings / Universal Music",0.677,0.835,4,-7.627,0,0.0411,0.00546,0.00538,0.297,0.689,108.003,4
spotify:track:78TfpRcbSzo5iBK4zNwZJk,"Una Papa Pal Kilo","Parafernalio","BEJO;Lativo Produce",2018-10-04,256363,0,false,,2019-08-08T08:31:45Z,"","TeleYoli SoundStudio",0.57,0.668,0,-8.024,1,0.38,0.853,0.000282,0.33,0.825,87.767,4
spotify:track:2Zl9S0KGB7VkqQMJgHBQXN,"Mirándote","Mirándote","Rvfv",2019-06-18,135914,0,true,,2019-08-08T07:48:07Z,"flamenco urbano","1334625 Records DK",0.689,0.739,0,-5.566,1,0.112,0.236,0.000147,0.111,0.473,106.447,4
spotify:track:3M8Udb8BCORTooCQAjo4R2,"My Heart Goes Boom - Radio Version 'Reloaded'","My Heart Goes Boom 'Reloaded'","French Affair",2009-07-17,221693,0,false,,2019-08-01T02:38:46Z,"eurodance,italo dance","Score Music",0.771,0.938,9,-6,1,0.0288,0.171,0.00664,0.0846,0.936,130.028,4
spotify:track:3PAmkwQ0DsYNU4Z9sGlwiB,"Je m'voyais déjà","Je m'voyais déjà","Charles Aznavour",1961,204786,0,false,,2019-07-30T17:12:59Z,"chanson,variété francesa,jazz francés","Universal Music Division Barclay",0.587,0.531,7,-6.71,1,0.117,0.668,0,0.293,0.929,129.988,4
spotify:track:62GXGpd73vslqIBHq8XqOx,"APESHIT","EVERYTHING IS LOVE","The Carters",2018-06-18,264853,62,true,,2019-07-29T16:55:46Z,"","Parkwood Entertainment/Roc Nation",0.706,0.785,2,-6.475,1,0.271,0.0131,0,0.164,0.377,160.033,4
spotify:track:0Hozo31SSfbg4t0brsZUEV,"Samba","Samba","DJ Serg;Skales",2019-03-22,146727,24,false,,2019-07-29T10:19:55Z,"moombahton,afrobeats,afrobeat,azonto,afropop","DJcity Records",0.855,0.827,7,-4.777,1,0.0816,0.022,0.0000162,0.106,0.766,110.005,4
spotify:track:4LDDfSE7PliD1Z4GGGtBHk,"Bruk It Off","Bruk It Off","Jahyanai",2019-04-12,189353,36,false,,2019-07-29T10:19:39Z,"shatta,dancehall,zouk,ragga,kompa,r&b francés","Scorpio Music",0.795,0.659,9,-3.841,0,0.162,0.226,0.0000214,0.0894,0.605,90.012,4
spotify:track:59ywHNwwchG4nZJMLyxSzd,"Clout (feat. Cardi B)","FATHER OF 4","Offset;Cardi B",2019-02-22,205803,69,true,,2019-07-29T10:17:29Z,"","Quality Control Music/Motown Records",0.919,0.622,1,-7.384,1,0.0997,0.23,0.00000424,0.122,0.423,140.022,4
spotify:track:70pZIQqQ37SrNCADx0FiPN,"Jet Black (feat. Brandy)","Ventura","Anderson .Paak;Brandy",2019-04-12,208395,57,true,,2019-07-29T10:17:05Z,"r&b,r&b contemporáneo","Aftermath",0.819,0.596,7,-7.697,0,0.123,0.0302,0.00000459,0.102,0.473,108.204,4
spotify:track:0BhvzFxq3FHiMdGcLiTphr,"Make It Better (feat. Smokey Robinson)","Make It Better (feat. Smokey Robinson)","Anderson .Paak;Smokey Robinson",2019-04-04,219332,0,false,,2019-07-29T10:16:56Z,"motown,quiet storm,soul clásico","Aftermath/12 Tone Music, LLC",0.676,0.56,4,-6.024,0,0.0643,0.0112,0.00403,0.137,0.551,178.555,4
spotify:track:2MGRnjJc7C0z3EOEWRqcMw,"Love Is Gone - Fred Riester & Joachim Garraud Radio Edit Remix","Pop Life","David Guetta;Chris Willis;Fred Riesterer;Joachim Garraud",2007-06-01,199386,73,false,,2019-07-18T10:23:32Z,"edm,electro house","Parlophone (France)",0.773,0.813,4,-4.609,0,0.0797,0.0331,0.0000377,0.192,0.707,127.93,4
spotify:track:6n4U3TlzUGhdSFbUUhTvLP,"Walk It Talk It","Culture II","Migos;Drake",2018-01-26,276147,76,true,,2019-07-11T12:53:29Z,"trap,rap","Quality Control Music, LLC",0.908,0.633,2,-5.145,1,0.183,0.0859,0.00000231,0.106,0.395,145.914,4
spotify:track:6CTHTWHKsR1sX7p2tK8AnW,"Hold Tight - Full Length Album Mix","Miracles","Change",1981-02-03,268653,0,false,,2019-07-09T22:58:30Z,"post-disco,disco,funk","New Fresh Records",0.767,0.789,5,-5.497,0,0.0845,0.259,0,0.153,0.871,115.03,5
spotify:track:2yi1xYIc58dUibi3iMvqWl,"DEVILISH","DON'T TRY THIS","Chase Atlantic",2019-01-25,172386,0,true,,2019-07-09T21:21:00Z,"","BMG Rights Management (US) LLC",0.5,0.742,9,-5.527,0,0.5,0.024,0.000119,0.27,0.537,144.668,4
spotify:track:2wLnz7IP0SV5CYvrPJB2TC,"Pretty in Pink","Pretty in Pink","Barrington Levy;Shaggy;Capleton",2019-06-28,213565,25,false,,2019-07-07T23:15:11Z,"reggae,roots reggae,lovers rock,ragga,dub,dancehall,rocksteady,riddim","Black Roses",0.699,0.663,3,-3.886,0,0.524,0.25,0.00000182,0.235,0.774,121.322,5
spotify:track:5jCyw3gXBuokjBKJJYsDsk,"Can't Hold Me Down","Good Will Prevail","GRiZ;Tash Neal",2016-09-23,216837,0,false,,2019-07-02T17:38:28Z,"dubstep,edm","All Good Records",0.541,0.933,9,-4.862,1,0.12,0.00259,0.000523,0.136,0.144,89.981,4
spotify:track:3InpeEe5h6rqw2E341Mn0Q,"40 DAYS & 40 NIGHTS","Grass Is Greener","Salaam Remi;Stephen Marley",2019-04-19,176000,20,false,,2019-06-25T10:29:01Z,"reggae,roots reggae,ragga","Louder Than Life Records",0.696,0.735,9,-6.35,0,0.216,0.142,0,0.0256,0.679,75.024,4
spotify:track:1uMbdbjtSlXHLKthNZ57gy,"J’aime pas","Explicit Samouraï","Explicit Samourai",2004-01-01,255360,0,false,,2019-06-10T19:01:09Z,"rap francés","Aktarus",0.768,0.733,9,-4.648,1,0.44,0.384,0,0.0882,0.674,88.421,4
spotify:track:11nXm3OArOhCYmIFZQhXH4,"X.plicit sentence","Explicit Samouraï","Explicit Samourai",2004-01-01,147213,0,false,,2019-06-10T18:59:29Z,"rap francés","Aktarus",0.903,0.754,1,-4.835,1,0.299,0.142,0,0.58,0.762,98.916,4
spotify:track:6HCmuewveUWxu30HSCsWk5,"Stronger","Stronger","Stonebank;EMEL",2015-01-05,320393,50,false,,2019-05-29T12:32:51Z,"happy hardcore,drumstep,dubstep","Monstercat",0.511,0.885,5,-3.259,0,0.287,0.00479,0.0645,0.115,0.343,170.002,4
spotify:track:48IW9erDc07KlQRc6cKzAR,"Stand Up For Rock 'N' Roll","Runnin' Wild","Airbourne",2007-01-01,241200,0,false,,2019-05-20T11:59:06Z,"hard rock","Roadrunner Records",0.205,0.996,9,-3.581,0,0.419,0.00052,0.0171,0.316,0.048,183.028,4
spotify:track:1ZY68CrezgYbtpMVEGRnCh,"Snack (feat. Kida Kudz)","Snack (feat. Kida Kudz)","Ms Banks;Kida Kudz",2019-02-27,209862,0,true,,2019-04-26T11:08:57Z,"afroswing,afrobeats,alté,afrobeat,afropop","Ms Banks",0.83,0.652,7,-3.452,1,0.0695,0.0128,0.142,0.081,0.516,106.004,4
spotify:track:53NjleILyfXt7GYwTgxZX9,"Tetema","Tetema","Rayvanny;Diamond Platnumz",2019-01-28,152607,0,false,,2019-04-26T10:58:08Z,"bongo flava,bongo piano,singeli,afrobeats,afrobeat,afropop,amapiano,afropiano,ndombolo,rumba congoleña","WCB WASAFI",0.855,0.841,6,-2.769,0,0.18,0.37,0.00127,0.0545,0.953,96.12,4
spotify:track:763rW1kKNXl4CUNK4P4ZOO,"Halle (feat. Duncan Mighty)","Halle (feat. Duncan Mighty)","Iyanya;Duncan Mighty",2019-03-15,235102,0,false,,2019-04-26T10:57:32Z,"azonto,afrobeats,afrobeat,afropop,hiplife,bongo flava,highlife","Violet 360 Music",0.598,0.823,0,-0.964,0,0.08,0.624,0,0.222,0.74,101.591,4
spotify:track:2m1JKNrEQA37VibuKSMJEH,"You (Remix) feat. Blueface","You (Remix)","Jacquees;Blueface",2019-01-11,224240,34,true,,2019-04-26T10:49:35Z,"r&b,trap soul","Cash Money Records",0.723,0.43,8,-9.08,0,0.0569,0.464,0,0.112,0.332,114.94,4
spotify:track:2GlATHCDbLW7xq5BE0Bz5g,"Shot Clock","Ella Mai","Ella Mai",2018-10-12,201609,67,true,,2019-04-26T10:48:11Z,"r&b","10 Summers / Interscope PS",0.661,0.512,4,-6.008,0,0.134,0.655,0,0.148,0.442,104.238,4
spotify:track:31er9IGsfFbwqy1pH4aiTP,"I Have Nothing","The Bodyguard - Original Soundtrack Album","Whitney Houston",1992-11-17,289160,82,false,,2019-04-22T11:18:06Z,"","Arista",0.541,0.401,0,-10.499,1,0.0365,0.576,0,0.164,0.24,152.943,3
spotify:track:3vSn1frPgFcRXrjWOfhMLl,"Be My Lover","Best Of La Bouche feat. Melanie Thornton (feat. Melanie Thornton)","La Bouche",2003-03-28,240866,72,false,,2019-04-16T19:21:03Z,"eurodance,europop","MCI",0.658,0.963,1,-3.283,0,0.0326,0.00283,0.00000238,0.951,0.793,134.798,4
spotify:track:0TlLq3lA83rQOYtrqBqSct,"Nonstop","Scorpion","Drake",2018-06-29,238614,80,true,,2019-04-16T19:18:27Z,"rap","Cash Money/Drake LP6",0.912,0.412,7,-8.074,1,0.123,0.0165,0.0126,0.104,0.423,154.983,4
spotify:track:4fuoepRphzHpu0eHW5ilBT,"Le roseau remix","Explicit Samouraï","Explicit Samourai",2004-01-01,228866,0,false,,2019-04-10T11:56:55Z,"rap francés","Aktarus",0.807,0.726,8,-5.852,0,0.308,0.386,0,0.0681,0.905,86.003,4
spotify:track:4iGBPovu7Hy7TUg6Wk6pjt,"The Dirt (Est. 1981) [feat. Machine Gun Kelly]","The Dirt Soundtrack","Mötley Crüe;mgk",2000,232000,0,true,,2019-04-05T20:15:43Z,"glam metal,glam rock,hard rock","Mötley Records",0.421,0.859,1,-4.333,1,0.0694,0.000103,0.000248,0.1,0.373,166.099,4
spotify:track:11dCfArPrM7kzYpUrFHal9,"Panama","1984","Van Halen",1984-01-03,212640,2,false,,2019-04-04T09:36:31Z,"glam metal,rock clásico,rock,hard rock","Warner Bros.",0.515,0.987,8,-5.391,1,0.108,0.00135,0.000195,0.0697,0.298,141.258,4
spotify:track:0mGgN6D36IFwMbKtJSesKl,"Don't Wait","Don't Wait","Mapei",2014-04-04,215773,57,false,,2019-04-02T08:09:08Z,"","Columbia",0.748,0.496,7,-6.119,1,0.0557,0.0825,0,0.163,0.333,98.971,4
spotify:track:6Vas6h9lB5mmeVDXdFqlQA,"Freak Like Me","Do You Wanna Ride?","Adina Howard",1995,253613,66,false,,2019-04-01T11:44:34Z,"new jack swing","Rhino/Elektra",0.655,0.837,11,-6.04,0,0.0723,0.0262,0.00000585,0.0454,0.66,91.014,4
spotify:track:3ywXd57iSPA37YT0BtmP3u,"When We Get By","Brown Sugar","D'Angelo",1995-07-03,344893,0,false,,2019-04-01T11:32:09Z,"neo soul","Virgin Records",0.763,0.407,11,-11.514,1,0.0342,0.103,0.418,0.0532,0.703,108.894,4
spotify:track:1aOeeVZLba4r8T5PCvdUPq,"Go Off","Sunrise EP","Fountain Of Youth",2016-04-25,210297,12,false,,2019-04-01T11:13:28Z,"moombahton","Barong Family",0.796,0.666,8,-7.457,0,0.153,0.0892,0.0251,0.58,0.332,105.017,4
spotify:track:19IXPRtUuKFwIqJSFPY8zz,"La fuite - Vegedream X Dj Leska / Edit MIx","Marchand de sable","Vegedream;Dj Leska",2018-07-20,219628,58,true,,2019-03-19T09:26:33Z,"pop urbaine,r&b francés,shatta","Universal Music Division Island Def Jam",0.792,0.816,10,-6.207,0,0.065,0.396,0,0.0937,0.855,105.002,4
spotify:track:5NpET8pwPjwxU2XD1W4rT5,"Bounce It (feat. Stonebwoy)","Bounce It (feat. Stonebwoy)","Collie Buddz;Stonebwoy",2019-01-25,189698,0,true,,2019-03-19T09:19:42Z,"reggae,dancehall,roots reggae,ragga,reggae rock,hiplife,azonto,afrobeats,afrobeat,hip hop ghanés,afropop,asakaa,highlife,afroswing","Harper Digital",0.933,0.515,2,-6.731,0,0.139,0.167,0,0.0446,0.811,110.014,4
spotify:track:4j3GWI86JvSaF0BLdmgcfF,"Summertime Magic","Summer Pack","Childish Gambino",2018-07-11,213600,63,false,,2019-03-19T09:18:29Z,"","Wolf+Rothstein/RCA Records",0.76,0.579,0,-7.374,1,0.0567,0.0127,0.00344,0.106,0.129,100.011,4
spotify:track:2xLMifQCjDGFmkHkpNLD9h,"SICKO MODE","ASTROWORLD","Travis Scott",2018-08-03,312820,85,true,,2019-03-19T09:17:26Z,"rap","Cactus Jack / Epic",0.834,0.73,8,-3.714,1,0.222,0.00513,0,0.124,0.446,155.008,4
spotify:track:3qPXWPkEZgUhUgPifbE99z,"WOW","WOW","Tiësto",2018-08-24,148125,58,false,,2019-03-15T14:55:51Z,"edm,trance,big room","Musical Freedom",0.6,0.99,6,-3.016,1,0.337,0.00116,0.52,0.124,0.192,127.954,4
spotify:track:6MWtB6iiXyIwun0YzU6DFP,"Wow.","Wow.","Post Malone",2018-12-24,149520,5,true,,2019-03-15T14:55:18Z,"","Republic Records",0.833,0.539,11,-7.399,0,0.178,0.163,0.0000021,0.101,0.385,99.947,4
spotify:track:6cSQSGa2tFufkTdlKs2TKN,"U + Ur Hand","I'm Not Dead","P!nk",2006-03-31,214386,0,true,,2019-03-14T15:52:34Z,"","LaFace Records",0.706,0.889,0,-3.692,1,0.0556,0.00125,0,0.033,0.882,141.025,4
spotify:track:4nwxCitFgnLugXCl0JFNTJ,"Sweet Serenade","My Name Is My Name","Pusha T;Chris Brown",2013-10-31,219293,52,true,,2019-03-02T09:30:33Z,"r&b","Getting Out Our Dreams Inc. (G.O.O.D.) Music / IDJ",0.723,0.702,7,-6.688,1,0.347,0.0127,0.00507,0.384,0.424,150.059,4
spotify:track:7eeDeUM9E7b0vkDfRz20Zt,"Keine Lust","Reise, Reise","Rammstein",2004-09-27,222933,64,false,,2019-03-02T09:28:30Z,"metal industrial,metal,rock industrial,industrial","Vertigo Berlin",0.534,0.892,5,-4.877,1,0.0537,0.000256,0.0137,0.232,0.28,137.941,4
spotify:track:4T3fNx3CgwDRRYgmFCbD4J,"Better","Better","Khalid",2018-09-14,229412,67,true,,2019-03-02T09:27:54Z,"","Right Hand Music Group, LLC/RCA Records",0.442,0.585,0,-10.332,0,0.0964,0.0984,0.391,0.14,0.116,97.565,4
spotify:track:1EH0oNu9mUT6iyEDkeWDxk,"BEAMLIGHT","BEAMLIGHT","Jay Prince",2019-01-14,167053,0,true,,2019-03-02T09:26:51Z,"","DRMCLB RECORDS / COSA NOSTRA MUSIC",0.876,0.559,11,-9.46,0,0.217,0.0957,0.0000244,0.103,0.541,150.028,4
spotify:track:6OdD1XrpFD5BuxiAMFUWZC,"Te De Campana","Te De Campana","Atomic Otro Way",2016-02-27,198624,0,true,,2019-02-28T09:42:48Z,"dembow","Jhonuel Castillo",0.811,0.927,11,-1.711,1,0.0835,0.0485,0,0.416,0.706,105.045,4
spotify:track:4777sGsOdoM89vPH3CVoLe,"Mayor Que Yo 3","Mayor Que Yo 3","Luny Tunes;Daddy Yankee;Don Omar;Wisin & Yandel",2015-10-23,304746,75,false,,2019-02-28T09:40:15Z,"reggaetón,latina,urbano latino","Machete Music",0.715,0.964,1,-3.176,0,0.162,0.0985,0,0.291,0.535,91.975,4
spotify:track:5w9c2J52mkdntKOmRLeM2m,"Con Calma","Con Calma","Daddy Yankee;Snow",2019-01-24,193226,83,false,,2019-02-28T09:38:43Z,"reggaetón,latina","Craft Latino",0.737,0.86,8,-2.652,0,0.0593,0.11,0.00000194,0.0574,0.656,93.989,4
spotify:track:56Ygy1eRcvAdNPDiEyq8dk,"Lil Bit","Lil Bit","K CAMP",2015-01-20,238426,0,true,,2019-02-26T11:25:53Z,"","Universal Music Group",0.779,0.44,1,-16.422,1,0.104,0.527,0,0.0624,0.737,104.976,4
spotify:track:4rDbp1vnvEhieiccprPMdI,"Somebody To Love - Remastered 2011","A Day At The Races (Deluxe Edition 2011 Remaster)","Queen",1976-12-10,296480,65,false,,2019-02-19T19:14:08Z,"rock clásico,rock,glam rock","EMI",0.406,0.698,8,-7.024,1,0.0624,0.186,0,0.233,0.333,109.266,3
spotify:track:6Xit7c1KLAJ1A00azHuafw,"Never Too Much","Classic 3","Fingazz",2016-06-08,205600,9,false,,2019-02-19T11:22:25Z,"g-funk","Universal Music LLC",0.842,0.75,11,-5.419,0,0.197,0.259,0,0.149,0.736,109.074,4
spotify:track:0Z7O8GMQShj9TJrm2yX1R6,"Jump - 2004 Remaster","The Very Best of Van Halen (UK Release)","Van Halen",2007-05-14,244106,57,false,,2019-02-19T11:08:35Z,"glam metal,rock clásico,rock,hard rock","Rhino/Warner Records",0.553,0.838,0,-5.824,1,0.0317,0.123,0.0000301,0.053,0.821,129.893,4
spotify:track:1Rvl8qsKJurfFTyWLBI9ib,"Baby, I Love Your Way","The Best of Big Mountain","Big Mountain",1999-01-01,249520,75,false,,2019-02-19T09:46:38Z,"reggae","Giant",0.651,0.747,1,-7.269,0,0.0699,0.0528,0,0.207,0.776,147.518,4
spotify:track:1AhDOtG9vPSOmsWgNW0BEY,"Bohemian Rhapsody - Remastered 2011","A Night At The Opera (2011 Remaster)","Queen",1975-11-21,354320,5,false,,2019-02-15T13:30:23Z,"rock clásico,rock,glam rock","Universal Music Group",0.414,0.404,0,-9.928,0,0.0499,0.271,0,0.3,0.224,71.105,4
spotify:track:5T8EDUDqKcs6OSOwEsfqG7,"Don't Stop Me Now - Remastered 2011","Jazz (2011 Remaster)","Queen",1978-11-10,209413,73,false,,2019-02-15T13:30:02Z,"rock clásico,rock,glam rock","EMI",0.559,0.868,5,-5.276,1,0.17,0.0475,0.000176,0.776,0.609,156.295,4
spotify:track:7wjsFW5cSAGy2T9fZbJ6be,"Lover, Leaver","Lover, Leaver","Greta Van Fleet",2018-09-21,215013,0,false,,2018-10-02T10:19:39Z,"rock","Republic Records",0.501,0.924,9,-3.894,1,0.0467,0.0022,0.22,0.136,0.594,92.026,4
spotify:track:29N4xnL6SpjkQiuPaTvQXA,"(You Make Me Feel Like) A Natural Woman","Soul Queen","Aretha Franklin",2007-10-29,159933,46,false,,2018-09-19T09:55:59Z,"soul,motown,soul clásico","Rhino Atlantic",0.605,0.315,0,-8.958,1,0.0264,0.288,0,0.599,0.441,111.247,3
spotify:track:1scwOPRenO71iomcms70Fc,"I Was Made for Lovin' You","Sonic Boom","KISS",2009-09-09,280866,0,false,,2018-09-05T08:49:33Z,"glam rock,glam metal,hard rock,rock,rock clásico","Roadrunner Records",0.656,0.864,3,-5.188,0,0.0399,0.021,0.0000153,0.0917,0.802,125.957,4
spotify:track:0eWxDnXDbsR4h1kVk6rZdy,"Foggy Windows","Foggy Windows","Zacari",2015-07-23,252631,0,false,,2018-07-31T12:58:18Z,"","Zacari",0.836,0.385,10,-8.559,0,0.0883,0.226,0.00761,0.11,0.347,114.046,4
spotify:track:1ixxS8P9E0cpSpKD1ngoUD,"Anita (feat. T-Pain) - Remix","Anita (feat. T-Pain) [Remix]","Smino;T-Pain",2017-10-27,217232,37,true,,2018-07-31T12:57:27Z,"","Downtown JV",0.662,0.468,1,-8.671,1,0.495,0.184,0,0.47,0.765,62.459,4
spotify:track:1o9AHtIIutzBHv7k9N8IPL,"Battlefield Of Love","Lenny","Lenny Kravitz",2001-01-01,194626,30,false,,2018-05-04T14:24:41Z,"","Virgin Records",0.498,0.945,7,-5.982,1,0.154,0.00487,0.0000139,0.341,0.37,111.941,4
spotify:track:3k8sjbqMG2LZRm7ddM3MJk,"Canopée","Marabout","Swing",2018-01-19,194788,0,false,,2018-04-26T20:51:41Z,"rap francés,r&b francés","Urban",0.891,0.599,0,-8.703,0,0.262,0.416,0.0000221,0.153,0.27,147.96,4
spotify:track:0gEZ1v0rsSayZBi7qzrRgF,"Grateful","Apologies in Advance","Sylvan LaCue",2018-01-12,231240,0,true,,2018-04-21T19:47:02Z,"","WiseUp & Co. / Blame The Label",0.698,0.54,8,-9.373,0,0.122,0.23,0.000634,0.0821,0.16,136.96,4
spotify:track:00iG9Ru0PiDns1RDqli6XA,"Pretty Brown Face","Pretty Brown Face","Foggieraw;Abdou",2017-06-13,226403,9,false,,2018-04-20T16:09:33Z,"jazz rap","Diff Sound",0.472,0.329,7,-12.125,0,0.365,0.71,0,0.0928,0.141,84.843,4
spotify:track:4pBZ2nlELe3kWI0CpkiKMD,"How I Feel","How I Feel","Moods;Sam Wills",2016-06-03,260709,0,false,,2018-04-04T17:40:02Z,"lo-fi beats,indie soul","Boogie Angst",0.642,0.536,5,-10.404,0,0.0682,0.186,0.00000759,0.141,0.28,94.036,4
spotify:track:3ABG1UQTk0eLYUAeWkmfMi,"Shimmy Shimmy Ya","Return to the 36 Chambers: The Dirty Version","Ol' Dirty Bastard",1995,161400,69,true,,2018-04-02T21:24:12Z,"hip hop de la costa este,hip hop old school,hardcore hip hop","Rhino/Elektra",0.814,0.481,0,-5.183,1,0.245,0.097,0.0000383,0.0495,0.193,96.252,4
spotify:track:5E5e7TiXB1mkNrIryxz7cw,"Let Me Go","Let Me Go - Single","KArSLEN;Tertia May",2016-06-28,204103,0,false,,2018-03-22T19:56:36Z,"r&b británico,edm cristiana","Artist Intelligence Agency",0.764,0.533,10,-10.4,0,0.145,0.599,0.00167,0.0942,0.274,89.99,4
spotify:track:06aCtrrExI18NgNwodjnql,"Ready To Rock","Black Dog Barking (Special Edition)","Airbourne",2013-05-21,324906,0,false,,2018-03-13T16:01:33Z,"hard rock","Roadrunner Records",0.185,0.995,7,-3.362,1,0.139,0.000135,0.852,0.133,0.0556,184.959,4
spotify:track:52sfkCimUqTPaS8Gu6Ur2a,"Live It Up","Black Dog Barking (Special Edition)","Airbourne",2013-05-21,265086,0,false,,2018-03-13T16:01:19Z,"hard rock","Roadrunner Records",0.369,0.919,3,-4.665,1,0.0381,0.00492,0.727,0.191,0.503,142.982,4
spotify:track:2iBJmZizVROOBnQx7T08iR,"Come Correct","Come Correct","Gifted Gab;Blimes",2017-10-29,136280,0,true,,2018-03-11T11:14:30Z,"","Gifted Gab & Blimes Brixton",0.534,0.728,4,-6.038,0,0.334,0.157,0,0.14,0.649,85.221,4
spotify:track:4ofvoCdXq99vpMZO4Cfp8x,"Pray For Me (with Kendrick Lamar)","Pray For Me (with Kendrick Lamar)","The Weeknd;Kendrick Lamar",2018-02-02,211440,1,true,,2018-03-10T15:08:49Z,"hip hop,hip hop de la costa oeste","Universal Music Group",0.728,0.668,2,-5.02,1,0.126,0.0805,0.0000149,0.102,0.162,100.537,4
spotify:track:6fqLce5TNAmNgbFwXD2DdG,"I'd Do Anything For Love (But I Won't Do That) - Live From The Beacon Theatre, New York, U.S.A./1995","Welcome To The Neighbourhood","Meat Loaf",1995,329400,56,false,,2018-03-10T14:53:20Z,"","EMI Catalogue",0.265,0.553,0,-10.198,1,0.0702,0.727,0,0.983,0.237,76.115,4
spotify:track:1s6peZNxETxrrfMrveNZW8,"Proud of Me (feat. Little Simz)","Proud of Me (feat. Little Simz)","Mahalia;Little Simz",2018-02-02,215862,39,true,,2018-03-07T20:40:02Z,"r&b británico,r&b alternativo","Atlantic Records UK",0.659,0.673,4,-5.733,1,0.16,0.492,0.0000178,0.472,0.702,86.974,4
spotify:track:3NVcI3kXA3G8eht6x4Q9sP,"Blame It on the Youth","Cloak","Jordan Rakei",2016-06-03,154293,0,false,,2018-03-07T16:10:10Z,"indie soul,neo soul","4101 Records",0.935,0.327,9,-9.85,0,0.368,0.05,0.0000322,0.0591,0.69,102.727,4
spotify:track:3rCgjfEFjB2fmcYYhkCipN,"Magnet","Nightmares / Invincible EP","Day Fly",2015,235500,23,false,,2018-03-07T16:08:17Z,"","Tangram Records",0.714,0.38,9,-7.522,1,0.0737,0.327,0.0000207,0.281,0.348,94.941,4
spotify:track:5MjAFPcmrR1DYCgZrXCN4d,"Turnin' Me Up","In My Mind","BJ The Chicago Kid",2016-02-19,269173,55,false,,2018-02-26T08:15:25Z,"","Motown",0.734,0.776,2,-4.193,1,0.0826,0.0406,0.193,0.0547,0.843,78.542,4
spotify:track:72vRgf0oI9DQgyNMcB4qOB,"Golden","Golden","Elujay",2017-01-21,252861,29,true,,2018-02-26T08:15:07Z,"r&b alternativo,r&b indie","Onetime!",0.821,0.622,11,-7.001,0,0.0779,0.0924,0.000197,0.0864,0.611,115.962,4
spotify:track:0yJnyQIEs8ivpIRSeNCQTd,"Boo You Know","Boo You Know","Falcons;GoldLink",2017-04-25,203900,0,true,,2018-02-13T14:35:59Z,"","Fool’s Gold Records",0.435,0.681,11,-5.854,0,0.208,0.148,0,0.0682,0.179,165.711,4
spotify:track:7nhSO9GYru1AYREmIq2Too,"De Nada (Vocal Edit)","De Nada","(dc);Masego",2015-05-14,168228,23,false,,2018-02-13T14:35:00Z,"","Trapdoor Records",0.764,0.703,11,-5.623,0,0.351,0.195,0.000559,0.141,0.377,119.948,4
spotify:track:0loD8DoblXHMBWnEXonbNw,"Fire N' Rain (Kaytranada Edition)","Fire N' Rain","Acid Washed;KAYTRANADA",2013-04-08,300035,0,false,,2018-01-28T14:20:16Z,"rock espacial","Record Makers",0.805,0.565,2,-6.728,1,0.415,0.0161,0,0.105,0.76,120.081,4
spotify:track:4kIRyUnl8elQFStSL8866M,"Shade","Hoodrich Vol. 3","IAMDDB",2017-09-01,175097,55,true,,2018-01-28T14:19:58Z,"r&b alternativo,r&b británico","Union IV Recordings",0.799,0.679,0,-3.476,0,0.0364,0.386,0,0.111,0.408,122.011,4
spotify:track:1z8nA21pJAQjrc6dwtwFeV,"Hibiscus (feat. Naji)","Hibiscus (feat. Naji)","MadBliss",2016-05-16,178610,0,false,,2018-01-28T14:19:45Z,"","Repost Network",0.578,0.688,5,-6.405,0,0.449,0.443,0,0.598,0.289,89.401,4
spotify:track:1VNZ7LWT495ICAO4CvOaTX,"DX7 - Indastudio 10","Indastudio","Dabeull;HolyBrune",2017-12-08,244762,63,false,,2018-01-14T13:16:15Z,"funk,nu disco","Dabeull Records",0.902,0.586,1,-7.658,1,0.0741,0.445,0.002,0.0646,0.723,110.984,4
spotify:track:48jmyK2lUEgvLM29GfsBcg,"Typically Her (Kaytranada Edition)","Nova Tunes 2.8","Beverlay",2013-08-26,224560,0,false,,2018-01-14T13:12:15Z,"","Nova Records",0.704,0.54,1,-8.785,1,0.177,0.0375,0.000147,0.355,0.473,115.033,4
spotify:track:3NedXYWKO1O2EqH8yOaM9r,"Corner of the Earth","A Funk Odyssey","Jamiroquai",2001-09-03,338960,0,false,,2017-11-05T23:42:19Z,"acid jazz","S2",0.473,0.552,2,-6.621,1,0.0302,0.252,0.0000912,0.288,0.276,79.486,4
spotify:track:3zBWN2RILlV8RshkKvQsW8,"One Touch","One Touch","Baauer;AlunaGeorge;Rae Sremmurd;Swae Lee",2014-10-28,215000,0,false,,2017-11-01T13:06:51Z,"edm trap","LuckyMe",0.733,0.547,6,-7.79,0,0.0776,0.0309,0,0.0882,0.268,96.056,4
spotify:track:0vjNDU8P7B4jbOoXKLTzwg,"Touch the Floor (feat. Masego)","Touch the Floor (feat. Masego)","VanJess;Masego",2016-12-01,257462,19,false,,2017-11-01T13:04:26Z,"r&b alternativo","Vanjess Music",0.841,0.531,11,-12.905,0,0.293,0.139,0.0000144,0.0424,0.625,104.964,4
spotify:track:11gXs1fmRhR5Q6PxD3Lhr4,"Girls That Dance","The Pink Polo EP","Masego;Medasin",2016-04-05,205680,42,false,,2017-10-09T18:14:57Z,"future bass","TrapHouseJazz",0.71,0.705,1,-7.686,1,0.441,0.0694,0,0.118,0.473,109.536,4
spotify:track:1vHYWQyOTfdh6tGRLq3Twr,"Good Feeling - MXXWLL Remix","For Real Life And Not Pretend - The Remixes","Jodie Abacus;MXXWLL",2016-05-06,194601,20,false,,2017-10-09T18:13:31Z,"r&b contemporáneo","Ministry Of Sound/RCA Records",0.741,0.42,6,-7.555,0,0.213,0.27,0.0000129,0.0837,0.341,109.667,4
spotify:track:3KH8lL0YigCOb8ndVndxgR,"James Baby","Stro Elliot","Stro Elliot",2016-12-16,126362,0,false,,2017-10-02T14:08:13Z,"","Street Corner Music",0.9,0.645,0,-11.638,1,0.0624,0.000102,0.457,0.0988,0.547,111.046,4
spotify:track:14u0zLm6T13VV72Gggpll8,"Love & Pain (Kaytranada Remix)","Love & Pain [Remix EP]","JMSN",2013-01-01,288027,35,false,,2017-09-22T19:07:19Z,"","White Room Records",0.841,0.337,8,-5.98,1,0.315,0.00655,0.000257,0.0729,0.435,120.01,4
spotify:track:6pzWZe7LIcfKzriMIk6opx,"OooWee","Crown","Rapsody;Anderson .Paak",2016-11-17,270785,42,true,,2017-09-22T18:59:26Z,"","Jamla Records / Culture Over Everything",0.432,0.652,1,-8.745,1,0.32,0.00211,0,0.158,0.26,76.859,1
spotify:track:6LOWgH9NaSheAz0U4b7uQL,"Telling The Truth","Strength Of A Woman","Mary J. Blige;KAYTRANADA;BADBADNOTGOOD",2017-04-28,237080,36,false,,2017-08-26T07:36:40Z,"r&b","Capitol Records (CAP)",0.799,0.753,3,-5.165,0,0.12,0.131,0.0000103,0.098,0.73,113.228,4
spotify:track:5b1GCiDjsOv3731sV3uL3L,"16 Shots","16 Shots","Stefflon Don",2017-05-22,224727,0,true,,2017-08-26T07:33:38Z,"dancehall","Universal Music Group",0.682,0.812,3,-4.936,0,0.0586,0.0254,0.000201,0.104,0.569,95.063,4
spotify:track:6xkI5EzkAhrwGsWX6box2F,"Thoughts","Thoughts","LeMarquis;Chiara Noriko",2016-06-14,186220,17,false,,2017-08-16T17:50:01Z,"nu disco,footwork,jersey club,club de baltimore","Nowadays Records",0.828,0.359,5,-8.576,1,0.475,0.429,0.0448,0.282,0.814,119.858,4
spotify:track:67yg4W3WmYALpXPhTCSXZk,"The One (feat. Method Man) - R.O Remix","The One (feat. Method Man)","Triggerfinger;Method Man;RUGI",2016-03-11,183800,25,false,,2017-08-16T17:48:25Z,"hip hop de la costa este,hip hop old school,hip hop,hardcore hip hop","Sony Music Entertainment",0.75,0.51,1,-8.051,0,0.112,0.516,0.000216,0.116,0.0546,83.002,4
spotify:track:5GCdBZ6QzW3lWbMJEwYx6k,"Some People Say - Radio Edit","Some People Say","Semedo;Curtis Gabriel",2016-03-04,177432,55,false,,2017-08-05T16:58:42Z,"house","Selected.",0.873,0.797,0,-5.488,1,0.085,0.00829,0.00108,0.398,0.557,120.013,4
spotify:track:0MirjRAnvfJr3pumGsTwMi,"Believe Me","Believe Me","Lil Wayne;Drake",2014-05-28,337640,0,true,,2017-08-02T09:50:07Z,"rap,hip hop","Universal Music Group",0.842,0.482,10,-8.846,0,0.181,0.281,0,0.111,0.205,92.023,4
spotify:track:73gASYnzwZAzq5IYQf4Hff,"Permanent Holiday","The Change I'm Seeking","Mike Love",2012-12-21,482173,52,false,,2017-07-30T00:36:03Z,"reggae,roots reggae,reggae cristiano","Love Not War Records",0.851,0.505,2,-5.648,0,0.139,0.406,0.00000115,0.13,0.784,112.843,4
spotify:track:0bG7Bznt7t8WDyQKZ3zQQR,"Self Made","No Bad, Vol. 1","Slimka",2017-03-31,214576,0,true,,2017-07-17T18:35:28Z,"rap francés","Colors records",0.772,0.696,8,-6.799,0,0.313,0.485,0,0.115,0.536,118.07,4
spotify:track:6KugjM6PRQO7eqLo9AfWiL,"Stay Close","Painting Sounds","Barney Artist;Tom Misch",2016-04-29,156687,45,false,,2017-07-17T18:33:11Z,"indie soul,jazz rap","Cosa Nostra Music",0.869,0.647,1,-8.547,0,0.349,0.317,0.0000224,0.181,0.325,110.135,3
spotify:track:1I6pKIyaBp4OebTGLJpCCC,"Perm","24K Magic","Bruno Mars",2016-11-18,210053,72,false,,2017-07-15T09:24:45Z,"","Atlantic Records",0.853,0.871,8,-3.715,1,0.0851,0.0145,0.0000684,0.198,0.863,124.021,4
spotify:track:4hFc4GpCg4Kz2zLgfgbqAb,"Breakin' Outta Hell","Breakin' Outta Hell","Airbourne",2016-09-23,232425,0,true,,2017-07-08T20:57:49Z,"hard rock","Universal Music Group",0.427,0.993,2,-2.732,1,0.168,0.0000563,0.801,0.167,0.215,172.081,4
spotify:track:0dT3vnJFJwHfwOfPLacyKy,"I'm Better (feat. Eve, Lil Kim & Trina)","I'm Better (feat. Eve, Lil Kim & Trina)","Missy Elliott;Eve;Lil Kim;Trina",2017-06-02,269583,32,true,,2017-06-23T09:30:19Z,"hip hop","Goldmind/Atlantic",0.851,0.438,8,-10.663,1,0.372,0.339,0,0.469,0.508,105.017,4
spotify:track:6KqKg8IPuvtDB3PNAvffFf,"Shake That","Curtain Call (Deluxe)","Eminem;Nate Dogg",2005-12-06,274440,3,true,,2017-06-23T08:20:12Z,"rap,hip hop,g-funk,hip hop de la costa oeste,hip hop old school","Universal Music Group",0.964,0.642,1,-5.831,0,0.109,0.0543,0.0000368,0.158,0.547,107.006,4
spotify:track:2LBqCSwhJGcFQeTHMVGwy3,"Die For You","Starboy","The Weeknd",2016-11-24,260253,88,false,,2017-06-22T14:03:49Z,"","The Weeknd/Lyric",0.586,0.525,1,-7.163,0,0.0615,0.111,0,0.134,0.508,133.629,4
spotify:track:3dhjNA0jGA8vHBQ1VdD6vV,"I Feel It Coming","Starboy","The Weeknd;Daft Punk",2016-11-25,269186,81,false,,2017-06-22T14:02:42Z,"house francés,electrónica,electro","The Weeknd/Lyric",0.773,0.819,0,-5.946,0,0.118,0.428,0,0.0679,0.585,92.987,4
spotify:track:4LujRMTMwAfFKjm45tixHY,"Straight Outta Compton","Straight Outta Compton (2002 - Remaster)","N.W.A.",1988-08-08,259226,1,true,,2017-06-22T13:48:42Z,"hip hop old school,rap gangster,hip hop de la costa oeste,hip hop,rap,g-funk","Priority Records",0.831,0.935,8,-6.02,1,0.197,0.0374,0,0.33,0.367,102.836,4
spotify:track:7ox2wvSzqTxQQf55Ggobbl,"Love$ick","Love$ick","Mura Masa;A$AP Rocky",2016-09-30,192154,0,true,,2017-06-22T13:47:41Z,"rap","Polydor",0.629,0.772,1,-5.056,0,0.158,0.12,0.0051,0.265,0.743,88.547,4
spotify:track:4RhGCDt69efGdC1SxJRI5r,"Party Monster","Party Monster","The Weeknd",2016-11-17,251813,0,true,,2017-06-22T13:44:56Z,"","Universal Republic Records",0.589,0.622,1,-8.295,1,0.0766,0.19,0.000031,0.164,0.198,77.497,4
spotify:track:0y1QJc3SJVPKJ1OvFmFqe6,"Way down We Go","A/B","KALEO",2016-06-10,213706,85,false,,2017-06-19T20:29:05Z,"","Elektra (NEK)",0.489,0.505,10,-8.022,0,0.117,0.579,0.000333,0.104,0.337,163.255,4
spotify:track:6Le2vR39JUDggDgOxiiHX5,"Mi barrio huele a Widow","Albayzín Recopilatorio","Ayax y Prok",2016-05-20,242567,0,true,,2017-06-17T16:58:33Z,"rap","ALBZ Records",0.732,0.72,4,-6.452,0,0.277,0.07,0,0.1,0.562,93.772,4
spotify:track:2udw7RDkldLFIPG9WYdVtT,"Sir Duke","Songs In The Key Of Life (Reissue)","Stevie Wonder",1976-09-28,232760,0,false,,2017-06-16T12:19:56Z,"motown,soul clásico,soul","Universal Music Group",0.588,0.568,6,-9.766,1,0.0672,0.16,0,0.0792,0.952,106.938,4
spotify:track:06wOQGz4bGB7HETrIjpIep,"Without Me","The Eminem Show","Eminem",2002-05-26,290226,6,true,,2017-06-14T19:50:21Z,"rap,hip hop","Universal Music Group",0.915,0.656,7,-2.827,1,0.0716,0.00299,0,0.324,0.642,112.243,4
spotify:track:2CWUhgcLw67iHuIzzSX7Kb,"Sexy Gal","Sexy Gal","Kreesha Turner;T.O.K",2015-03-31,188400,0,false,,2017-06-14T12:13:56Z,"dancehall,ragga,reggae,riddim,soca,lovers rock","Universal Music Group",0.565,0.791,5,-4.673,0,0.201,0.13,0,0.139,0.852,100.047,4
spotify:track:0dcuGoAIPAT7OrP5CGSVBA,"Leftovers","Leftovers","Dennis Lloyd",2017-01-15,192628,60,true,,2017-06-01T15:10:15Z,"","Dennis Lloyd",0.724,0.304,10,-11.462,0,0.23,0.676,0,0.104,0.305,153.906,3
spotify:track:3kfxarilcBr81mb2hmZLeh,"Needed Me","ANTI","Rihanna",2016-01-28,191600,0,true,,2017-05-25T00:12:52Z,"","Universal Music Group",0.671,0.314,5,-8.091,0,0.244,0.11,0,0.0825,0.296,110.898,4
spotify:track:5SZPiuYPQvZsYSbUeHUvKI,"Sugar","Broken Hearts & Bankrolls","IshDARR",2016-10-07,168500,21,true,,2017-04-22T18:35:41Z,"","IshDARR / EMPIRE",0.771,0.509,1,-8.69,0,0.0722,0.0961,0.00000268,0.0794,0.741,118.014,4
spotify:track:4F69LVvV9fWsMRLUGz8C4f,"Mama Said Knock You Out","Mama Said Knock You Out (Deluxe Edition)","LL COOL J",1990-08-27,289693,0,true,,2017-04-20T22:46:52Z,"hip hop old school,hip hop de la costa este","Universal Music Group",0.795,0.761,10,-7.266,0,0.159,0.0322,0.573,0.275,0.594,102.376,4
spotify:track:2LjiPAQOVazT8sRyXL3XRs,"Informer","12 Inches Of Snow","Snow",1993,268910,71,false,,2017-04-19T16:06:33Z,"","EastWest",0.763,0.742,6,-10.975,0,0.188,0.0984,0,0.38,0.483,98.145,4
spotify:track:0mLS3gBv6Wzv0q6zLcmLD8,"Red Flag","Billy Talent II","Billy Talent",2006-06-23,196840,45,false,,2017-04-17T11:21:01Z,"punk","Atlantic Records",0.648,0.937,2,-3.977,1,0.0892,0.000539,0,0.0555,0.679,91.469,4
spotify:track:1uDhHTNIBF5BJQWTjKnCoa,"Celebration Song","Here's To The Mourning","Unwritten Law",2005,220013,57,false,,2017-04-17T11:15:00Z,"skate punk,punk","Lava/Atlantic",0.392,0.959,1,-4.343,1,0.108,0.00004,0.00058,0.0942,0.608,185.221,4
spotify:track:1wXuogT7bvqnhuWzDBNOdV,"Runnin' Wild","Runnin' Wild","Airbourne",2007-01-01,218040,6,false,,2017-04-13T10:07:36Z,"hard rock","Roadrunner Records",0.503,0.96,10,-2.672,1,0.0626,0.0000925,0.578,0.274,0.489,162.022,4
spotify:track:7y2SOXPaH6ORTya7ROEzy0,"Sidewalks","Starboy","The Weeknd;Kendrick Lamar",2016-11-25,231360,0,true,,2017-04-13T10:02:19Z,"hip hop,hip hop de la costa oeste","Universal Music Group",0.538,0.731,1,-5.252,0,0.0786,0.142,0,0.341,0.576,149.787,4
spotify:track:0PgNhIg5n0UAOBVn43b8b6,"The Adventures of Rain Dance Maggie","I'm with You","Red Hot Chili Peppers",2011-08-29,282400,71,true,,2017-04-12T13:47:26Z,"funk rock,rock alternativo,rock","Warner Records",0.683,0.734,4,-4.523,0,0.029,0.00112,0.0139,0.258,0.576,106.254,4
spotify:track:2oaK4JLVnmRGIO9ytBE1bt,"Dark Necessities","The Getaway","Red Hot Chili Peppers",2016-06-17,302000,80,false,,2017-04-12T13:28:18Z,"funk rock,rock alternativo,rock","Warner Records",0.7,0.742,5,-6.777,0,0.0716,0.0722,0.0199,0.11,0.197,91.959,4
spotify:track:2cXzemGCjcDjQpn3chUGs9,"Anita","Anita","Smino",2017-02-08,220157,0,true,,2017-04-03T00:58:46Z,"","Universal Music Group",0.779,0.581,1,-7.539,1,0.457,0.206,0,0.146,0.804,63.588,4
spotify:track:1WIfWj5skn5UUZTs4cEFBe,"Location","Location","Khalid",2017-10-31,217566,53,false,,2017-04-03T00:54:00Z,"","Right Hand Music Group, LLC/RCA Records",0.799,0.436,1,-9.975,0,0.379,0.283,0.000105,0.0968,0.311,80.028,4
spotify:track:2HpWHLtZldOcDn5qzX8kb2,"Can't Get You out of My Head","Can't Get You out of My Head","Kylie Minogue",2001-09-08,231715,58,false,,2017-03-28T21:34:19Z,"dance pop","Parlophone UK",0.768,0.59,9,-7.485,0,0.0335,0.0257,0.603,0.0865,0.964,126.009,4
spotify:track:2oJInAFXiQYLgz0jh9MrXf,"Saturnz Barz (feat. Popcaan)","Saturnz Barz (feat. Popcaan)","Gorillaz;Popcaan",2017-03-23,181906,42,false,,2017-03-27T08:07:01Z,"dancehall,soca,riddim,afrobeats,reggae","Parlophone UK",0.383,0.621,6,-5.878,0,0.113,0.0272,0,0.427,0.213,80.051,4
spotify:track:7hDc8b7IXETo14hHIHdnhd,"Passionfruit","More Life","Drake",2017-03-18,298940,2,true,,2017-03-22T13:29:48Z,"rap","Universal Music Group",0.809,0.463,11,-11.377,1,0.0396,0.256,0.085,0.109,0.364,111.98,4
spotify:track:6CfrYuD3YRDYdYvH9jNtXY,"No Long Talk","More Life","Drake;Giggs",2017-03-18,149568,57,true,,2017-03-21T19:26:37Z,"rap,grime,uk grime,drill británico","Cash Money Records/Young Money Ent./Universal Rec.",0.913,0.608,10,-6.839,0,0.234,0.0671,0,0.533,0.578,97.063,4
spotify:track:1oaDi1Ahp5PbmWknmlOy0X,"Too Late","Strangers","Dayne",2013-04-05,250525,24,true,,2017-03-17T17:21:09Z,"","SoSouth",0.62,0.649,8,-7.504,0,0.391,0.196,0,0.381,0.775,92.444,4
spotify:track:431yUTMfkyo0oFjTfRE2r1,"Kaleidoscope Love - Kaytranada Edition","Body Music (Remixed)","AlunaGeorge;KAYTRANADA",2014-06-09,348527,0,false,,2017-03-17T17:12:10Z,"","Universal Music Group",0.803,0.483,4,-13.133,0,0.225,0.226,0.0724,0.0863,0.276,115.106,4
spotify:track:25CbtOzU8Pn17SAaXFjIR3,"Take The Power Back","Rage Against The Machine - XX (20th Anniversary Special Edition)","Rage Against The Machine",1992,336440,61,true,,2017-03-16T20:34:40Z,"rap metal,rap rock,metal alternativo,nu metal","Epic/Legacy",0.62,0.912,1,-4.011,1,0.221,0.0728,0.0000715,0.249,0.291,106.236,4
spotify:track:0B8drtTSp68pZdkmVrG9ZA,"Twinz (Deep Cover 98) (feat. Fat Joe)","Capital Punishment","Big Pun;Fat Joe",1998-04-28,228173,69,true,,2017-03-16T20:20:02Z,"hip hop de la costa este,hip hop old school,hardcore hip hop","LOUD Records",0.634,0.763,0,-7.216,1,0.323,0.32,0.0000034,0.237,0.519,94.981,4
spotify:track:2RwFdFIN9JAyVUzevwkzez,"How Sweet It Is (To Be Loved by You)","Gorilla","James Taylor",1975,214133,0,false,,2017-03-08T16:44:38Z,"folk rock,cantautores,rock suave","Rhino/Warner Records",0.764,0.567,0,-13.361,1,0.0412,0.252,0,0.104,0.79,108.805,4
spotify:track:1mnXT8zNssefzrRkeuD8Ov,"War Pigs","Paranoid","Black Sabbath",1970-09-18,474560,0,false,,2017-03-08T16:40:50Z,"metal,heavy metal,rock,stoner rock,doom metal,hard rock","Universal Music Ltd.",0.452,0.701,9,-9.534,1,0.0677,0.145,0.00817,0.267,0.519,90.157,4
spotify:track:0fzoxhdntaBymqLoUEDz2q,"Nobody Else - Radio Edit","Nobody Else","Full Crate x Mar",2015-04-13,217590,13,false,,2017-03-08T16:37:51Z,"","disco:wax",0.823,0.521,10,-10.088,0,0.0416,0.643,0.0196,0.352,0.167,125.907,4
spotify:track:33pqg3nzIibVkqS8Q7xMiu,"SuperDuperHero","Smyle","KYLE;SuperDuperBrick",2015-10-02,258769,0,true,,2017-03-08T16:36:25Z,"","Indie-Pop",0.686,0.713,0,-4.284,1,0.294,0.174,0,0.234,0.481,109.941,4
spotify:track:2WLpYiWNYtHeS5izWhrh6Q,"Skelewu","Best Of Davido","Davido",2020-02-05,190295,0,false,,2017-03-08T16:33:53Z,"afrobeats,afrobeat,afropop,afropiano,azonto,amapiano,hiplife,afroswing,r&b afro","HKN Music",0.83,0.859,10,-3.514,0,0.0865,0.147,0.00000323,0.061,0.826,121.01,4
spotify:track:2oX46s90nkZtTbCowHiWVs,"You Give Me Something","A Funk Odyssey","Jamiroquai",2001-09-03,199600,0,false,,2017-02-12T20:20:29Z,"acid jazz","S2",0.639,0.69,7,-10.047,1,0.264,0.0265,0.000551,0.146,0.579,119.63,4
spotify:track:0a0KZCfAVPiPs09O6cv4Eo,"Love Foolosophy - Radio Edit","A Funk Odyssey","Jamiroquai;Beverley Knight",2001-09-03,224493,0,false,,2017-02-12T02:45:28Z,"acid jazz,r&b británico","S2",0.799,0.69,11,-4.998,0,0.0749,0.0119,0.0000287,0.133,0.896,129.297,4
spotify:track:5HBVUSLdhLgrogVs3bUKIa,"Cloud 9","Cloud 9","Jamiroquai",2017-02-10,236946,0,false,,2017-02-12T02:43:20Z,"acid jazz","Universal Music Group",0.883,0.69,2,-7.854,1,0.105,0.383,0,0.0629,0.452,115.023,4
spotify:track:09jscLcwa4usINbtfzo5FL,"When You Gonna Learn?","Emergency on Planet Earth (Remastered)","Jamiroquai",1993-06-14,230053,57,false,,2017-02-12T02:40:22Z,"acid jazz","Sony Music UK",0.651,0.925,5,-3.389,0,0.053,0.12,0,0.057,0.658,106.286,4
spotify:track:2cYTOrBS8uFYyJt99jfhSy,"Nuh fight over man","Jamaican Style","Mr. Vegas",2007-09-11,58373,29,false,,2017-02-02T23:20:37Z,"dancehall,ragga,reggae,soca,riddim,azonto","Go Fast Team",0.692,0.51,1,-10.148,1,0.53,0.291,0.000177,0.0825,0.853,123.675,5
spotify:track:7KJXkkex6yVSAiBATaN95l,"Hasselhoff","StrijderSysteem","Sjaak;Wantigga;Dennis Brugman",2013-01-01,163446,18,false,,2017-02-02T23:02:34Z,"canciones de las islas molucas","Top Notch Music BV",0.544,0.716,4,-9.241,1,0.27,0.0291,0.075,0.0755,0.711,117.931,3
spotify:track:3rCTaOV9hftTAw5JcfII6d,"Baddest","The Baddest EP","P-Money;Gappy Ranks",2014-06-09,143750,0,true,,2017-01-29T11:51:28Z,"reggae neozelandés,lovers rock,reggae,jungle,drum and bass,dancehall,ragga,roots reggae","Dirty Records",0.758,0.767,1,-5.79,1,0.28,0.341,0,0.155,0.306,97.982,4
spotify:track:3erAiWBiKsbVG39cqCrsI0,"Human","Human","Rag'n'Bone Man",2016-07-21,199413,0,false,,2017-01-24T21:15:49Z,"","Best Laid Plans/Columbia",0.643,0.698,11,-4.094,1,0.276,0.414,0,0.169,0.556,75.073,4
spotify:track:7LNI08YZRk67lg7KaPABfg,"Crazy Dream","Crazy Dream","Tom Misch;Loyle Carner",2016-06-08,212044,0,false,,2017-01-24T18:52:11Z,"indie soul,jazz rap","Beyond The Groove 4",0.852,0.664,9,-5.179,1,0.123,0.12,0.00113,0.0737,0.148,95.815,4
spotify:track:5ifxNTvWg2IORcKE4ydOTp,"Believe Me - Remix","Gunplay","Gunplay",2015-03-06,382333,14,true,,2017-01-18T13:14:54Z,"","Stacking Sterling",0.86,0.49,10,-9.363,0,0.213,0.293,0.00000143,0.11,0.19,92.026,4
spotify:track:3jEZweBGYfPpE4ojmABIrI,"I'm In It","Yeezus","Kanye West",2013-01-01,234853,0,true,,2016-11-21T11:54:07Z,"rap","Universal Music Group",0.576,0.597,1,-4.604,1,0.366,0.126,0,0.0656,0.429,120.172,4
spotify:track:4CfYxSs4Dr8KWORCmN3hom,"That Girl","The 20/20 Experience (Deluxe Version)","Justin Timberlake",2013-03-15,287938,52,false,,2016-11-11T18:08:27Z,"","RCA Records Label",0.728,0.354,1,-9.626,1,0.221,0.76,0,0.132,0.636,132.762,4
spotify:track:33pDmPx2pkJ7JCAQpRDQ9B,"GLOWED UP","99.9%","KAYTRANADA;Anderson .Paak",2016-05-06,298026,0,true,,2016-10-27T22:16:47Z,"","XL Recordings",0.681,0.621,1,-10.024,1,0.34,0.036,0.00555,0.138,0.428,135.538,4
spotify:track:6psC59ooTxage8npmtg74G,"Do The Astral Plane","Cosmogramma","Flying Lotus",2010-05-03,237920,0,false,,2016-10-27T21:50:31Z,"idm,hip hop experimental,nu jazz,glitch","Warp Records",0.722,0.828,8,-3.227,0,0.19,0.0505,0,0.114,0.275,117.693,4
spotify:track:0rcDFdi19NtKf9NbHxr0k9,"In Common","In Common","Alicia Keys",2016-05-04,209050,48,false,,2016-10-12T19:14:12Z,"r&b,neo soul","RCA Records Label",0.647,0.679,8,-7.092,1,0.0826,0.0182,0,0.0413,0.302,120.138,4
spotify:track:2IHaGyfxNoFPLJnaEg4GTs,"What Is Love - 7"" Mix","The Album","Haddaway",1993-09-13,270373,9,false,,2016-10-12T18:25:42Z,"eurodance","Coconut Music",0.683,0.772,7,-7.907,0,0.0311,0.0222,0.0149,0.203,0.737,123.871,4
spotify:track:46gjYTEK7W8ZTABcglGP2f,"Jumpman","What A Time To Be Alive","Drake;Future",2015-09-20,205879,1,true,,2016-10-12T14:13:09Z,"rap,trap","Cash Money Records Inc.",0.853,0.558,1,-7.448,1,0.202,0.0462,0,0.341,0.654,142.079,4
spotify:track:4DRDMf5vftalExCy0fHbHl,"No Limit","No Limit","USHER;Young Thug",2016-06-13,228905,0,true,,2016-08-28T19:57:10Z,"r&b,rap,rap melódico,trap","RCA Records Label",0.717,0.516,10,-6.466,0,0.0601,0.0794,0,0.164,0.258,127.026,4
spotify:track:4VzF5lEkBIlVNjCy3pa9u6,"Moral","Hard Work Pays Off","Broederliefde;William Araujo",2015-09-18,237602,36,true,,2016-08-15T17:46:14Z,"kizomba,zouk,kompa","Top Notch Music BV",0.793,0.648,8,-7.343,1,0.113,0.148,0.00502,0.0952,0.712,122.163,4
spotify:track:2xyi5jBkaQ741tXWTiqyr0,"GOT IT GOOD (feat. Craig David)","99.9%","KAYTRANADA;Craig David",2016-05-06,228146,38,false,,2016-08-11T05:35:44Z,"","Ultra Records, LLC",0.604,0.502,7,-6.68,0,0.134,0.0454,0,0.116,0.31,80.159,4
spotify:track:3pXF1nA74528Edde4of9CC,"Don't","T R A P S O U L","Bryson Tiller",2015-10-02,198294,85,true,,2016-08-11T05:33:31Z,"trap soul,r&b","TrapSoul/RCA Records",0.765,0.356,11,-5.556,0,0.195,0.223,0,0.0963,0.189,96.991,4
spotify:track:0ieS2bue78yadTdPiyzsaO,"Love Of My Life (An Ode To Hip Hop) - Longer Album Version","Go! Common Classics","Erykah Badu;Common",2010-05-11,337573,52,false,,2016-08-04T17:09:53Z,"neo soul,r&b,hip hop,jazz rap","Geffen",0.808,0.404,7,-9.27,1,0.348,0.118,0.000625,0.0913,0.487,87.461,4
spotify:track:3Mz4AoWIedMfzCib1LYwMZ,"Brown Skin Lady","Mos Def & Talib Kweli Are Black Star","Black Star",1998-09-29,346666,51,true,,2016-08-04T17:08:03Z,"hip hop de la costa este,hip hop,jazz rap,hip hop old school","Rawkus Entertainment",0.57,0.553,1,-9.137,1,0.665,0.557,0.0000567,0.375,0.828,175.559,4
spotify:track:5XsMz0YfEaHZE0MTb1aujs,"Wake Me Up Before You Go-Go","Make It Big","Wham!",1984-10-23,230693,4,false,,2016-07-26T10:58:21Z,"navidad","Epic",0.618,0.764,0,-6.027,1,0.0562,0.186,0,0.12,0.876,81.366,4
spotify:track:43PuMrRfbyyuz4QpZ3oAwN,"Exchange","T R A P S O U L","Bryson Tiller",2015-10-02,194613,80,true,,2016-07-20T22:24:34Z,"trap soul,r&b","TrapSoul/RCA Records",0.525,0.433,6,-10.598,1,0.185,0.107,0,0.135,0.276,160.108,4
spotify:track:6MwPuDc52KxhkPvccmU5rE,"The Only Thing That Matters","California","blink-182",2016-07-01,117640,0,false,,2016-07-13T15:40:01Z,"pop punk,punk,skate punk,rock,emo","BMG",0.532,0.973,2,-3.064,1,0.168,0.000461,0,0.109,0.477,130.042,4
spotify:track:32Uh7gnu26h0Qe2eZjYoYF,"OYOYO","ELEVATED","J. Martins",2013-01-11,243880,43,false,,2016-07-12T22:08:33Z,"azonto,afrobeats,coupé décalé,afrobeat,ndombolo,hiplife,afropop","ROCKSTAR4000",0.588,0.626,5,-12.257,0,0.51,0.29,0,0.0824,0.939,101.252,4
spotify:track:2GZxIBMdO5zUrKmZS3Y7Dm,"Badman","Explicit Samouraï","Explicit Samourai",2004-01-01,318253,0,false,,2016-07-12T22:05:19Z,"rap francés","Aktarus",0.834,0.631,2,-8.235,1,0.436,0.326,0,0.0201,0.765,87.058,4
spotify:track:1Y6DGcTCuMAtw8KB3h4W3q,"Around the World","Californication","Red Hot Chili Peppers",1999-06-08,239213,53,true,,2016-07-12T21:54:55Z,"funk rock,rock alternativo,rock","Warner Records",0.51,0.943,0,-3.572,1,0.171,0.00421,0.584,0.062,0.776,96.48,4
spotify:track:0d28khcov6AiegSCpG5TuT,"Feel Good Inc.","Demon Days","Gorillaz;De La Soul",2005-05-23,222640,91,false,,2016-07-12T20:41:49Z,"jazz rap,hip hop de la costa este","Parlophone UK",0.818,0.705,6,-6.679,1,0.177,0.00836,0.00233,0.613,0.772,138.559,4
spotify:track:4VqPOruhp5EdPBeR92t6lQ,"Uprising","The Resistance","Muse",2009-09-10,304840,81,false,,2016-07-12T20:03:21Z,"rock alternativo,rock","Warner Records",0.602,0.905,2,-4.046,1,0.0775,0.000202,0.064,0.117,0.411,128.019,4
spotify:track:5nNuaJH52oYEycQixcMGgq,"SMACK!","SMACK!","Mike Cervello;Cesqeaux",2015-07-10,187490,32,false,,2016-07-12T19:59:13Z,"bass house,big room,moombahton,edm trap","Barong Family",0.691,0.865,5,-4.288,1,0.0589,0.000626,0.344,0.126,0.143,127.919,4
spotify:track:0D7L4pBEGv8ni1cRfaTdMJ,"Play That Funky Music","Shaun White Snowboarding: Official Soundtrack","Wild Cherry",2008-11-18,301800,50,false,,2016-07-08T13:22:17Z,"","SONY BMG MUSIC (CANADA) INC.",0.822,0.871,9,-6.257,1,0.059,0.124,0,0.045,0.901,109.174,4
spotify:track:4L2K7JKseFCBoHMZEAszW0,"Jealous","Jealous","Labrinth",2014-11-21,287693,1,false,,2016-07-08T13:22:12Z,"","Syco Music",0.439,0.153,1,-8.95,1,0.0479,0.874,0,0.107,0.104,116.76,3
spotify:track:6PT7gSOAviSPbKqDsCsfdZ,"It Don't Make Any Difference to Me (feat. Wyclef Jean & Akil Dasan) - Acoustic Version","Kevin Michael","Kevin Michael;Akil Dasan;Wyclef Jean",2007-10-02,244626,6,false,,2016-07-03T00:23:05Z,"","Downtown Recordings/Atl",0.731,0.637,2,-7.091,1,0.289,0.191,0,0.0914,0.387,92.007,4
spotify:track:1xznGGDReH1oQq0xzbwXa3,"One Dance","Views","Drake;Wizkid;Kyla",2016-05-06,173986,9,false,,2016-07-01T10:30:36Z,"rap,afrobeats,afrobeat,afropop,azonto,afroswing,r&b afro,afropiano","Universal Music Group",0.791,0.619,1,-5.886,1,0.0532,0.00784,0.00423,0.351,0.371,103.989,4
spotify:track:29Daq5lsr0qlrVewEtN9pN,"It's All Yours (feat. Gina Thompson)","Seven & Seven (Clean)","MC Lyte;Gina Thompson",1998,280666,14,false,,2016-06-08T14:23:26Z,"hip hop old school,hip hop de la costa este,new jack swing","Rhino/Elektra",0.876,0.378,6,-8.635,0,0.104,0.126,0.00369,0.0308,0.846,90,4
spotify:track:1mzdBqSqAENTJcQ1CsCDcH,"All We Do","Kaytra to Do","KAYTRANADA;JMSN",2013-02-25,252008,0,false,,2015-10-09T13:50:47Z,"","Jakarta",0.695,0.521,11,-9.509,0,0.0932,0.0104,0.00316,0.083,0.263,140.005,4
spotify:track:5c8XfmZCHnEugUgHdiXna8,"Leader of the Broken Hearts","The Connection","Papa Roach",2012-10-02,252840,0,false,,2015-06-14T17:22:36Z,"nu metal,rap metal,metal alternativo,rap rock,rock","Eleven Seven Music",0.616,0.69,6,-6.093,1,0.0349,0.000352,0.000455,0.0755,0.438,120.015,4
spotify:track:0aeVncHz1fag9kE7hbA8HQ,"Breathe You In","The Connection","Papa Roach",2012-10-02,187746,0,false,,2015-06-14T17:21:49Z,"nu metal,rap metal,metal alternativo,rap rock,rock","Eleven Seven Music",0.416,0.963,0,-5.282,1,0.0473,0.0000157,0.0516,0.251,0.328,180.085,4
spotify:track:7p0sSbjOo0c0edsfGapmHg,"Still Swingin'","The Connection","Papa Roach",2012-10-02,203293,0,false,,2015-06-14T17:21:28Z,"nu metal,rap metal,metal alternativo,rap rock,rock","Eleven Seven Music",0.577,0.888,1,-6.323,1,0.061,0.000105,0.0000895,0.135,0.68,139.028,4
spotify:track:7uWVT3UkCAZyANvv0bdyQn,"These Walls","To Pimp A Butterfly","Kendrick Lamar;Bilal;Anna Wise;Thundercat",2015-03-16,300973,65,true,,2015-05-26T05:08:05Z,"hip hop,hip hop de la costa oeste,neo soul,r&b alternativo","Aftermath",0.752,0.489,1,-5.233,1,0.137,0.11,0.00000357,0.202,0.373,108.005,4
spotify:track:6Bo7elbKiRfaHBMJGEBHqF,"Since U Been Gone","Breakaway","Kelly Clarkson",2004,188960,0,false,,2015-03-25T00:32:54Z,"navidad","RCA Records Label",0.663,0.739,9,-5.354,0,0.0322,0.00206,0.0586,0.113,0.382,130.998,4
spotify:track:69v1y3oZpCepMDVQ42U4vH,"Blow - Live","Live Au Bataclan","Saian Supa Crew",2006-11-17,209746,13,false,,2015-01-05T01:53:05Z,"rap francés,r&b francés","Parlophone (France)",0.593,0.991,11,-2.426,1,0.257,0.581,0.0000068,0.393,0.53,123.027,5
spotify:track:6kjlvJLh2DBsSQtqVzFh8I,"Immigrant Song - 1990 Remaster","Led Zeppelin III (1994 Remaster)","Led Zeppelin",1970-10-05,145066,3,false,,2014-09-27T00:52:46Z,"rock clásico,rock,hard rock,rock and roll","Rhino Atlantic",0.574,0.926,11,-10.79,1,0.0562,0.00031,0.478,0.386,0.609,113.097,4
spotify:track:2YRF157SH4KOtDlaVjHoaB,"Blue Jean Blues","Rancho Texicano: The Very Best of ZZ Top","ZZ Top",2004-06-08,279173,0,false,,2014-09-24T21:10:15Z,"rock sureño,rock clásico,blues rock,rock","Rhino/Warner Records",0.614,0.257,11,-14.011,0,0.0439,0.481,0.0156,0.0801,0.28,131.068,3
spotify:track:4RI9eX7jNcdaQOJifn7t6z,"Pound Cake / Paris Morton Music 2","Nothing Was The Same (Deluxe)","Drake;JAŸ-Z",2013-01-01,433800,67,true,,2014-06-30T20:35:17Z,"rap,hip hop,hip hop de la costa este","Cash Money Records/Young Money Ent./Universal Rec.",0.521,0.762,2,-6.746,1,0.529,0.138,0.0000111,0.114,0.266,164.09,4
spotify:track:4P7rljZxoO2qWQYUWx7gZz,"Blackjack","Runnin' Wild","Airbourne",2007-01-01,162066,0,false,,2014-06-02T17:36:48Z,"hard rock","Roadrunner Records",0.388,0.981,7,-2.489,1,0.0761,0.0000119,0.612,0.0676,0.242,185.059,5
spotify:track:141P7NlXMEOGbaJIrvGqvi,"Show Me (feat. Trey Songz, Juicy J, 2 Chainz & Chris Brown) - Remix","Show Me (feat. Trey Songz, Juicy J, 2 Chainz & Chris Brown) [Remix]","Kid Ink;Trey Songz;Juicy J;2 Chainz;Chris Brown",2014-02-19,273010,54,true,,2014-05-25T21:26:23Z,"r&b,crunk,hip hop sureño americano,rap","Tha Alumni Music Group/88 Classic/RCA Records",0.787,0.485,7,-8.299,1,0.114,0.0224,0,0.246,0.537,97.987,4
spotify:track:5bsRMkLJ4Rm4lLRz92om5a,"Come & Get It","Twist is the New Twerk","Scott Bradlee's Postmodern Jukebox",2014-01-31,230250,0,false,,2014-05-24T22:06:41Z,"swing,jazz pop,electro swing","mudhutdigital.com",0.425,0.592,7,-5.232,0,0.0434,0.398,0,0.308,0.541,144.464,4
spotify:track:3SjvChamudC5zRfsrElBfH,"Twerk It Like Miley","Twerk It Like Miley","Brandon Beal;Christopher",2014-01-01,208480,0,false,,2014-05-24T21:59:12Z,"pop danés","Universal Music Group",0.758,0.415,11,-7.576,1,0.377,0.175,0,0.0763,0.369,204.015,4
spotify:track:1uH1Nd8vet2uoZSDFSDwbh,"Up Down (Do This All Day) (feat. B.o.B)","Up Down (Do This All Day) (feat. B.o.B)","T-Pain;B.o.B",2013-08-13,231893,1,true,,2014-05-19T21:20:51Z,"","Nappy Boy/Konvict Muzik/RCA Records",0.763,0.53,5,-5.554,0,0.0577,0.272,0,0.16,0.469,97.033,4
spotify:track:4OMu5a8sFpcRCPCcsoEaov,"Babe I'm Gonna Leave You - 1990 Remaster","Led Zeppelin","Led Zeppelin",1969-01-12,401066,68,false,,2014-05-07T18:58:25Z,"rock clásico,rock,hard rock,rock and roll","Rhino Atlantic",0.404,0.435,4,-12.045,0,0.0323,0.246,0.00074,0.156,0.156,136.058,4
spotify:track:3xtBixb5GqtKl6Z8AccJi9,"Crazy Race","Distractions","The RH Factor",2006-01-01,143280,0,false,,2014-05-07T09:20:07Z,"neo soul,acid jazz,jazz funk,jazz rap,jazz fusión,jazz","Verve",0.781,0.393,10,-12.197,0,0.149,0.364,0.00000844,0.107,0.733,101.07,4
