Track URI,Track Name,Album Name,Artist Name(s),Release Date,Duration (ms),Popularity,Explicit,Added By,Added At,Genres,Record Label,Danceability,Energy,Key,Loudness,Mode,Speechiness,Acousticness,Instrumentalness,Liveness,Valence,Tempo,Time Signature
spotify:track:4srdbQniwvQcLNcPNEUIc9,"Son Of Man","Tarzan Original Soundtrack (Spanish Version)","Phil Collins",1999,166040,0,false,,2012-10-12T18:03:34Z,"rock suave","Disney Records (Europe)",0.481,0.882,2,-5.068,1,0.0407,0.0228,0.00022,0.152,0.718,141.721,4
spotify:track:71tkj3MPQLKGr6eiHA6eBB,"Another One Bites The Dust - 2011 Remaster","Greatest Hits (2011 Remaster)","Queen",1981-10-26,215333,0,false,,2012-10-12T18:03:57Z,"rock clásico,rock,glam rock","Queen Productions Ltd.",0.928,0.531,5,-6.52,0,0.161,0.0969,0.314,0.16,0.765,109.963,4
spotify:track:6bBwFPgVdWxuc4uWEyALCa,"I Say A Little Prayer","Definitive Soul: Aretha Franklin","Aretha Franklin",1985,214346,0,false,,2012-10-12T18:04:04Z,"soul,motown,soul clásico","Rhino",0.587,0.535,9,-7.792,1,0.0319,0.545,0,0.0782,0.536,133.178,4
spotify:track:6kcuYyyU2tPxGP3PDVWYJT,"Summer Paradise (feat. Sean Paul) - Single Version","Summer Paradise (feat. Sean Paul)","Simple Plan;Sean Paul",2012-02-21,234786,39,false,,2012-10-12T18:04:09Z,"pop punk,punk,emo,dancehall","Atlantic Records",0.421,0.822,2,-4.415,1,0.0542,0.0132,0,0.092,0.751,171.935,4
spotify:track:0PRzE8BoTGCQ8xcxJBvTOY,"How Can You Mend A Broken Heart","Al Green - Greatest Hits","Al Green",1987-02-13,384866,0,false,,2012-10-12T18:04:31Z,"soul,soul clásico,motown,soul blues","Hi Records",0.555,0.247,4,-14.257,1,0.041,0.522,0.00000366,0.0628,0.394,73.343,3
spotify:track:0aj2QKJvz6CePykmlTApiD,"Señorita","Justified","Justin Timberlake",2002-11-04,294866,69,false,,2012-10-12T18:04:40Z,"","Jive",0.841,0.63,1,-5.356,1,0.0443,0.0725,0,0.0742,0.876,97.964,4
spotify:track:5g7rz8nma2gAaEBHlvT68N,"Aicha","Aicha","Outlandish",2003-07-18,276760,38,false,,2012-10-12T18:04:42Z,"","RCA Records Label",0.745,0.636,11,-5.457,0,0.053,0.216,0.0000402,0.111,0.606,86.956,4
spotify:track:1ofPI08xqvajayCc3zQOOS,"Unchain My Heart","Ray Charles","Ray Charles",2007-07-01,167363,0,false,,2012-10-12T18:05:24Z,"soul,soul blues,soul clásico,vocal jazz,jazz","Tam-Tam Media",0.525,0.621,1,-7.146,0,0.0528,0.762,0,0.367,0.744,76.333,4
spotify:track:269TXy0nskEBvKXXAaK6tR,"Hits from the Bong","Playlist: The Very Best Of Cypress Hill","Cypress Hill",2008-06-17,161213,0,true,,2012-10-12T18:05:53Z,"hip hop de la costa oeste,hip hop old school,rap rock,hip hop","Columbia/Legacy",0.804,0.594,1,-12.676,1,0.192,0.00776,0.79,0.344,0.514,92.18,4
spotify:track:3WoF0QidrggYV482mOb7ye,"Glycerine","Sixteen Stone","Bush",1994-12-06,266506,0,false,,2012-10-12T18:06:54Z,"grunge,post-grunge","Round Hill Records",0.43,0.282,5,-14.22,1,0.0342,0.0581,0.00426,0.0959,0.0868,114.136,4
spotify:track:78aEPkY2Iwwqv5G9vPvwmp,"l'Estate","Piazzolla; Vivaldi : Les quatre saisons","Antonio Vivaldi;Les Dissonances;David Grimal",2011-01-18,166746,0,false,,2012-10-12T18:07:06Z,"barroca,clásica,concerto,música antigua,tango,música de cámara","Aparté",0.361,0.43,7,-16.315,1,0.0362,0.859,0.648,0.311,0.673,148.78,3
spotify:track:11I3sRmPhmBKwQtz5dAsXF,"Boogie Wonderland - with The Emotions","Boogie Wonderland: The Best Of Earth, Wind & Fire","Earth, Wind & Fire;The Emotions",2010-04-23,288226,0,false,,2012-10-12T18:07:11Z,"funk,disco,motown","Sony Music Entertainment",0.803,0.821,2,-9.639,0,0.0332,0.104,0.0129,0.0197,0.968,131.81,4
spotify:track:0PRodEMDFd6m58qg4GtqWA,"Let's Groove","Playlist: The Very Best Of Earth, Wind & Fire","Earth, Wind & Fire",1981,332666,3,false,,2012-10-12T18:07:27Z,"funk,disco","Columbia/Legacy",0.865,0.616,11,-10.229,0,0.0665,0.205,0.000133,0.188,0.904,126.749,4
spotify:track:3POjYi0gbdPYdGFlboDcma,"Radio Message","Love Letter","R. Kelly",2010-12-13,230613,40,false,,2012-10-12T18:07:35Z,"r&b","Jive",0.349,0.627,4,-4.795,1,0.0687,0.571,0,0.112,0.484,205.776,3
spotify:track:63eh9JfLNmw04STptMCSgm,"Touch My Body - Single Version","R&B Collection","Mariah Carey",2008-01-01,207773,0,false,,2012-10-12T18:08:19Z,"navidad","Universal Music LLC",0.723,0.663,4,-7.755,0,0.0478,0.0916,0,0.0508,0.864,78.504,4
spotify:track:5zPx7AiB0Eey4pC2qcEogO,"Wadsyaname - Radio Edit","Ultimate R&B Love 2009","Nelly",2009-01-01,245360,8,false,,2012-10-12T18:08:25Z,"","Universal Music Group International",0.783,0.715,1,-9.106,1,0.141,0.125,0,0.184,0.2,80.015,4
spotify:track:6Gx2Q9psqwMyEVLXSQXd1K,"Take Control","Work It Out!","Amerie",2010-12-17,221413,0,false,,2012-10-12T18:08:31Z,"","Sony Music UK",0.634,0.865,11,-7.617,0,0.38,0.169,0.0000384,0.0719,0.725,99.255,4
spotify:track:54dleck2snOlpqIK2JM1SX,"Play - Radio Edit","Work It Out!","Jennifer Lopez",2010-12-17,196746,0,false,,2012-10-12T18:09:41Z,"","Sony Music UK",0.74,0.738,1,-4.825,0,0.158,0.0573,0.00182,0.0361,0.926,104.963,4
spotify:track:73md2HUfGHQh1H5c2C2XA1,"Only U - No Intro","Only U / Turn It Up","Ashanti",2004-01-01,186506,39,false,,2012-10-12T18:09:47Z,"r&b","I.G. Records, Inc./Universal Records",0.601,0.605,6,-5.569,0,0.0399,0.036,0.00000351,0.125,0.291,94.456,4
spotify:track:0D7L4pBEGv8ni1cRfaTdMJ,"Play That Funky Music","Shaun White Snowboarding: Official Soundtrack","Wild Cherry",2008-11-18,301800,50,false,,2012-10-12T18:10:26Z,"","SONY BMG MUSIC (CANADA) INC.",0.822,0.871,9,-6.257,1,0.059,0.124,0,0.045,0.901,109.174,4
spotify:track:6atXVmQLlEOnYDqBHlzYV2,"We Need a Resolution","Aaliyah","Aaliyah",2001-01-01,246752,0,false,,2012-10-12T18:11:08Z,"r&b,r&b contemporáneo","Craze Productions",0.726,0.517,11,-9.47,0,0.283,0.312,0,0.2,0.843,147.255,4
spotify:track:6ZyNjT2hYvfV5PuW84dp1E,"1 Thing","Playlist: The Very Best Of Amerie","Amerie",2008,238746,55,false,,2012-10-12T18:11:14Z,"","Columbia/Legacy",0.636,0.946,10,-4.683,0,0.332,0.115,0.0000375,0.0416,0.891,125.085,5
spotify:track:0nFqtZjnDxfUqUI7CIkk3d,"Just a Thought","St. Elsewhere","Gnarls Barkley;CeeLo Green;Danger Mouse",2007-12-01,222759,36,false,,2012-10-12T18:11:18Z,"","WM UK",0.56,0.96,11,-5.156,0,0.119,0.0604,0.000217,0.133,0.309,101.037,4
spotify:track:5ZelMPn7vupvsTToUTvcbF,"Unappreciated","Unappreciated","Cherish",2006-01-01,235333,60,false,,2012-10-12T18:11:32Z,"","Capitol Records",0.735,0.521,7,-6.696,0,0.0876,0.0888,0,0.065,0.374,77.01,4
spotify:track:4HuHoYjNcbGIHFpRVbRj2T,"Pump It","Pump It","Black Eyed Peas",2005-01-01,213613,47,true,,2012-10-12T18:12:03Z,"","A&M",0.647,0.925,9,-3.157,1,0.176,0.00949,0,0.564,0.753,153.669,4
spotify:track:60elrmyXf6vtMqxHKSTjdn,"Yo (Excuse Me Miss)","Chris Brown","Chris Brown",2005,229040,0,false,,2012-10-12T18:12:32Z,"r&b","Jive",0.536,0.612,4,-5.847,1,0.272,0.119,0,0.209,0.57,86.768,4
spotify:track:1EFddFVisHbqCHah6oBlhD,"Far Away","All the Right Reasons (Walmart Exclusive Edition)","Nickelback",2005-09-26,238173,50,false,,2012-10-12T18:12:48Z,"post-grunge,rock","Roadrunner Records",0.518,0.797,6,-5.153,1,0.0309,0.000681,0,0.107,0.293,132.918,4
spotify:track:0GnIuLvtgvVrNM4aGEpBg7,"Three Little Birds","Bob Marley 3CD","Bob Marley & The Wailers",2003-08-11,180266,0,false,,2012-10-12T18:13:05Z,"reggae,roots reggae","Universal International Music B.V.",0.826,0.49,9,-10.477,1,0.0676,0.00916,0.00000441,0.0415,0.627,74.126,4
spotify:track:014VslOQ0eBixAn6Or9b6f,"Is This Love","Bob Marley (3CD)","Bob Marley & The Wailers",2003-08-11,232200,0,false,,2012-10-12T18:13:05Z,"reggae,roots reggae","Universal International Music B.V.",0.775,0.553,6,-8.371,0,0.102,0.106,0,0.0518,0.753,122.232,4
spotify:track:0CrX5heXNWjyGvQYnGpVEw,"Jamming - 12"" Single Version","Legend (Rarities Edition)","Bob Marley & The Wailers",2010-06-14,333400,0,false,,2012-10-12T18:13:05Z,"reggae,roots reggae","The Island Def Jam Music Group",0.893,0.594,11,-7.507,0,0.0783,0.0223,0.0000999,0.252,0.775,123.188,4
spotify:track:4Y35EUCGm3nD2OdgvGzhgP,"One Love / People Get Ready - Extended Version","Legend (Rarities Edition)","Bob Marley & The Wailers",2010-06-14,420040,0,false,,2012-10-12T18:13:05Z,"reggae,roots reggae","The Island Def Jam Music Group",0.801,0.606,10,-9.395,1,0.125,0.193,0.000691,0.0531,0.905,78.086,4
spotify:track:3jdyVi3N3AMFXH2XQN9Swi,"Voodoo Chile","x raisons","Saian Supa Crew",2001,66133,13,false,,2012-10-12T18:13:27Z,"rap francés,r&b francés","Parlophone (France)",0.756,0.597,8,-8.261,1,0.546,0.504,0.0000226,0.359,0.765,82.689,4
spotify:track:1KLtkmQnN9pMgP6T4FdWk5,"Area Codes","Word Of Mouf","Ludacris;Nate Dogg",2001-01-01,303026,0,true,,2012-10-12T18:16:11Z,"hip hop sureño americano,g-funk,hip hop de la costa oeste,hip hop old school","Universal Music Group",0.86,0.687,9,-7.203,0,0.433,0.399,0,0.67,0.622,100.934,4
spotify:track:2ULTkZfHu6TY7F9sk8onIO,"Didn't Mean","Bad Boys II","Mary J. Blige",2005-04-20,224640,0,false,,2012-10-12T18:16:52Z,"r&b","Bad Boy Records",0.716,0.58,11,-4.56,1,0.17,0.066,0,0.233,0.81,95.453,4
spotify:track:3ZlFUr0RBrUYYsmlcFvD0e,"Paper Planes","Paper Planes","M.I.A.",2008-10-13,205200,6,false,,2012-10-17T17:11:38Z,"","XL Recordings",0.447,0.848,2,-6.175,1,0.222,0.033,0.0000746,0.65,0.485,172.253,4
spotify:track:3Vr4AaUcphcIW8bJDHmj4N,"54-46 Was My Number","Repo Men","Toots & The Maytals",2010-05-31,190466,0,false,,2012-10-22T15:49:08Z,"reggae,rocksteady,roots reggae,ska,dub,ragga","Silva Screen Records",0.698,0.457,7,-7.363,1,0.317,0.639,0.0000166,0.0645,0.389,157.566,4
spotify:track:6ofJs2WdtE2qzyYyqNYuj4,"Woke Up This Morning","Woke Up This Morning","Alabama 3",2008-04-07,249240,0,false,,2012-10-22T15:51:52Z,"acid house","One Little Indian Records",0.613,0.81,1,-7.408,1,0.0706,0.0815,0.0000156,0.937,0.435,89.451,4
spotify:track:4wupyH8R1AT0Kdz0XFU9XE,"Intro","The Dynasty","JAŸ-Z",2000-10-31,190800,0,true,,2012-10-22T15:52:12Z,"hip hop,hip hop de la costa este,rap","Universal Music Group",0.611,0.667,11,-7.764,0,0.156,0.0000177,0.0201,0.273,0.646,78.131,4
spotify:track:1ANOv63SRuUpI9w347Mgg7,"You Got Me","Things Fall Apart (Explicit Version)","The Roots;Erykah Badu",1999-02-23,259293,0,true,111573307,2012-10-22T15:52:24Z,"jazz rap,hip hop de la costa este,hip hop,neo soul,r&b","Universal Music Ltd.",0.735,0.443,11,-8.09,0,0.278,0.161,0,0.188,0.757,81.031,4
spotify:track:3r9JScgtH2FiAQ9bwThV0U,"Come Over","Shine","Estelle",2008-03-28,221013,0,false,111573307,2012-10-22T15:52:29Z,"","Homeschool/Atlantic",0.683,0.747,8,-3.465,0,0.113,0.0261,0.0000196,0.261,0.722,81.998,4
spotify:track:6TfmfTdT8QMvxNFHsPnKvP,"P.S. (I'm Still Not Over You)","A Girl Like Me","Rihanna",2006-04-10,249906,0,false,111573307,2012-10-22T15:52:31Z,"","Universal Music Group",0.759,0.407,8,-8.427,0,0.0481,0.0803,0,0.104,0.496,88.081,4
spotify:track:4cWY9CzwEqeDYM4Ucaos3m,"If You Leave Me Now (2007 Remastered Version)","Billboard #1s: The '70s","Chicago",2006-08-01,237920,0,false,,2012-10-28T18:36:46Z,"yacht rock,rock suave","Rhino",0.506,0.414,11,-11.028,1,0.0272,0.155,0.000068,0.0893,0.285,104.274,4
spotify:track:7nVzOpFNZVFZtbq3OGJHX9,"Sexual Healing","Songbook","Marvin Gaye",2009-03-05,239800,51,false,,2012-11-03T13:49:01Z,"motown,soul clásico,soul,northern soul,quiet storm","Sony BMG Music UK",0.799,0.602,0,-9.714,0,0.061,0.117,0.000267,0.0658,0.717,94.333,4
spotify:track:6zSe7ZKNjb6Zl5AP78y5QN,"Plenty","Streetsoul","Guru;Erykah Badu",2000-01-01,278600,45,true,,2012-11-13T00:13:36Z,"jazz rap,acid jazz,hip hop de la costa este,neo soul,r&b","Virgin Records",0.804,0.403,8,-6.027,1,0.41,0.161,0.00000201,0.533,0.611,82.646,4
spotify:track:4X0weGmEIbbpUW1hHedPMM,"Funky For You","Like Water For Chocolate","Common;Bilal;Jill Scott",2000-03-28,356000,0,false,,2012-11-13T00:20:52Z,"hip hop,jazz rap,neo soul,quiet storm","Universal Music Ltd.",0.542,0.703,11,-6.64,1,0.521,0.166,0.0000193,0.204,0.712,98.68,4
spotify:track:2y2xj9qRikAIVQt2uUjUlU,"Like It Like That","The Best Of","A Tribe Called Quest",2008-04-01,166880,0,false,,2012-11-13T01:56:31Z,"jazz rap,hip hop de la costa este,hip hop old school,hip hop","Sony BMG Music Entertainment",0.93,0.369,3,-9.326,0,0.178,0.598,0,0.0929,0.703,94.991,4
spotify:track:28fjAxRaD8fEApYEXbfVNl,"Read All About It, Pt. III","Our Version of Events","Emeli Sandé",2012,282506,0,false,,2012-12-04T20:19:32Z,"","Virgin",0.634,0.44,2,-7.186,1,0.025,0.82,0.00000408,0.0927,0.337,98.047,4
spotify:track:6cNajGUxKP53LIg0LzlfQt,"Climax","Looking 4 Myself (Deluxe Version)","USHER",2012-06-08,232906,0,false,111573307,2012-12-13T00:25:14Z,"r&b","RCA Records Label",0.647,0.478,8,-8.837,1,0.0782,0.547,0.0000269,0.156,0.333,135.877,4
spotify:track:6ajyEEzWZbw8ycDcJAN099,"Cupid's Chokehold / Breakfast in America - Radio Mix","Cupid's Chokehold / Breakfast in America","Gym Class Heroes",2007-01-02,237173,55,false,111573307,2013-01-01T18:47:52Z,"","Decaydance/Fueled By Ramen/ATL",0.584,0.681,1,-5.084,0,0.0781,0.495,0,0.289,0.821,79.702,4
spotify:track:27m1soUndRthrAA1ediOXn,"I Heard It Through The Grapevine","I Heard It Through The Grapevine / In The Groove (Stereo)","Marvin Gaye",1969-08-26,195266,1,false,111573307,2013-01-22T01:07:32Z,"motown,soul clásico,soul,northern soul,quiet storm","Universal Music Group",0.729,0.324,8,-13.017,0,0.0393,0.195,0,0.101,0.679,116.855,4
spotify:track:1scwOPRenO71iomcms70Fc,"I Was Made for Lovin' You","Sonic Boom","KISS",2009-09-09,280866,0,false,111573307,2013-01-22T01:12:24Z,"glam rock,glam metal,hard rock,rock,rock clásico","Roadrunner Records",0.656,0.864,3,-5.188,0,0.0399,0.021,0.0000153,0.0917,0.802,125.957,4
spotify:track:2wRXbDpe0Uv0ebgsCSkXHO,"School's Out - Single Version","Another Shot of Old Skool of Rock","Alice Cooper",2009-01-01,208240,0,false,111573307,2013-01-22T01:13:48Z,"glam rock,hard rock,glam metal,protopunk,rock clásico","Universal Music Group International",0.272,0.814,5,-6.645,1,0.0433,0.00166,0.0686,0.481,0.398,134.769,4
spotify:track:0ATxvG3F86ZPIsl09XCubb,"The End - New Stereo Mix Advanced Resolution","The Doors [40th Anniversary Mixes]","The Doors",1967-01-04,699533,0,false,111573307,2013-01-22T01:17:12Z,"rock psicodélico,rock clásico,rock ácido","Rhino/Elektra",0.334,0.213,0,-17.076,1,0.0303,0.0409,0.0000839,0.109,0.0704,106.979,4
spotify:track:6BuSv8oI8WIAh4yIX2XYCP,"Hold the Line","The Definitive 70's","TOTO",2008-02-12,236080,0,false,111573307,2013-01-22T01:17:36Z,"yacht rock,rock suave","Sony BMG Music Entertainment",0.492,0.834,6,-7.037,0,0.0524,0.0207,0.00708,0.124,0.782,95.797,4
spotify:track:6ay1tA7aQqWY4YcuZnYYkp,"Get Down On It - Single Version","Cool - Funk","Kool & The Gang",2009-01-01,213293,30,false,111573307,2013-01-31T19:33:21Z,"disco,funk","Universal Music Group International",0.83,0.618,7,-6.981,1,0.0499,0.154,0.0000263,0.0341,0.972,110.893,4
spotify:track:42VCvYO7xY4jvvS93OKCZx,"Ladies Night - Single Version","Silver Collection","Kool & The Gang",2007-01-01,206080,1,false,111573307,2013-01-31T19:33:25Z,"disco,funk","Universal Music Ltd.",0.689,0.644,9,-9.928,1,0.191,0.185,0.0000559,0.0591,0.886,111.365,4
spotify:track:45ExBxhC7390CyZJAAbdUm,"One Nation Under A Groove","The Best Of Funkadelic, 1976 - 1981","Funkadelic",1994,446400,14,false,111573307,2013-02-04T00:16:28Z,"funk,funk rock,rock psicodélico","Charly Records",0.786,0.642,4,-12.976,0,0.0429,0.241,0.000328,0.303,0.83,122.413,4
spotify:track:08XeyHmQfT0zo4PguIL0L4,"Me Name Jr. Gong","Mr. Marley","Damian Marley",1996,230693,0,false,111573307,2013-02-16T14:59:25Z,"reggae,ragga,roots reggae","Universal Records",0.812,0.656,6,-5.102,0,0.0788,0.134,0,0.0764,0.903,125.455,4
spotify:track:53t0aD0Suwofba0q4aY0B3,"Good Man","Stone Rollin'","Raphael Saadiq",2011-04-25,225213,40,false,111573307,2013-02-18T13:09:37Z,"neo soul,soul,retro soul","Columbia",0.498,0.636,4,-5.327,1,0.0406,0.0714,0.000383,0.139,0.38,77.974,4
spotify:track:2t9d54bSoDAiqruSsHTAQN,"Faith","Faith (George Michael)","Beto Cuevas",2010-12-24,160052,13,false,111573307,2013-02-28T22:11:20Z,"rock latino,rock en español","Pop Art",0.854,0.744,4,-5.449,1,0.16,0.0031,0.0000194,0.0909,0.863,95.852,4
spotify:track:0LN0ASTtcGIbNTnjSHG6eO,"Pour Some Sugar On Me (2012)","Pour Some Sugar On Me (2012)","Def Leppard",1987,261532,0,false,111573307,2013-02-28T22:50:15Z,"glam metal,glam rock,rock clásico","Bludgeon Riffola/Mailboat Records",0.497,0.849,9,-5.352,1,0.0612,0.00985,0,0.106,0.72,169.937,4
spotify:track:1reoMnAbO4HxnEahet75tl,"Let's Get It On","The Complete Collection","Marvin Gaye",2008-01-01,291706,0,false,111573307,2013-03-08T15:14:25Z,"motown,soul clásico,soul,northern soul,quiet storm","Universal Music Group",0.496,0.602,3,-12.656,1,0.0666,0.228,0,0.0659,0.659,167.173,4
spotify:track:1xPSDf8z4dH46gkvlLtvDO,"Maniac","Flashdance Original Soundtrack From The Motion Picture","Michael Sembello",1983-01-01,244706,8,false,111573307,2013-03-17T20:14:23Z,"","Casablanca Records",0.617,0.533,3,-11.516,0,0.0651,0.0891,0.00000404,0.0415,0.835,158.86,4
spotify:track:5IIzC65kOxs7skR0V7dKsE,"Venus","The Heritage Colossus Story","Shocking Blue",2005-11-30,185173,0,false,111573307,2013-03-17T20:15:17Z,"nederpop","Heritage Records",0.698,0.719,11,-8.339,0,0.0362,0.552,0.0282,0.0946,0.958,128.037,4
spotify:track:2CeqxyOZEyiL6pTDYZ9gPH,"Fever","The Best Of Peggy Lee","Peggy Lee",1988-01-01,201333,58,false,111573307,2013-03-17T20:15:29Z,"vocal jazz,swing,big band,jazz","EMI Catalogue",0.742,0.0899,9,-19.187,0,0.158,0.0906,0,0.113,0.351,137.473,4
spotify:track:3KXoBb2kTganaNnv7XGyxp,"Sweat (Alalalalalong)","50 Best of Summer Hits","Rainbow Connection",2009-09-14,224209,0,false,111573307,2013-03-20T00:57:43Z,"reggae","CHV Music Factory",0.726,0.598,2,-10.358,1,0.0374,0.028,0.00000698,0.35,0.733,87.015,4
spotify:track:6onVtBLxZpq4cwMa3fUMJs,"Moonlight Sonata: Adagio Sostenuto","Classical Best Of","Ludwig van Beethoven",2009-06-01,328000,0,false,111573307,2013-03-21T15:30:05Z,"clásica,piano clásico,música de cámara,concerto","Essential World Masters",0.151,0.00153,1,-45.393,0,0.0451,0.993,0.914,0.0711,0.127,75.079,3
spotify:track:6Q32Vkucx2qeuVyBd3NiFZ,"Battle Without Honor Or Humanity","Kill Bill Vol. 1 Original Soundtrack (PA Version)","HOTEI",2003-09-23,148840,3,false,111573307,2013-03-28T15:07:05Z,"rock japonés","Rhino/Warner Records",0.704,0.844,4,-5.088,1,0.0507,0.00173,0.905,0.0599,0.669,94.699,4
spotify:track:4E8hgGDOwG5CpiEke6qZMT,"On s'attache","Mon paradis","Christophe Maé",2007-03-19,191506,65,false,111573307,2013-03-28T16:23:49Z,"variété francesa,chanson,pop francés","Warner (France)",0.789,0.71,8,-5.815,1,0.0432,0.409,0.00000363,0.246,0.687,100.014,4
spotify:track:1WMPCPk9GEsHgsDmXVGdEL,"J'ai laissé","J'ai laissé","Christophe Maé",2010-02-15,220253,36,false,111573307,2013-03-28T16:26:10Z,"variété francesa,chanson,pop francés","Warner (France)",0.754,0.5,1,-7.133,1,0.0514,0.392,0,0.425,0.3,96.026,4
spotify:track:6mXp2JiILngDsyUB4LSKRM,"L'auto-stoppeuse","Faites vous des amis","LES ESCROCS",1994-01-01,200840,8,false,111573307,2013-03-28T16:40:18Z,"jazz francés","Big Thumb Records",0.707,0.68,7,-6.492,0,0.0919,0.18,0,0.0416,0.876,116.12,4
spotify:track:2LG0s0LxEoAvqXpDm9SDTx,"Rome Wasn't Built in a Day","Rome Wasn't Built in a Day","Morcheeba",2000,214719,34,false,111573307,2013-04-02T22:37:43Z,"trip hop,downtempo","Atlantic Records UK",0.61,0.807,5,-4.997,1,0.0305,0.0769,0.00000264,0.376,0.689,112.031,4
spotify:track:0RWqE2ZaulvnN1i40qIhDh,"Canned Heat","Synkronized","Jamiroquai",1999-06-08,331760,2,false,111573307,2013-04-02T22:40:31Z,"acid jazz","S2",0.7,0.865,9,-5.827,0,0.133,0.0136,0.0000756,0.0718,0.78,128.04,4
spotify:track:5olYKlNYCELRBQzxQ6Tr1V,"Everybody Needs Somebody To Love","TPH Production Perform The Blues Brothers","The Blues Brothers",2005-08-08,150125,0,false,111573307,2013-04-07T21:32:50Z,"blues,blues rock","GR8",0.525,0.686,5,-8.879,1,0.0325,0.18,0.00000266,0.274,0.91,193.667,4
spotify:track:1WYEDcS7WGjv0rG7rmMX3o,"Bitter Sweet Symphony","This Is Music: The Singles 92-98","The Verve",2004-01-01,359546,65,false,111573307,2013-04-07T21:34:19Z,"britpop,shoegaze","Virgin Records",0.356,0.913,9,-6.015,1,0.0499,0.0339,0,0.221,0.537,171.157,4
spotify:track:4HpaXUMqrz1cFaOeEizumw,"San Francisco (Be Sure to Wear Flowers in Your Hair) - Single Version","On Your 60's Radio","Scott McKenzie",2002-02-21,176373,43,false,111573307,2013-04-13T00:46:09Z,"","Columbia",0.506,0.553,7,-10.132,1,0.0298,0.32,0.000077,0.152,0.428,112.735,4
spotify:track:1bx7OUl2UmAnA5oZkm9If7,"Jerk It Out","Jerk It Out","Caesars",2005-01-14,195666,68,false,111573307,2013-04-13T00:47:32Z,"","Parlophone Sweden",0.58,0.981,8,-2.603,0,0.06,0.0171,0.0000107,0.386,0.861,134.007,4
spotify:track:5c1xei48JNZsGFmZld55qr,"Lady (Hear Me Tonight)","Fama Classic","Modjo",2008-01-01,305253,0,false,111573307,2013-04-15T15:34:38Z,"house francés,disco house","Universal Music Spain S.L.",0.722,0.807,6,-5.944,1,0.0372,0.00716,0.0253,0.0581,0.85,126.019,4
spotify:track:0yp6jw6F0LNnjbxLejWaPK,"La Vida Es Un Carnaval","Amores Perros (Soundtrack)","Celia Cruz",2000-01-01,276040,0,false,111573307,2013-04-15T21:31:28Z,"salsa,son cubano,bolero,chachachá,merengue,mambo,latina,latin dance,jazz latino","Surco",0.817,0.76,0,-5.06,0,0.0594,0.483,0.00215,0.312,0.849,104.014,4
spotify:track:2AkcjsKlRbIBYGAgpQVFii,"Comptine d'un autre été, l'après-midi","Amelie from Montmartre","Yann Tiersen",2001-04-23,140733,0,false,111573307,2013-05-30T21:56:02Z,"","Parlophone France",0.484,0.192,2,-15.378,1,0.0465,0.991,0.908,0.106,0.0559,100.084,4
spotify:track:0aNDuUfXnTtXDIHhbqAQ3O,"Piano Sonata No. 11 in A major, K. 331: III. Rondo alla turca","Great Composers - Mozart 2","Wolfgang Amadeus Mozart",2009-06-29,209000,0,false,111573307,2013-05-30T21:57:04Z,"clásica,piano clásico,ópera,concerto,música de cámara","Cavendish Music",0.574,0.204,9,-16.906,1,0.0467,0.99,0.935,0.0927,0.664,133.725,4
spotify:track:7LtnfDJMq9Ta1B9DR2EPfX,"Carnival of the Animals: VII. Aquarium","Prokofiev: Peter and the Wolf / Britten: Young Person's Guide To Orchestra / Saint-Saens: Carnival","Camille Saint-Saëns;Marian Lapsansky;Peter Toperczer;Slovak Radio Symphony Orchestra;Ondrej Lenard",1990-07-02,142293,21,false,111573307,2013-05-30T21:57:33Z,"clásica,concerto,impresionismo,ballet,orquestal,ópera","Naxos",0.216,0.0131,9,-36.909,0,0.0406,0.938,0.305,0.0933,0.0498,134.177,4
spotify:track:6N3Wc11mXiJUjcIvc0xzpn,"Money (That's What I Want) - Single Version / Mono","True Motown / Spectrum 3 CD Set","Barrett Strong",2006-01-01,156546,0,false,111573307,2013-06-06T09:42:24Z,"motown,northern soul,soul clásico","Universal Music",0.694,0.73,5,-8.626,1,0.0329,0.193,0,0.145,0.965,133.359,4
spotify:track:1a22CQ0sNg5iWh5jMfrdA1,"Cuban Pete","I Love Lucy - The Best Of","Lucille Ball;Desi Arnaz",2011-03-01,196304,10,false,111573307,2013-06-08T18:43:34Z,"humor,spoken word,jazz afrocubano,jazz latino,big band","Master Classics Records",0.447,0.576,7,-14.52,1,0.0668,0.81,0.433,0.878,0.851,101.583,4
spotify:track:5nAXp1Vypbcsk9RLJCJLvO,"Ring of Fire","Johnny Cash - 16 Biggest Hits","Johnny Cash",1999-02-02,155733,0,false,111573307,2013-06-20T11:34:43Z,"country clásico,outlaw country,country","Columbia Nashville",0.67,0.519,7,-9.28,1,0.0308,0.73,0.000031,0.379,0.76,104.357,4
spotify:track:3JWslTqwpDYBeGyfFvoBgN,"A Little Party Never Killed Nobody (All We Got) - Drop City Yacht Club Remix","A Little Party Never Killed Nobody (All We Got) [Drop City Yacht Club Remix]","Fergie;Q-Tip;GoonRock",2013-06-17,266120,0,false,111573307,2013-07-01T20:46:29Z,"hip hop de la costa este","Interscope Records",0.801,0.864,0,-2.369,0,0.171,0.312,0,0.2,0.81,112.992,4
spotify:track:5CMjjywI0eZMixPeqNd75R,"Lose Yourself to Dance (feat. Pharrell Williams)","Random Access Memories","Daft Punk;Pharrell Williams",2013-05-20,353893,71,false,111573307,2013-07-04T20:15:28Z,"house francés,electrónica,electro","Columbia",0.832,0.659,10,-7.828,0,0.057,0.0839,0.00114,0.0753,0.674,100.163,4
spotify:track:1jdNcAD8Ir58RlsdGjJJdx,"Ho Hey","The Lumineers","The Lumineers",2012-01-01,161226,2,false,111573307,2013-07-04T20:16:25Z,"folk pop,indie folk","Universal Music Group",0.685,0.474,0,-9.105,1,0.0313,0.779,0.00000123,0.149,0.36,79.991,4
spotify:track:55h7vJchibLdUkxdlX3fK7,"Treasure","Unorthodox Jukebox","Bruno Mars",2012-12-07,178560,85,true,111573307,2013-07-04T20:16:34Z,"","Atlantic Records",0.874,0.692,5,-5.28,0,0.0431,0.0412,0.0000724,0.324,0.937,116.017,4
spotify:track:5GYcaVfaFBHe2gzA6Oybgj,"Me and Mrs. Jones","R&B: From Doo-Wop To Hip-Hop","Billy Paul",1999-10-08,285293,50,false,111573307,2013-09-29T03:25:49Z,"sonido filadelfia,soul clásico,soul,motown","Sony Music Entertainment",0.416,0.404,0,-14.133,0,0.0373,0.479,0.000105,0.056,0.413,100.423,1
spotify:track:7C5lhJRscQR3WAaLBoqrkd,"Me And Those Dreamin' Eyes Of Mine","Brown Sugar","D'Angelo",1995-07-03,286800,0,false,111573307,2013-09-29T03:25:55Z,"neo soul","Virgin Records",0.511,0.402,4,-10.695,0,0.219,0.702,0.00014,0.11,0.503,83.339,4
spotify:track:1j8iydbPBXcqOhNkJex7Vx,"O","Playlist: The Very Best Of Omarion","Omarion",2010-07-27,280693,31,true,111573307,2013-09-29T03:26:43Z,"r&b","Epic/Legacy",0.741,0.516,0,-6.315,1,0.04,0.0937,0,0.207,0.574,120.072,4
spotify:track:3203rek2Fn8Q6vucKf5Prz,"Like Me Real Hard","Turning Point","Mario",2004-12-06,290333,27,false,111573307,2013-09-29T03:26:52Z,"r&b","J Records",0.674,0.463,1,-8.172,0,0.042,0.138,0,0.342,0.464,113.941,4
spotify:track:4Y35EUCGm3nD2OdgvGzhgP,"One Love / People Get Ready - Extended Version","Legend (Rarities Edition)","Bob Marley & The Wailers",2010-06-14,420040,0,false,111573307,2013-09-29T03:27:16Z,"reggae,roots reggae","The Island Def Jam Music Group",0.801,0.606,10,-9.395,1,0.125,0.193,0.000691,0.0531,0.905,78.086,4
spotify:track:7snT1xwb64YGqxCBiNZsMN,"Love Rears Its Ugly Head","Playlist: The Very Best Of Living Colour","Living Colour",2009-04-09,259560,0,false,111573307,2013-09-29T03:28:00Z,"funk rock,hard rock","Epic/Legacy",0.615,0.497,2,-7.954,1,0.0982,0.053,0.0000729,0.145,0.722,156.328,4
spotify:track:0PRodEMDFd6m58qg4GtqWA,"Let's Groove","Playlist: The Very Best Of Earth, Wind & Fire","Earth, Wind & Fire",1981,332666,3,false,111573307,2013-09-29T03:28:23Z,"funk,disco","Columbia/Legacy",0.865,0.616,11,-10.229,0,0.0665,0.205,0.000133,0.188,0.904,126.749,4
spotify:track:1reoMnAbO4HxnEahet75tl,"Let's Get It On","The Complete Collection","Marvin Gaye",2008-01-01,291706,0,false,111573307,2013-09-29T03:28:29Z,"motown,soul clásico,soul,northern soul,quiet storm","Universal Music Group",0.496,0.602,3,-12.656,1,0.0666,0.228,0,0.0659,0.659,167.173,4
spotify:track:1oEAgyttglJYkh909Byp4B,"Lean on Me - Single Version","Still Bill","Bill Withers",1972-05-01,257240,0,false,111573307,2013-09-29T03:28:36Z,"soul","Columbia/Legacy",0.617,0.239,0,-11.219,1,0.0591,0.824,0.0000172,0.147,0.426,75.114,4
spotify:track:42VCvYO7xY4jvvS93OKCZx,"Ladies Night - Single Version","Silver Collection","Kool & The Gang",2007-01-01,206080,1,false,111573307,2013-09-29T03:28:47Z,"disco,funk","Universal Music Ltd.",0.689,0.644,9,-9.928,1,0.191,0.185,0.0000559,0.0591,0.886,111.365,4
spotify:track:373zqV0VLz9mnrSaY9kaiX,"Isn't She Lovely","Songs In The Key Of Life (Reissue)","Stevie Wonder",1976-09-28,394266,0,false,111573307,2013-09-29T03:29:05Z,"motown,soul clásico,soul","Universal Music Group",0.481,0.826,1,-6.974,0,0.0851,0.182,0.00352,0.324,0.819,118.679,4
spotify:track:53t0aD0Suwofba0q4aY0B3,"Good Man","Stone Rollin'","Raphael Saadiq",2011-04-25,225213,40,false,111573307,2013-09-29T03:30:25Z,"neo soul,soul,retro soul","Columbia",0.498,0.636,4,-5.327,1,0.0406,0.0714,0.000383,0.139,0.38,77.974,4
spotify:track:3Cr8Os0nVRQbH0B4y7HFC4,"Please Stay","The Point Of It All","Anthony Hamilton",2008-12-16,302920,36,false,111573307,2013-09-29T03:32:38Z,"neo soul,r&b,quiet storm","So So Def",0.649,0.448,6,-5.522,1,0.0428,0.179,0,0.102,0.124,132.445,4
spotify:track:6zSe7ZKNjb6Zl5AP78y5QN,"Plenty","Streetsoul","Guru;Erykah Badu",2000-01-01,278600,45,true,111573307,2013-09-29T03:33:12Z,"jazz rap,acid jazz,hip hop de la costa este,neo soul,r&b","Virgin Records",0.804,0.403,8,-6.027,1,0.41,0.161,0.00000201,0.533,0.611,82.646,4
spotify:track:5qwRKlsZWlDeyTU3fz4Pn8,"Real","good kid, m.A.A.d city","Kendrick Lamar;Anna Wise",2012-01-01,443413,0,true,111573307,2013-09-29T03:34:07Z,"hip hop,hip hop de la costa oeste,r&b alternativo","Universal Music Group",0.663,0.462,1,-12.27,1,0.173,0.0276,0,0.679,0.167,100.045,4
spotify:track:3qxAm8VUS740NTGCvEcFpy,"A Dream","A Dream","Common;will.i.am",2007-01-01,218080,0,false,111573307,2013-09-29T03:35:56Z,"hip hop,jazz rap,neo soul","Hollywood Records",0.772,0.759,9,-7.261,0,0.284,0.245,0.0000697,0.106,0.625,103.042,4
spotify:track:5g7rz8nma2gAaEBHlvT68N,"Aicha","Aicha","Outlandish",2003-07-18,276760,38,false,111573307,2013-09-29T03:36:03Z,"","RCA Records Label",0.745,0.636,11,-5.457,0,0.053,0.216,0.0000402,0.111,0.606,86.956,4
spotify:track:7xz99lquzxyET2QZztic4g,"Anytime","Anytime","Brian McKnight",1997-09-23,275600,36,false,111573307,2013-09-29T03:36:32Z,"quiet storm,r&b","Motown",0.743,0.455,6,-8.468,1,0.031,0.0168,0.000825,0.0324,0.51,129.829,4
spotify:track:7KHJJzgEj623kNV3tFlIXO,"Blast","Train Of Thought","Reflection Eternal;Vinia Mojica",2000-10-17,187026,0,true,111573307,2013-09-29T03:37:48Z,"jazz rap,hip hop de la costa este,r&b francés","Geffen",0.78,0.733,0,-4.974,1,0.422,0.125,0,0.14,0.75,93.787,4
spotify:track:4eIzFbsxycIGDsbd0Ijvg3,"Bump It","Worldwide Underground","Erykah Badu",2003-09-16,529373,0,false,111573307,2013-09-29T03:38:07Z,"neo soul,r&b","Universal Music Group",0.774,0.416,2,-8.909,1,0.114,0.0828,0.00124,0.147,0.426,86.515,4
spotify:track:7sKJB4LWECpmNLcfieo7H6,"Case Of You","Mr. Houston","Marques Houston",2009,251986,18,false,111573307,2013-09-29T03:38:31Z,"r&b","Parlophone UK",0.437,0.671,9,-5.626,1,0.403,0.016,0,0.0618,0.774,160.519,4
spotify:track:0e7Nxs2OCNz5ZF51FwY28j,"Certified","Street Love","Lloyd",2007-01-01,271693,0,false,111573307,2013-09-29T03:38:33Z,"r&b","Motown",0.747,0.491,11,-8.665,0,0.165,0.0642,0,0.0749,0.672,138.035,4
spotify:track:5xE7sFTlv2yrG9mmhDSpdq,"Come and Talk to Me - Remix","R&B Hits","Jodeci",2005-10-04,295386,62,false,111573307,2013-09-29T03:39:04Z,"new jack swing,quiet storm,r&b","Bad Boy Records",0.72,0.657,11,-6.823,0,0.295,0.0262,0.00000233,0.209,0.657,172.168,4
spotify:track:3r9JScgtH2FiAQ9bwThV0U,"Come Over","Shine","Estelle",2008-03-28,221013,0,false,111573307,2013-09-29T03:39:10Z,"","Homeschool/Atlantic",0.683,0.747,8,-3.465,0,0.113,0.0261,0.0000196,0.261,0.722,81.998,4
spotify:track:0Uyh92tLyb9JawG8lmWCzJ,"Differences","The Life","Ginuwine",2001-04-03,265533,71,false,111573307,2013-09-29T03:39:36Z,"r&b","Epic",0.562,0.594,3,-4.578,0,0.0558,0.318,0,0.311,0.423,62.876,4
spotify:track:6DGnGV4ohiQaiJi6iYaxaI,"Everyday","Travelling Without Moving","Jamiroquai",1996-09-09,267640,0,false,111573307,2013-09-29T03:39:44Z,"acid jazz","Sony Music Entertainment",0.693,0.362,11,-17.096,0,0.0347,0.395,0.579,0.109,0.768,136.095,4
spotify:track:6FZ7PtsSSd3DPjwsc5tsKu,"Excuse Me","Instant Vintage","Raphael Saadiq;Angie Stone;Calvin Richardson",2002-01-01,204106,0,false,111573307,2013-09-29T03:39:54Z,"neo soul,soul,retro soul,zydeco","Universal Records",0.892,0.377,7,-7.744,1,0.346,0.172,0,0.157,0.745,95.992,4
spotify:track:2M9ro2krNb7nr7HSprkEgo,"Fast Car","Tracy Chapman","Tracy Chapman",1988-04-05,296800,85,false,111573307,2013-09-29T03:40:01Z,"","Elektra Records",0.711,0.292,4,-15.523,0,0.037,0.313,0,0.131,0.194,103.951,4
spotify:track:65bX2pw9pCXbMyHs2QBp3E,"Girl I'm a Bad Boy (feat. Dre)","Bad Boys II","Fat Joe;Diddy;Dre",2005-04-20,202706,0,false,111573307,2013-09-29T03:40:50Z,"hip hop de la costa este,hip hop","Bad Boy Records",0.666,0.828,9,-3.932,1,0.177,0.0155,0,0.0803,0.832,94.977,4
spotify:track:38VXcoyksXlWBJtWQzNPbs,"Hey Lover","Mr. Smith","LL COOL J;Boyz II Men",1995-11-21,284733,32,false,111573307,2013-09-29T03:41:25Z,"hip hop old school,hip hop de la costa este,new jack swing,r&b,quiet storm","Def Jam Recordings",0.707,0.426,5,-12.406,0,0.0663,0.326,0,0.113,0.587,88.088,4
spotify:track:2GLmjAMVDysGdJLZAjN10S,"Hip 2 Da Game","The Awakening","Lord Finesse",1996,243147,0,true,111573307,2013-09-29T03:41:32Z,"hip hop de la costa este,boom bap,hip hop old school,hardcore hip hop","101 Distribution",0.761,0.745,11,-6.006,1,0.357,0.033,0.00000247,0.0577,0.549,90.169,4
spotify:track:0PRzE8BoTGCQ8xcxJBvTOY,"How Can You Mend A Broken Heart","Al Green - Greatest Hits","Al Green",1987-02-13,384866,0,false,111573307,2013-09-29T03:42:25Z,"soul,soul clásico,motown,soul blues","Hi Records",0.555,0.247,4,-14.257,1,0.041,0.522,0.00000366,0.0628,0.394,73.343,3
spotify:track:1ZOROX1KhC9xipkXFCxeDf,"How To Love","Tha Carter IV (Deluxe)","Lil Wayne",2011-01-01,240306,0,false,111573307,2013-09-29T03:42:30Z,"rap,hip hop","CM/Republic",0.644,0.661,11,-6.093,1,0.0418,0.000177,0.00000523,0.108,0.272,153.992,4
spotify:track:6ZTBxZyr09PtGNR7K5j420,"I Used to Love H.E.R.","20 RAP GEMS","Common",2009-05-15,278813,13,true,111573307,2013-09-29T03:42:55Z,"hip hop,jazz rap,neo soul","Columbia",0.766,0.419,1,-14.151,1,0.369,0.0702,0.0000331,0.421,0.542,91.819,4
spotify:track:1A7dxsO3dCOPkQHvbQJO27,"Sensual Seduction","Sensual Seduction","Snoop Dogg",2007-01-01,245520,0,false,111573307,2013-09-29T03:46:15Z,"g-funk,hip hop de la costa oeste,rap gangster,hip hop old school,hip hop,rap","Geffen",0.756,0.829,11,-3.973,1,0.0682,0.003,0.0000346,0.0578,0.504,120.163,4
spotify:track:0ncC7da4OXfIAmepjPX0g0,"Sometimes (Remix)","Jay Deelicious 95-98: The Delicious Vinyl Years","J Dilla;The Brand New Heavies",2007-08-07,251840,0,false,111573307,2013-09-29T03:47:22Z,"plunderphonics,hip hop alternativo,jazz rap,acid jazz,jazz funk,funk","Delicious Vinyl",0.917,0.424,2,-6.227,1,0.301,0.0861,0,0.154,0.385,96.642,4
spotify:track:72nlhEcicoZTyLg39CSG9c,"The Truth","Ain't Nobody Worryin'","Anthony Hamilton",2005-12-13,275866,0,false,111573307,2013-09-29T03:49:03Z,"neo soul,r&b,quiet storm","So So Def",0.675,0.457,4,-6.563,0,0.0547,0.296,0.0000366,0.119,0.342,80.016,3
spotify:track:7fnnkYFOPqdzVYd339U7TM,"These Arms of Mine","Atlantic 60th: Satin Grooves - The '60s","Otis Redding",2007-10-30,154293,24,false,111573307,2013-09-29T03:49:58Z,"motown,soul,soul clásico,soul blues","Rhino Atlantic",0.42,0.288,10,-12.597,1,0.0312,0.817,0,0.306,0.699,177.1,3
spotify:track:5PMKzsUsTpZZGsCcJBuhP2,"U Know What's Up (feat. Lisa ""Left Eye"" Lopes)","Where I Wanna Be","Donell Jones;Lisa ""Left Eye"" Lopes",1999-05-29,243733,68,true,111573307,2013-09-29T03:50:08Z,"r&b,quiet storm","Arista/LaFace Records",0.854,0.543,8,-6.166,0,0.0844,0.0402,0.0000573,0.0419,0.868,103.032,4
spotify:track:5ZelMPn7vupvsTToUTvcbF,"Unappreciated","Unappreciated","Cherish",2006-01-01,235333,60,false,111573307,2013-09-29T03:50:12Z,"","Capitol Records",0.735,0.521,7,-6.696,0,0.0876,0.0888,0,0.065,0.374,77.01,4
spotify:track:1zYNxblaA2j7QrxOqaqyEc,"Used To Love U","Get Lifted","John Legend",2004-10-26,210866,0,false,111573307,2013-09-29T03:50:24Z,"pop suave,neo soul","Getting Out Our Dreams/Sony Urban Music/Columbia",0.647,0.81,5,-4.779,0,0.0855,0.032,0.00000308,0.341,0.608,87.972,4
spotify:track:5zPx7AiB0Eey4pC2qcEogO,"Wadsyaname - Radio Edit","Ultimate R&B Love 2009","Nelly",2009-01-01,245360,8,false,111573307,2013-09-29T03:50:32Z,"","Universal Music Group International",0.783,0.715,1,-9.106,1,0.141,0.125,0,0.184,0.2,80.015,4
spotify:track:14jsY003LsBRnzsKtvfylS,"What They Do","Illadelph Halflife (Explicit Version)","The Roots",1996-09-24,357200,0,true,111573307,2013-09-29T14:17:53Z,"jazz rap,hip hop de la costa este,hip hop","Universal Music Ltd.",0.891,0.403,0,-10.565,1,0.185,0.366,0.000206,0.0831,0.686,92.706,4
spotify:track:2nqVVwUI2MJ7MaphpCF1P3,"What You Want (feat. Total)","R&B Hits","Mase;Total",2005-10-04,271213,56,false,111573307,2013-09-29T14:17:56Z,"hip hop old school,r&b,new jack swing","Bad Boy Records",0.88,0.726,10,-5.855,0,0.257,0.0218,0.0000766,0.389,0.823,93.814,4
spotify:track:5mNV8Mz59bzyuQ53gTw0c0,"Where the Party At (feat. Nelly)","Jagged Little Thrill","Jagged Edge;Nelly",2001-07-03,232573,68,false,111573307,2013-09-29T14:18:12Z,"r&b,quiet storm","So So Def",0.596,0.661,5,-6.239,0,0.226,0.31,0,0.0847,0.86,129.491,5
spotify:track:4WSWEpUkx2StGNlbSzqu7o,"Work Out","Work Out","J. Cole",2011-07-04,234146,0,true,111573307,2013-09-29T14:18:37Z,"rap","Roc Nation/Columbia",0.828,0.425,10,-6.895,0,0.132,0.0539,0,0.329,0.23,92.997,4
spotify:track:3XlVb2495UdbqNXL8AjcyP,"Xstacy Jones","Dru World Order","Dru Hill",2002-01-01,276146,27,false,111573307,2013-09-29T14:18:41Z,"quiet storm,r&b","Def Jam Recordings",0.733,0.616,11,-8.731,1,0.0422,0.0848,0,0.0863,0.691,119.98,4
spotify:track:1ANOv63SRuUpI9w347Mgg7,"You Got Me","Things Fall Apart (Explicit Version)","The Roots;Erykah Badu",1999-02-23,259293,0,true,111573307,2013-09-29T14:19:02Z,"jazz rap,hip hop de la costa este,hip hop,neo soul,r&b","Universal Music Ltd.",0.735,0.443,11,-8.09,0,0.278,0.161,0,0.188,0.757,81.031,4
spotify:track:12iNS8guNylko5izWvsVe3,"Why You?","Lowdown Suite","Moka Only",2003,214466,0,true,111573307,2013-09-29T14:27:18Z,"jazz rap,hip hop underground","Battle Axe",0.78,0.627,6,-7.149,0,0.27,0.06,0,0.212,0.864,94.989,4
spotify:track:68ZOBzR0AffpQM6AgSA5n4,"Stuck On You","Tuskegee (Deluxe Version)","Lionel Richie;Darius Rucker",2012-01-01,201706,53,false,111573307,2013-09-29T14:34:12Z,"motown,country","Universal Music Group International",0.557,0.496,5,-9.272,1,0.0276,0.626,0.00000132,0.102,0.293,132.716,4
spotify:track:4VudDm3sB5hN1RcbI1LRJV,"Something That I Like","Transition (Deluxe Edition)","Ryan Leslie;Pusha T",2009-01-01,247600,0,false,111573307,2013-09-29T14:48:20Z,"","Universal Music",0.655,0.695,8,-3.212,0,0.229,0.308,0,0.328,0.685,94.936,4
spotify:track:3qxAm8VUS740NTGCvEcFpy,"A Dream","A Dream","Common;will.i.am",2007-01-01,218080,0,false,111573307,2013-09-29T14:48:54Z,"hip hop,jazz rap,neo soul","Hollywood Records",0.772,0.759,9,-7.261,0,0.284,0.245,0.0000697,0.106,0.625,103.042,4
spotify:track:5k3VjTwIsOjQ2woGz3Yx71,"Can't Help but Wait","Trey Day","Trey Songz",2007-10-01,206413,70,false,111573307,2013-09-29T15:06:43Z,"r&b","Atlantic Records",0.699,0.699,8,-5.564,0,0.0737,0.358,0,0.0912,0.611,94.977,4
spotify:track:2gSyc23Hua25fqSFpgAh6W,"Say My Name","The Writing's On The Wall","Destiny's Child",1999-09-07,271333,59,false,111573307,2013-09-29T15:12:29Z,"","Columbia",0.522,0.676,5,-3.571,0,0.16,0.274,0,0.134,0.746,67.427,4
spotify:track:6gQaf0ANLks2uWl2AHhU26,"Hate It Or Love It","Hate It Or Love It","The Game;50 Cent",2005-01-01,207440,44,true,111573307,2013-09-29T15:15:41Z,"hip hop de la costa oeste,hip hop old school,rap gangster,hip hop,hip hop de la costa este","Geffen",0.796,0.782,9,-4.805,1,0.21,0.146,0,0.13,0.418,99.978,4
spotify:track:0FPXDopNoeVy2GmE6ZLrv1,"Cha Cha Cha","Rhino Hi-Five: MC Lyte","MC Lyte",2007-04-24,180093,0,true,111573307,2013-09-29T15:18:54Z,"hip hop old school,hip hop de la costa este","Rhino/Elektra",0.881,0.889,10,-6.062,0,0.357,0.155,0,0.316,0.922,91.325,4
spotify:track:0thhvUd0htw6Afr2y0EDlp,"Trick Me","Trick Me","Kelis",2004-01-01,208333,0,false,111573307,2013-09-29T15:21:47Z,"","Virgin Records",0.97,0.725,1,-3.369,0,0.133,0.0379,0.000211,0.32,0.961,107.169,4
spotify:track:1zYNxblaA2j7QrxOqaqyEc,"Used To Love U","Get Lifted","John Legend",2004-10-26,210866,0,false,111573307,2013-09-29T15:23:15Z,"pop suave,neo soul","Getting Out Our Dreams/Sony Urban Music/Columbia",0.647,0.81,5,-4.779,0,0.0855,0.032,0.00000308,0.341,0.608,87.972,4
spotify:track:0xeU8Cb37tH7wZ24rSN565,"Stay In Ya Lane","Lifestyle2 - Soul Grooves Vol 1 (International Version)","Teairra Marí",2008-05-23,235000,0,true,111573307,2013-09-29T15:27:53Z,"","Universal Music GmbH",0.72,0.525,8,-8.233,1,0.404,0.0876,0,0.169,0.623,48.156,4
spotify:track:45JvAuYKz0Wm06r9fHb22B,"Glamorous","The Dutchess Deluxe","Fergie;Ludacris",2007-01-01,246586,0,true,111573307,2013-09-29T15:28:25Z,"hip hop sureño americano","Universal Music Group",0.815,0.756,0,-6.41,1,0.221,0.292,0,0.074,0.575,130.97,4
spotify:track:0NdGw6EieDYg2URPjxp3Od,"We Be Burnin' - Legalize It","We Be Burnin' (Intl 2 Track slimline/Cardboard Sleeve/7"")","Sean Paul",2005-09-12,207960,0,false,111573307,2013-09-29T15:29:47Z,"dancehall","Atlantic Records",0.903,0.868,1,-3.954,1,0.275,0.3,0,0.0647,0.872,116.942,4
spotify:track:2OeSwSbwlmn9u8SsutfxPO,"Bump n' Grind","The R. In R&B Collection: Volume 1","R. Kelly",2003-09-11,255093,0,false,111573307,2013-09-29T15:30:32Z,"r&b","Jive",0.677,0.525,4,-6.429,1,0.0344,0.126,0,0.296,0.664,130.218,4
spotify:track:5szUY1cQZiRdnMeVtgQeib,"Gimme The Light","Reggae Gold 2002","Sean Paul",2002-05-21,226400,0,false,111573307,2013-09-29T15:30:52Z,"dancehall","VP Records",0.638,0.742,2,-5.841,1,0.0518,0.111,0.0000099,0.0712,0.917,102.307,4
spotify:track:5MTqczrMNkxZbFghiopgHL,"Wonderful","R.U.L.E.","Ja Rule;R. Kelly;Ashanti",2004-01-01,270506,2,true,111573307,2013-09-29T15:31:38Z,"hip hop de la costa este,r&b","Def Jam Recordings",0.663,0.777,11,-4.954,0,0.109,0.277,0,0.0466,0.758,92.681,4
spotify:track:5DLnnGENrprkpBO6ciyhl9,"Let Me Hold You","Wanted","Bow Wow;Omarion",2003,248493,0,false,111573307,2013-09-29T15:31:58Z,"r&b","Sony Urban Music/Columbia",0.818,0.669,11,-8.265,1,0.206,0.0931,0.000208,0.0928,0.588,151.462,4
spotify:track:5mNV8Mz59bzyuQ53gTw0c0,"Where the Party At (feat. Nelly)","Jagged Little Thrill","Jagged Edge;Nelly",2001-07-03,232573,68,false,111573307,2013-09-29T15:34:31Z,"r&b,quiet storm","So So Def",0.596,0.661,5,-6.239,0,0.226,0.31,0,0.0847,0.86,129.491,5
spotify:track:1EFddFVisHbqCHah6oBlhD,"Far Away","All the Right Reasons (Walmart Exclusive Edition)","Nickelback",2005-09-26,238173,50,false,111573307,2013-09-29T15:36:52Z,"post-grunge,rock","Roadrunner Records",0.518,0.797,6,-5.153,1,0.0309,0.000681,0,0.107,0.293,132.918,4
spotify:track:5HQVUIKwCEXpe7JIHyY734,"Young, Wild & Free (feat. Bruno Mars)","Young, Wild & Free (feat. Bruno Mars)","Snoop Dogg;Wiz Khalifa;Bruno Mars",2011-10-11,207333,77,true,111573307,2013-09-29T15:37:07Z,"g-funk,hip hop de la costa oeste,rap gangster,hip hop old school,hip hop,rap","Rostrum/Atlantic",0.715,0.655,0,-6.425,1,0.137,0.0525,0,0.115,0.531,95.078,4
spotify:track:6j236RwzFFj4wqH2tWJNBD,"5 O'Clock (feat. Lily Allen & Wiz Khalifa)","5 O'Clock (feat. Lily Allen & Wiz Khalifa)","T-Pain;Lily Allen;Wiz Khalifa",2011-09-23,281533,0,true,111573307,2013-09-29T15:37:10Z,"","Jive",0.4,0.882,7,-1.958,0,0.334,0.168,0,0.124,0.385,167.114,4
spotify:track:6JGsVW1nxNaoUAGcOKFZGS,"Out of My Head","The Truth Is... (Special Edition)","Theory of a Deadman",2011-07-08,237786,46,false,111573307,2013-09-29T15:37:39Z,"post-grunge,metal alternativo","Roadrunner Records",0.314,0.838,11,-3.971,1,0.0354,0.00327,0,0.38,0.466,171.716,4
spotify:track:0kO3njY9N1Rxgv27Ha1lLh,"Numb","Meteora (Bonus Edition)","Linkin Park",2003-03-25,187520,60,false,111573307,2013-09-29T15:40:12Z,"nu metal,rap metal,rock,metal alternativo","Warner Records",0.488,0.87,6,-4.185,0,0.0421,0.00353,0,0.484,0.211,110.072,4
spotify:track:3WoF0QidrggYV482mOb7ye,"Glycerine","Sixteen Stone","Bush",1994-12-06,266506,0,false,111573307,2013-09-29T15:44:45Z,"grunge,post-grunge","Round Hill Records",0.43,0.282,5,-14.22,1,0.0342,0.0581,0.00426,0.0959,0.0868,114.136,4
spotify:track:2vBF8A6n0REigm7RSUM65S,"The A Team","The A Team","Ed Sheeran",2011-05-01,258588,12,false,111573307,2013-09-29T15:44:59Z,"pop suave","Atlantic Records UK",0.626,0.286,9,-9.933,1,0.0374,0.678,0,0.134,0.366,84.954,4
spotify:track:7gKICRm1gbYb5HjaM3RzVi,"I Shoulda Lied","Twenty","Boyz II Men",2011-10-25,246400,13,false,111573307,2013-09-29T15:47:04Z,"new jack swing,r&b,quiet storm","Benchmark Entertainment LLC",0.386,0.631,1,-5.288,1,0.0319,0.359,0,0.0876,0.445,94.659,4
spotify:track:5AeEoXX8et0BYkcp27Mj5Y,"Don't Speak","Death By Sexy","Eagles Of Death Metal",2006-07-01,167840,0,false,111573307,2013-09-29T15:49:02Z,"stoner rock,garage rock","20-20 Entertainment LLC",0.599,0.905,8,-3.804,1,0.118,0.00695,0.0142,0.663,0.638,136.748,4
spotify:track:2oehKmL80oyarh1ZutMESN,"You'll Be In My Heart","Tarzan Original Soundtrack (Spanish Version)","Phil Collins",1999,258399,0,false,111573307,2013-09-29T15:50:11Z,"rock suave","Disney Records (Europe)",0.569,0.744,8,-6.48,1,0.0298,0.0559,0.00000319,0.0915,0.655,96.596,4
spotify:track:1ANOv63SRuUpI9w347Mgg7,"You Got Me","Things Fall Apart (Explicit Version)","The Roots;Erykah Badu",1999-02-23,259293,0,true,111573307,2013-09-29T15:51:32Z,"jazz rap,hip hop de la costa este,hip hop,neo soul,r&b","Universal Music Ltd.",0.735,0.443,11,-8.09,0,0.278,0.161,0,0.188,0.757,81.031,4
spotify:track:1vJ00sqL2EvSO6wKGktYB4,"What I've Done","Transformers - The Album (Standard Version)","Linkin Park",2007-06-25,205613,0,false,111573307,2013-09-29T15:55:53Z,"nu metal,rap metal,rock,metal alternativo","Warner Bros.",0.623,0.93,5,-5.285,1,0.0324,0.0141,0.00000164,0.138,0.287,120.119,4
spotify:track:6cNajGUxKP53LIg0LzlfQt,"Climax","Looking 4 Myself (Deluxe Version)","USHER",2012-06-08,232906,0,false,111573307,2013-09-29T15:58:22Z,"r&b","RCA Records Label",0.647,0.478,8,-8.837,1,0.0782,0.547,0.0000269,0.156,0.333,135.877,4
spotify:track:0jUyIAehDk6svz4Neqi5sp,"Up In The Air","Up In The Air","Thirty Seconds To Mars",2013-01-01,277120,0,true,111573307,2013-09-29T16:05:28Z,"","Universal Music Group",0.471,0.826,11,-6.014,0,0.0897,0.00685,0,0.187,0.422,124.033,4
spotify:track:4yZaNUuhwS4uKKp3Sx30bR,"This Is War - Radio Edit","This Is War","Thirty Seconds To Mars",2010-01-01,286120,41,false,111573307,2013-09-29T16:05:30Z,"","Virgin Records",0.447,0.717,6,-4.761,1,0.0438,0.0351,0,0.234,0.285,160.012,4
spotify:track:1mLBSbBqgwg1EIO7h52sdZ,"I'd Rather Go Blind","2am Rough Tracks","Liam Bailey",2010-01-01,372613,5,false,111573307,2013-09-29T16:06:20Z,"liquid funk,retro soul,retro pop","Polydor Records",0.488,0.154,8,-9.11,1,0.0421,0.764,0.0000543,0.0978,0.548,81.951,4
spotify:track:1IRptRzJ7ZqtkXTqWJ1q5o,"What A Difference A Day Makes","Laid Back Jazz","Dinah Washington",2008-05-05,149693,0,false,111573307,2013-09-29T16:06:46Z,"vocal jazz,jazz,swing","Marathon Media International Ltd.",0.266,0.0626,0,-19.122,1,0.0391,0.936,0.00367,0.163,0.162,169.556,3
spotify:track:0aAcuVJCmIkgVKzKHGfp1K,"Hustler","Radio","Ky-Mani Marley",2007-09-25,233533,52,true,111573307,2013-10-16T14:03:41Z,"reggae,roots reggae,ragga","Voxonic Music",0.788,0.762,9,-4.911,0,0.193,0.0515,0,0.274,0.792,90.956,4
spotify:track:7GbqE3MlkKosIaCvf50JRK,"Lady Marmalade - From ""Moulin Rouge"" Soundtrack","Moulin Rouge","Christina Aguilera;Lil' Kim;Mýa;P!nk",2001-09-03,264893,68,false,111573307,2013-11-13T12:36:13Z,"hip hop de la costa este","Moulin Rouge / Interscope",0.76,0.801,5,-3.769,1,0.0534,0.0144,0.0000149,0.665,0.653,109.919,4
spotify:track:6jUyYHDikmw9WltPojSR37,"Got 'Til It's Gone","The Velvet Rope","Janet Jackson;Q-Tip;Joni Mitchell",1997-10-07,241760,1,true,111573307,2013-12-20T21:56:51Z,"new jack swing,hip hop de la costa este,folk,folk rock,cantautores","Virgin Records",0.789,0.412,7,-7.518,1,0.243,0.0218,0.000312,0.3,0.518,89.914,4
spotify:track:1e2iPshSdRSBl7DokG94ZB,"Your Woman Has Just Been Sighted (Ring the Alarm) (feat. Jermaine Dupri)","Music and Me","Nate Dogg;Jermaine Dupri",2001-12-04,241773,51,true,111573307,2013-12-20T21:58:23Z,"g-funk,hip hop de la costa oeste,hip hop old school,hip hop sureño americano","Elektra Records",0.94,0.577,0,-5.375,1,0.21,0.306,0.0000565,0.84,0.689,98.018,4
spotify:track:0jOXmNowR2j1hVpZMqnz9P,"Gone Till November (feat. The New York Philharmonic Orchestra)","Wyclef Jean presents The Carnival featuring Refugee Allstars (feat. Refugee All Stars)","Wyclef Jean;New York Philharmonic",1997-06-24,207466,51,false,111573307,2013-12-20T22:02:46Z,"clásica,orquestal,concerto","Ruffhouse/Columbia",0.677,0.503,4,-9.027,1,0.0867,0.0899,0.0000148,0.182,0.417,85.926,4
spotify:track:6ulHRFUdoQNVwBJxdqG1HH,"Bleed Out","Future History","Jason Derulo",2011-09-16,248680,6,false,111573307,2013-12-20T22:13:26Z,"","Beluga Heights/Warner Records",0.533,0.834,5,-4.653,0,0.0518,0.0197,0,0.358,0.469,149.958,4
spotify:track:1ulVKX61ePVrT81RLFqrOj,"Just Friends (Sunny)","Aijuswanaseing","Musiq Soulchild",2000-11-14,251426,51,false,111573307,2013-12-20T22:15:14Z,"neo soul,r&b,quiet storm","Def Jam Recordings",0.75,0.373,7,-7.577,1,0.162,0.44,0,0.366,0.547,95.033,4
spotify:track:14mYQm3y6GMmfylkL1DsFg,"Put That Woman First","Still Ghetto","Jaheim",2002-11-05,245733,38,false,111573307,2013-12-20T22:15:59Z,"r&b,neo soul,quiet storm","Warner Records",0.623,0.503,5,-8.783,0,0.199,0.538,0,0.168,0.494,78.951,4
spotify:track:6RX5iL93VZ5fKmyvNXvF1r,"Irreplaceable","B'Day Deluxe Edition","Beyoncé",2007-05-29,227853,74,false,111573307,2013-12-20T22:17:13Z,"","Columbia",0.447,0.694,7,-4.637,0,0.382,0.0293,0.00000546,0.167,0.509,175.868,4
spotify:track:2dLLR6qlu5UJ5gk0dKz0h3,"Royals","Pure Heroine","Lorde",2013-09-27,190185,82,false,111573307,2013-12-20T22:22:02Z,"","Universal Music New Zealand Limited",0.674,0.426,7,-9.504,1,0.122,0.12,0,0.132,0.337,84.876,4
spotify:track:2vy6wlsw73kL7eLz7nVo0u,"Hey Baby","Mind Control","Stephen Marley;Mos Def",2007-01-01,294786,0,false,111573307,2013-12-20T22:22:12Z,"reggae,roots reggae,ragga,hip hop de la costa este,hip hop old school,hip hop","Universal Music",0.717,0.595,10,-5.632,0,0.263,0.105,0.0000103,0.0817,0.634,185.024,4
spotify:track:1dIlO8NNKs99ar0IsY1xdM,"The Way I Am","The Marshall Mathers LP","Eminem",2000-05-23,289266,2,true,111573307,2013-12-23T22:04:16Z,"rap,hip hop","Aftermath",0.805,0.871,4,-2.778,0,0.245,0.144,0,0.316,0.334,87.338,4
spotify:track:2mKiTAmSq1eT7r1YJgWbQU,"Marshall Mathers","The Marshall Mathers LP","Eminem",2000-05-23,320840,0,true,111573307,2013-12-23T22:04:48Z,"rap,hip hop","Aftermath",0.715,0.747,11,-3.25,0,0.146,0.0291,0,0.0687,0.254,96.001,4
spotify:track:1MjdB0vutPGJCPLtJfYtC2,"Wine Slow","Russian Presents the Lost Tapes","Gyptian",2012-08-14,154671,0,false,111573307,2013-12-31T23:19:34Z,"dancehall,reggae,soca,lovers rock,ragga","Head Concussion",0.615,0.557,8,-8.698,1,0.286,0.693,0,0.16,0.425,119.845,5
spotify:track:0O9QHj4XYBBWuO7tg52JoU,"Innocent Man - Feat. Dmx - Radio Edit","Innocent Man","Mark Morrison;DMX",2008-12-09,205160,15,false,111573307,2014-01-09T00:07:06Z,"hip hop de la costa este,hip hop old school,hardcore hip hop","Global Music Group",0.809,0.694,1,-6.623,0,0.146,0.0611,0.00000466,0.224,0.921,89.231,4
spotify:track:6fkoeMnX3YhXs8M17Y6pvw,"Nappy Heads - Remix Radio Edit","Greatest Hits","Fugees;Ms. Lauryn Hill;Wyclef Jean;Pras;Salaam Remi",2003-03-25,276773,29,false,111573307,2014-01-09T00:07:52Z,"hip hop de la costa este,neo soul,hip hop old school","Columbia",0.784,0.594,6,-11.29,1,0.289,0.136,0.000108,0.157,0.66,97.135,4
spotify:track:6RZ2FvIUamxFTOzgZY5nNJ,"Maneater","Ultimate R&B (International Version)","Nelly Furtado",2006-01-01,259360,0,false,111573307,2014-01-10T22:37:31Z,"","Universal Music Ltd.",0.794,0.766,6,-5.03,1,0.0449,0.0284,0.000329,0.117,0.697,132.77,4
spotify:track:0ZYE0D7JhprcUglK6PloEw,"Let's Get Blown","Ultimate R&B (International Version)","Snoop Dogg",2006-01-01,279413,0,true,111573307,2014-01-10T22:38:20Z,"g-funk,hip hop de la costa oeste,rap gangster,hip hop old school,hip hop,rap","Universal Music Ltd.",0.941,0.6,4,-5.483,0,0.199,0.424,0.065,0.333,0.696,106.015,4
spotify:track:2FLi5qKmz0tgiSBPvW1jKg,"Slow Down - 12"" Version","Ultimate R&B (International Version)","Bobby V.",2006-01-01,258480,0,false,111573307,2014-01-10T22:38:37Z,"r&b","Universal Music Ltd.",0.563,0.721,11,-5.366,0,0.106,0.211,0.0000032,0.421,0.617,186.079,4
spotify:track:0DfDNFAO02oWw5XqBMA3El,"Suga Suga","Ultimate R&B (International Version)","Baby Bash;Frankie J",2006-01-01,238466,0,false,111573307,2014-01-10T22:38:57Z,"","Universal Music Ltd.",0.693,0.686,5,-5.073,0,0.25,0.649,0.00000561,0.0876,0.557,82.529,4
spotify:track:2PSdA7XgtmuYu8dKLxTF3e,"Hey Ma","Ultimate R&B (International Version)","Cam'ron;Juelz Santana;Freekey Zeekey;Toya",2006-01-01,221120,0,true,111573307,2014-01-10T22:39:21Z,"hip hop de la costa este","Universal Music Ltd.",0.782,0.659,8,-6.024,1,0.338,0.0833,0.0000128,0.381,0.937,90.314,4
spotify:track:3aFVweNTXtiIiVSolhSB0l,"The Truth","Ultimate R&B (International Version)","Truth Hurts",2006-01-01,233640,0,true,111573307,2014-01-10T22:39:30Z,"","Universal Music Ltd.",0.746,0.624,1,-6.281,0,0.242,0.0939,0,0.108,0.887,76.238,4
spotify:track:6n7tzKkbAvS8o1XFsDMgnX,"Make Her Feel Good","Ultimate R&B (International Version)","Teairra Marí",2006-01-01,225866,0,true,111573307,2014-01-10T22:40:05Z,"","Universal Music Ltd.",0.817,0.66,2,-9.598,1,0.182,0.0226,0.000491,0.287,0.536,90.517,4
spotify:track:7Ec5qr3lL2tQ2fPub43h1c,"Mas Que Nada","Ultimate R&B (International Version)","Sérgio Mendes;Black Eyed Peas",2006-01-01,263440,0,false,111573307,2014-01-10T22:42:21Z,"jazz brasileño,bossa nova,samba","Universal Music Ltd.",0.752,0.897,5,-7.919,0,0.0737,0.0319,0.00000432,0.0914,0.879,100.028,4
spotify:track:2qpN5rAs8TP4k4wvoik51f,"Get Me Home","Ultimate R&B (International Version)","Foxy Brown;Blackstreet",2006-01-01,229440,0,true,111573307,2014-01-10T22:44:35Z,"hip hop de la costa este,new jack swing","Universal Music Ltd.",0.778,0.483,7,-6.827,1,0.257,0.0956,0.000287,0.137,0.33,96.054,4
spotify:track:3Hv5C8sbNd8i6LhfrIY3Yo,"My Love Is Like...Wo - Main Mix/Album Version","Ultimate R&B (International Version)","Mýa",2006-01-01,202533,0,false,111573307,2014-01-10T22:44:55Z,"","Universal Music Ltd.",0.813,0.627,4,-8.4,1,0.106,0.131,0,0.196,0.807,132.825,4
spotify:track:392EX6J5clqiFpRqrV9Qpk,"What Would You Do?","Ultimate R&B (International Version)","City High",2006-01-01,174920,0,true,111573307,2014-01-10T22:45:06Z,"","Universal Music Ltd.",0.731,0.815,7,-6.568,1,0.232,0.261,0,0.557,0.857,95.871,4
spotify:track:6Qa5yFTskaFP7vGuwWS8d9,"Thong Song","Ultimate R&B (International Version)","Sisqo",2006-01-01,252813,0,true,111573307,2014-01-10T22:45:24Z,"","Universal Music Ltd.",0.719,0.871,2,-7.129,1,0.0616,0.115,0.000251,0.0614,0.719,121.543,4
spotify:track:7zFv7fAKWgkKnJDKp31ASe,"Dy-Na-Mi-Tee","Ultimate R&B (International Version)","Ms. Dynamite",2006-01-01,217520,0,false,111573307,2014-01-10T22:46:01Z,"uk garage","Universal Music Ltd.",0.458,0.564,3,-8.815,0,0.0596,0.127,0,0.0815,0.571,157.654,4
spotify:track:4lbwJITipgimBOlcVXUeLn,"Naughty Girl","Ultimate R&B (International Version)","Beyoncé",2006-01-01,208933,0,false,111573307,2014-01-10T22:48:14Z,"","Universal Music Ltd.",0.567,0.499,6,-7.758,0,0.215,0.252,0.00000563,0.105,0.674,200.177,4
spotify:track:2U4TuW5H5uVEN5NS0l0eXt,"You Could Be Blind","Red Star Sounds Volume 2 B Sides (Explicit Version)","DMX",2002-01-01,273826,0,true,111573307,2014-01-10T22:49:07Z,"hip hop de la costa este,hip hop old school,hardcore hip hop","Def Jam Recordings",0.646,0.74,11,-6.357,1,0.224,0.13,0,0.0916,0.617,86.343,4
spotify:track:6SavQZM5TtnpDARG5HQTSB,"Too Hot To Stop - Pt. 1","True Funk [3 CD Set]","The Bar-Kays",2007-01-01,233906,0,false,111573307,2014-01-10T22:54:18Z,"funk,post-disco","Universal Music",0.783,0.751,4,-8.275,0,0.115,0.0713,0.0000255,0.148,0.804,102.4,4
spotify:track:51TLw5wJRQNiJoX3FMuCjX,"Cali-California","Doggy Style Hits","Snoop Dogg;Kurupt",2011,230800,0,false,111573307,2014-01-10T22:55:42Z,"g-funk,hip hop de la costa oeste,rap gangster,hip hop old school,hip hop,rap","Orange Leisure",0.79,0.61,11,-10.611,0,0.45,0.169,0,0.369,0.619,96.003,4
spotify:track:7ao0Xvdk7izp68CWlUzneN,"Nite & Day","Sensuous Smooth Jazz Guitar","Ronny Jordan",2006-05-30,252040,0,false,111573307,2014-01-10T22:56:19Z,"acid jazz,smooth jazz,jazz funk,nu jazz,jazz,jazz fusión","Shanachie Entertainment- OLD",0.783,0.457,9,-8.416,1,0.0423,0.114,0.688,0.114,0.452,91.983,4
spotify:track:2tmfz2Dsp6j2PXxyImIKL7,"Holding You Down (Goin' in Circles)","Holding You Down (Goin' in Circles)","Jazmine Sullivan",2010-07-23,217306,25,false,111573307,2014-01-17T21:13:04Z,"r&b","J Records",0.72,0.878,8,-2.711,0,0.143,0.0881,0,0.315,0.784,95.101,4
spotify:track:5GIp3XwoMW9bbdUvGB2ydO,"I Don't Care","The Love & War MasterPeace","Raheem DeVaughn",2010-03-01,254800,44,false,111573307,2014-01-19T14:20:39Z,"neo soul,quiet storm","Jive",0.706,0.806,2,-5.881,1,0.0653,0.05,0,0.0663,0.395,106.016,4
spotify:track:5Iwut1aBW1ZmDNB73GWxzd,"Things Come & Go","Barbershop 2 (Back In Business)","Mýa;Sean Paul",2004-01-01,237586,0,false,111573307,2014-01-19T14:21:43Z,"dancehall","Universal Music",0.866,0.639,1,-7.42,0,0.0598,0.178,0.000809,0.09,0.73,102.539,4
spotify:track:18vJgboBuIxjBFtkuht2uH,"Bright lights, Big City","Relaxing Collection","Jimmy Reed",2014-01-05,163311,0,false,111573307,2014-01-19T14:22:08Z,"classic blues,blues,blues rock,soul blues","RDSH 2014",0.71,0.381,2,-11.767,1,0.0416,0.838,0.00000189,0.293,0.701,93.122,4
spotify:track:3TkNsftUBh8dwwLUHpmYNC,"Find A Way","Subject","Dwele",2003-01-01,249573,52,false,111573307,2014-01-19T21:11:27Z,"neo soul","Virgin Records",0.712,0.657,10,-5.888,0,0.149,0.0577,0,0.234,0.437,97.993,4
spotify:track:0vKmpyfokzZgBmbEsJn5AD,"Tinseltown To The Boogiedown - Beatnuts Remix","We Are Hip Hop, Me, You, Everybody","Mos Def;The Beatnuts",2002,294546,0,false,111573307,2014-02-04T14:51:42Z,"hip hop de la costa este,hip hop old school,hip hop","Sattan Music",0.74,0.804,6,-9.467,0,0.0679,0.0185,0.0000481,0.0455,0.925,92.488,4
spotify:track:2lnWx5Zn6npsaJumHsK3CJ,"So High","Jagged Edge","Jagged Edge",2006-05-09,198760,40,false,111573307,2014-02-06T10:56:38Z,"r&b,quiet storm","Sony Urban Music/Columbia",0.693,0.611,3,-6.635,0,0.0922,0.302,0,0.642,0.704,87.003,4
spotify:track:4eihdGG3Tga3oFq4yqCDeL,"Lighters Up","Lighters Up","Lil' Kim",2005-08-30,262640,46,true,111573307,2014-02-06T11:00:34Z,"hip hop de la costa este","Atlantic Records",0.624,0.766,9,-6.31,1,0.396,0.00494,0,0.107,0.714,91.727,4
spotify:track:68scE2y0LhTD8s2texdIsd,"Fallin' (alicia Keys)","Relaxing Jazz Music, Smooth Chill Dinner Background Instrumental Songs","Relaxing Jazz Music, Smooth Chill Dinner Background Instrumental Songs",2013-02-26,249443,3,false,111573307,2014-02-06T22:25:06Z,"smooth jazz","Smooth Jazz Music Songs",0.69,0.325,4,-11.426,0,0.0268,0.35,0.801,0.183,0.346,97.479,3
spotify:track:5zrZHMklhOXABpnBl0EMBN,"Novacane","Novacane","Frank Ocean",2011-01-01,302346,0,true,111573307,2014-02-11T17:02:11Z,"","Universal Music Group",0.763,0.516,3,-9.267,1,0.115,0.0542,0.000689,0.162,0.363,93.5,4
spotify:track:2Vc78Iazsizj2HwUHd8wgK,"Lucifer","The Black Album (Explicit)","JAŸ-Z",2003-11-14,192040,0,true,111573307,2014-02-12T12:34:03Z,"hip hop,hip hop de la costa este,rap","Universal Music Group",0.551,0.927,6,-2.263,0,0.43,0.0508,0,0.0739,0.839,171.4,4
spotify:track:0rimetBQIYXE3uMCbuXBUa,"A Woman's Worth","Songs In A Minor","Alicia Keys",2001-06-05,303333,61,false,111573307,2014-02-12T13:31:30Z,"r&b,neo soul","J Records",0.652,0.41,4,-8.323,0,0.158,0.333,0,0.064,0.495,75.09,4
spotify:track:7nnWIPM5hwE3DaUBkvOIpy,"Drive","Make Yourself","Incubus",1999-10-26,232453,84,false,111573307,2014-02-13T02:01:53Z,"nu metal,funk rock,metal alternativo,rock alternativo","Epic/Immortal",0.645,0.792,4,-7.34,0,0.036,0.0562,0.0121,0.119,0.666,90.565,4
spotify:track:2U7X7mPD4wSp0capCGfpmM,"It's Love","Who Is Jill Scott? - Words and Sounds, Vol. 1","Jill Scott",2000-07-18,354400,48,false,111573307,2014-02-13T02:03:45Z,"neo soul,quiet storm","Hidden Beach Records",0.7,0.593,1,-8.752,0,0.163,0.0187,0.0109,0.0542,0.614,171.943,4
spotify:track:4QoQgNqZRWs9euigbbYP1A,"yes","MUSIQINTHEMAGIQ","Musiq Soulchild",2011-05-03,221800,45,false,111573307,2014-02-13T02:04:09Z,"neo soul,r&b,quiet storm","Atlantic Records",0.527,0.765,10,-5.025,0,0.256,0.235,0,0.25,0.681,173.767,4
spotify:track:3qFgO2GHdevqi478LlcS0G,"Furious Anger","Wu Tang Vs. Shaolin Masters","Big L;Shyheim",2011-05-17,233106,20,true,111573307,2014-02-15T18:08:12Z,"hip hop de la costa este,hip hop old school,hardcore hip hop,boom bap,hip hop","Wu Music Group",0.579,0.673,8,-7.535,0,0.306,0.35,0,0.347,0.815,177.776,4
spotify:track:65hogA42CRa5MWIzGnWNlP,"Doppel Gospel","Lone Sharks","The Doppelgangaz",2011-06-28,270550,0,true,111573307,2014-02-15T18:12:33Z,"lo-fi beats,jazz rap,hip hop underground,boom bap","Groggy Pack Entertainment, LLC.",0.646,0.657,4,-10.409,0,0.406,0.185,0,0.112,0.43,147.987,4
spotify:track:6SeGO7g1y60PU0YAJoF7zn,"Rap $ Unemployment","Lone Sharks","The Doppelgangaz",2011-06-28,268120,0,true,111573307,2014-02-15T18:24:54Z,"lo-fi beats,jazz rap,hip hop underground,boom bap","Groggy Pack Entertainment, LLC.",0.636,0.559,6,-9.596,1,0.244,0.0249,0.0297,0.119,0.456,88.28,4
spotify:track:7xdLNxZCtY68x5MAOBEmBq,"All Along the Watchtower","Experience Hendrix: The Best Of Jimi Hendrix","Jimi Hendrix",1997-09-16,238626,57,false,111573307,2014-03-02T19:22:56Z,"rock psicodélico,rock clásico,rock ácido,blues rock","Legacy Recordings",0.429,0.812,8,-6.252,1,0.0657,0.00282,0.0000244,0.0882,0.625,113.279,4
spotify:track:6zzHrnrodZh2pDj1Kr07yp,"Slippery When Wet","The Ultimate Collection: The Commodores","Commodores",1997-01-01,197173,0,false,111573307,2014-03-02T19:23:03Z,"motown,soul clásico","Universal Music Group",0.726,0.872,4,-7.054,1,0.112,0.0428,0.0000216,0.0512,0.942,101.339,4
spotify:track:6LbwcbLErNPi1MbxKqoUKk,"Bedbreaker","Edges of Infinity","MDPC;Dawin",2013-10-15,248584,0,false,111573307,2014-03-02T19:35:19Z,"","Mdpc",0.786,0.734,8,-6.664,1,0.0381,0.0206,0.000169,0.0792,0.662,132.013,4
spotify:track:33ZXjLCpiINn8eQIDYEPTD,"Shook Ones, Pt. II","The Infamous","Mobb Deep",1995-04-25,325506,80,true,111573307,2014-03-16T15:47:45Z,"hip hop old school,hip hop de la costa este,hardcore hip hop,hip hop,rap gangster","RCA Records Label",0.763,0.786,10,-6.472,0,0.229,0.0146,0.0114,0.0817,0.504,93.857,4
spotify:track:1eYgmCYYm4dfUlEL4dQpJl,"For Us","Rootstation","Freddy Locks",2012-05-25,342546,0,false,111573307,2014-03-16T16:00:54Z,"reggae,dub","VACHIER",0.855,0.548,9,-9.591,0,0.103,0.133,0,0.112,0.848,91.03,4
spotify:track:0BEEASlZ9ZCLYA4NBtPor8,"Road To Zion","Welcome to Jamrock","Damian Marley;Nas",2005-01-01,317333,0,false,111573307,2014-03-16T16:13:40Z,"reggae,ragga,roots reggae,hip hop old school,hip hop de la costa este,hip hop","Universal Records",0.755,0.696,1,-6.326,1,0.194,0.123,0,0.106,0.432,93.683,4
spotify:track:76GeR6bNSbsv8LqBladPdJ,"The Red Carpet feat. Raekwon & Ras Kass","Cats & Dogs [Deluxe Edition]","Evidence",2011-09-27,285826,0,true,111573307,2014-03-17T11:03:47Z,"hip hop underground,boom bap","Rhymesayers",0.348,0.916,1,-2.858,1,0.31,0.285,0.00000256,0.439,0.53,76.23,1
spotify:track:3wMhOYx0eGyecMceqARX7n,"Gettin By","Black Hippy","Black Hippy;Lloyd Banks;ScHoolboy Q",2013-05-16,237920,0,true,111573307,2014-03-17T11:08:55Z,"","Dundridge Entertainment / Unlimited Business",0.315,0.75,8,-6.455,1,0.347,0.0707,0,0.13,0.172,76.96,4
spotify:track:2D0xJmJuNi47Vj11DXa9BR,"With You (feat. The Game & Snoop Dogg) - Dirty","Unpredictable","Jamie Foxx;The Game;Snoop Dogg",2005-12-20,260933,33,true,111573307,2014-03-17T11:26:23Z,"hip hop de la costa oeste,hip hop old school,rap gangster,hip hop,g-funk,rap","J Records",0.797,0.634,0,-7.137,1,0.181,0.188,0,0.0989,0.538,98.035,4
spotify:track:3kna1MccCnVCClbwxqO1GT,"I Blame You","The Truth (Deluxe Edition)","Ledisi",2014-01-01,254506,0,false,111573307,2014-03-17T12:25:20Z,"neo soul","Universal Music Group",0.701,0.619,1,-5.975,1,0.0651,0.164,0,0.0685,0.561,95.973,4
spotify:track:31m56OhXBUIaBAyxgEfvC0,"Get To Know Me (feat. Nas)","Ain't Nothin' Like Me","Joe;Nas",2007-04-24,243360,40,false,111573307,2014-03-19T12:04:27Z,"r&b,quiet storm,hip hop old school,hip hop de la costa este,hip hop","Jive",0.563,0.841,1,-4.973,1,0.213,0.152,0,0.126,0.746,101.444,4
spotify:track:6pvd8OBnYlV6FqskUOvWlx,"Lifesaver","Jazzmatazz Volume II: The New Reality","Guru;Baybe",1995-07-18,253373,55,false,111573307,2014-03-19T16:45:09Z,"jazz rap,acid jazz,hip hop de la costa este","Chrysalis\EMI Records (USA)",0.718,0.488,1,-12.136,1,0.197,0.276,0.00000179,0.667,0.669,92.059,4
spotify:track:62NQ8JoW3yfJ2WSmlnaogw,"Born In The Trap","The R.E.D. Album","The Game",2011-01-01,226560,0,true,111573307,2014-03-19T16:48:26Z,"hip hop de la costa oeste,hip hop old school,rap gangster,hip hop","Universal Music Group",0.675,0.858,9,-3.758,0,0.221,0.0577,0.0000229,0.241,0.541,92.997,4
spotify:track:4mt4gUHOaLwE9VI1nx0iFk,"These Days","Lonely Are The Brave","Maverick Sabre",2012,220546,0,false,111573307,2014-03-21T00:38:50Z,"","Mercury",0.593,0.761,0,-5.878,0,0.0386,0.233,0,0.0814,0.562,84.42,4
spotify:track:29feVQjvAhAIWW5Z183ie0,"The Man","Wake Me Up","Aloe Blacc",2013-01-01,255840,0,false,111573307,2014-03-24T00:31:02Z,"","Universal Music Group",0.542,0.769,11,-7.205,0,0.0431,0.0327,0,0.2,0.49,86.052,4
spotify:track:5pfhHmuOpArdcqvuLPS6cm,"Words (feat. India.Arie)","The Red Clay Chronicles","Anthony David;India.Arie",2006,244533,0,false,111573307,2014-04-07T10:52:05Z,"neo soul","Dome Records",0.551,0.526,3,-8.836,0,0.0263,0.137,0,0.1,0.525,83.415,4
spotify:track:3vbLXkgtpYT750Pvh8nS3Y,"Talk to Her","In Bed With DJ Battle, Vol. 2 (The Finest Music to Make Love)","India.Arie",2013-01-01,286291,0,false,111573307,2014-04-07T11:00:12Z,"neo soul","Help Is Comin",0.808,0.446,8,-10.665,1,0.476,0.278,0,0.211,0.814,148.053,4
spotify:track:2wqaekenSQZm7hxQOYt8oE,"Am I Wrong","Am I Wrong","Nico & Vinz",2014-01-21,247520,60,false,111573307,2014-04-10T00:26:17Z,"","Warner Records",0.725,0.68,8,-5.465,1,0.0306,0.162,0.00000213,0.158,0.76,119.939,4
spotify:track:7jFMvEjLGVevXlpWInfBVq,"Save","In Bed With DJ Battle, Vol. 2 (The Finest Music to Make Love)","T-Pain;One Chance",2013-01-01,183200,0,false,111573307,2014-04-10T09:29:02Z,"","Help Is Comin",0.655,0.644,4,-6.166,0,0.105,0.0135,0,0.592,0.532,93.795,4
spotify:track:2mcdYWRlE0juyHfZ1r63st,"Energy","Energy - EP","Iman Omari",2012-03-13,252106,21,false,111573307,2014-04-15T23:06:57Z,"r&b indie,r&b alternativo","Iman Omari Music",0.542,0.775,9,-9.429,1,0.181,0.0609,0.000236,0.125,0.455,134.142,4
spotify:track:3TqB8DN04EObtSyM2Yplhn,"Know Who You Are (with Alicia Keys)","G I R L","Pharrell Williams;Alicia Keys",2014-03-03,236920,0,false,111573307,2014-04-15T23:08:06Z,"r&b,neo soul","Columbia",0.644,0.495,7,-7.102,1,0.182,0.117,0.00000615,0.125,0.747,182.303,4
spotify:track:57IHG8x8BiqKHanYQk92ji,"A Song for You","A Donny Hathaway Collection","Donny Hathaway",2007-01-29,325946,44,false,111573307,2014-04-19T13:12:16Z,"soul,soul clásico","Atlantic Records",0.332,0.22,5,-13.157,1,0.036,0.821,0.000205,0.245,0.0719,100.196,4
spotify:track:1jkxx0h1vDNS1yIZ6cDFw8,"Touch The Hem Of His Garment","Portrait of a Legend (Remastered)","Sam Cooke",2003-01-01,121266,0,false,111573307,2014-04-20T20:13:06Z,"motown,soul,soul clásico","Universal Music Ltd.",0.524,0.488,10,-9.038,1,0.0452,0.853,0,0.104,0.659,101.018,4
spotify:track:1aWV3uY3SIEZVbmv45oFWS,"Creep","Crazysexycool","TLC",1994-11-15,268533,70,false,111573307,2014-04-21T21:49:51Z,"","Arista/LaFace Records",0.811,0.458,5,-9.688,0,0.0402,0.0193,0.00000141,0.0526,0.797,92.94,4
spotify:track:6ZYJLutTW4XFq7UjUs864c,"Blue Angels","Ghetto Supastar","Pras",1998-10-03,253693,33,false,111573307,2014-04-21T21:56:53Z,"hip hop old school","Ruffhouse",0.771,0.795,7,-6.303,1,0.0823,0.00746,0.0000205,0.284,0.681,101.008,4
spotify:track:0WKYRFtH6KKbaNWjsxqm70,"Gin And Juice (feat. Dat Nigga Daz)","Doggystyle","Snoop Dogg;Daz Dillinger",1993,211493,3,true,111573307,2014-04-25T22:35:38Z,"g-funk,hip hop de la costa oeste,rap gangster,hip hop old school,hip hop,rap","Death Row Records",0.549,0.853,7,-4.293,1,0.188,0.0285,0.000296,0.618,0.346,94.695,4
spotify:track:7DKqhn3Aa0NT9N9GAcagda,"Just a Cloud Away","Despicable Me 2 (Original Motion Picture Soundtrack)","Pharrell Williams",2013-06-18,176078,0,false,111573307,2014-05-07T15:04:49Z,"","Back Lot Music",0.889,0.461,2,-8.155,1,0.0358,0.43,0,0.11,0.679,112.564,3
spotify:track:1srwYYIQ6olf4BFZT5Fbi8,"Odds","Armistice","Mutemath",2009-08-17,180773,17,false,111573307,2014-05-07T15:05:08Z,"","Teleprompt/Warner Records",0.59,0.769,9,-6.513,1,0.0413,0.0233,0.0000222,0.113,0.551,87.565,4
spotify:track:3Nseorafz0uxtBrzFMKEsy,"Poetry","Hard Groove","The RH Factor;Q-Tip;Erykah Badu",2003-01-01,348546,0,false,111573307,2014-05-07T15:12:15Z,"neo soul,acid jazz,jazz funk,jazz rap,jazz fusión,jazz,hip hop de la costa este,r&b","Verve",0.757,0.511,0,-10.43,1,0.143,0.199,0.106,0.143,0.398,90.009,4
spotify:track:7BYJdf8oAU6J8xjvpUZuZa,"Good Love","Stronger withEach Tear","Mary J. Blige;T.I.",2009-01-01,241053,0,false,111573307,2014-05-07T15:12:35Z,"r&b,hip hop sureño americano","Universal Music Group",0.775,0.853,1,-5.048,1,0.184,0.0208,0,0.151,0.707,108.535,4
spotify:track:6glklpxk7EtKIdxA3kYQS5,"Miss Independent","Year Of The Gentleman","Ne-Yo",2008-01-01,232000,2,false,111573307,2014-05-12T20:59:47Z,"","Universal Music Group",0.668,0.673,1,-5.714,1,0.145,0.48,0,0.194,0.727,171.812,4
spotify:track:3x0IAelW037HJCUlHCHk1G,"LoveStoned / I Think She Knows - Radio Edit","LoveStoned/I Think She Knows Remixes","Justin Timberlake",2007-09-11,324933,0,false,111573307,2014-05-24T22:17:47Z,"","Jive",0.827,0.648,1,-6.346,1,0.0551,0.403,0.00000865,0.303,0.871,121.243,4
spotify:track:5vlEg2fT4cFWAqU5QptIpQ,"Replay","Replay","Iyaz",2009-08-11,182306,71,false,111573307,2014-05-24T22:18:10Z,"","Time Is Money/Beluga Heights/Reprise",0.706,0.751,9,-6.323,1,0.0708,0.173,0,0.168,0.195,91.031,4
spotify:track:53gcDgFyqqpvCzXWrnFZpH,"Heartless","808s & Heartbreak (Softpak)","Kanye West",2008-11-24,211000,1,false,111573307,2014-05-24T22:20:13Z,"rap","Universal Music Group",0.79,0.647,10,-5.983,0,0.136,0.0515,0,0.248,0.654,87.999,4
spotify:track:5A6OHHy73AR5tLxgTc98zz,"Black and Yellow","Rolling Papers","Wiz Khalifa",2011-03-29,217666,82,true,111573307,2014-05-24T22:20:57Z,"","Rostrum/Atlantic",0.684,0.834,2,-4.524,0,0.0675,0.0646,0,0.271,0.538,164.02,4
spotify:track:2Oehrcv4Kov0SuIgWyQY9e,"Demons","Night Visions (Deluxe)","Imagine Dragons",2012-09-04,175200,10,false,111573307,2014-05-31T21:32:58Z,"","Universal Music Group",0.327,0.71,3,-2.928,1,0.0547,0.202,0.00009,0.28,0.416,179.561,4
spotify:track:7tIzEqfD8SONXtdI5KE9uk,"Me gustas tu","Once Upon a Time in Mexico","Manu Chao",2003-01-01,229475,0,false,111573307,2014-06-03T11:32:18Z,"música alternativa latina","Milan Records",0.63,0.717,11,-9.249,0,0.066,0.752,0.683,0.148,0.957,176.035,4
spotify:track:618hiI74zBL8UVgAvfmkLj,"Riding with the King","Riding with the King","Eric Clapton;B.B. King",2000-06-13,264240,0,false,111573307,2014-06-03T11:32:36Z,"blues rock,rock clásico,classic blues,blues,soul blues","Reprise",0.462,0.796,9,-6.202,1,0.0322,0.384,0,0.296,0.824,204.028,4
spotify:track:46oKpr00CmuPJGvPZ3y9uk,"It's A Pity","Tanya...Collection Of Hits","Tanya Stephens",2009-08-25,253160,53,false,111573307,2014-06-03T12:15:27Z,"reggae,dancehall,lovers rock,ragga,roots reggae","VP Records",0.65,0.811,7,-5.448,1,0.334,0.00788,0,0.0145,0.821,139.755,4
spotify:track:5HwTPPZb9hNuTpLMhk8jth,"Keep Lovin' You","The Definitive Collection","Dave Hollister",2006-01-01,233786,0,false,111573307,2014-06-11T14:02:26Z,"quiet storm,neo soul","Universal Music",0.716,0.712,6,-2.369,1,0.228,0.0598,0,0.0689,0.903,91.969,4
spotify:track:2tFSgGZnkm0bOYxsIJ1NMm,"Brown Sugar (Fine)","Brown Sugar (Soundtrack)","Mos Def",2002-01-01,211800,0,false,111573307,2014-06-11T14:03:05Z,"hip hop de la costa este,hip hop old school,hip hop","Geffen*",0.778,0.818,2,-5.247,1,0.309,0.0556,0,0.356,0.693,97.894,4
spotify:track:6ZnF6QTeRsWCCho0YDuTtI,"Try Again","What If","Aaliyah",2014-06-05,285946,0,false,111573307,2014-06-11T14:05:09Z,"r&b,r&b contemporáneo","Sunflash Records",0.791,0.661,6,-4.904,0,0.262,0.0739,0,0.0767,0.695,93.035,4
spotify:track:6yuvC80FcnVJNvC0DbXN9e,"Come to Me (feat. Nicole Scherzinger)","Press Play","Diddy;Nicole Scherzinger",2006-10-13,276786,55,true,111573307,2014-06-11T14:07:04Z,"hip hop,hip hop de la costa este","Bad Boy Records",,,,,,,,,,,,
spotify:track:3uBFQ2i8K2kQrd33SHRjZf,"Scared of Love","The Great Nate Dogg","Nate Dogg",2013-01-22,326826,4,false,111573307,2014-06-11T14:12:08Z,"g-funk,hip hop de la costa oeste,hip hop old school","Merlin Media Ltd - X5 Music Group",0.693,0.576,7,-5.72,0,0.0364,0.00842,0.000363,0.259,0.795,78.82,4
spotify:track:2kPQbvKYxJV2z5q2wNps7n,"Chase The Devil","War Ina Babylon","Max Romeo;The Upsetters",1976-01-01,207666,0,false,111573307,2014-06-11T14:26:26Z,"reggae,roots reggae,rocksteady,dub,ragga","Island Records",0.838,0.34,2,-14.334,1,0.565,0.0807,0,0.105,0.836,149.079,4
spotify:track:2MuJbBWAVewREJmB8WdGJ3,"It Was A Good Day","The Essentials","Ice Cube",2008-01-01,260306,59,true,111573307,2014-07-28T19:01:52Z,"hip hop old school,rap gangster,hip hop de la costa oeste,g-funk,hip hop","Priority Records",0.78,0.754,5,-5.377,0,0.0952,0.135,0.034,0.0467,0.81,82.394,4
spotify:track:42et6fnHCw1HIPSrdPprMl,"Semi-Charmed Life","Third Eye Blind","Third Eye Blind",1997-04-08,268360,85,false,111573307,2014-08-03T21:24:36Z,"","Rhino/Elektra",0.64,0.864,7,-6.576,1,0.0314,0.00832,0,0.123,0.701,102.026,4
spotify:track:4Zm0cTwEMly3aCgPdyqIQz,"Let It Go","Thank You,","The Neighbourhood",2012-12-18,197266,42,false,111573307,2014-08-07T21:17:06Z,"","Columbia",0.49,0.79,5,-4.833,0,0.0699,0.0156,0.00118,0.219,0.285,149.903,4
spotify:track:0cBTbpSTj66GXHBE4eJWdv,"Sweet Dreams (Are Made of This) - Sucker Punch: Original Motion Picture Soundtrack","Sucker Punch (Original Motion Picture Soundtrack)","Emily Browning",2011-03-04,318640,0,false,111573307,2014-08-18T19:52:50Z,"","Sony Classical",0.41,0.557,8,-10.784,1,0.0296,0.0936,0.237,0.137,0.169,92.497,4
spotify:track:3bl4EuPpSYAooOeTBOFawe,"Gimme My Money","Blue Streak - The Album","Rehab",1999-08-30,217160,29,false,111573307,2014-08-20T19:36:45Z,"hip hop country","Epic/Sony Music Soundtrax",0.82,0.551,6,-11.158,0,0.272,0.0811,0,0.313,0.805,93.79,4
spotify:track:5bSiuwu1mBUvSgDSEaJfJG,"One Day - feat. Don Corleon","The Rising Of The Son","Patrice",2013-08-26,144626,8,false,111573307,2014-08-21T19:51:54Z,"reggae,ragga","Supow Music / Because Music",0.875,0.561,0,-10.46,0,0.0601,0.173,0,0.068,0.615,123.928,4
spotify:track:3WJan0el6ctx5H7sV77BTx,"Brick Cell Therapy (feat. 60 Second Assassin & Heaven Razah)","Welcome to the Detroit Zoo","Phillie",2012-12-31,230004,0,true,111573307,2014-08-23T19:50:47Z,"","Black Day in July Productions",0.643,0.716,1,-6.271,1,0.136,0.141,0,0.0732,0.515,100.233,4
spotify:track:5g4BYABjxLYha5U88JFtbT,"Mary, Mary","The Best of The Monkees","The Monkees",2008-07-01,135640,37,false,111573307,2014-08-24T09:53:57Z,"","Rhino",0.682,0.564,11,-8.011,1,0.0278,0.0315,0,0.19,0.934,126.895,4
spotify:track:0EkB09i9ohIUnsw45jzEyf,"Toxic","Yael Naim","Yael Naim",2007-10-22,267225,0,false,111573307,2014-08-24T10:01:01Z,"","tôt Ou tard",0.647,0.299,8,-11.836,1,0.0632,0.605,0.0000556,0.0685,0.157,120.043,4
spotify:track:0NTSwjegwCGXjm5zMX12VW,"Otherwise","Charango","Morcheeba",2002-07-01,222839,63,false,111573307,2014-08-26T21:26:05Z,"trip hop,downtempo","EastWest U.K.",0.69,0.529,2,-7.555,0,0.0313,0.276,0.00000532,0.32,0.596,148.056,4
spotify:track:1yHqQ7ABCM4GbsprRs8NGO,"3005","3005","Childish Gambino",2013-11-03,235662,0,true,111573307,2014-08-28T20:51:08Z,"","Digital Distribution Latvia",0.681,0.463,6,-6.542,0,0.289,0.128,0,0.0769,0.661,82.92,4
spotify:track:61CyBmY0Gx6C043G4eatNi,"All I Know","Hip Hop - Universal Masters","Rahzel",2003-01-01,259386,6,false,111573307,2014-08-28T21:45:36Z,"hip hop de la costa este","Universal Music Group International",0.704,0.926,1,-4.222,1,0.328,0.0699,0.00000161,0.198,0.754,90.125,4
spotify:track:4L7jMAP8UcIe309yQmkdcO,"Lost","channel ORANGE (Explicit Version)","Frank Ocean",2012-07-10,234093,3,true,111573307,2014-08-29T15:59:32Z,"","Red Zone Entertainment / IDJ",0.913,0.603,8,-4.892,1,0.226,0.0272,0.000503,0.167,0.497,123.061,4
spotify:track:0JXXNGljqupsJaZsgSbMZV,"Sure Thing","All I Want Is You","Miguel",2010-11-30,195373,89,false,111573307,2014-08-29T15:59:56Z,"r&b","Jive",0.684,0.607,11,-8.127,0,0.1,0.0267,0.000307,0.191,0.498,81.001,4
spotify:track:2MYl0er3UZ1RlKwRb5LODh,"A.D.H.D","Section.80","Kendrick Lamar",2011-07-02,215509,2,true,111573307,2014-08-29T16:03:35Z,"hip hop,hip hop de la costa oeste","Top Dawg Entertainment / Section.80",0.609,0.799,9,-6.883,1,0.24,0.33,0,0.108,0.582,157.74,4
spotify:track:1Zip7GOkvl2zpXmjvRhhx6,"I Am Sold","Overgrown","James Blake",2013-04-08,244480,0,false,111573307,2014-09-02T21:01:41Z,"","Universal Music Group",0.542,0.39,11,-9.635,0,0.0409,0.771,0.00632,0.104,0.258,139.834,4
spotify:track:21huVFWBlYepQ8i0CwSXlb,"Room to Breathe","Room to Breathe","Dolly Shine",2013-06-18,241678,21,false,111573307,2014-09-03T08:02:09Z,"country de texas,red dirt","Independent",0.52,0.181,11,-11.629,1,0.0412,0.909,0.0000721,0.083,0.171,126.336,3
spotify:track:0C79sQhgGvnJn9oYxQHW4s,"Flower Child","The Boombox Diaries, Vol. 1 - EP","Nitty Scott;Kendrick Lamar",2012-08-28,202447,0,true,111573307,2014-09-09T22:30:14Z,"hip hop,hip hop de la costa oeste","Distrolord Digital",0.784,0.512,0,-9.058,0,0.342,0.763,0,0.111,0.705,95.024,4
spotify:track:03YrTPLMgGXQOlKTTBwgiO,"Open Your Eyes","Love In The Future (Expanded Edition)","John Legend",2013-08-30,186798,38,false,111573307,2014-09-15T19:49:08Z,"pop suave,neo soul","G.O.O.D. Music/Columbia",0.663,0.699,4,-5.505,1,0.0287,0.576,0.00000606,0.237,0.611,97.046,4
spotify:track:3DmW6y7wTEYHJZlLo1r6XJ,"Shower","Shower","Becky G",2014-04-23,206166,85,false,111573307,2014-09-17T20:28:38Z,"reggaetón,latina","Kemosabe Records/RCA Records",0.699,0.529,2,-7.548,1,0.0487,0.0317,0.0000359,0.285,0.121,119.987,4
spotify:track:1huvTbEYtgltjQRXzrNKGi,"Don't","x (Deluxe Edition)","Ed Sheeran",2014-06-21,219840,73,false,111573307,2014-09-17T20:29:36Z,"pop suave","Atlantic Records UK",0.806,0.608,1,-7.008,1,0.0659,0.0113,0,0.635,0.849,95.049,4
spotify:track:4sUuBjUfE0zDd4L8YCXiFL,"Black","Black","THE-DREAM",2014-01-01,240021,0,true,111573307,2014-09-17T21:13:10Z,"r&b","Universal Music Group",0.512,0.625,0,-6.891,1,0.052,0.0678,0,0.133,0.739,109.306,5
spotify:track:3MODES4TNtygekLl146Dxd,"Ramble On - 1990 Remaster","Led Zeppelin II (1994 Remaster)","Led Zeppelin",1969-10-22,263333,73,false,111573307,2014-09-20T01:08:54Z,"rock clásico,rock,hard rock,rock and roll","Rhino Atlantic",0.468,0.607,9,-11.367,1,0.0336,0.072,0.000852,0.225,0.886,98.429,4
spotify:track:0B6rNAbgEDG13mZ82mh10K,"That Way (feat. Jeremih & Rick Ross)","MMG Presents: Self Made, Vol. 1","Wale;Jeremih;Rick Ross",2011-05-23,269266,33,true,111573307,2014-09-21T10:40:22Z,"hip hop sureño americano","Warner Records",0.683,0.691,6,-6.435,0,0.23,0.0379,0,0.0578,0.295,73.469,4
spotify:track:4CoGfQxsAMP9MeQjzOowYi,"Waiting... - Live","Live At the Orange Lounge","City and Colour",2010-05-28,288613,0,false,111573307,2014-09-21T11:54:22Z,"","Dine Alone Music",0.573,0.411,9,-8.17,1,0.0313,0.913,0,0.0716,0.402,133.744,4
spotify:track:3MtMrpbmkxCWsMD2AL8P6q,"You Are","You Are","Charlie Wilson",2010-10-08,249920,43,false,111573307,2014-09-21T12:05:55Z,"drill sexy","Jive",0.588,0.812,5,-3.938,0,0.0516,0.0716,0,0.144,0.236,132.017,3
spotify:track:5pCFHbb5ETpMCKbfZBD7T1,"Blue Jeans","Born To Die","Lana Del Rey",2012-01-30,209453,0,false,111573307,2014-09-24T21:13:01Z,"","Universal Music Division Polydor",0.546,0.839,3,-4.364,1,0.0707,0.431,0,0.0819,0.484,117.914,4
spotify:track:0mGgN6D36IFwMbKtJSesKl,"Don't Wait","Don't Wait","Mapei",2014-04-04,215773,57,false,111573307,2014-09-29T13:28:59Z,"","Columbia",0.748,0.496,7,-6.119,1,0.0557,0.0825,0,0.163,0.333,98.971,4
spotify:track:0wSdeVrAAIJnqtulIG4wYi,"Personal","Personal","Jessie J",2014-09-30,232906,0,false,111573307,2014-10-01T09:35:36Z,"","Universal Music Group",0.582,0.631,9,-5.641,1,0.202,0.421,0,0.114,0.429,136.019,4
spotify:track:1KM1UMZe93xmBswZRFLUsL,"Autumn Leaves","X (Deluxe Version)","Chris Brown;Kendrick Lamar",2014-09-12,268813,0,true,111573307,2014-10-01T21:12:20Z,"r&b,hip hop,hip hop de la costa oeste","RCA Records Label",0.594,0.606,1,-7.931,1,0.334,0.302,0,0.14,0.431,72.854,4
spotify:track:7i44Yb6aETnYUajcqlZbZO,"Drown","PIL 2","Ja Rule",2012-02-28,280653,21,true,111573307,2014-10-06T16:48:49Z,"hip hop de la costa este","Mpire Music Group",0.605,0.599,3,-7.429,0,0.302,0.0451,0.0000447,0.16,0.608,83.861,4
spotify:track:6RtPijgfPKROxEzTHNRiDp,"Rude","Don't Kill the Magic","MAGIC!",2014-06-25,224849,88,false,111573307,2014-10-13T17:36:05Z,"","Latium Records/RCA Records",0.773,0.758,1,-4.993,1,0.0381,0.0422,0,0.305,0.925,144.033,4
spotify:track:5uLb01OcHVl8ayyWotfx31,"Drunk Texting","X (Deluxe Version)","Chris Brown;Jhené Aiko",2014-09-12,227506,0,true,111573307,2014-10-13T21:00:52Z,"r&b","RCA Records Label",0.403,0.487,0,-5.601,0,0.0941,0.2,0,0.264,0.375,61.314,4
spotify:track:5JtGmRr2iHE9W7GTNzxKx0,"Cigarette Song","Cigarette Song","Raury",2014-07-29,235906,25,true,111573307,2014-10-13T21:02:17Z,"","Love Renaissance",0.72,0.509,4,-7.548,0,0.0391,0.0263,0.000319,0.4,0.481,111.992,4
spotify:track:6WNqOfvfqmbyCk23ejRBwO,"I'm Not The Only One","I'm Not The Only One","Sam Smith;A$AP Rocky",2014-09-11,222329,0,false,111573307,2014-10-26T23:59:30Z,"pop suave,rap","UMG-EMI",0.717,0.499,5,-7.123,1,0.0478,0.499,0,0.071,0.541,81.995,4
spotify:track:0vw8qmkWBBWk6FQYPx1fPe,"One Good Spliff","Harold & Kumar Go To White Castle: The Album (Original Soundtrack)","Ziggy Marley & The Melody Makers",2004-01-01,236012,9,true,111573307,2014-10-27T23:48:53Z,"reggae,roots reggae","Sall Entertainment Group Inc. \ Fontana North",0.624,0.514,2,-10.101,1,0.102,0.505,0.00000886,0.0579,0.66,107.785,4
spotify:track:4HJ6aJaS2jnRrijh7vrEdy,"Righteous Dub","Harold & Kumar Go To White Castle: The Album (Original Soundtrack)","Long Beach Dub Allstars;Barrington Levy",2004-01-01,176506,19,true,111573307,2014-10-27T23:49:04Z,"reggae rock,reggae,ska punk,ska,surf rock,dub,roots reggae,lovers rock,ragga,dancehall,rocksteady","Sall Entertainment Group Inc. \ Fontana North",0.714,0.706,8,-6.358,0,0.0546,0.00502,0.0485,0.374,0.876,76.788,4
spotify:track:2lnJ7TzuHQvdGwTDJPGH0y,"Kinda High, Kinda Drunk","Harold & Kumar Go To White Castle: The Album (Original Soundtrack)","Coolio",2004-01-01,226946,6,true,111573307,2014-10-27T23:49:50Z,"hip hop de la costa oeste,g-funk","Sall Entertainment Group Inc. \ Fontana North",0.893,0.546,1,-7.021,1,0.315,0.241,0,0.318,0.896,88.569,4
spotify:track:6wFM9VkA1JmfzDDfHtkTZI,"I Wanna Get Next To You","Harold & Kumar Go To White Castle: The Album (Original Soundtrack)","Rose Royce",2004-01-01,238146,14,false,111573307,2014-10-27T23:50:03Z,"quiet storm,disco,soul clásico","Sall Entertainment Group Inc. \ Fontana North",0.626,0.462,0,-9.181,1,0.0298,0.532,0.00015,0.201,0.564,131.768,4
spotify:track:4ItFZDjblsYhJQdivzvYFw,"Dead Presidents II","Reasonable Doubt","JAŸ-Z",1996-06-25,267240,0,false,111573307,2014-11-02T10:07:55Z,"hip hop,hip hop de la costa este,rap","Roc-a-fella",0.641,0.888,0,-9.745,0,0.414,0.163,0,0.187,0.558,174.499,4
spotify:track:4tF9hUp20YlgKBIp2iExNc,"Unbelievable - single version/ radio edit","The Story Goes .... (Limited Tour Edition)","Craig David",2005-09-06,202186,0,false,111573307,2014-11-20T21:44:58Z,"","WM UK",0.596,0.531,0,-6.881,1,0.0396,0.63,0,0.146,0.309,125.97,4
spotify:track:7dS5EaCoMnN7DzlpT6aRn2,"Take Me To Church","Hozier (Deluxe)","Hozier",2014-05-20,241688,2,false,111573307,2014-11-25T21:16:23Z,"","Universal Music Ltd.",0.566,0.664,4,-5.303,0,0.0464,0.634,0,0.116,0.437,128.945,4
spotify:track:34gCuhDGsG4bRPIf9bb02f,"Thinking out Loud","x (Deluxe Edition)","Ed Sheeran",2014-06-21,281560,86,false,111573307,2014-11-25T21:35:01Z,"pop suave","Atlantic Records UK",0.781,0.445,2,-6.061,1,0.0295,0.474,0,0.184,0.591,78.998,4
spotify:track:1VbhR6D6zUoSTBzvnRonXO,"I'm Not The Only One","In The Lonely Hour (Deluxe Edition)","Sam Smith",2014-01-01,239316,0,false,111573307,2014-11-25T23:45:13Z,"pop suave","Universal Music Ltd.",0.678,0.491,5,-5.815,1,0.0358,0.565,0.0000278,0.0772,0.519,81.997,4
spotify:track:2znzyzlAUc8Z1Ikq9aFOcx,"Tuesday (feat. Drake)","Tuesday (feat. Drake)","ILOVEMAKONNEN;Drake",2014-09-01,321987,1,true,111573307,2014-11-25T23:45:24Z,"rap","OVO Sound/Warner Records",0.77,0.664,0,-5.604,1,0.211,0.215,0.000118,0.105,0.472,140.163,4
spotify:track:0ifSeVGUr7py5GggttDhXw,"All About That Bass","All About That Bass","Meghan Trainor",2014-06-30,188754,61,true,111573307,2014-11-25T23:45:35Z,"","Epic",0.811,0.879,9,-3.724,1,0.0514,0.0476,0.00000191,0.109,0.962,134.064,4
spotify:track:7EY92s5617dlVFZXxIpQlY,"Egredimini","Not a Second Time","Ophelia's Dream",2004-11-15,185000,0,false,111573307,2014-11-25T23:50:45Z,"música neoclásica,neofolk","Kalinkaland",0.201,0.563,11,-10.529,0,0.033,0.961,0.895,0.0998,0.0514,142.03,3
spotify:track:6YXztVnp5E9afXcPLh267n,"A Okay [Bonus]","Beautiful Loser","KYLE",2013-08-05,214177,0,true,111573307,2014-11-25T23:59:51Z,"","Indie-Pop",0.669,0.92,1,-4.974,1,0.0961,0.0155,0,0.0682,0.748,94.278,4
spotify:track:2PVjeDKsDJBSqU0d7HUWkW,"So Fly","Perfectly Imperfect","Elle Varner",2012-08-03,217533,24,false,111573307,2014-11-26T00:00:25Z,"","RCA Records Label",0.749,0.615,8,-4.634,1,0.0494,0.0495,0,0.176,0.618,93.933,4
spotify:track:2G665l0cf1llZYa9Xbk6Hg,"Good Luv'n","Pineapple Now-Laters","BJ The Chicago Kid",2012-02-21,229059,0,false,111573307,2014-11-26T00:03:05Z,"","M.A.F.E MUSIC LLC",0.682,0.456,9,-5.626,1,0.143,0.358,0.00000505,0.319,0.6,81.024,4
spotify:track:0mUyMawtxj1CJ76kn9gIZK,"Bad Day","Daniel Powter","Daniel Powter",2005-02-22,233640,79,false,111573307,2014-11-30T23:28:45Z,"","Warner Records",0.599,0.785,3,-4.013,1,0.0309,0.448,0.00336,0.151,0.52,140.046,4
spotify:track:2hYGXe0QDxegyHwiZnWUeY,"Jimmy Gets High","Jimmy Gets High","Daniel Powter",2005-08-16,220840,11,false,111573307,2014-11-30T23:29:17Z,"","Warner Records",0.476,0.789,9,-5.024,1,0.0323,0.629,0.304,0.357,0.304,148.106,4
spotify:track:5xmWmZCN4397q8qdwEnLqi,"Jah World (feat. Ghostface Killah, RZA & Junior Reid)","The W","Wu-Tang Clan;Ghostface Killah;RZA;Junior Reid",2000-11-20,231040,26,true,111573307,2014-11-30T23:31:31Z,"hip hop old school,hip hop de la costa este,hip hop,rap gangster,hardcore hip hop,madchester,roots reggae,reggae,ragga","LOUD Records",0.476,0.829,5,-5.129,0,0.116,0.735,0.0106,0.208,0.462,69.798,4
spotify:track:4kO9tbzDOHwTXwRrFTKkTi,"Bag Lady","The Ultimate Contemporary R&B and Neo-Soul Collection Volume 1","The Hit Co.",2011-01-01,244293,0,false,111573307,2014-12-09T17:41:26Z,"","Planet Music",0.768,0.524,5,-8.934,0,0.138,0.0911,0,0.192,0.679,85.69,4
spotify:track:7vMybRJP42SVmpBC1DZtFD,"Gone Till November","The Ultimate Contemporary R&B and Neo-Soul Collection Volume 1","The Hit Co.",2011-01-01,219506,0,false,111573307,2014-12-09T17:41:38Z,"","Planet Music",0.595,0.306,4,-14.654,1,0.0735,0.122,0,0.0888,0.544,86.57,4
spotify:track:4ilwJ0wxyQdCybj73fNU7X,"Nothing Even Matters","The Ultimate Contemporary R&B and Neo-Soul Collection Volume 1","The Hit Co.",2011-01-01,343013,0,false,111573307,2014-12-09T17:42:00Z,"","Planet Music",0.619,0.22,1,-19.563,1,0.0732,0.492,0,0.106,0.613,135.877,4
spotify:track:3DLZnkbfVGxvdplqddi8WN,"No Letting Go (remix) - Remix","Reggae Gold 2003","Wayne Wonder, LL Cool J [Feat. Dutchess]",2003-06-17,196626,0,false,111573307,2014-12-14T17:08:33Z,"","VP Records",0.751,0.832,1,-6.928,1,0.0771,0.0231,0.000976,0.0688,0.843,100.2,4
spotify:track:75fuzn623bYyKISKlFHdCw,"Kiss Me","6 PICKS: Essential Radio Hits EP","Sixpence None The Richer",2009-02-03,205239,0,false,111573307,2014-12-14T17:39:49Z,"","Squint/Word",0.529,0.741,3,-5.661,1,0.0268,0.116,0.00000122,0.0736,0.455,100.008,4
spotify:track:1Y5IKAs7tuIqLHxUVjphup,"Fly Like an Eagle","Best 1991 - 2004","Seal",2004,254706,24,false,111573307,2014-12-14T17:45:44Z,"","Warner Records",0.63,0.785,7,-6.941,1,0.0577,0.0135,0.00000932,0.0803,0.671,97.123,4
spotify:track:1ZA8L9IOkRhmmz4nPXXx7h,"Hotel California - 2013 Remaster","The Complete Greatest Hits (2013 Remaster)","Eagles",2013-04-26,391376,59,false,111573307,2014-12-14T18:57:46Z,"rock clásico,yacht rock,rock suave","Rhino/Elektra",0.579,0.508,2,-9.484,1,0.027,0.00574,0.000494,0.0575,0.609,147.125,4
spotify:track:5SJvTeu1IRcHqfG8d6Jl1M,"The Big Payback","Pineapple Now-Laters","BJ The Chicago Kid",2012-02-21,165900,0,false,111573307,2014-12-16T23:16:00Z,"","M.A.F.E MUSIC LLC",0.381,0.395,7,-12.52,0,0.0736,0.685,0.0000268,0.103,0.385,169.462,4
spotify:track:7swGurTfZlwx7mTOE8PpIc,"Sweet November","Z","SZA",2014-04-08,243744,60,true,111573307,2014-12-16T23:16:20Z,"r&b","Top Dawg Entertainment",0.478,0.551,0,-7.079,0,0.0354,0.532,0.0154,0.288,0.481,108.849,4
spotify:track:0Od2QdQgaWpJ17TJvwgyKI,"Emotion","Love Songs","Destiny's Child",2013-01-29,235800,30,false,111573307,2014-12-16T23:16:40Z,"","Columbia/Legacy",0.58,0.545,7,-6.05,1,0.0576,0.149,0,0.098,0.373,86.942,4
spotify:track:6ZYBRBa61a8AGQRhjkXWkx,"Hypnotic","Zella Day","Zella Day",2014-01-01,176573,0,false,111573307,2014-12-18T21:28:46Z,"","Pinetop Records",0.576,0.706,6,-5.255,0,0.0462,0.0789,0,0.279,0.444,162.051,4
spotify:track:2WCVG3OohcyzhebHsDHgBd,"Mrs. International","Blackout! 2","Method Man;Redman;Erick Sermon",2009-05-19,218880,0,true,111573307,2014-12-18T21:41:17Z,"hip hop de la costa este,hip hop old school,hip hop,hardcore hip hop","Universal Music Group",0.756,0.775,6,-4.555,0,0.149,0.307,0,0.336,0.549,92.787,4
spotify:track:3MtmLNzU2usLhwVHIE4cK2,"Trusty and True","My Favourite Faded Fantasy","Damien Rice",2014-10-31,489215,37,false,111573307,2015-01-04T18:44:09Z,"cantautores","Atlantic Records UK",0.534,0.229,8,-13.088,1,0.033,0.515,0.000136,0.111,0.21,118.204,3
spotify:track:7GJClzimvMSghjcrKxuf1M,"Budapest","Wanted on Voyage","George Ezra",2014-06-27,200720,4,false,111573307,2015-01-05T00:46:01Z,"","Columbia",0.714,0.451,5,-8.268,1,0.0276,0.0883,0,0.108,0.406,127.787,4
spotify:track:4jtyUzZm9WLc2AdaJ1dso7,"0 To 100 / The Catch Up","0 To 100 / The Catch Up","Drake",2013-07-14,275226,72,true,111573307,2015-01-05T00:48:15Z,"rap","Cash Money Records/Young Money Ent./Universal Rec.",0.559,0.716,11,-3.964,0,0.39,0.737,0,0.252,0.504,176.618,4
spotify:track:62vpWI1CHwFy7tMIcSStl8,"No Role Modelz","2014 Forest Hills Drive","J. Cole",2014-12-09,292986,11,true,111573307,2015-01-05T00:50:18Z,"rap","Roc Nation/Columbia",0.692,0.521,10,-8.465,0,0.33,0.301,0,0.0565,0.463,100.45,4
spotify:track:7GKogiySPMru5MYoOWM9KH,"Merry Christmas Mr. Lawrence","Playing The Piano","Ryuichi Sakamoto",2009-01-01,280800,0,false,111573307,2015-01-05T01:33:23Z,"música clásica japonesa,ambient","Decca",0.442,0.233,10,-20.208,0,0.0466,0.979,0.913,0.0895,0.12,98.621,4
spotify:track:6FvBhhtH19O0xRnexAFyrg,"Superhuman (feat. Keri Hilson)","Exclusive - The Forever Edition","Chris Brown;Keri Hilson",2007,218160,0,false,111573307,2015-01-05T22:39:43Z,"r&b","Jive",0.499,0.623,8,-6.316,1,0.0518,0.133,0,0.159,0.318,143.485,4
spotify:track:3RtxhCKyT5c1Gz9Ue9CahE,"Successful (with Drake)","Ready","Trey Songz;Drake",2009-08-31,266253,39,false,111573307,2015-01-05T22:43:32Z,"r&b,rap","Atlantic Records",0.567,0.457,8,-8.062,1,0.408,0.542,0,0.221,0.311,159.669,4
spotify:track:124NFj84ppZ5pAxTuVQYCQ,"Take Care","Take Care (Deluxe)","Drake;Rihanna",2011-11-15,277386,80,true,111573307,2015-01-05T22:45:25Z,"rap","Cash Money Records/Young Money Ent./Universal Rec.",0.629,0.515,0,-10.358,0,0.265,0.0267,0.0000122,0.0888,0.299,121.845,4
spotify:track:7HTX5cE4qzHALfgO2xSvMd,"Ayo Technology","Acoustic Dance Sessions","Milow",2012,213640,1,false,111573307,2015-01-05T22:50:22Z,"","Cloud 9 Music",0.778,0.661,11,-7.664,0,0.0347,0.653,0,0.103,0.747,128.052,4
spotify:track:4wxFR4UzXHRtp50fu2BkNl,"Apparently","2014 Forest Hills Drive","J. Cole",2014-12-09,293026,0,false,111573307,2015-01-16T10:23:48Z,"rap","Roc Nation/Columbia",0.803,0.523,5,-10.082,1,0.0707,0.584,0,0.115,0.533,134.005,4
spotify:track:28euH5Ny1JXxZAt2KjWp62,"You Give Me Something","Undiscovered","James Morrison",2006-01-01,212933,55,false,111573307,2015-01-17T16:04:46Z,"","Polydor Records",0.559,0.671,7,-7.109,1,0.1,0.21,0,0.0869,0.577,79.493,4
spotify:track:57vaAoV7I5jeja5ZWbC2H2,"Sewn","Twelve Stops And Home","The Feeling",2007-01-01,354680,13,false,111573307,2015-01-17T16:05:19Z,"","Interscope",0.537,0.737,5,-5.001,1,0.0371,0.163,0,0.087,0.234,149.961,4
spotify:track:0mUyMawtxj1CJ76kn9gIZK,"Bad Day","Daniel Powter","Daniel Powter",2005-02-22,233640,79,false,111573307,2015-01-17T16:06:07Z,"","Warner Records",0.599,0.785,3,-4.013,1,0.0309,0.448,0.00336,0.151,0.52,140.046,4
spotify:track:11bD1JtSjlIgKgZG2134DZ,"Chasing Cars","Eyes Open","Snow Patrol",2006-01-01,267933,6,false,111573307,2015-01-17T16:09:16Z,"","Polydor Records",0.563,0.592,9,-4.571,1,0.0276,0.209,0.0000508,0.132,0.136,104.016,4
spotify:track:7n37dToRMRqUhdOnh9sEhB,"Why You Wanna","King","T.I.",2006-03-27,215000,0,true,111573307,2015-01-17T16:11:23Z,"hip hop sureño americano","Grand Hustle/Atlantic",0.802,0.772,1,-4.893,0,0.192,0.358,0,0.0603,0.654,96.046,4
spotify:track:1NarGDteHRuDA9OfGyQ2MG,"Hey There Delilah","Hey There Delilah","Plain White T's",2006,226493,0,false,111573307,2015-01-17T16:14:44Z,"","Hollywood Records Inc.",0.624,0.28,2,-10.415,1,0.029,0.861,0.00000151,0.116,0.288,105.087,4
spotify:track:4VywXu6umkIQ2OS0m1I79y,"Better Together","In Between Dreams","Jack Johnson",2005-01-01,207680,76,false,111573307,2015-01-17T16:15:34Z,"surf rock","Jack Johnson",0.868,0.347,5,-9.529,1,0.0536,0.308,0.00002,0.11,0.659,110.059,4
spotify:track:0XCq3uj45Gc1OZOdyg7YUg,"Funky thérapie","Faites vous des amis","LES ESCROCS",1994-01-01,243306,5,false,111573307,2015-01-19T00:07:41Z,"jazz francés","Big Thumb Records",0.742,0.753,2,-10.706,1,0.0811,0.0561,0,0.0579,0.761,90.011,4
spotify:track:76KisxMoH4cttuaGcT1kUA,"SLS","PARTYNEXTDOOR TWO","PARTYNEXTDOOR",2014-07-29,217664,0,true,111573307,2015-01-23T21:24:19Z,"dark r&b,r&b,trap soul","OVO Sound/Warner Records",0.646,0.727,6,-4.973,0,0.164,0.186,0,0.0758,0.702,132.619,4
spotify:track:0kF6MdXhjQeYhZ2kogCIsx,"She Came II Give It II U (feat. Nicki Minaj)","She Came II Give It II U (feat. Nicki Minaj)","USHER;Nicki Minaj",2014-07-08,242560,51,true,111573307,2015-01-23T21:37:18Z,"r&b","RCA Records Label",0.821,0.565,4,-5.403,0,0.0837,0.0419,0,0.0796,0.732,119.975,4
spotify:track:5kIMtksXc3pqb1TuMoFUps,"Dedication To My Ex (Miss That)","King Of Hearts","Lloyd;André 3000;Lil Wayne",2011-01-01,236146,0,true,111573307,2015-01-23T21:40:50Z,"r&b,jazz ambiental,rap,hip hop","Universal Music Group",0.827,0.717,0,-4.536,1,0.06,0.0181,0.00000717,0.0938,0.966,119.018,4
spotify:track:2k9cDkVumJEtoBASCPIiFw,"Refill","Perfectly Imperfect","Elle Varner",2012-08-03,240133,52,false,111573307,2015-01-29T16:34:29Z,"","RCA Records Label",0.425,0.536,0,-4.063,0,0.0336,0.0415,0,0.214,0.257,128.064,4
spotify:track:5MOenRdksVBcLCNTdC23BG,"Therapy","The London Sessions","Mary J. Blige",2014-11-28,202726,0,false,111573307,2015-01-29T16:38:32Z,"r&b","Universal Music Group",0.54,0.525,6,-6.368,1,0.295,0.547,0,0.149,0.44,81.619,4
spotify:track:3FbWFq4H3Fy1syTnwrZ3SJ,"Miss You - Main","Aaliyah (International Version)","Aaliyah",2001,245640,0,false,111573307,2015-01-29T16:40:15Z,"r&b,r&b contemporáneo","Universal Music Group",0.67,0.341,10,-9.872,1,0.0341,0.627,0,0.203,0.505,109.828,4
spotify:track:2Nu0P68oruhup6YcAi8On3,"Happy","Ashanti","Ashanti",2002-01-01,262226,0,true,111573307,2015-01-29T16:41:19Z,"r&b","Def Jam Recordings",0.727,0.515,2,-6.553,0,0.0289,0.24,0.00000365,0.13,0.696,89.488,4
spotify:track:03Yl2UrXLNIkYoOCLzePZN,"One More","One More","Ne-Yo;T.I.",2015-01-20,258311,0,true,111573307,2015-01-29T16:44:50Z,"hip hop sureño americano","Universal Music Group",0.758,0.559,5,-7.517,1,0.0494,0.519,0,0.168,0.461,110.031,4
spotify:track:3tXzOcxvj5XAjwiTiRWUGP,"Can't Get Enough (Remastered Album Version)","Bad Company","Bad Company",1974,254400,0,false,111573307,2015-02-02T13:54:04Z,"rock clásico,aor,rock sureño,hard rock","Rhino Atlantic",0.662,0.763,0,-7.475,1,0.0397,0.132,0.0013,0.067,0.699,126.333,4
spotify:track:1bIk9t8Y2SKzoybF3NPEmR,"Forgive","The Love EP","Dynasty (Ya Girl Dy)",2011-11-11,220682,0,false,111573307,2015-02-17T20:01:55Z,"","Feel Good Ink / Recordpushers",0.559,0.799,1,-8.701,1,0.469,0.333,0,0.442,0.623,176.178,4
spotify:track:2ZCs3CbZkxpTIcqc2fFV1U,"Marry You","Riding with the King","Eric Clapton;B.B. King",2000-06-13,299520,0,false,111573307,2015-02-17T20:03:21Z,"blues rock,rock clásico,classic blues,blues,soul blues","Reprise",0.581,0.806,9,-6.458,1,0.0437,0.399,0.000898,0.0761,0.758,184.016,4
spotify:track:6Vas6h9lB5mmeVDXdFqlQA,"Freak Like Me","Do You Wanna Ride?","Adina Howard",1995,253613,66,false,111573307,2015-02-17T20:22:28Z,"new jack swing","Rhino/Elektra",0.655,0.837,11,-6.04,0,0.0723,0.0262,0.00000585,0.0454,0.66,91.014,4
spotify:track:2bOr0ZxkJBn3TTYqbdrHiv,"Come To Give Love (Outro)","One In A Million (International Version)","Aaliyah",1996,100266,0,false,111573307,2015-02-17T20:22:55Z,"r&b,r&b contemporáneo","Universal Music LLC",0.912,0.559,1,-4.843,0,0.0563,0.13,0.44,0.0753,0.671,136.865,4
spotify:track:20shAL8VJSBfFZH8yUVHtx,"Raspy Shit - Album Version (Edited)","In My Mind","Pharrell Williams",2006-01-01,214960,13,false,111573307,2015-02-17T20:23:49Z,"","Virgin Records",0.809,0.79,10,-4.96,0,0.106,0.149,0,0.257,0.795,95.981,4
spotify:track:10KEIwFDIjltEVrtlbE39M,"Best Friend - Album Version (Edited)","In My Mind","Pharrell Williams",2006-01-01,281506,14,false,111573307,2015-02-17T20:23:49Z,"","Virgin Records",0.553,0.73,1,-5.295,1,0.33,0.411,0,0.0942,0.662,85.257,4
spotify:track:7tmSyhSlVZCoGDxnNEzmdP,"You Can Do It Too - Album Version (Edited)","In My Mind","Pharrell Williams",2006-01-01,321426,23,false,111573307,2015-02-17T20:23:49Z,"","Virgin Records",0.597,0.509,9,-8.625,1,0.135,0.141,0,0.183,0.599,84.784,4
spotify:track:3A6oNnsp2m9C845LWlnd5m,"Keep It Playa - Album Version (Edited)","In My Mind","Pharrell Williams;Slim Thug",2006-01-01,258506,10,false,111573307,2015-02-17T20:23:49Z,"hip hop sureño americano,crunk","Virgin Records",0.736,0.844,2,-6.075,1,0.3,0.168,0,0.326,0.835,173.795,4
spotify:track:5a0HRVQlS1ssld2cGoeOYB,"That Girl","In My Mind","Pharrell Williams;Snoop Dogg",2006-01-01,241026,37,false,111573307,2015-02-17T20:23:49Z,"g-funk,hip hop de la costa oeste,rap gangster,hip hop old school,hip hop,rap","Virgin Records",0.641,0.807,2,-5.271,1,0.199,0.288,0,0.294,0.706,96.021,4
spotify:track:4owDITVCiDo49C0eKnsuwZ,"Angel","In My Mind","Pharrell Williams",2006-01-01,164773,18,false,111573307,2015-02-17T20:23:49Z,"","Virgin Records",0.777,0.84,2,-4.745,1,0.0494,0.177,0.000371,0.0537,0.938,109.994,4
spotify:track:1XjVHGdFwqYn56Wyaz7XKt,"Young Girl / I Really Like You","In My Mind","Pharrell Williams",2006-01-01,493960,17,false,111573307,2015-02-17T20:23:49Z,"","Virgin Records",0.539,0.759,10,-4.474,0,0.0545,0.0633,0.0000418,0.0815,0.71,110.204,4
spotify:track:2Asups6TdIOBoQ5oUl2MiE,"Take It Off (Dim The Lights) - Album Version (Edited)","In My Mind","Pharrell Williams",2006-01-01,247266,16,false,111573307,2015-02-17T20:23:49Z,"","Virgin Records",0.689,0.595,6,-6.074,0,0.138,0.191,0.0000939,0.0901,0.861,81.98,4
spotify:track:6PdHf5ov1bmWM75UvwrAJa,"Stay With Me - Album Version (Edited)","In My Mind","Pharrell Williams;Pusha T",2006-01-01,246506,20,false,111573307,2015-02-17T20:23:49Z,"","Virgin Records",0.671,0.609,9,-7.558,0,0.0822,0.147,0.00000447,0.171,0.482,92.998,4
spotify:track:14WCycqgnpoDjGMfkWTsf9,"Baby - Album Version (Edited)","In My Mind","Pharrell Williams;Nelly",2006-01-01,246426,13,false,111573307,2015-02-17T20:23:49Z,"","Virgin Records",0.893,0.641,1,-6.031,0,0.139,0.0318,0,0.319,0.926,115.964,4
spotify:track:0iybn9ar7yTedntBwf5uy3,"Our Father","In My Mind","Pharrell Williams",2006-01-01,207133,9,false,111573307,2015-02-17T20:23:49Z,"","Virgin Records",0.763,0.797,2,-7.532,1,0.0454,0.418,0.000017,0.295,0.874,103.949,4
spotify:track:7MidCHPmNsAbLIe79QSSke,"Number One - Album Version (Edited)","In My Mind","Pharrell Williams;Kanye West",2006-01-01,236573,28,false,111573307,2015-02-17T20:23:49Z,"rap","Virgin Records",0.854,0.803,10,-5.622,0,0.127,0.252,0,0.0692,0.697,107.013,4
spotify:track:20aUYZqr5mfBwcZU2AmLmn,"Show You How To Hustle - Album Version (Edited)","In My Mind","Pharrell Williams;Lauren",2006-01-01,254160,15,false,111573307,2015-02-17T20:23:49Z,"fado","Virgin Records",0.761,0.877,10,-3.054,0,0.248,0.107,0,0.193,0.777,90.03,4
spotify:track:5pi1mlfcIiGmgzQOjkvfV4,"Horse & Carriage (feat. Mase)","Cam'ron...Harlem's Greatest","Cam'ron;Mase",1999-11-16,240840,21,true,111573307,2015-02-17T20:24:45Z,"hip hop de la costa este,hip hop old school","Epic/Untertainment",0.899,0.421,1,-10.509,1,0.237,0.0129,0.000274,0.164,0.608,99.745,4
spotify:track:2e2N4jVdpRUdspJVasO4hu,"No Cigarette Smoking (In My Room)","No Cigarette Smoking (In My Room)","Stephen Marley;Melanie Fiona",2011-01-01,220386,0,false,111573307,2015-02-17T20:30:14Z,"reggae,roots reggae,ragga","Universal Music",0.7,0.535,6,-5.474,0,0.0922,0.0344,0,0.0604,0.731,135.828,4
spotify:track:6RK2rXREaq5SkuPAmQvhYI,"Rhythm Of Life - Single Version","Reggae Greats","Third World",1985-01-01,183933,0,false,111573307,2015-02-17T20:31:53Z,"reggae,roots reggae","Island Records",0.866,0.633,7,-15.72,1,0.0559,0.0348,0.247,0.071,0.962,133.241,4
spotify:track:5XqW1uw0HFtOhwMTLt6VZc,"Innocent Man - Feat. Tippa Irie - Drop Leaf Remix","Innocent Man","Mark Morrison;Tippa Irie",2008-12-09,228133,2,false,111573307,2015-02-18T22:38:01Z,"jungle,ragga,lovers rock,dub,reggae","Global Music Group",0.723,0.717,6,-4.581,0,0.153,0.202,0.0000124,0.12,0.878,172.037,4
spotify:track:5ByFLBnh0V5AayAhG0qkNg,"Gots Ta Be - Allegro Love Remix","B2K The Remixes Vol. 1","B2K",2002-11-17,227266,3,false,111573307,2015-02-19T16:50:03Z,"","Epic",0.873,0.45,6,-3.668,0,0.225,0.0423,0.00000274,0.143,0.69,131.771,4
spotify:track:50woW8CF27ai5gAbtj7VTr,"He Couldn't Kiss","B2K The Remixes Vol. 1","Jhené Aiko",2002-11-17,229733,6,false,111573307,2015-02-19T16:50:45Z,"r&b","Epic",0.836,0.495,6,-5.554,0,0.0481,0.00773,0.00566,0.199,0.839,143.964,4
spotify:track:68thzKPaW0pzn5IxcCJd8O,"Suga Mama","B'Day Deluxe Edition","Beyoncé",2007-05-29,205973,45,false,111573307,2015-02-26T13:02:53Z,"","Columbia",0.691,0.931,9,-4.037,0,0.265,0.212,0.000118,0.34,0.573,93.852,4
spotify:track:7sk73N1SgNZweS3ozl3NXs,"Kitty Kat","B'Day Deluxe Edition","Beyoncé",2007-05-29,235680,49,false,111573307,2015-02-26T13:04:06Z,"","Columbia",0.814,0.384,1,-7.953,1,0.292,0.0516,0.00305,0.0968,0.537,157.992,4
spotify:track:1bIk9t8Y2SKzoybF3NPEmR,"Forgive","The Love EP","Dynasty (Ya Girl Dy)",2011-11-11,220682,0,false,111573307,2015-02-26T15:07:14Z,"","Feel Good Ink / Recordpushers",0.559,0.799,1,-8.701,1,0.469,0.333,0,0.442,0.623,176.178,4
spotify:track:2wI5VotaP7X12MTEy6tKE0,"Rosie","Running on Empty","Jackson Browne",1977-12-06,221306,0,false,111573307,2015-03-01T14:05:27Z,"yacht rock,folk rock,rock suave,cantautores","Rhino/Elektra",0.381,0.132,4,-13.871,1,0.0391,0.917,0.00000234,0.365,0.4,206.029,4
spotify:track:6pTKpGIsgQU0slP1dJOrLi,"Revolution","Paradise","Dub Inc",2013-10-14,333613,35,false,111573307,2015-03-07T16:38:52Z,"reggae,dub,ragga,roots reggae","Diversité",0.717,0.631,0,-6.104,1,0.0841,0.0741,0,0.21,0.529,171.978,4
spotify:track:4wBi9ogKThsbFUvVJxjhK2,"Chicago","Songs For Beginners","Graham Nash",1971,171440,45,false,111573307,2015-03-10T22:14:10Z,"folk rock,cantautores","Rhino Atlantic",0.662,0.332,9,-11.939,0,0.0306,0.286,0,0.142,0.638,82.28,4
spotify:track:39iKTclgSk5eA3r0WPzcgJ,"The Frog","Timeless","Sérgio Mendes;Q-Tip;will.i.am",2006,229693,17,false,111573307,2015-03-13T11:20:39Z,"jazz brasileño,bossa nova,samba,hip hop de la costa este","Universal Music Group International",0.906,0.624,11,-4.742,0,0.354,0.359,0,0.148,0.725,102.999,4
spotify:track:23XT07WGzwTFOtVEII33FR,"Therapy (feat. Kanye West)","Thr33 Ringz","T-Pain;Kanye West",2009-04-02,214866,0,true,111573307,2015-03-25T00:03:17Z,"rap","Jive",0.677,0.713,1,-8.647,1,0.275,0.15,0,0.0596,0.796,129.926,4
spotify:track:4moA0QQoRnPTVHWPsaEEkU,"Reality Show (feat. Musiq Soulchild, Raheem DeVaughn & Jay Lyriq)","Thr33 Ringz","T-Pain;Musiq Soulchild;Raheem DeVaughn;Jay Lyriq",2009-04-02,267333,0,true,111573307,2015-03-25T00:03:31Z,"neo soul,r&b,quiet storm","Jive",0.72,0.472,10,-7.944,1,0.148,0.00754,0,0.178,0.826,94.889,4
spotify:track:5d9aomLYMYBUetitOGNYml,"Miss You - Remastered","Jump Back - The Best Of The Rolling Stones, '71 - '93","The Rolling Stones",1993-11-22,214533,0,false,111573307,2015-03-25T00:11:06Z,"rock clásico,rock","Universal Music Group",0.867,0.508,9,-8.664,0,0.0327,0.0694,0.0407,0.0393,0.962,109.973,4
spotify:track:0BCPKOYdS2jbQ8iyB56Zns,"Clocks","A Rush of Blood to the Head","Coldplay",2002-08-27,307879,88,false,111573307,2015-03-25T00:12:55Z,"","Parlophone Records Limited",0.577,0.749,5,-7.215,0,0.0279,0.599,0.0115,0.183,0.255,130.97,4
spotify:track:3lh3iiiJeiBXHSZw6u0kh6,"Into the Mystic - 2013 Remaster","Moondance","Van Morrison",1970-02,205613,79,false,111573307,2015-03-25T00:17:21Z,"","Warner Records",0.608,0.524,8,-10.266,1,0.0309,0.367,0.00254,0.115,0.797,86.204,4
spotify:track:2S4lAby9LtHrSS8l5kyHO9,"All Apologies","MTV Unplugged In New York","Nirvana",1994-11-01,263293,0,false,111573307,2015-03-25T00:20:06Z,"grunge,rock","Universal Music Group",0.616,0.58,1,-10.965,1,0.0714,0.479,0.000034,0.118,0.376,108.969,4
spotify:track:7LSGjWtza5Y8itm6Cpbj1s,"Love Me Tender","The Essential Elvis Presley","Elvis Presley",2007,163121,43,false,111573307,2015-03-25T00:27:25Z,"rockabilly,rock and roll","SBME Strategic Marketing Group",0.358,0.0378,9,-17.541,1,0.0449,0.914,0.000242,0.109,0.243,82.755,4
spotify:track:7w3klLQ4XYHxEdYL50qX9M,"New Year's Day","U218 Singles (Deluxe Version)","U2",2006-01-01,258093,0,false,111573307,2015-03-25T00:34:12Z,"rock","Universal Music Group",0.52,0.864,8,-4.243,0,0.0328,0.00253,0.0244,0.507,0.6,133.465,4
spotify:track:4FdDorlbJTVHcH3djLbIfn,"Ode To Billie Joe","Ode To Billie Joe","Bobbie Gentry",1967-08-21,255001,55,false,111573307,2015-03-25T00:40:26Z,"","EMI Catalogue",0.637,0.189,7,-10.726,1,0.0471,0.721,0,0.0939,0.695,120.142,4
spotify:track:4Eap0FiMiGB2gqjk1D4cXo,"Don't Mess With My Man","Lucy Pearl","Lucy Pearl",2000,217666,0,false,111573307,2015-03-26T01:40:29Z,"neo soul","Virgin Records",0.906,0.647,6,-5.197,0,0.11,0.104,0.000131,0.0752,0.848,106.031,4
spotify:track:3VSIKR0qyhZ1OdU3dryABF,"Dinah","Gold (A Decade of Soul, Jazz & R'n'b)","Blacknuss;Stephen Simmonds;ADL;Richie Pasta;Muladoe",2004-01-01,299680,27,false,111573307,2015-03-26T01:42:27Z,"acid jazz","Diesel",0.792,0.627,7,-7.348,0,0.135,0.34,0.00000129,0.122,0.847,91.083,4
spotify:track:2VgRBzWsYYeOsMH66MTbxY,"After Party","Mars/Venus","Koffee Brown",2001,214560,35,false,111573307,2015-03-26T01:42:39Z,"","Arista",0.8,0.543,5,-4.808,0,0.0482,0.0469,0.00000147,0.0233,0.639,105.534,4
spotify:track:67zt74BuNOxtuN1pv7qLCN,"Get On Up","The Show, The After Party, The Hotel","Jodeci",1995-07-18,225933,0,true,111573307,2015-03-26T01:43:49Z,"new jack swing,quiet storm,r&b","Geffen*",0.717,0.561,11,-7.898,1,0.245,0.567,0,0.439,0.673,93.116,4
spotify:track:5lA3pwMkBdd24StM90QrNR,"P.Y.T. (Pretty Young Thing)","Thriller 25 Super Deluxe Edition","Michael Jackson",2008-02-08,238733,68,false,111573307,2015-03-26T01:44:51Z,"","Epic/Legacy",0.888,0.816,11,-4.909,0,0.0404,0.233,0.00042,0.127,0.961,127.276,4
spotify:track:5JZpQuRIX8MTiKwuELjTlx,"Independent Women, Pt. 1 - Pasadena Remix","The Writing's On The Wall","Destiny's Child",1999-09-07,221293,65,false,111573307,2015-03-26T01:45:47Z,"","Columbia",0.521,0.552,6,-5.628,0,0.327,0.317,0.0000225,0.381,0.936,97.535,4
spotify:track:3hErh1YUcDCSC01bvTSBWY,"Perfect Gentleman - Radio Edit","Perfect Gentleman","Wyclef Jean",2001-06-11,197426,41,false,111573307,2015-03-26T01:46:46Z,"","Columbia",0.798,0.803,0,-8.62,1,0.309,0.143,0,0.215,0.696,68,4
spotify:track:4GG5DGCISRVa1Qtp4fzEOg,"How Deep Is Your Love","How Deep Is Your Love","Dru Hill",1998,244426,19,true,111573307,2015-03-26T01:48:00Z,"quiet storm,r&b","Def Jam Recordings",0.729,0.416,3,-10.109,0,0.0748,0.0365,0.0000188,0.32,0.753,94.428,4
spotify:track:6iajHa34cSiD5s42Cq9miJ,"Peaches & Cream (feat. P. Diddy)","R&B Hits","112;Diddy",2005-10-04,225946,54,false,111573307,2015-03-26T01:48:14Z,"r&b,hip hop,hip hop de la costa este","Bad Boy Records",0.706,0.537,7,-6.347,1,0.348,0.00887,0,0.129,0.775,203.746,4
spotify:track:7vioOuhBGXnYYpcj4dzSjy,"The Boy Is Mine - Radio Edit with Intro","The Best of Brandy","Brandy;Monica",2005-03-28,294426,29,false,111573307,2015-03-26T01:48:35Z,"r&b,r&b contemporáneo","Atlantic Records",0.616,0.72,1,-7.894,0,0.0495,0.324,0.0000105,0.26,0.768,93.12,4
spotify:track:4v6V17Q3pypLu7zayg8vMa,"One Minute Man (feat. Ludacris)","Miss E... So Addictive","Missy Elliott;Ludacris",2001-05-14,274693,38,false,111573307,2015-03-26T01:48:49Z,"hip hop,hip hop sureño americano","Elektra/EEG",0.848,0.638,9,-8.395,1,0.306,0.0193,0.00000715,0.131,0.61,93.881,4
spotify:track:44ssa5Vilw1qJ79wZKfZgx,"Thoia Thoing","The Essential R. Kelly","R. Kelly",2014-05-19,221240,42,false,111573307,2015-03-26T01:49:11Z,"r&b","Jive/Legacy",0.585,0.625,1,-5.575,1,0.31,0.266,0.0000482,0.0724,0.95,87.055,4
spotify:track:3BnTYFrWGVwYFe1E8SXqY6,"Move Ya Body","Ultimate R&B 2007","Nina Sky;Jabba",2007-01-01,232053,42,false,111573307,2015-03-26T01:49:42Z,"","Universal Music Group International",0.864,0.701,11,-7.009,0,0.0433,0.0199,0.000856,0.0635,0.882,121.055,4
spotify:track:5WKxhaOjLZGERrJpK1hoJK,"Signs","Signs (International Version)","Snoop Dogg;Charlie Wilson;Justin Timberlake",2004-01-01,236813,0,true,111573307,2015-03-26T01:50:08Z,"g-funk,hip hop de la costa oeste,rap gangster,hip hop old school,hip hop,rap,drill sexy","Interscope",0.94,0.707,7,-5.342,1,0.142,0.0352,0.000224,0.31,0.631,112.954,4
spotify:track:69OHn0jzPwNy3mhU9Gn04z,"Sugar - Remix","Sugar (Remix)","Maroon 5;Nicki Minaj",2015-03-10,235480,0,false,111573307,2015-03-26T01:50:28Z,"pop","Universal Music Group",0.743,0.787,1,-7.119,1,0.0442,0.0107,0,0.0926,0.663,120.074,4
spotify:track:7n4Kv0ArEyRh8p4wO5fG78,"Preach","If You're Reading This It's Too Late","Drake;PARTYNEXTDOOR",2015-02-12,236973,0,true,111573307,2015-03-26T01:51:32Z,"rap,dark r&b,r&b,trap soul","Universal Music Group",0.605,0.511,11,-8.094,0,0.475,0.165,0.0000895,0.104,0.379,65.256,4
spotify:track:1iAjgYhvwWin1ks0F3z2Yv,"Wasted Love","Men","BenZel;Stevie Neale",2014-01-01,206000,0,false,111573307,2015-03-26T01:54:18Z,"liquid funk,drum and bass","Universal Music Group",0.601,0.592,2,-8.315,1,0.0591,0.319,0.0189,0.161,0.435,87.029,4
spotify:track:6olUplztLFFfU7fMYmFXOP,"Sober","Kauai","Childish Gambino",2014-10-03,252013,0,false,111573307,2015-03-26T01:55:01Z,"","Glassnote",0.699,0.601,0,-6.48,1,0.0304,0.0972,0.0000117,0.562,0.434,98.04,4
spotify:track:6qCklB4TuA68V3MPD4UFjv,"I Can't Describe (The Way I Feel) (feat. T.I.)","JHUD","Jennifer Hudson;T.I.",2014-09-22,227026,0,false,111573307,2015-03-26T01:55:37Z,"hip hop sureño americano","RCA Records Label",0.807,0.683,5,-5.912,0,0.0489,0.00563,0,0.142,0.801,116.991,4
spotify:track:6ARSouo2qnKWkIZSlkudiD,"Best Mistake","My Everything","Ariana Grande;Big Sean",2014-08-24,233733,31,false,111573307,2015-03-26T01:57:28Z,"pop","Universal Records",0.654,0.578,6,-6.897,1,0.449,0.547,0,0.112,0.233,143.866,4
spotify:track:7kWhUfgemScOEjLFNNcQoo,"Make the World Go Round (feat. R.Kelly)","Make the World Go Round (feat. R.Kelly)","DJ Cassidy;R. Kelly",2014-04-22,288946,36,false,111573307,2015-03-26T02:01:12Z,"r&b","Columbia",0.738,0.868,4,-4.246,0,0.171,0.135,0,0.0707,0.673,116.958,4
spotify:track:3CX3WMBg6lzWk72bYL29vP,"Good Kisser","Good Kisser","USHER",2014-05-05,249626,61,true,111573307,2015-03-26T02:01:29Z,"r&b","RCA Records Label",0.64,0.782,5,-4.177,0,0.189,0.379,0,0.109,0.825,97.516,4
spotify:track:1yAXEjvYED6s6tgKDH5ZTz,"Get Her Back","Get Her Back","Robin Thicke",2014-05-19,212263,0,false,111573307,2015-03-26T02:02:26Z,"","Universal Music Group",0.581,0.293,4,-13.626,0,0.0787,0.917,0,0.0924,0.73,187.832,4
spotify:track:6ydpPcCGhQ4Ox3H0ly0WcX,"Slow Motion","Slow Motion","Trey Songz",2015-01-20,197854,40,false,111573307,2015-04-30T14:51:16Z,"r&b","Songbook/Atlantic",0.733,0.408,7,-7.834,0,0.0388,0.679,0.0000392,0.11,0.291,94.947,4
spotify:track:7Fk0zNC7vGdoDwePPgByKh,"Peaches N Cream (feat. Charlie Wilson)","Peaches N Cream (feat. Charlie Wilson)","Snoop Dogg;Charlie Wilson",2015-03-10,284226,38,false,111573307,2015-05-04T23:06:43Z,"g-funk,hip hop de la costa oeste,rap gangster,hip hop old school,hip hop,rap,drill sexy","Columbia",0.83,0.722,0,-6.099,1,0.0595,0.0247,0.00000121,0.0741,0.29,109.987,4
spotify:track:4R0qzCffuXMc1PfGXGXPL6,"I Bet (feat. T.I.) - Remix","I Bet (feat. T.I.) [Remix]","Ciara;T.I.",2015-04-14,232818,18,true,111573307,2015-05-04T23:07:03Z,"hip hop sureño americano","Epic",0.815,0.705,5,-7.078,0,0.123,0.0166,0,0.344,0.467,130.014,4
spotify:track:7wqSzGeodspE3V6RBD5W8L,"See You Again (feat. Charlie Puth)","See You Again (feat. Charlie Puth)","Wiz Khalifa;Charlie Puth",2015-03-10,229525,4,false,111573307,2015-05-04T23:07:30Z,"pop suave","Atlantic Records",0.689,0.481,10,-7.503,1,0.0815,0.369,0.00000103,0.0649,0.283,80.025,4
spotify:track:5XzmZjXhMjDHr7ZfJ6DELQ,"FourFiveSeconds","FourFiveSeconds","Rihanna;Kanye West;Paul McCartney",2015-01-24,188238,2,false,111573307,2015-05-04T23:07:51Z,"rap","Universal Music Group",0.579,0.268,2,-5.65,1,0.0442,0.868,0,0.12,0.321,205.903,4
spotify:track:4TSDz7xZtxIXeKwiOuCe25,"Me U & Hennessy (feat. Lil Wayne)","Me U & Hennessy (feat. Lil Wayne)","DeJ Loaf;Lil Wayne",2015-04-20,224971,72,true,111573307,2015-05-04T23:09:47Z,"rap,hip hop","IBGM/Columbia",0.417,0.551,2,-8.361,1,0.272,0.56,0,0.129,0.216,86.848,4
spotify:track:2ENBaEOC0Jgi2au9Jt7y7d,"Feel Right (feat. Mystikal)","Uptown Special","Mark Ronson;Mystikal",2015-01-12,222550,52,true,111573307,2015-05-04T23:10:15Z,"hip hop sureño americano,crunk,hip hop old school,rap gangster","Columbia",0.853,0.798,11,-5.876,0,0.0642,0.087,0.000187,0.0271,0.861,110.111,4
spotify:track:7p22i75SXIAhyumjy99v4t,"So Many Pros","So Many Pros","Snoop Dogg",2015-04-14,246520,18,false,111573307,2015-05-04T23:10:26Z,"g-funk,hip hop de la costa oeste,rap gangster,hip hop old school,hip hop,rap","Columbia",0.816,0.475,0,-7.826,1,0.0545,0.0847,0.00000108,0.103,0.654,116.999,4
spotify:track:274jpzOOOda7ad1Yy1n1Qk,"Simple (feat. Kid Ink)","Simple (feat. Kid Ink)","Treasure Davis;Kid Ink",2015-02-11,252828,14,true,111573307,2015-05-04T23:11:24Z,"","ByStorm Entertainment/RCA Records",0.6,0.663,7,-5.555,1,0.119,0.00391,0,0.114,0.48,86.911,4
spotify:track:2qMjIHWyYgnEtcmoZc3R0u,"Teach Me (feat. Kiesza)","B4.DA.$$","Joey Bada$$;Kiesza",2015-01-20,258919,3,true,111573307,2015-05-04T23:12:09Z,"hip hop,jazz rap,rap","Cinematic Music Group",0.706,0.692,8,-4.872,0,0.166,0.283,0,0.138,0.71,76.991,4
spotify:track:7wA4XiTQOWByeF6DGWoxkt,"Let Me Know (feat. Future)","Let Me Know (feat. Future)","Tamar Braxton;Future",2014-10-07,238662,58,false,111573307,2015-05-04T23:13:48Z,"r&b,rap,trap","Epic/Streamline Records",0.55,0.667,2,-5.362,1,0.0346,0.0958,0,0.138,0.433,78.019,4
spotify:track:6fQcqEcXfnY0L6VwS0c3gT,"Cheerleader (Felix Jaehn Remix) - Radio Edit","Cheerleader (Felix Jaehn Remix Radio Edit)","OMI;felix jaehn",2014-12-02,180021,59,false,111573307,2015-05-04T23:14:50Z,"tropical house","Ultra Records, LLC",0.827,0.576,4,-7.774,1,0.0372,0.184,0.029,0.0656,0.41,118.04,4
spotify:track:4iZPNYqzI2L0uwuUKun7Aa,"Stole the Show","Stole the Show","Kygo;Parson James",2015-03-16,222801,60,false,111573307,2015-05-04T23:15:06Z,"tropical house","Kygo",0.679,0.662,8,-6.069,0,0.174,0.155,0,0.152,0.438,99.879,4
spotify:track:1KZyVnyptQcPzkx7ELCnZC,"Hold Back The River","Chaos And The Calm","James Bay",2015-03-20,238746,71,false,111573307,2015-05-04T23:16:29Z,"","Mercury Records/Republic Owned",0.715,0.715,5,-7.364,1,0.0902,0.0526,0,0.0936,0.507,134.922,4
spotify:track:06Hdbxh6NCy6TIhjdXTchB,"Headlights (feat. Ilsey)","Headlights (feat. Ilsey)","Robin Schulz;Ilsey",2015-04-03,209208,56,false,111573307,2015-05-04T23:18:47Z,"tropical house","Tonspiel",0.597,0.685,11,-6.371,1,0.0367,0.0245,0.000335,0.182,0.369,122.002,4
spotify:track:6HTJZ0TQJVMSKkUGzAOe2h,"Old Thing Back (feat. Ja Rule and Ralph Tresvant)","Old Thing Back (feat. Ja Rule and Ralph Tresvant)","Matoma;The Notorious B.I.G.;Ja Rule;Ralph Tresvant",2015-02-17,321649,66,true,111573307,2015-05-04T23:20:03Z,"tropical house,hip hop old school,rap gangster,hip hop de la costa este,hip hop,new jack swing,quiet storm","Big Beat Records",0.805,0.858,0,-3.067,1,0.105,0.194,0.00000789,0.256,0.523,97.033,4
spotify:track:1C9JRrDMImuG35zXzjwVNe,"Trouble - Live At Carnegie Hall / 11/15/2014","Live At Carnegie Hall","Ryan Adams",2015-04-21,252400,13,false,111573307,2015-05-04T23:22:31Z,"country alternativo,folk americano,cantautores","Blue Note (BLU)",0.501,0.215,1,-16.341,0,0.0688,0.834,0.00024,0.351,0.213,124.568,4
spotify:track:50IWG1diNk0uUUxmJi44ZD,"Words","Whispers II","Passenger",2015-04-20,252232,36,false,111573307,2015-05-04T23:23:23Z,"folk pop","Black Crow Records",0.431,0.172,2,-16.345,1,0.0411,0.869,0.000855,0.11,0.334,122.818,3
spotify:track:28SKEi3NKRYoDO44vea0ws,"Pressure Drop","Toots & The Maytals - Pressure Drop","Toots & The Maytals",2013-03-15,176213,40,false,111573307,2015-05-04T23:33:21Z,"reggae,rocksteady,roots reggae,ska,dub,ragga","Delta - X5 Music Group",0.629,0.713,8,-4.642,1,0.037,0.624,0,0.059,0.982,146.265,4
spotify:track:7uWVT3UkCAZyANvv0bdyQn,"These Walls","To Pimp A Butterfly","Kendrick Lamar;Bilal;Anna Wise;Thundercat",2015-03-16,300973,65,true,111573307,2015-05-07T08:57:07Z,"hip hop,hip hop de la costa oeste,neo soul,r&b alternativo","Aftermath",0.752,0.489,1,-5.233,1,0.137,0.11,0.00000357,0.202,0.373,108.005,4
spotify:track:1WJte1edGij8k2zBhGZYSW,"Gibberish","Ryan Leslie","Ryan Leslie",2009,261600,0,false,111573307,2015-05-16T11:01:31Z,"","Universal Records",0.746,0.44,5,-4.804,1,0.0508,0.454,0.0000013,0.0871,0.593,140.061,4
spotify:track:49sXkAcR5LvOrtq5Qcn5cf,"Superpower (feat. Frank Ocean)","BEYONCÉ [Platinum Edition]","Beyoncé;Frank Ocean",2014-11-24,276560,59,false,111573307,2015-06-03T01:39:59Z,"","Parkwood Entertainment/Columbia",0.525,0.334,0,-11.54,1,0.0686,0.641,0,0.114,0.185,80.307,3
spotify:track:4S7YHmlWwfwArgd8LfSPud,"L$D","AT.LONG.LAST.A$AP","A$AP Rocky",2015-05-26,238314,75,true,111573307,2015-06-03T01:43:50Z,"rap","A$AP Worldwide/Polo Grounds Music/RCA Records",0.598,0.252,2,-15.086,1,0.0644,0.194,0.133,0.0992,0.0352,120.064,4
spotify:track:1YsDIQTrvefAQSb1KckKo4,"Stay Ready (What A Life)","Sail Out","Jhené Aiko;Kendrick Lamar",2013-01-01,382760,0,true,111573307,2015-06-03T01:47:45Z,"r&b,hip hop,hip hop de la costa oeste","Universal Music Group",0.343,0.492,8,-11.492,0,0.338,0.475,0.00487,0.124,0.353,172.034,4
spotify:track:1nbqE4yJ0kQmXj9DXdDEjI,"Panther","Panther","Made in Heights",2014-11-19,250810,0,false,111573307,2015-06-03T01:55:50Z,"","HEIGHTS",0.604,0.381,3,-11.023,0,0.0505,0.904,0.00152,0.143,0.283,140.048,4
spotify:track:3vdKpSTx6Q1XJp3khDoMkz,"Too Young","Too Young","Post Malone",2015-04-23,238106,0,true,111573307,2015-06-03T01:57:53Z,"","Post Malone",0.698,0.578,11,-6.726,0,0.0436,0.269,0.000289,0.0833,0.256,122.941,4
spotify:track:1qoHlIpgGxtmYsYdyiySiL,"Often - Kygo Remix","Often (Kygo Remix)","The Weeknd;Kygo",2015-04-07,234400,0,true,111573307,2015-06-03T02:30:45Z,"tropical house","Universal Music Group",0.582,0.498,7,-9.906,0,0.0455,0.12,0,0.385,0.426,80.028,4
spotify:track:0PwKsFzNiOTnAus6fj7zJn,"Sober","Kauai","Childish Gambino",2014-10-03,252013,0,false,111573307,2015-06-03T21:22:09Z,"","Glassnote",0.701,0.6,0,-6.515,1,0.0311,0.115,0.0000501,0.513,0.446,98.029,4
spotify:track:2CpH1L4CUR47RARB3PgY1l,"You Don't Own Me (feat. G-Eazy)","You Don't Own Me","SAYGRACE;G-Eazy",2015-03-17,199314,60,true,111573307,2015-06-04T11:51:47Z,"","Regime Music Societe/RCA Records",0.336,0.664,7,-5.68,1,0.102,0.166,0.00000131,0.0575,0.294,186.394,3
spotify:track:1dnXuEuApvuVqQCn0v9McL,"Sitting, Waiting, Wishing","In Between Dreams","Jack Johnson",2005-01-01,183720,71,false,111573307,2015-06-17T11:48:26Z,"surf rock","Jack Johnson",0.766,0.547,0,-7.25,1,0.0264,0.229,0.000015,0.104,0.556,105.01,4
spotify:track:3D0lIULqq69bjhQEVS1V1A,"You Are The Best Thing","Gossip in The Grain","Ray LaMontagne",2008-10-13,234760,0,false,111573307,2015-06-28T15:24:54Z,"","14th Floor Records",0.578,0.724,7,-4.922,0,0.0342,0.0325,0.0000225,0.182,0.872,170.614,4
spotify:track:4zJItCJ4CioUICdDjEnjrq,"No More Tears","Complex Simplicity","Teedra Moses",2004-08-10,251093,0,false,111573307,2015-07-01T20:16:23Z,"","The Orchard",0.839,0.474,7,-6.817,0,0.0644,0.303,0.0000134,0.0699,0.704,131.931,4
spotify:track:0ODFPypnJLE6hKgahiuSzn,"teachme","Luvanmusiq","Musiq Soulchild",2007-03-13,260773,60,false,111573307,2015-07-01T20:22:53Z,"neo soul,r&b,quiet storm","Atlantic Records",0.499,0.61,8,-5.11,0,0.135,0.473,0,0.0722,0.436,172.969,3
spotify:track:1SXNUljE6h1G2QqR7zFVs8,"Let's Go Round Again - Live","Access All Areas - Average White Band (Audio Version)","Average White Band",2015-06-08,427546,0,false,111573307,2015-07-05T20:33:13Z,"funk","Edsel",0.501,0.938,11,-6.392,0,0.262,0.381,0.0000323,0.964,0.592,133.509,4
spotify:track:6QP5fHy1ITa6w1ad5F4e4n,"Mouth A Massy","Hurting Me","Alton Ellis",2015-06-08,127866,0,false,111573307,2015-07-05T20:35:57Z,"rocksteady,reggae,lovers rock,roots reggae,dub","Righteous Reggae Records",0.85,0.568,9,-4.59,0,0.0727,0.109,0.0355,0.046,0.692,128.314,4
spotify:track:19qb4pDDf3mmy6Vlk9heYK,"The Fact Is (I Need You) (2015 Remastered Version)","Golden Moments (2015 Remastered Deluxe Version)","Jill Scott",2015-06-16,274053,5,false,111573307,2015-07-05T20:37:53Z,"neo soul,quiet storm","Hidden Beach Records, LLC",0.526,0.407,7,-8.916,1,0.0778,0.766,0.000112,0.255,0.611,69.27,4
spotify:track:5nKEEiDNfGw8NPNKxImRSr,"Make It Up With Love","The ATL Project","The ATL Project",2004,228666,29,false,111573307,2015-07-05T20:39:58Z,"","Epic",0.636,0.681,8,-4.683,1,0.0477,0.0242,0,0.216,0.342,123.828,4
spotify:track:00cP99zN0bsUZSpXbAlQXg,"I Try","I Try: The Macy Gray Collection","Macy Gray",2008-10-10,238066,0,false,111573307,2015-07-06T21:11:01Z,"","Columbia/Epic",0.559,0.637,2,-7.495,1,0.0321,0.304,0.000195,0.0783,0.782,152.885,4
spotify:track:5TAf4lnZCZTLlZHNZMLFLi,"I Try","On How Life Is","Macy Gray",1999-07-03,239440,76,false,111573307,2015-07-08T19:49:51Z,"","Epic",0.593,0.642,2,-7.284,1,0.0299,0.313,0.000582,0.0804,0.736,76.403,4
spotify:track:5VwcKWXv0gEV7MP6GNkx5i,"So Many Ways","Regulate G Funk (Enhanced Reissue)","Warren G",1994-06-07,202756,15,false,111573307,2015-07-08T19:55:34Z,"g-funk,hip hop de la costa oeste,hip hop old school,rap gangster","Rush Associated Labels Inc.",0.874,0.583,4,-6.898,0,0.359,0.336,0,0.638,0.599,94.975,4
spotify:track:4EWBpsB4ZpWOXfA6s0lEst,"Super Soul Sis","Regulate G Funk (Enhanced Reissue)","Warren G",1994-06-07,176666,16,false,111573307,2015-07-08T20:00:11Z,"g-funk,hip hop de la costa oeste,hip hop old school,rap gangster","Rush Associated Labels Inc.",0.75,0.571,6,-7.895,1,0.299,0.0438,0,0.173,0.573,86.858,4
spotify:track:3RP12kgZXqjtxwaQqxDo0p,"Got","Black On Both Sides","Mos Def",1999-10-12,207600,0,true,111573307,2015-07-08T20:08:21Z,"hip hop de la costa este,hip hop old school,hip hop","Universal Music Group",0.743,0.701,0,-8.09,1,0.349,0.0298,0,0.597,0.568,92.711,4
spotify:track:02IT4odGHFSgBMs1wyOE9T,"Lately I","Keep the Faith","Faith Evans",1998,256866,21,false,111573307,2015-07-08T20:18:21Z,"r&b","Bad Boy Records",0.594,0.357,11,-13.005,0,0.041,0.147,0,0.101,0.336,124.556,4
spotify:track:767ugqcuA0yqlHqdWeLG8l,"Margarita","Margarita","Sleepy Brown;Pharrell Williams;Big Boi",2006-01-01,225000,40,false,111573307,2015-07-08T20:22:40Z,"hip hop sureño americano","Virgin Records",0.874,0.662,5,-4.621,1,0.087,0.108,0,0.0266,0.905,120.07,4
spotify:track:5gEJNnKnq1RPsnDSfwdRwS,"Ex-Factor - A Simple Breakdown","Everything Is Everything","Ms. Lauryn Hill",1999,249973,11,false,111573307,2015-07-08T20:25:21Z,"neo soul","Ruffhouse",0.546,0.74,1,-8.773,0,0.196,0.136,0.0000199,0.206,0.408,96.975,4
spotify:track:4RRg9Ysz3eyK1qBhLVSzUT,"Hold On","Subject","Dwele",2003-01-01,222840,36,false,111573307,2015-07-09T20:43:36Z,"neo soul","Virgin Records",0.627,0.582,6,-4.943,1,0.0383,0.0194,0,0.127,0.401,90.011,4
spotify:track:1pzJboOZaDNwshBnOlNh3a,"1+1","4","Beyoncé",2011-06-24,273880,58,false,111573307,2015-07-11T09:13:42Z,"","Parkwood Entertainment/Columbia",0.365,0.382,6,-7.344,1,0.0295,0.382,0.00000508,0.0661,0.268,148.363,3
spotify:track:4B0GYGTI87nxeakSLWqq3p,"Baby It's You","Baby It's You","JoJo",2004-09-18,191866,0,false,111573307,2015-07-15T20:09:44Z,"","earMUSIC",0.678,0.398,1,-7.125,1,0.34,0.0178,0.00476,0.202,0.689,119.789,3
spotify:track:7mKLeYLFcRT9ZZXioSohIT,"Nunchucks","Purrr!","Doja Cat",2014-08-05,195426,45,true,111573307,2015-07-15T20:12:27Z,"","MAU Records",0.692,0.609,4,-8.569,0,0.0839,0.595,0.151,0.109,0.552,118.05,4
spotify:track:4bkhs6spQvVnVJAlXuKR6a,"Touchin, Lovin (feat. Nicki Minaj)","Trigga Reloaded","Trey Songz;Nicki Minaj",2015-06-23,221971,59,true,111573307,2015-07-15T21:21:36Z,"r&b","Songbook/Atlantic",0.813,0.58,11,-6.724,1,0.0746,0.0405,0.00000845,0.349,0.443,100.045,4
spotify:track:3qZmc46X03FlBiuwsBYwQ6,"2 Bad (feat. Tish Hyman)","2 Bad (feat. Tish Hyman)","Dom Kennedy;Tish Hyman",2015-06-09,211019,15,true,111573307,2015-07-16T17:03:36Z,"","The Other People's Money Company",0.679,0.689,7,-9.871,1,0.265,0.00471,0.00000306,0.0641,0.672,170.07,4
spotify:track:5A0NEY8GOCB3ErRSRPpY72,"Chaining Day","Born Sinner","J. Cole",2013-06-14,284506,0,true,111573307,2015-07-16T17:04:57Z,"rap","Roc Nation/Columbia",0.625,0.642,0,-7.291,1,0.168,0.279,0.00000122,0.103,0.333,84.544,4
spotify:track:6h7su4wzbbcpR6DlyzoEFR,"Wake Up Call","Awol","Raheem Bakare",2014-05-11,185063,0,false,111573307,2015-07-16T17:08:37Z,"r&b británico","Independent",0.419,0.475,1,-9.173,1,0.128,0.456,0,0.363,0.24,80.704,4
spotify:track:769geiA8btidGHda4BBDOJ,"It's Over Now","Part III","112",2001,264933,62,false,111573307,2015-07-16T17:09:43Z,"r&b","Rhino Atlantic",0.66,0.71,1,-4.541,1,0.0409,0.0106,0.00000701,0.0736,0.233,97.988,4
spotify:track:14Mzm8nqjXv7aMAkiGG8On,"Rock Wit U feat. Erro","The Magnificent / Beat Generation","DJ Jazzy Jeff",2002-08-12,217933,0,false,111573307,2015-07-16T17:17:54Z,"jazz rap,hip hop de la costa este","Rapster Records",0.751,0.571,6,-7.196,0,0.0693,0.706,0,0.0839,0.716,92.554,4
spotify:track:2sTxKmBLQPPcWoE8Ycp03K,"Fall In Love","Unconditional Love","Ricky",2007-05-11,269640,1,false,111573307,2015-07-16T17:26:07Z,"","Royalty",0.623,0.7,7,-5.129,0,0.164,0.28,0,0.143,0.491,63.988,4
spotify:track:35WzRnYahF87o1dlo7wC70,"Spoken Word","Your Woman","Sunshine Anderson",2001,116000,10,false,111573307,2015-07-16T17:31:12Z,"neo soul","Rhino Atlantic",0.668,0.624,9,-14.651,0,0.0455,0.1,0.267,0.111,0.447,88.961,4
spotify:track:1uaU5ZSgZi25lUFq3SoZuV,"Documented (feat. Dot Kom)","Legends Live 4 Ever","Bueno;DOT KOM",2013-08-27,191427,0,true,111573307,2015-07-16T17:33:01Z,"","Noyz Music Group / Rapbay / Urbanlife Music",0.312,0.858,9,-6.057,0,0.181,0.0781,0,0.109,0.38,82.602,4
spotify:track:28wmzW39UTv4iYCKKkhIQP,"coffee","Wildheart","Miguel",2015-06-24,286571,76,true,111573307,2015-07-17T21:40:24Z,"r&b","ByStorm Entertainment/RCA Records",0.556,0.618,10,-7.471,0,0.0463,0.00558,0.000351,0.153,0.121,80.985,4
spotify:track:2etQhMezoPIZLo1myApZiV,"Rewind","Love University","Brittany Tiera",2014-06-10,217521,0,false,111573307,2015-07-19T20:05:25Z,"","© Brittany Tiera",0.268,0.888,11,-3.779,0,0.386,0.0909,0.00000645,0.898,0.697,79.579,1
spotify:track:5nCtkTR0I31PGHcVbaO9Zn,"A Moment To Myself","On How Life Is","Macy Gray",1999-07-03,239466,36,false,111573307,2015-07-19T20:06:54Z,"","Epic",0.732,0.633,5,-8.826,1,0.0352,0.404,0.00436,0.0978,0.632,91.966,4
spotify:track:7blkYnxlPeerJ7GQPHUPkN,"Dream Come True","Brand New Heavies","The Brand New Heavies",1990,293041,0,false,111573307,2015-07-19T20:08:10Z,"acid jazz,jazz funk,funk","Delicious Vinyl",0.682,0.844,4,-9.813,1,0.0572,0.000663,0.0105,0.0284,0.723,116.453,4
spotify:track:1ZxwWrMNukjS8sb9TZ0HjU,"God in Me (feat. Kierra Sheard)","Go Get It","Mary Mary;Kierra Sheard",2000,192680,50,false,111573307,2015-07-22T20:29:08Z,"góspel,r&b cristiano,adoración","Columbia",0.673,0.673,5,-5.824,0,0.0948,0.0336,0,0.214,0.428,176.088,4
spotify:track:5q4ucqw91jCkMmWAKCvzUy,"Lil' More Love - Album Version;; Explicit","Lil' More Love","Johnta Austin",2005-01-01,261253,13,true,111573307,2015-07-23T20:01:53Z,"","Virgin Records",0.653,0.572,3,-6.511,0,0.0458,0.736,0,0.172,0.682,89.1,4
spotify:track:1EbWiEra7ovNsMq3DeLSDy,"Power Trip (feat. Miguel)","Power Trip (feat. Miguel)","J. Cole;Miguel",2013-02-14,240280,1,true,111573307,2015-07-23T20:15:00Z,"rap,r&b","Roc Nation/Columbia",0.63,0.608,1,-7.273,1,0.225,0.338,0.000288,0.665,0.406,99.948,4
spotify:track:5PQmSHzWnlgG4EBuIqjac2,"If I Ruled the World (Imagine That) (feat. Lauryn Hill)","It Was Written","Nas;Ms. Lauryn Hill",1996-07-02,282373,73,true,111573307,2015-07-23T20:19:25Z,"hip hop old school,hip hop de la costa este,hip hop,neo soul","Columbia",0.879,0.564,10,-7.682,0,0.247,0.0474,0.00000943,0.0519,0.523,93.908,4
spotify:track:1qmvYBR9hQlZU4RUCzcWQT,"Fallin'","Back Of My Lac'","J. Holiday",2007-01-01,221906,23,false,111573307,2015-07-26T15:35:04Z,"r&b","Capitol Records",0.521,0.487,9,-6.966,0,0.0546,0.00166,0,0.104,0.402,200,3
spotify:track:0tIXWDkl747dZTFdCLuw4c,"Baby","Dope Meet Fresh...Fresh Meet Superstar","Tabi Bonney",2007-12-19,229533,0,false,111573307,2015-07-28T17:30:59Z,"go-go","Organized Rhyme LLC",0.8,0.373,6,-11.406,0,0.179,0.266,0.00000779,0.218,0.373,78.907,3
spotify:track:2XjcBGdV3h5NJ1hq5NFCy0,"Special (feat. Young Scooter)","Honest","Future;Young Scooter",2014-04-22,298834,42,true,111573307,2015-07-28T17:50:31Z,"rap,trap","Epic/Freebandz/A1",0.785,0.566,4,-4.371,0,0.0886,0.0237,0,0.119,0.0995,135.121,4
spotify:track:0KpMnR1If3BNJiZm0FIg85,"Stay Up! (Viagra)","The Death of Adam","88-Keys",2008,189360,0,true,111573307,2015-07-28T17:56:07Z,"","Decon",0.769,0.524,1,-6.904,1,0.318,0.0449,0,0.344,0.476,90.406,4
spotify:track:2ihCaVdNZmnHZWt0fvAM7B,"Little Talks","My Head Is An Animal","Of Monsters and Men",2012-01-01,266600,84,false,111573307,2015-08-02T09:16:02Z,"folk pop","Universal Records",0.457,0.757,1,-5.177,1,0.032,0.0206,0,0.146,0.417,102.961,4
spotify:track:0xM88xobymkMgg46MStfnV,"Hey There Delilah","Every Second Counts","Plain White T's",2006,232853,0,false,111573307,2015-09-10T11:30:34Z,"","Angel",0.51,0.376,2,-10.995,1,0.0307,0.865,0.000121,0.113,0.321,103.851,4
spotify:track:1lkvpmrCaXK8QtliFDcHBO,"Bubbly","Coco","Colbie Caillat",2007-01-01,196226,75,false,111573307,2015-09-10T11:32:21Z,"","Universal Records",0.688,0.477,9,-6.684,1,0.036,0.594,0,0.115,0.257,127.866,4
spotify:track:6ybViy2qrO9sIi41EgRJgx,"Don't Know Why","Come Away With Me","Norah Jones",2002-02-26,186146,1,false,111573307,2015-09-10T11:37:12Z,"jazz pop","Blue Note Records",0.732,0.198,5,-11.775,1,0.028,0.883,0.000011,0.0659,0.618,88.174,4
spotify:track:7vqUndKhoCvBhLHh0r4RNB,"Say Somethin'","The Emancipation of Mimi (Ultra Platinum Edition)","Mariah Carey;Snoop Dogg",2005-01-01,224440,0,false,111573307,2015-09-10T11:50:25Z,"navidad,g-funk,hip hop de la costa oeste,rap gangster,hip hop old school,hip hop,rap","Universal Music Group",0.818,0.794,4,-6.293,1,0.0641,0.12,0,0.0828,0.844,108.003,4
spotify:track:17DjxJJG1NHXg1VatxfFfU,"The Underdog","Ga Ga Ga Ga Ga","Spoon",2007-07-10,222320,0,false,111573307,2015-09-26T10:48:19Z,"indie rock,indie","Anti/Epitaph",0.693,0.646,7,-6.484,1,0.0313,0.0602,0.00132,0.678,0.89,145.116,4
spotify:track:2ir2gcSm7S0H1Fa7oGKfLr,"Boy With a Coin","The Shepherd's Dog","Iron & Wine",2007-09-25,245466,0,false,111573307,2015-09-26T10:53:13Z,"indie folk","Sub Pop",0.66,0.566,0,-8.255,1,0.0293,0.123,0.795,0.122,0.295,125.747,4
spotify:track:2Xm00M3mcMcdSv7QJBhlvr,"Liquor","Liquor","Chris Brown",2015-06-26,227087,0,true,111573307,2015-09-26T11:12:29Z,"r&b","RCA Records Label",0.692,0.346,5,-8.563,0,0.0456,0.0259,0,0.104,0.386,104.988,4
spotify:track:6yvKPYpSwk2CQdgjw4PywM,"Gima","Gima","Camilo & Grande",2012-09-17,221739,0,false,111573307,2015-09-26T11:27:54Z,"rap danés,pop danés","1105 Caliente Nation via DiGiDi.org",0.555,0.617,2,-9.106,0,0.187,0.555,0,0.361,0.622,121.692,5
spotify:track:1m1EqkeVK9qt2tVWgNvU33,"Man x Woman","Man x Woman","Full Crate x Mar",2014-06-20,280150,10,false,111573307,2015-09-27T22:11:28Z,"","Universal-Island Records Ltd.",0.641,0.233,5,-13.683,0,0.059,0.747,0.058,0.119,0.149,123.942,4
spotify:track:6qU37BgVfPhpb2rhYzZWrF,"It Kills Me","The Bridge","Melanie Fiona",2009-01-01,250413,50,false,111573307,2015-09-27T22:11:46Z,"","SRC Records",0.618,0.764,8,-4.375,1,0.0411,0.228,0,0.0972,0.479,107.452,4
spotify:track:32Uh7gnu26h0Qe2eZjYoYF,"OYOYO","ELEVATED","J. Martins",2013-01-11,243880,43,false,111573307,2015-09-27T22:12:02Z,"azonto,afrobeats,coupé décalé,afrobeat,ndombolo,hiplife,afropop","ROCKSTAR4000",0.588,0.626,5,-12.257,0,0.51,0.29,0,0.0824,0.939,101.252,4
spotify:track:6IZGJw6UG0mewlPzG8kgux,"Gone","Talk A Good Game (Deluxe Edition)","Kelly Rowland;Wiz Khalifa",2013-01-01,258000,0,true,111573307,2015-09-27T22:13:14Z,"","Universal Records",0.601,0.663,5,-7.393,1,0.21,0.0179,0,0.37,0.552,166.683,4
spotify:track:2uPZI629KmR5h2OPUWX9OS,"X.O.X.","X.O.X.","Elijah Blake;Common",2013-01-01,221000,20,false,111573307,2015-09-27T22:17:26Z,"hip hop,jazz rap,neo soul","Def Jam Recordings",0.738,0.698,5,-6.924,0,0.05,0.0644,0,0.187,0.721,96.198,4
spotify:track:4L55p6txv9vuCWhpNnY6eY,"Dip It Low","Dip It Low","Christina Milian",2004-01-01,201000,58,false,111573307,2015-09-27T22:19:45Z,"","Def Jam Recordings",0.754,0.718,11,-4.209,0,0.111,0.0122,0.000111,0.0923,0.576,169.116,4
spotify:track:1mzdBqSqAENTJcQ1CsCDcH,"All We Do","Kaytra to Do","KAYTRANADA;JMSN",2013-02-25,252008,0,false,111573307,2015-09-28T17:53:21Z,"","Jakarta",0.695,0.521,11,-9.509,0,0.0932,0.0104,0.00316,0.083,0.263,140.005,4
spotify:track:49ONd7q61KYjSZE0A8gtCW,"Blessing","In Due Time","K CAMP",2014-04-22,168946,49,true,111573307,2015-09-28T17:59:34Z,"","Family Ties / Interscope",0.622,0.396,9,-10.625,0,0.0579,0.282,0.000105,0.148,0.219,126.017,4
spotify:track:2ya8vYGBJIKluQlemMj8ad,"Sexy Cinderella - C&J Remix","Medicine 4 My Pain","Lynden David Hall;Cutfather & Joe",1998-11-02,240893,0,false,111573307,2015-10-06T13:37:37Z,"neo soul,r&b británico,new jack swing,uk garage","Parlophone UK",0.759,0.632,4,-9.194,0,0.0818,0.0776,0,0.33,0.745,160.927,4
spotify:track:4eMGevfobDTaWfr3TLbkFm,"Just The Way","Blacka Da Berry","Alfonzo Hunter",1996-01-01,235906,47,true,111573307,2015-10-06T13:49:05Z,"new jack swing","Capitol Records",0.779,0.477,8,-8.751,0,0.115,0.0635,0,0.157,0.546,88.987,4
spotify:track:1UfBAJfmofTffrae5ls6DA,"Hotline Bling","Hotline Bling","Drake",2015-07-31,267023,0,false,111573307,2015-10-15T07:41:59Z,"rap","Universal Music Ltd.",0.893,0.639,2,-7.857,1,0.0549,0.00226,0.000315,0.0382,0.579,134.963,4
spotify:track:0zaWQBwkfh9OmK77CiDmRI,"Always On Time","Pain Is Love (International Version)","Ja Rule;Ashanti",2001-10-29,245093,1,true,111573307,2015-10-16T10:38:59Z,"hip hop de la costa este,r&b","Def Jam Recordings",0.838,0.705,5,-6.131,0,0.29,0.195,0,0.336,0.837,96.643,4
spotify:track:3QiVJY6bzYGvZirwbEtXej,"No Sleeep (feat. J. Cole)","No Sleeep (feat. J. Cole)","Janet Jackson;J. Cole",2015-07-24,260776,0,false,111573307,2015-10-16T11:37:30Z,"new jack swing,rap","BMG Rights Management (UK) Ltd.",0.757,0.47,2,-7.722,1,0.125,0.0131,0.000224,0.109,0.32,88.047,4
spotify:track:1mr3616BzLdhXfJmLmRsO8,"Fireflies","Ocean Eyes","Owl City",2009-01-01,228346,1,false,111573307,2015-10-17T16:06:16Z,"","Universal Music Group",0.513,0.661,3,-6.8,1,0.0439,0.0274,0,0.118,0.461,180.118,4
spotify:track:2tD8PDBMlo9xTo3JC8kz90,"Photograph","All the Right Reasons (Walmart Exclusive Edition)","Nickelback",2005-09-26,258920,52,false,111573307,2015-10-17T16:10:21Z,"post-grunge,rock","Roadrunner Records",0.515,0.876,8,-3.756,1,0.0292,0.000932,0.000166,0.136,0.385,145.916,4
spotify:track:1HNkqx9Ahdgi1Ixy2xkKkL,"Photograph","x (Deluxe Edition)","Ed Sheeran",2014-06-21,258986,88,false,111573307,2015-10-17T16:10:42Z,"pop suave","Atlantic Records UK",0.614,0.379,4,-10.48,1,0.0476,0.607,0.000464,0.0986,0.201,107.989,4
spotify:track:3oiHKYb11NDsLlHJZXYa53,"Do It To Ya","My Krazy Life (Deluxe)","YG;TeeFLii",2014-01-01,265693,0,true,111573307,2015-10-18T11:49:49Z,"hyphy","Def Jam Recordings",0.821,0.507,10,-9.732,0,0.229,0.0669,0,0.486,0.635,97.013,4
spotify:track:3xQ1axHnlSOWJzL9KaQbdc,"Always On My Mind - Remix","On My Mind","Da'ville;Sean Paul",2007-05-28,226613,0,false,111573307,2015-10-18T11:50:36Z,"lovers rock,reggae,riddim,dancehall,roots reggae,ragga","VP Music Group, Inc.",0.612,0.744,7,-5.443,0,0.15,0.034,0,0.0871,0.729,167.86,4
spotify:track:3lRClMO28poCHqTOfgIuE8,"Dance Tonight","Dance Tonight","Lucy Pearl",2000,234626,0,false,111573307,2015-10-18T11:53:50Z,"neo soul","Virgin Records",0.786,0.373,1,-8.618,1,0.0664,0.00639,0.000872,0.121,0.663,99.199,4
spotify:track:2n2G49FT3HbToRtLVped8y,"Blackout","Run This Club","Wretch 32;Shakka",2014-05-23,225760,0,true,111573307,2015-10-18T11:55:21Z,"grime,uk grime,afroswing","Sony Music CG",0.774,0.758,5,-7.859,0,0.0601,0.619,0.00000773,0.161,0.682,130.024,4
spotify:track:1DyuWFjLlMoJpcGjFdPoMJ,"Basketball (feat. Jermaine Dupri, Fabolous & Fundisha)","Music From The Motion Picture Like Mike","Bow Wow;Jermaine Dupri;Fabolous;Fundisha",2002-12-09,198373,42,false,111573307,2015-10-18T11:56:06Z,"r&b,hip hop sureño americano","Columbia",0.881,0.779,7,-5.242,0,0.139,0.055,0,0.281,0.736,107.726,4
spotify:track:0BBOLOV5JntPL3341swIre,"Turn Me On","Kevin Lyttle (US Domestic Release)","Kevin Lyttle",2004-03-30,192106,76,false,111573307,2015-10-18T11:56:58Z,"soca,dancehall","Atlantic Records",0.677,0.682,9,-6.879,1,0.0361,0.0405,0,0.0351,0.875,106.279,4
spotify:track:6zhhou0uz44lF7XSOF6PC5,"So Far to Go Feat. Common & DAngelo","The Shining","J Dilla",2006-10-03,336813,0,true,111573307,2015-10-18T11:58:35Z,"plunderphonics,hip hop alternativo,jazz rap","",0.653,0.557,5,-5.34,0,0.0457,0.00776,0.000056,0.354,0.293,90.367,4
spotify:track:6RsWqX8zABZLhZydXxEFOm,"Can't Feel My Face","Beauty Behind The Madness","The Weeknd",2015-08-28,213520,3,false,111573307,2015-10-21T13:42:07Z,"","Universal Music Group",0.702,0.77,9,-5.416,0,0.0482,0.124,0,0.103,0.593,107.951,4
spotify:track:7x5xYW5W42OGPAdHUyyguy,"Locked Away (feat. Adam Levine)","What Dreams Are Made Of","R. City;Adam Levine",2015-10-09,227475,84,false,111573307,2015-10-21T13:42:23Z,"","Kemosabe Records/RCA Records",0.509,0.671,1,-5.709,1,0.0678,0.304,0,0.0452,0.55,118.413,5
spotify:track:6ukMqDxnOPOgoHdak7Kyp3,"Marvin Gaye (feat. Meghan Trainor)","Some Type of Love","Charlie Puth;Meghan Trainor",2015-05-01,190453,62,false,111573307,2015-10-21T13:42:35Z,"pop suave","Artist Partner",0.795,0.616,1,-5.281,0,0.06,0.417,0,0.349,0.815,110.015,4
spotify:track:6CO2dTjTIXVJoBHPEN6Qcg,"Are You with Me - Radio Edit","Are You with Me","Lost Frequencies",2015-03-09,138840,0,false,111573307,2015-10-21T13:43:30Z,"tropical house","disco:wax",0.778,0.578,5,-9.848,0,0.0322,0.5,0.0000889,0.137,0.401,121.039,4
spotify:track:2sNvitW3TxiTeC9xT9f2ZZ,"Firestone","Firestone","Kygo;Conrad Sewell",2015-06-24,273684,4,false,111573307,2015-10-21T13:44:13Z,"tropical house","Kygo",0.486,0.652,11,-7.226,0,0.052,0.408,0.0000663,0.077,0.391,113.055,4
spotify:track:494OU6M7NOf4ICYb4zWCf5,"Sugar","V (Deluxe)","Maroon 5",2015-05-18,235493,59,true,111573307,2015-10-21T13:45:16Z,"pop","Interscope Records*",0.748,0.788,1,-7.055,1,0.0334,0.0591,0,0.0863,0.884,120.076,4
spotify:track:3c3XJ9P1BjOtmNXKvdVyHK,"For A Better Day","Stories","Avicii",2015-10-02,206066,3,false,111573307,2015-10-21T13:46:09Z,"edm","Universal Music Group",0.631,0.836,2,-3.386,0,0.0343,0.0482,0.139,0.135,0.321,134.987,4
spotify:track:1WP1r7fuvRqZRnUaTi2I1Q,"Stitches","Handwritten (Deluxe)","Shawn Mendes",2015-04-13,206880,2,false,111573307,2015-10-21T13:46:22Z,"","Universal Music Group",0.746,0.754,1,-6.681,1,0.067,0.0152,0,0.0486,0.764,149.882,4
spotify:track:4R1nZzQWILv5a26VbRxEJ1,"Electric Blue (feat. T.I.)","Big Fat Lie (Deluxe)","Nicole Scherzinger;T.I.",2014-10-20,221680,20,true,111573307,2015-10-27T16:28:10Z,"hip hop sureño americano","RCA Records Label",0.879,0.579,1,-7.545,1,0.0941,0.0458,0.00000114,0.0985,0.434,99.957,4
spotify:track:1SUvRnFLpCQ1xjZv8TY3se,"Ladera / Tell Me","Take Me to Maryland","Jamal Cristopher",2015-07-08,237035,0,true,111573307,2015-10-27T16:34:30Z,"","The J.G.O. Company",0.562,0.587,7,-7.795,1,0.384,0.0914,0,0.1,0.338,101.271,4
spotify:track:7oxA0vWt6yyDUt0nbAANex,"Take My Soul","Take Me to Maryland","Jamal Cristopher",2015-07-08,200542,0,true,111573307,2015-10-27T16:34:56Z,"","The J.G.O. Company",0.477,0.562,9,-10.305,0,0.453,0.602,0,0.167,0.483,81.019,4
spotify:track:4FLFm76nwepkcxzqS8PzH4,"Moving Too Fast - Radio Edit","Movin' Too Fast (Ultimate Collection)","Artful Dodger;Romina Johnson",2012-06-11,238093,57,false,111573307,2015-10-28T11:25:28Z,"uk garage,funky británico","Bacci Bros Records",0.844,0.506,11,-11.082,0,0.0453,0.0878,0.0000165,0.0323,0.515,127.099,4
spotify:track:0OQGeFiEPckRE127XsdZos,"Lookin' At You","Return Of The Regulator","Warren G",2001-12-11,253800,0,true,111573307,2015-10-29T19:58:52Z,"g-funk,hip hop de la costa oeste,hip hop old school,rap gangster","Universal Records",0.932,0.597,9,-3.24,0,0.227,0.0371,0,0.138,0.898,97.112,4
spotify:track:2i52gO6sNhb3Wbtqeg5tNP,"Again and Again","Again and Again","Tomorrow People",2014-12-12,214709,0,false,111573307,2015-10-29T19:59:17Z,"reggae neozelandés,reggae","WM New Zealand",0.585,0.648,0,-6.777,1,0.216,0.562,0,0.112,0.729,174.074,4
spotify:track:3gwZtYY24cA2Cg1kew5bIR,"My Baby","Completion","Pieter T",2013-05-31,225097,0,false,111573307,2015-10-29T19:59:38Z,"reggae neozelandés","Kog Mastering Ltd",0.802,0.717,6,-5.798,1,0.0942,0.0428,0,0.075,0.701,123.92,4
spotify:track:1MDoll6jK4rrk2BcFRP5i7,"Hello","Hello","Adele",2015-10-23,295502,3,false,111573307,2015-10-29T19:59:53Z,"pop suave","XL Recordings",0.471,0.431,5,-6.129,0,0.0342,0.329,0,0.0854,0.289,157.98,4
spotify:track:1J1dupxCRj30vAVlepm1t9,"Spanish Joint","Voodoo","D'Angelo",2000-01-25,344493,0,false,111573307,2015-10-30T22:08:09Z,"neo soul","Virgin Records",0.729,0.498,0,-8.906,0,0.0821,0.537,0.322,0.134,0.78,111.77,4
spotify:track:2BUKjIhUlQOfBnYfp1ALd5,"Corner of the Earth","A Funk Odyssey","Jamiroquai",2001-09-03,338960,0,false,111573307,2015-10-30T22:16:27Z,"acid jazz","Epic",0.473,0.552,2,-6.621,1,0.0302,0.252,0.0000912,0.288,0.276,79.486,4
spotify:track:6OJadrVHUuZzGy5jpZYBxq,"Limelight (Louis Futon Remix)","Limelight (Louis Futon Remix)","Just A Gent;Louis Futon",2015-10-12,276933,27,false,111573307,2015-10-31T18:40:06Z,"future bass","Just A Gent",0.638,0.717,5,-7.12,0,0.238,0.159,0.000235,0.161,0.279,133.013,4
spotify:track:08WG6Lp91YEtA1qLNx3iZE,"Six Feet Deep","Six Feet Deep","The Age of L.U.N.A",2015-03-30,214964,19,true,111573307,2015-11-10T09:55:36Z,"","Believe Recordings",0.789,0.52,1,-7.563,1,0.287,0.219,0,0.0588,0.851,93.125,4
spotify:track:3MPC4VgnsdlTEua8QntLab,"Do Not Disturb","VII (Deluxe)","Teyana Taylor;Chris Brown",2014-11-04,252666,47,true,111573307,2015-11-10T10:00:28Z,"r&b","Getting Out Our Dreams Inc. (G.O.O.D.) Music / IDJ",0.597,0.564,1,-6.968,1,0.232,0.119,0,0.229,0.235,135.92,4
spotify:track:7yVJlhAZlZ4O1jlJCkMXD6,"Gallery","Mario Vazquez","Mario Vazquez",2006-09-25,223613,50,false,111573307,2015-11-10T10:05:26Z,"","Arista",0.593,0.651,9,-6.904,0,0.135,0.0169,0,0.141,0.323,86.535,4
spotify:track:24E3QYm8pN5vVuJMbQjJpf,"For Da Love Of Da Game","The Magnificent / Beat Generation","DJ Jazzy Jeff",2002-08-12,227133,0,false,111573307,2015-11-10T10:12:25Z,"jazz rap,hip hop de la costa este","Rapster Records",0.764,0.741,5,-6.104,0,0.309,0.464,0,0.463,0.612,92.936,4
spotify:track:6tZmrNnFao9ofNviYqJwOH,"UP! (feat. Chris Brown, Pleasure P) (R&B Remix Mix)","UP! (R&B Remix) (feat. Chris Brown & Pleasure P) - Single","J. Valentine",2013-01-29,201142,60,false,111573307,2015-11-10T10:12:56Z,"hyphy","CityBoyz Muzik",0.777,0.454,1,-10.39,1,0.131,0.409,0,0.616,0.498,96.922,4
spotify:track:3ldG6XCLDXxWg1N6XhrSKo,"Shy Guy","Tougher Than Love","Diana King",1995-04-14,258560,64,false,111573307,2015-11-10T10:16:18Z,"","Work",0.714,0.825,11,-5.447,0,0.0751,0.0128,0.000569,0.049,0.751,94.074,4
spotify:track:0mDSPvA2OAgIsSiGGGAesm,"Let's Get Married (feat. Run) - ReMarqable Remix","Jagged Little Thrill","Jagged Edge;RUN;Lamarquis Jefferson",2001-07-03,249026,59,false,111573307,2015-11-10T10:22:23Z,"r&b,quiet storm","Columbia",0.852,0.708,1,-6.721,1,0.0614,0.0102,0,0.117,0.815,109.892,4
spotify:track:58q3Dc7woYS7myaYOgAsl5,"Say Yes","Say Yes","B5",2013-01-01,233373,34,false,111573307,2015-11-23T17:25:37Z,"","Def Jam Recordings",0.563,0.815,5,-4.483,0,0.0425,0.0256,0,0.1,0.468,132.8,4
spotify:track:70VdvOkii01FeR5WHuYrFi,"The Place Where You Belong","Blackface","Shai",1995-01-01,261760,0,false,111573307,2015-11-23T17:25:45Z,"new jack swing,quiet storm,r&b","Geffen*",0.764,0.535,2,-6.112,0,0.0776,0.0115,0.0000152,0.401,0.548,95.643,4
spotify:track:5c1ZRZGvQShnqbXrkg0IuD,"Love mi di same","Love mi di same","DJ Hard2Def",2013-10-07,196533,0,false,111573307,2015-11-23T17:37:10Z,"dancehall,moombahton,ragga","Dee Buzz Sound / TTS",0.702,0.665,7,-7.48,1,0.274,0.138,0,0.775,0.863,186.027,4
spotify:track:2D1nJ8Q2rhJM3716dVVBxb,"Say You Love Me (feat. WizKid)","The Lost Sounds","LeriQ;Wizkid",2015-08-28,190066,0,false,111573307,2015-11-23T17:54:33Z,"alté,afrobeats,azonto,afrobeat,r&b afro,afropop,afroswing,afropiano","RCA Records Label",0.62,0.495,1,-7.168,1,0.292,0.332,0,0.0844,0.42,64.413,3
spotify:track:6u0dQik0aif7FQlrhycG1L,"The Morning","Trilogy","The Weeknd",2012-11-13,312426,70,true,111573307,2015-11-23T17:54:41Z,"","CP Records",0.656,0.549,6,-7.555,0,0.0392,0.316,0,0.104,0.185,120.073,4
spotify:track:4ZJHRfOAWhubgH20OoP7wU,"Fly Together Remix","Hell’s Kitchen","Red Cafe",2012-12-04,251960,0,true,111573307,2015-11-23T18:18:39Z,"","Shakedown Entertainment",0.713,0.867,8,-5.51,1,0.178,0.259,0,0.18,0.9,95.939,4
spotify:track:2RqZFOLOnzVmHUX7ZMcaES,"Let It Go","Just Like You","Keyshia Cole;Missy Elliott;Lil' Kim",2007-01-01,238333,71,false,111573307,2015-11-23T18:24:00Z,"r&b,hip hop,hip hop de la costa este","Geffen",0.806,0.721,1,-5.167,1,0.215,0.197,0,0.209,0.781,94.966,4
spotify:track:0KM6AKdy0UPr7U4s7nPuwc,"Wanna Love You Girl - Main","The Evolution of Robin Thicke","Robin Thicke;Pharrell Williams",2006-01-01,263280,50,false,111573307,2015-11-23T18:38:11Z,"","The Neptunes",0.902,0.358,9,-9.032,0,0.15,0.0285,0.00992,0.0917,0.773,116.025,4
spotify:track:2BysX1CIcrQuY7b97Z6Nzo,"Extravaganza (feat. Kanye West)","Unpredictable","Jamie Foxx;Kanye West",2005-12-20,255933,37,true,111573307,2015-11-23T18:59:40Z,"rap","J Records",0.798,0.583,7,-7.371,1,0.132,0.144,0,0.213,0.513,99.973,4
spotify:track:27mF2eUbhExYWiOT0y9cuc,"Diced Pineapples","God Forgives, I Don't (Deluxe Edition)","Rick Ross;Wale;Drake",2012-01-01,276160,68,true,111573307,2015-11-23T19:04:59Z,"hip hop sureño americano,rap","Def Jam Recordings",0.511,0.735,2,-6.026,1,0.239,0.352,0,0.196,0.379,110.965,5
spotify:track:2SKf2Lp9fVFYuT0ie8jsyG,"Walk Thru","Finesse Music","D Lamar;JasonMartin",2013-12-07,156719,0,true,111573307,2015-11-23T19:18:40Z,"hyphy,hip hop de la costa oeste","101 Distribution",0.414,0.592,11,-7.493,0,0.395,0.433,0,0.212,0.577,183.49,4
spotify:track:0ml5iczdJe6GAgFB28T7KB,"She Get It From Her Mama","She Get It From Her Mama","Bertell;T-Pain",2013-07-30,217093,0,true,111573307,2015-11-23T23:40:43Z,"","Carter House Music",0.556,0.666,1,-5.045,0,0.34,0.377,0,0.608,0.758,90.063,4
spotify:track:1GncPpLSSOlV5D77d6j8Uv,"No Wheaties","George Kush Da Button: Deluxe Edition","Smoke DZA;Curren$y;Big K.R.I.T.",2011-06-01,188440,0,true,111573307,2015-11-23T23:46:53Z,"hip hop sureño americano","FrankRadio / iH2D / iHipHop Distribution",0.65,0.661,1,-7.061,1,0.421,0.135,0,0.214,0.555,108.677,5
spotify:track:1QasmyPEtfhtkmZ2v2VOXP,"Set Up","IT (Incomparable Talent)","Busy Signal",2013-07-09,177360,0,false,111573307,2015-12-03T11:07:43Z,"dancehall,reggae,lovers rock,ragga,riddim,soca,roots reggae","Turf Music Entertainment / VPAL Music",0.707,0.781,11,-5.712,1,0.0818,0.313,0.000366,0.0943,0.789,93.911,4
spotify:track:7gTUCT0FAxzhrUD2fXcUBx,"Layaway Love","Raised By The People","Notch",2007-01-01,177360,0,false,111573307,2015-12-07T14:22:17Z,"dancehall,ragga,soca,reggae","Universal Music",0.817,0.695,1,-6.662,1,0.0757,0.0337,0,0.0646,0.658,101.77,4
spotify:track:3mnVgyzn5HC7Sqkn3B5zHs,"I Wanna Be Where You Are","Got To Be There","Michael Jackson",1972-01-24,182786,54,false,111573307,2015-12-08T17:11:15Z,"","Motown",0.605,0.843,4,-8.546,0,0.0604,0.469,0.00235,0.118,0.662,103.817,4
spotify:track:6h7PQQIUQSNSAWqRe98MBU,"Trade It All, Pt. 2 (feat. P. Diddy & Jagged Edge)","Street Dreams (Bonus Track)","Fabolous;Diddy;Jagged Edge",2003-02-01,275266,53,true,111573307,2015-12-15T19:52:37Z,"hip hop,hip hop de la costa este,r&b,quiet storm","Elektra Records",0.819,0.778,1,-5.839,0,0.21,0.029,0,0.215,0.779,96.72,4
spotify:track:3XG801WWhqC753dekEBkMt,"Real Love","What's The 411?","Mary J. Blige",1992-01-01,269973,67,false,111573307,2015-12-15T20:04:19Z,"r&b","Uptown",0.769,0.781,0,-5.472,1,0.0797,0.12,0.00037,0.0506,0.826,95.021,4
spotify:track:7eTYcpjEwXTphautuv9Hj7,"Summer Jam","When Fish Ride Bicycles (Clean)","The Cool Kids;Maxine Ashley",2011-08-16,220053,0,false,111573307,2015-12-15T20:04:20Z,"afro tech,afro house","Green Label Sound",0.644,0.729,8,-7.158,1,0.184,0.0707,0.0000264,0.195,0.573,171.875,4
spotify:track:77iviOQT4W5yD4OuquccGS,"Candi Bar","He's Keith Murray (Explicit Version)","Keith Murray",2003-01-01,225453,0,true,111573307,2015-12-16T18:06:14Z,"hip hop de la costa este,hip hop old school,boom bap","Def Jam Recordings",0.802,0.726,11,-4.792,1,0.568,0.134,0,0.277,0.781,90.032,4
spotify:track:1HbcclMpw0q2WDWpdGCKdS,"Tenerife Sea","x (Deluxe Edition)","Ed Sheeran",2014-06-21,241346,70,false,111573307,2015-12-20T18:12:44Z,"pop suave","Atlantic Records UK",0.53,0.346,8,-10.497,1,0.0376,0.697,0.0000107,0.105,0.359,121.876,4
spotify:track:2uZwyxrg6VPvlVsvclIfel,"Where I Wanna Be","Where I Wanna Be","Donell Jones",1999-05-29,253626,63,false,111573307,2015-12-21T23:55:59Z,"r&b,quiet storm","Arista/LaFace Records",0.664,0.396,5,-9.131,0,0.0298,0.52,0,0.268,0.453,102.053,4
spotify:track:0MWIQ1WgOfp8sPiHwsLen3,"Sexy Cinderella","Medicine 4 My Pain","Lynden David Hall",1998-11-02,280693,0,false,111573307,2015-12-21T23:56:20Z,"neo soul,r&b británico,new jack swing,uk garage","Parlophone UK",0.824,0.421,6,-8.078,0,0.0464,0.195,0.00471,0.0506,0.596,79.182,4
spotify:track:3zfuAz8qoIbxZkwGMhvLcR,"Hey Boy (feat. Snoop Dogg)","Strong as Glass","Goapele;Snoop Dogg",2014-10-21,244564,0,false,111573307,2015-12-21T23:56:43Z,"neo soul,g-funk,hip hop de la costa oeste,rap gangster,hip hop old school,hip hop,rap","BMG/Primary Wave",0.787,0.792,8,-5.053,0,0.122,0.32,0,0.0471,0.863,114.03,4
spotify:track:5lERHUidCL6dbthQr69f1s,"Imagine","In Return","Shola Ama;Brad Gilderman;Fred Jerkins;London",1999-12-03,259933,30,false,111573307,2015-12-21T23:58:02Z,"uk garage,funky británico,r&b británico,r&b cristiano,góspel,jazz cristiano","WM UK",0.593,0.685,6,-8.106,1,0.0629,0.186,0.000172,0.0713,0.892,179.988,4
spotify:track:6l4TNbfPtNAOOlGIfceSaO,"Ascension (Don't Ever Wonder) - Remastered 2021","Maxwell's Urban Hang Suite","Maxwell",1996-04-02,345975,67,false,111573307,2015-12-21T23:58:09Z,"neo soul,quiet storm,r&b","Columbia",0.762,0.459,0,-10.307,1,0.0379,0.111,0.0219,0.147,0.749,96.069,4
spotify:track:4J7CJ0F77NoJR7RmWoH4BU,"Beautiful Life (feat. Wale)","Beautiful Life","Chuck Brown;Wale",2014-08-19,269843,27,false,111573307,2015-12-21T23:59:31Z,"go-go,club de baltimore,post-disco","Raw Venture Records & Tapes, Inc.",0.707,0.668,1,-5.706,0,0.263,0.159,0,0.394,0.474,171.939,4
spotify:track:70ma1Bessfv2Ra7mazEXmq,"Call Me (She Said)","Call Me (She Said)","Joell Ortiz;Novel",2010-04-13,252724,0,true,111573307,2015-12-22T00:00:16Z,"hip hop de la costa este","Freedom Tunes",0.432,0.907,7,-5.135,1,0.42,0.0367,0,0.152,0.757,200.756,4
spotify:track:5AIA8TpGhuilLpHbA6c1bq,"Georgy Porgy (feat. Faith Evans)","A Day in the Life","Eric Benét;Faith Evans",1999-02-25,280880,58,false,111573307,2015-12-22T00:00:21Z,"neo soul,quiet storm,r&b contemporáneo,r&b","Warner Records",0.728,0.636,11,-7.033,0,0.171,0.00677,0.0000847,0.296,0.821,96.512,4
spotify:track:5YTM7OgQDt9EJAYcfHLniJ,"Award Tour (feat. Trugoy The Dove)","Midnight Marauders","A Tribe Called Quest;Trugoy The Dove",1993-11-09,226440,65,true,111573307,2015-12-22T00:01:09Z,"jazz rap,hip hop de la costa este,hip hop old school,hip hop","Jive",0.812,0.6,7,-9.414,1,0.253,0.00304,0.00000779,0.173,0.557,97.338,4
spotify:track:5BpSkQX8evaOZATpl9bFoe,"Back Like That","Fishscale","Ghostface Killah;Ne-Yo",2006-01-01,242000,0,true,111573307,2016-01-07T11:17:32Z,"hip hop de la costa este,hardcore hip hop,hip hop old school,hip hop","Def Jam Recordings",0.718,0.663,8,-5.154,1,0.19,0.013,0,0.0631,0.488,95.728,4
spotify:track:7vKYuqKAySUizIkcAl4Oal,"Don't You Forget It","World Outside My Window","Glenn Lewis",2002-03-19,248773,50,false,111573307,2016-01-07T11:23:19Z,"neo soul","Epic",0.72,0.513,6,-7.746,0,0.072,0.118,0,0.114,0.304,89.004,4
spotify:track:2aRnHWdrhWMXTCOVPiYOdi,"Ghetto Story Chapter 2 (feat. Alicia Keys)","Ghetto Story (Amended U.S. Version)","Cham;Alicia Keys",2006-08-15,285480,0,false,111573307,2016-01-07T11:50:47Z,"dancehall,ragga,reggae,soca,riddim,r&b,neo soul","Madhouse/Atlantic",0.623,0.642,2,-5.28,1,0.301,0.359,0,0.227,0.674,103.239,5
spotify:track:5laP2pd9pT6O6rfW8oq2zB,"Robbin' Hood Heroes","Freshmen","Nesian Mystik",2006,190093,45,false,111573307,2016-01-07T12:06:57Z,"reggae neozelandés","Bounce Records Ltd",0.537,0.343,7,-11.192,0,0.123,0.294,0,0.105,0.489,80.205,4
spotify:track:1wQa9NegotwZHgXqRSuze6,"Good Time","A Change Is Gonna Come (U.S. Release)","Leela James",2005,256160,33,false,111573307,2016-01-07T12:10:25Z,"neo soul","Warner Records",0.909,0.812,0,-4.78,1,0.156,0.0858,0.0271,0.0365,0.648,99.874,4
spotify:track:2hnB6ht1mL2G3OMzJc8lwT,"Sister (feat. Mike Payne)","Blue Collar","Rhymefest;Mike Payne",2006-07-10,234213,22,true,111573307,2016-01-07T12:15:30Z,"música neoclásica,southern gospel","J Records",0.575,0.707,8,-7.96,0,0.4,0.314,0,0.122,0.524,83.986,4
spotify:track:7dZzBG5EzwxGKrWsWLgqgw,"Don't Talk","Jon B - Greatest Hits...Are U Still Down?","Jon B.",2008-07-29,283826,35,false,111573307,2016-01-07T12:19:03Z,"r&b,quiet storm","Epic/Edmonds Records Group",0.814,0.497,7,-8.73,0,0.136,0.0644,0,0.0919,0.674,104.59,4
spotify:track:6dbiDALMmGMwVJDwMbmJ5H,"Floatin' (feat. Justin Timberlake & will.i.am)","Charlie, Last Name Wilson","Charlie Wilson;Justin Timberlake;will.i.am",2005-09-13,313426,33,false,111573307,2016-01-07T16:44:10Z,"drill sexy","Jive",0.925,0.498,11,-9.885,1,0.167,0.0224,0.00000183,0.0828,0.648,104.911,4
spotify:track:0BcA0LiA9lpB4fHBbBBO50,"Infatuated","534","Memphis Bleek;Boxie",2005-01-01,244760,49,true,111573307,2016-01-08T00:55:22Z,"hip hop de la costa este","Roc-A-Fella",0.802,0.573,1,-3.956,1,0.218,0.169,0,0.0632,0.66,93.465,4
spotify:track:2YXUhS38y6N1mZZSKWWeTV,"Still","Still","Liquideep",2014-05-01,368919,0,false,111573307,2016-01-16T18:56:52Z,"house","Full + Bless",0.774,0.629,11,-9.543,1,0.0478,0.0765,0.00069,0.0983,0.87,119.978,4
spotify:track:2m4c8IpG1l8aCL04WJU6SP,"I Don't Want To Lose Your Love","Cat In The Hat","Bobby Caldwell",1980,271600,0,false,111573307,2016-01-16T18:57:12Z,"yacht rock","Big Deal Records, Llc",0.788,0.199,9,-20.125,0,0.0288,0.699,0.00942,0.0438,0.574,90.456,4
spotify:track:2lPim4rzG1aNGk2JeVXE6P,"The High - Mike Q & Divoli S'vere Remix","Hallucinogen Remixes","Kelela",2015-12-25,121379,0,false,111573307,2016-01-16T18:58:33Z,"r&b alternativo","Warp Records",0.341,0.451,7,-10.728,0,0.413,0.28,0.00000394,0.229,0.0701,175.192,4
spotify:track:14i7RZBBM2aTLHSnAX31yO,"Gullible (feat. CeeLo Green)","The Gifted","Wale;CeeLo Green",2013-06-25,282146,29,true,111573307,2016-01-16T18:59:34Z,"","MMG/Atlantic",0.735,0.827,1,-4.385,0,0.204,0.0304,0,0.278,0.524,104.983,4
spotify:track:1LQrkwAiPPvPqRKPiPZUQa,"Chevelle (feat. Rashad)","Ohio","Stalley;Rashad",2014-10-27,264026,16,true,111573307,2016-01-16T19:01:02Z,"","MMG/Atlantic",0.624,0.684,0,-5.77,1,0.237,0.0303,0,0.3,0.0781,134.15,4
spotify:track:55qvTtD25f7mMSKjWNFBj9,"Take My Life","Life Changes","Casey Veggies",2013-01-22,274181,0,true,111573307,2016-01-16T19:01:12Z,"","Csey Veggies",0.468,0.855,8,-6.564,0,0.495,0.254,0,0.112,0.689,94.498,3
spotify:track:58R9kySTnblzVQHYaU8GqH,"Everyday - Full Crew Rap Mix","Black Diamond (Deluxe Edition)","Angie Stone;Phoebe 1;Full Crew",1999-09-27,232693,8,false,111573307,2016-01-16T19:23:11Z,"neo soul,soul,reggae pop,reggae,lovers rock","BRM / Peace Bisquit",0.752,0.712,7,-7.949,1,0.415,0.144,0,0.33,0.648,81.831,4
spotify:track:21xVx0n3qonzK2PXah9M1S,"The Urban Theme - Remastered 2021","Maxwell's Urban Hang Suite","Maxwell",1996-04-02,162067,49,false,111573307,2016-01-16T19:24:23Z,"neo soul,quiet storm,r&b","Columbia",0.806,0.733,1,-7.251,0,0.0746,0.0597,0.597,0.328,0.821,100.038,4
spotify:track:610BVUQMZpmt3eROWX9ZC1,"Say It","Say It","Tory Lanez",2015-07-31,236893,0,true,111573307,2016-01-20T15:31:32Z,"","Mad Love/Interscope Records",0.558,0.521,11,-10.125,0,0.0551,0.0874,0.00000299,0.21,0.287,107.299,4
spotify:track:1C3GfIyZjaX654Tva4QNtJ,"Only Wanna Give It To You (feat. J. Cole)","Perfectly Imperfect","Elle Varner;J. Cole",2012-08-03,237560,45,false,111573307,2016-01-24T10:54:05Z,"rap","RCA Records Label",0.718,0.754,0,-3.918,1,0.183,0.00709,0,0.0978,0.67,97.656,4
spotify:track:3v2U3z1rTbDAXyy3znfLi2,"Fast Car - Original Mix","Fast Car (Original Mix)","Tobtok;River",2015-11-27,207272,0,false,111573307,2016-01-27T11:13:35Z,"deep house","disco:wax",0.768,0.767,2,-5.469,1,0.0323,0.357,0.0000592,0.104,0.595,113.947,4
spotify:track:0j0DNujXWeupLpZobbABoo,"Nothing Left (feat. Will Heard)","Nothing Left (feat. Will Heard)","Kygo;Will Heard",2015-07-31,236682,49,false,111573307,2016-01-27T16:23:49Z,"tropical house","Kygo",0.679,0.576,4,-6.609,0,0.0401,0.26,0.000115,0.366,0.349,154.07,4
spotify:track:6PWSHANKexW57TDosKARmW,"I'm Leavin' U (Gotta Go, Gotta Go) (feat. MC Lyte) - C & J Fulltime Mix","Fresh Outta ""P"" University","Bootsy Collins;MC Lyte",1997,273306,40,false,111573307,2016-02-07T16:45:43Z,"funk,hip hop old school,hip hop de la costa este","WM Germany",0.835,0.595,6,-6.093,1,0.114,0.0621,0.0000024,0.132,0.614,85.592,4
spotify:track:0UN5OvKlbg06LnZyVk48ll,"Loungin (Who Do Ya Luv) - Remix","Mr. Smith (Deluxe Edition)","LL COOL J;Total",1995-11-21,229373,65,true,111573307,2016-02-07T16:45:55Z,"hip hop old school,hip hop de la costa este,r&b,new jack swing","LL Cool J.",0.817,0.584,7,-9.785,1,0.174,0.432,0.00588,0.225,0.502,99.947,4
spotify:track:7FPjgmL65356wLQOrsWRg1,"Take Off The Blues","Leave It All Behind","The Foreign Exchange;Darien Brockington",2008-10-07,246412,0,false,111573307,2016-02-07T16:46:11Z,"neo soul","Imagine Nation Music, LLC",0.431,0.568,9,-7.719,0,0.406,0.0524,0.0568,0.109,0.573,186.99,4
spotify:track:3YLrUBLLRGUEY1URhbtiLK,"Smooth Sailin'","Young Roscoe Philaphornia","Roscoe",2003-01-01,237013,42,true,111573307,2016-02-07T16:47:22Z,"g-funk,hip hop de la costa oeste","Capitol Records",0.687,0.906,7,-1.144,1,0.0464,0.0519,0,0.244,0.75,97.552,4
spotify:track:1wLqHbNG8A7CUH2piGQZ25,"Be Alright","Goldrush","Ebrahim",2007-01-01,276960,20,false,111573307,2016-02-07T16:48:31Z,"neo soul","A Decent Apple Records",0.725,0.445,5,-6.064,1,0.142,0.633,0,0.604,0.722,86.973,4
spotify:track:5p4inu2s1OFfbX9qy29667,"Lose Control (feat. French Montana)","Lose Control (feat. French Montana)","Dimello;French Montana",2014-10-10,177479,26,true,111573307,2016-02-07T16:49:02Z,"","Benji Entertainment",0.732,0.724,4,-6.945,0,0.103,0.0588,0,0.0743,0.781,93.938,4
spotify:track:1rJM37Dd4OcSJvzI84yCcP,"Fu-Gee-La","The Score (Expanded Edition)","Fugees;Ms. Lauryn Hill;Wyclef Jean;Pras",1996-02-13,260066,72,true,111573307,2016-02-22T01:44:09Z,"hip hop de la costa este,neo soul,hip hop old school","Columbia",0.681,0.505,1,-11.709,1,0.138,0.137,0,0.234,0.399,89.953,4
spotify:track:0xikWgPgYN9BEes0ieZ8Co,"Heard It All Before","Your Woman","Sunshine Anderson",2001,295826,67,false,111573307,2016-02-22T01:44:49Z,"neo soul","Rhino Atlantic",0.697,0.925,3,-4.209,0,0.216,0.0614,0,0.095,0.678,96.951,4
spotify:track:0vq0qoIMXjE8uFzIIyiOy9,"Hello (Reggae Cover)","Hello (Reggae Cover)","Conkarah;Rosie Delmah",2016-01-26,238250,0,false,111573307,2016-03-06T15:27:18Z,"reggae,reggae pop","Tuff Tumas Music",0.759,0.535,8,-9.431,1,0.0441,0.078,0.0121,0.107,0.46,78.993,4
spotify:track:53HL9X1ZFXUvN8OS7HsHCX,"Between the Sheets","Between The Sheets","The Isley Brothers",1983,338133,0,false,111573307,2016-03-29T13:32:58Z,"motown,quiet storm,soul,soul clásico,funk,northern soul","T-Neck",0.718,0.31,9,-15.513,0,0.0957,0.445,0.00000162,0.0629,0.561,83.839,4
spotify:track:65lpbd9h870ReZj3O4y5wM,"Wherever We Go","The Best Of Born Jamericans","Born Jamericans",2002-01-01,310706,0,false,111573307,2016-03-29T13:40:32Z,"ragga,reggae,dancehall","Universal Music Group",0.839,0.614,4,-6.289,0,0.0804,0.0122,0,0.612,0.626,89.191,4
spotify:track:23XFjkEHUpVh3fmcNJFkaR,"I Can't Wait","I Can't Wait featuring Outkast","Sleepy Brown;Outkast",2004-01-01,272546,47,true,111573307,2016-04-18T01:55:07Z,"hip hop sureño americano,hip hop","Interscope",0.855,0.63,10,-7.569,0,0.27,0.255,0,0.331,0.578,102.922,4
spotify:track:3X414ZlCf5U7pcpIaIcUkT,"Flava in Ya Ear","Project: Funk Da World","Craig Mack",1994-01-01,217466,60,true,111573307,2016-05-03T21:14:24Z,"hip hop old school,hip hop de la costa este","Bad Boy Records",0.763,0.541,9,-8.843,0,0.329,0.466,0,0.0693,0.885,90.032,4
spotify:track:2iYM4CGkoTfsLw9MI5K1AC,"Keep Your Worries","Streetsoul","Guru;Angie Stone",2000-01-01,298266,48,true,111573307,2016-05-03T21:24:40Z,"jazz rap,acid jazz,hip hop de la costa este,neo soul,soul","Virgin Records",0.734,0.544,11,-4.786,0,0.194,0.42,0,0.0975,0.669,86.617,4
spotify:track:7CJpe1WOtTpSSAHraZF0VB,"Every Little Thing I Do (Re-recorded / Remastered)","Candy Rain - Greatest Hits","Soul For Real",2011-06-21,261907,21,false,111573307,2016-05-03T22:14:28Z,"new jack swing,r&b","Cleopatra Records",0.665,0.691,5,-4.285,1,0.0461,0.148,0,0.163,0.729,99.082,4
spotify:track:5dXmPzPDTMWmxmpzxAV1JZ,"Caramel","City High","City High;Eve",2001-01-01,212293,57,false,111573307,2016-05-11T18:00:17Z,"","Interscope",0.801,0.66,5,-8.267,0,0.286,0.175,0.0000095,0.0748,0.295,93.036,4
spotify:track:7gHtm3BUJgbET8Vmit2lu6,"Return of the Mack - C&J Extended Mix","Return of the Mack / Trippin' (/Trippin')","Mark Morrison",1997,441506,47,false,111573307,2016-05-13T17:46:32Z,"","WEA",0.762,0.802,0,-7.363,1,0.0892,0.00723,0.0000101,0.313,0.413,95.426,4
spotify:track:6G7oGYYHnTYd76KGzSl7F1,"Godiva","Life Outside The Frame","Paranom & Purpose",2013-12-10,210038,0,false,111573307,2016-05-16T17:11:28Z,"","Ill Adrenaline",0.688,0.667,5,-8.641,0,0.273,0.413,0,0.0884,0.849,176.003,4
spotify:track:1QPiItD6kAFoWKxdIkIPu6,"The Get Up","The Listening","Litle Brother",2003-03-18,197213,0,true,111573307,2016-05-16T17:17:53Z,"","ABB Records",0.696,0.737,8,-7.462,0,0.47,0.00261,0.0000309,0.347,0.551,96.025,4
spotify:track:4GpFIsaCcUmNB0cTxc9oOb,"5 No Matter","Vybz Kartel Dancehall Hardcore","Vybz Kartel",2016-04-29,234560,0,false,111573307,2016-05-16T17:26:36Z,"dancehall,soca,riddim,ragga,reggae","Hammer Musik",0.887,0.613,7,-10.763,1,0.376,0.523,0,0.171,0.779,99.742,4
spotify:track:6tw4QClB4tIlNPdsXQ9ix5,"Infectious (feat. Snoop Dogg)","Forever Charlie","Charlie Wilson;Snoop Dogg",2015-01-23,235745,45,false,111573307,2016-06-08T14:16:30Z,"drill sexy,g-funk,hip hop de la costa oeste,rap gangster,hip hop old school,hip hop,rap","RCA Records Label",0.936,0.712,11,-5.24,0,0.137,0.0301,0,0.155,0.875,116.51,4
spotify:track:6QZRhIAHhkTyEND3XPIB1T,"U Ain't Goin Nowhere","Buck The World","Young Buck;LaToiya Williams",2007-01-01,239826,19,true,111573307,2016-06-08T14:18:14Z,"hip hop sureño americano,crunk","G-Unit Records",0.564,0.633,4,-4.633,1,0.42,0.134,0,0.0846,0.54,177.047,4
spotify:track:4ZYM6R5nOZywxACY90Bsla,"Playaz Club","Don't Fight The Feelin'","Rappin' 4-Tay",1994-01-01,266333,58,true,111573307,2016-06-08T14:20:45Z,"g-funk,hip hop de la costa oeste,hip hop old school,hyphy","Chrysalis\EMI Records (USA)",0.868,0.372,4,-12.704,0,0.177,0.0103,0.00455,0.076,0.666,99.965,4
spotify:track:5kl2Mjt6vIbzcL6Q26EvTT,"I Just Wanna Love You - Jay-Z","Keep Running","Rhythm Spectacle",2014-07-22,232840,16,false,111573307,2016-06-08T14:21:21Z,"","Groove Mite Records",0.941,0.662,11,-7.908,1,0.329,0.202,0,0.0949,0.947,98.126,4
spotify:track:29Daq5lsr0qlrVewEtN9pN,"It's All Yours (feat. Gina Thompson)","Seven & Seven (Clean)","MC Lyte;Gina Thompson",1998,280666,14,false,111573307,2016-06-08T14:23:06Z,"hip hop old school,hip hop de la costa este,new jack swing","Rhino/Elektra",0.876,0.378,6,-8.635,0,0.104,0.126,0.00369,0.0308,0.846,90,4
spotify:track:6SI4JD7iyQ0rrudhCNtMv0,"Ice Cream (feat. Ghostface Killah, Method Man & Cappadonna)","Only Built 4 Cuban Linx...","Raekwon;Ghostface Killah;Method Man;Cappadonna",1995,253226,58,true,111573307,2016-06-30T11:50:17Z,"hip hop de la costa este,hip hop old school,hardcore hip hop,hip hop,boom bap","RCA Records Label",0.683,0.902,1,-7.389,0,0.291,0.219,0.000761,0.226,0.724,90.447,4
spotify:track:1XqNSiRqIFZhCeW0yz8QC6,"Dance Tonight - Linslee Campbell Mix","Dance Tonight","Lucy Pearl",2000,247240,0,false,111573307,2016-07-02T23:44:09Z,"neo soul","Virgin Records",0.779,0.562,1,-9.804,1,0.0558,0.00307,0.00629,0.305,0.694,100.007,4
spotify:track:0QnlCOyZvfYSPOVYHKzwqk,"It Don't Make Any Difference to Me (feat. Wyclef Jean) - Supa Dupes Remix","Kevin Michael","Kevin Michael;Wyclef Jean",2007-10-02,252847,31,false,111573307,2016-07-03T00:16:10Z,"","Downtown Recordings/Atl",0.726,0.664,11,-6.641,0,0.0388,0.00208,0,0.185,0.387,88.504,4
spotify:track:1diAPrRxEYOgmp0a85HuaW,"Ha Ha Ha","Kevin Michael","Kevin Michael",2007-10-02,193666,2,true,111573307,2016-07-03T00:20:54Z,"","Downtown Recordings/Atl",0.663,0.243,11,-11.969,1,0.0858,0.0468,0,0.119,0.466,95.033,4
spotify:track:6ENmV84de4CvRwSD3c6UwF,"We All Want the Same Thing (feat. Lupe Fiasco & Akil Dasan) - Acoustic Version","Kevin Michael","Kevin Michael;Akil Dasan;Lupe Fiasco",2007-10-02,243293,4,false,111573307,2016-07-03T00:22:55Z,"","Downtown Recordings/Atl",0.772,0.625,10,-7.029,0,0.158,0.0835,0,0.102,0.797,93.988,4
spotify:track:2aJEyyrHibZMfYpheoSWkD,"Too Blessed to Be Stressed (feat. Akil Dasan) - Acoustic Version","Kevin Michael","Kevin Michael",2007-10-02,138727,1,false,111573307,2016-07-03T00:23:17Z,"","Downtown Recordings/Atl",0.791,0.828,4,-6.066,0,0.295,0.136,0,0.336,0.753,93.608,4
spotify:track:4L2K7JKseFCBoHMZEAszW0,"Jealous","Jealous","Labrinth",2014-11-21,287693,1,false,111573307,2016-07-07T21:44:00Z,"","Syco Music",0.439,0.153,1,-8.95,1,0.0479,0.874,0,0.107,0.104,116.76,3
spotify:track:27PmvZoffODNFW2p7ehZTQ,"Don't Mind","Don't Mind","Kent Jones",2016-04-25,198236,70,true,111573307,2016-07-12T20:00:43Z,"","Epic/We The Best",0.464,0.771,8,-4.503,1,0.336,0.0235,0,0.063,0.69,158.777,4
spotify:track:1D4WfWqjW06qklFADOZAgs,"Know What I Want","Know What I Want","Kali Uchis",2014-11-11,251111,51,false,111573307,2016-07-12T20:01:48Z,"","Kali Uchis LLC",0.721,0.564,6,-5.217,1,0.0399,0.247,0.00000274,0.14,0.611,80.967,4
spotify:track:5Zyi1309LQ5Xux1buSRRFW,"Who's Gonna (NOBODY)","Royalty (Deluxe Version)","Chris Brown",2015-12-18,273269,51,true,111573307,2016-07-12T20:03:05Z,"r&b","RCA Records Label",0.634,0.456,8,-8.802,0,0.0587,0.0833,0,0.12,0.428,118.859,4
spotify:track:5VNzzfkW4r0D1eFtHOE6fk,"I Needed You","Deadroses","blackbear",2015-02-14,176756,0,true,111573307,2016-07-12T20:08:03Z,"","Beartrap",0.671,0.43,10,-9.848,0,0.121,0.851,0,0.118,0.389,74.031,4
spotify:track:6ZwF6OlpBD3NQkf0Hm9LMT,"Ain't Trippin","Deadroses","blackbear",2015-02-14,185555,0,true,111573307,2016-07-12T20:08:18Z,"","Beartrap",0.656,0.413,11,-11.592,1,0.0624,0.147,0,0.16,0.492,144.069,4
spotify:track:7qhVTVHRlhS1AWS7bPzvW4,"Deadroses","Deadroses","blackbear",2015-02-14,184636,0,true,111573307,2016-07-12T20:09:23Z,"","Beartrap",0.612,0.536,10,-6.537,0,0.157,0.697,0,0.131,0.603,132.251,4
spotify:track:3WEmAizxrtQwXEJQRwCrK1,"In2","In2","WSTRN",2015-10-03,242121,57,false,111573307,2016-07-12T20:11:42Z,"afroswing,r&b británico,afrobeats","Atlantic Records UK",0.553,0.662,8,-6.454,0,0.129,0.342,0,0.141,0.561,98.368,4
spotify:track:3DbDmRd8cAdJ59oMkfv1LM,"Let Me","Timeless","Sérgio Mendes;Jill Scott;will.i.am",2006,254360,17,false,111573307,2016-07-12T20:19:01Z,"jazz brasileño,bossa nova,samba,neo soul,quiet storm","Universal Music Group International",0.785,0.567,7,-8.68,1,0.208,0.176,0.000127,0.138,0.763,86.021,4
spotify:track:55nlbqqFVnSsArIeYSQlqx,"You & I (Nobody in the World)","Love In The Future (Expanded Edition)","John Legend",2013-08-30,252653,59,false,111573307,2016-07-12T20:23:16Z,"pop suave,neo soul","G.O.O.D. Music/Columbia",0.456,0.342,11,-8.162,0,0.0283,0.129,0,0.124,0.224,84.087,4
spotify:track:7CpXx4aPvWrIhOieXWZM0j,"Monsters","After Hours (Deluxe)","Timeflies;Katie Sky",2014-01-01,225293,0,true,111573307,2016-07-13T16:57:17Z,"","Universal Music Group",0.441,0.766,1,-3.91,1,0.171,0.0196,0,0.0388,0.52,176.316,4
spotify:track:1mea3bSkSGXuIRvnydlB5b,"Viva La Vida","Viva La Vida or Death and All His Friends","Coldplay",2008-06-06,242373,90,false,111573307,2016-08-04T17:05:14Z,"","Parlophone UK",0.486,0.617,5,-7.115,0,0.0287,0.0954,0.00000323,0.109,0.417,138.015,4
spotify:track:3Mz4AoWIedMfzCib1LYwMZ,"Brown Skin Lady","Mos Def & Talib Kweli Are Black Star","Black Star",1998-09-29,346666,51,true,111573307,2016-08-04T17:07:58Z,"hip hop de la costa este,hip hop,jazz rap,hip hop old school","Rawkus Entertainment",0.57,0.553,1,-9.137,1,0.665,0.557,0.0000567,0.375,0.828,175.559,4
spotify:track:0ieS2bue78yadTdPiyzsaO,"Love Of My Life (An Ode To Hip Hop) - Longer Album Version","Go! Common Classics","Erykah Badu;Common",2010-05-11,337573,52,false,111573307,2016-08-04T17:09:56Z,"neo soul,r&b,hip hop,jazz rap","Geffen",0.808,0.404,7,-9.27,1,0.348,0.118,0.000625,0.0913,0.487,87.461,4
spotify:track:4dna9pp213lAcnSrbj3xGn,"I'm Good (feat. Pharrell Williams)","Til The Casket Drops","Clipse;Pharrell Williams",2009-12-08,261083,42,true,111573307,2016-08-04T17:11:20Z,"","Columbia",0.705,0.837,10,-4.64,0,0.0962,0.29,0,0.0571,0.938,82.022,4
spotify:track:6hDdz3s6TMHF6ohnCIa1z6,"Bounce Along","No Holding Back","Wayne Wonder",2003,290493,51,false,111573307,2016-08-04T17:11:52Z,"dancehall,lovers rock,reggae,ragga","VP Records",0.77,0.682,0,-5.337,0,0.27,0.117,0,0.0396,0.964,95.699,4
spotify:track:5vHkCYyTX6xXXZGnCQRxoj,"Cali Life","Snoop Dogg Presents The Pre-Hustle","Mac Lucci;Smokey Lane",2011-11-29,266057,21,true,111573307,2016-08-04T17:12:25Z,"g-funk,hip hop de la costa oeste","Built 2 Ball Publishing",0.67,0.467,5,-9.966,0,0.179,0.222,0,0.143,0.362,88.954,4
spotify:track:0737DM8OoK1EzmrbJx5RD5,"I Just Wanna: Ride (feat. Kid Zordon & Philnomenal)","The Year Two Thousand &...","Yeek;Kid Zordon & Philnomenal",2015-02-26,307461,0,false,111573307,2016-08-04T17:12:35Z,"bedroom pop","Yeek Recordings",0.756,0.507,4,-9.692,1,0.0507,0.779,0.000624,0.11,0.272,130.107,4
spotify:track:79nEEoEPY2w8EXj9hjn5oc,"Ginseng Strip 2002","Lavender","Yung Lean",2013-08-16,153999,1,true,111573307,2016-08-06T21:22:04Z,"cloud rap","YEAR0001",0.601,0.712,1,-9.433,1,0.0431,0.0848,0,0.479,0.386,114.998,4
spotify:track:0FokMXctAEFRczLcj8topE,"Many Rivers To Cross","Best Of / 20th Century Masters","Jimmy Cliff",2004-04-20,163453,0,false,111573307,2016-08-06T21:38:32Z,"reggae,rocksteady,roots reggae","Universal Music",0.406,0.278,5,-12.723,1,0.064,0.703,0.0132,0.16,0.147,137.468,4
spotify:track:3ywXd57iSPA37YT0BtmP3u,"When We Get By","Brown Sugar","D'Angelo",1995-07-03,344893,0,false,111573307,2016-08-13T11:41:09Z,"neo soul","Virgin Records",0.763,0.407,11,-11.514,1,0.0342,0.103,0.418,0.0532,0.703,108.894,4
spotify:track:6Yh1OsdY5IMeUHPMplkQj2,"Dance On Me","And After That, We Didn't Talk","GoldLink",2015-11-06,186060,35,true,111573307,2016-08-25T19:59:27Z,"","Soulection",0.724,0.704,1,-8.797,1,0.247,0.0412,0,0.107,0.497,135.027,4
spotify:track:2FNbkIMCOf6W6uoFQa36UX,"So Faded","Slush Hours","Phlake",2016-06-10,192746,30,true,111573307,2016-08-25T21:48:00Z,"pop danés","Sony Music Entertainment",0.737,0.461,1,-6.495,0,0.0427,0.16,0,0.166,0.185,131.992,4
spotify:track:1JUvB8LRKYoik4BB1bEJWK,"My Love (feat. Drake)","Majid Jordan","Majid Jordan;Drake",2016-02-05,248432,0,false,111573307,2016-08-25T21:48:14Z,"rap","OVO Sound/Warner Records",0.624,0.536,2,-9.575,0,0.0799,0.109,0.000428,0.102,0.131,119.088,4
spotify:track:7wzleeqfcxtZOywqlv2c03,"Sober","Sober","CVIRO;GXNXVS",2015-07-28,202257,0,false,111573307,2016-08-25T21:50:20Z,"","Between Music",0.486,0.452,6,-6.943,0,0.0628,0.209,0,0.114,0.393,92.862,4
spotify:track:6iWpG6qKCNHXuWzQi6lqlq,"I Don't F**k With You","I Don't F**k With You","Trinix",2015-03-10,140869,0,true,111573307,2016-08-25T21:50:31Z,"","Trinix",0.785,0.666,1,-5.993,0,0.0853,0.25,0,0.14,0.683,92.031,4
spotify:track:3svLm4jbh3YIiglP8S9qMd,"Climax","Fantastic Vol. 2","Slum Village",2000-06-03,211880,0,true,111573307,2016-08-25T21:50:55Z,"jazz rap","Barak Entertainment",0.81,0.516,8,-5.297,0,0.276,0.382,0.00000291,0.237,0.757,95.714,4
spotify:track:7lEDKkhSFeaRQ03qytQj7u,"Love Sets You Free - Album Version (Edited)","Mirror Mirror","Kelly Price",2000-01-01,249360,0,false,111573307,2016-08-25T21:51:45Z,"r&b","Def Jam Recordings",0.483,0.898,5,-4.639,0,0.203,0.335,0,0.278,0.894,189.235,4
spotify:track:0znqyyA9lYpudwmtGqK9rs,"Fall From Here - Jarreau Vandal Remix","Warning Light","Nick Brewer;Naomi Scott;Jarreau Vandal",2015-02-04,238247,0,false,111573307,2016-08-25T21:52:04Z,"","Universal Music Group",0.684,0.698,7,-8.9,0,0.22,0.39,0.305,0.109,0.394,137.018,4
spotify:track:3yfQ9vnCaJCZuf4N2oCmRa,"'84 (feat. Snoop Dogg)","Cadillacs","Ro James;Snoop Dogg",2013-09-19,271386,0,false,111573307,2016-09-18T14:25:37Z,"g-funk,hip hop de la costa oeste,rap gangster,hip hop old school,hip hop,rap","xix, llc",0.566,0.671,5,-5.993,0,0.173,0.226,0.0000718,0.121,0.225,153.926,4
spotify:track:7woRgHLjmDLNIiMFer39LH,"Hustle and Flow feat. Oddisee, Olivier DaySoul","The Update","JR & PH7;Olivier Day Soul;Oddisee",2010-11-30,234240,0,false,111573307,2017-01-29T11:56:47Z,"jazz rap","Soulspazm Records // Foundation Media",0.799,0.549,9,-5.551,1,0.248,0.111,0.0000569,0.113,0.7,94.254,4
spotify:track:5HQwoi47vjLNqaOc329VNM,"I Wanna Be Down (feat. Queen Latifah, Yoyo & McLyte) - Remix","The Best Of Brandy (with bonus track)","Brandy;MC Lyte;Yo-Yo;Queen Latifah",2005-04-05,256666,0,false,111573307,2017-01-29T14:55:24Z,"r&b,r&b contemporáneo,hip hop old school,hip hop de la costa este,hip hop de la costa oeste,musicales","Rhino Atlantic",0.893,0.433,11,-5.88,0,0.396,0.33,0,0.395,0.675,86.01,4
spotify:track:1ypzAPJX18dXr2G04NJBzs,"Immaculate (Feat. ScienZe)","High Rhodes LP","Ol' Burger Beats;Scienze",2014-10-27,164986,0,false,111573307,2017-02-02T23:04:38Z,"jazz rap,lo-fi beats,ritmos de jazz,hip hop lo-fi","Ol' Burger Beats",0.443,0.624,6,-8.466,0,0.445,0.221,0,0.48,0.745,176.631,4
spotify:track:6gbMpyox3k0jsklxLlwCuR,"Run To The Sun","In Search Of...","N.E.R.D",2002-03-12,291066,0,false,111573307,2017-02-02T23:07:07Z,"","Virgin Records",0.771,0.769,10,-6.021,1,0.0977,0.144,0.0000263,0.0544,0.877,96.952,4
spotify:track:5W6z3oUlDMexh37IPh8IJI,"Where I'm From - Tom Misch Remix","Where I’m From","Kiko Bun;Tom Misch",2015-04-13,250937,0,false,111573307,2017-02-02T23:13:58Z,"dub,reggae,indie soul","Universal Music Group",0.86,0.468,11,-11.381,0,0.3,0.173,0.185,0.077,0.35,85.977,4
spotify:track:0DCcQ6lxPxtfWa7TUXanWc,"The Pap (feat. Monique Bingham) - Ralf GUM Main Mix","Best of the Last","Ralf Gum;Monique Bingham",2018-11-09,348914,0,true,111573307,2017-02-02T23:16:45Z,"deep house,jazz house,house,afro house,afro tech","House Afrika",0.828,0.486,5,-6.956,0,0.098,0.0373,0.516,0.075,0.29,125.001,4
spotify:track:4vx5PxhKZ8GBnB8MR3mpry,"Cloud 9","Cloud 9","Ms. Dynamite;SHY FX",2013-10-20,235567,0,false,111573307,2017-02-02T23:21:19Z,"uk garage,jungle,drum and bass,bassline","Digital Soundboy",0.661,0.743,11,-7.113,0,0.0332,0.0017,0.0734,0.368,0.21,89.984,4
spotify:track:77tviKIXH9uuErKOHoSiMO,"I Found Love","Love Is The Movement","Yarah Bravo",2014-04-30,262679,0,false,111573307,2017-02-02T23:23:18Z,"","Duzz Down San",0.89,0.409,5,-8.312,0,0.462,0.104,0,0.729,0.496,92.98,4
spotify:track:1ZTDfHyxJJVBSkFA9h6GRs,"BUS RIDE","99.9%","KAYTRANADA;Karriem Riggins;River Tiber",2016-05-06,133346,0,false,111573307,2017-02-05T10:06:14Z,"","XL Recordings",0.657,0.438,9,-8.587,1,0.0483,0.0101,0.934,0.112,0.688,82.075,4
spotify:track:53Vei9uevSE62aMmDOxa7C,"Take Myself Away","Overstanding","Sizzla",2006-11-21,251813,0,true,111573307,2017-02-06T19:32:26Z,"reggae,ragga,dancehall,lovers rock,roots reggae,riddim","Koch Records",0.634,0.688,9,-7.428,0,0.596,0.119,0,0.0368,0.783,82.18,4
spotify:track:5SiZmrnNvwL6orqMg1JKcC,"Days Like This - DJ Spinna & Ticklah Club Mix (Edit)","Days Like This","Shaun Escoffery",2002-07-05,329173,0,false,111573307,2017-02-14T16:12:28Z,"uk garage,funky británico","SINE",0.812,0.63,11,-6.344,0,0.0455,0.00229,0.000369,0.0782,0.802,119.904,4
spotify:track:0fzoxhdntaBymqLoUEDz2q,"Nobody Else - Radio Edit","Nobody Else","Full Crate x Mar",2015-04-13,217590,13,false,111573307,2017-02-14T16:13:34Z,"","disco:wax",0.823,0.521,10,-10.088,0,0.0416,0.643,0.0196,0.352,0.167,125.907,4
spotify:track:1GVeDOInOdnRUSrRiL6fXj,"Motel / Ive Brussel","Do Carvão ao Diamante","Jacksom;Bira Matos",1999-08-05,267234,33,false,111573307,2017-02-22T22:31:07Z,"hip hop brasileño","Jacksom",0.76,0.467,2,-10.704,0,0.101,0.26,0,0.0799,0.819,91.719,4
spotify:track:6rOJJq0iXCVHNany7r6WLl,"Be Your Girl","Complex Simplicity","Teedra Moses",2004,249493,0,false,111573307,2017-02-22T22:34:42Z,"","TVT Records",0.716,0.732,11,-5.815,0,0.0867,0.157,0.00000201,0.163,0.608,92.008,4
spotify:track:7A1uqFLf1ZogDxxQZDoZHK,"Fabulous - feat. Tha Rayne","Still Ghetto","Jaheim;Tha' Rayne",2002-11-05,227066,52,false,111573307,2017-02-22T22:38:35Z,"r&b,neo soul,quiet storm","Warner Records",0.657,0.464,4,-7.573,0,0.0614,0.548,0,0.161,0.598,75.982,4
spotify:track:3l3EVW9PjLI4Mt8WLfeJwC,"Temporary View","Wonder Where We Land","SBTRKT;Sampha",2014-09-29,206147,0,false,111573307,2017-03-17T17:21:33Z,"indie soul","Young Turks Recordings Ltd",0.706,0.707,0,-5.212,0,0.0351,0.548,0.000313,0.1,0.262,144.877,4
spotify:track:4SnvGQ7wRoFpxPKXmwJJMr,"Good Good Love (feat. BJ The Chicago Kid)","The Idea Of Beautiful","Rapsody",2012-08-28,361832,33,true,111573307,2017-03-17T17:22:25Z,"","Jamla Records / Culture Over Everything",0.635,0.647,4,-8.957,0,0.315,0.0467,0,0.213,0.745,75.923,4
spotify:track:7kG8uVqggHQ7Ri8edzjLE0,"We Gon Turn It Out","We Gon Turn It Out","SoulChef;Jas Mace;Internal Quest",2015-10-16,234801,16,false,111573307,2017-03-17T17:23:22Z,"jazz rap","U&L Music Publishing, inc",0.794,0.751,6,-6.19,1,0.171,0.0115,0.00000372,0.104,0.872,92.007,4
spotify:track:5VNoQ3geJWPJZOQmFuJOCB,"BOY (Ball On You)","BOY (Ball On You)","Irie Misstxkes",2015-09-21,237264,0,true,111573307,2017-03-17T17:23:46Z,"","ninetwelvercrds",0.777,0.394,1,-9.057,0,0.236,0.677,0.000717,0.167,0.436,102.859,4
spotify:track:4BKcyMLAYZAXgrAo26nlS0,"Blutiful World (feat. E-note)","The West Kept Secret: The Prequel","Spider Loc;E-Note",2007-09-11,244386,0,false,111573307,2017-03-17T17:24:45Z,"hip hop de la costa oeste","RBC Records",0.51,0.455,11,-11.574,0,0.348,0.273,0.00583,0.103,0.22,81.927,4
spotify:track:2fkeWbM6iqTw7oGHTYm2lw,"4422","More Life","Drake;Sampha",2017-03-18,186293,67,false,111573307,2017-03-21T19:47:34Z,"rap,indie soul","Cash Money Records/Young Money Ent./Universal Rec.",0.609,0.229,11,-12.36,0,0.0333,0.558,0.0413,0.113,0.19,111.887,4
spotify:track:3wbjTDC7eQycl0y1eFCHjA,"My World","Stachelight","Deluxe",2016-01-22,326456,42,false,111573307,2017-03-25T11:18:06Z,"electro swing","Nanana Production",0.467,0.496,7,-7.287,0,0.038,0.0497,0.000907,0.0812,0.324,189.985,3
spotify:track:2YFK8mpSIJfJZS5IsZ1cCc,"So Good","Desire","Pharoahe Monch",2007-01-01,195280,25,true,111573307,2017-03-30T07:45:44Z,"hip hop de la costa este,hip hop old school","SRC Records",0.827,0.385,3,-7.365,1,0.0973,0.191,0.000448,0.136,0.661,82.012,4
spotify:track:0msPoD3SZcvnDs6h9ML4zN,"Crush On You","Back Again","Mr. Cheeks;Mario Winans",2003-01-01,237293,41,false,111573307,2017-03-30T07:53:55Z,"","UNI/MOTOWN",0.497,0.799,10,-6.834,0,0.417,0.787,0.00000313,0.265,0.636,98.874,4
spotify:track:2Nh2cMryoXl7BrZoIeN2Pr,"Dapper (feat. Anderson .Paak)","Genesis","Domo Genesis;Anderson .Paak",2016-03-25,193093,51,true,111573307,2017-03-30T07:56:54Z,"","Odd Future",0.753,0.594,1,-9.486,0,0.0816,0.0711,0,0.391,0.562,112.568,4
spotify:track:0RwSkUIgsowQ6MU1NNVSA7,"Together","White Label Classics","Ruff Sqwad",2012-12-10,222021,48,false,111573307,2017-03-30T07:58:23Z,"grime,uk grime","No Hats No Hoods",0.556,0.822,9,-5.747,1,0.183,0.0539,0.854,0.177,0.808,139.726,4
spotify:track:4BNo3aziIQqNvWt9h1MSKL,"High 2 Come Down (Remix)","High 2 Come Down (Remix)","Redman",2016-04-20,263000,0,true,111573307,2017-03-30T07:58:58Z,"hip hop de la costa este,hip hop old school,hip hop,hardcore hip hop","Gilla House Records",0.834,0.76,9,-3.587,0,0.153,0.0511,0.0000136,0.128,0.656,117.98,4
spotify:track:5O0wmooPtCi3E9F1O8J7KR,"So Good","Best of Both Worlds","Davina",2015-05-15,274179,0,false,111573307,2017-03-30T08:00:59Z,"neo soul","DavinaMusic",0.78,0.342,1,-7.582,1,0.0685,0.0679,0.0000645,0.21,0.711,82.979,4
spotify:track:6MCoVicJXlNSLh5lETQJxe,"Things We Do For Love","Horace Brown","Horace Brown",1996-01-01,297760,45,false,111573307,2017-03-30T08:02:25Z,"new jack swing","Motown",0.8,0.53,7,-8.856,1,0.045,0.0524,0,0.0492,0.804,93.956,4
spotify:track:2hyyA7U1m1pFlZcEyl91jH,"Pitch In OnA Party","Balances & Options","DJ Quik",2000,247120,53,true,111573307,2017-03-30T08:02:46Z,"g-funk,hip hop de la costa oeste,hip hop old school,rap gangster","Arista",0.928,0.529,6,-6.602,1,0.253,0.0548,0,0.0701,0.567,106.364,4
spotify:track:1boHm9rjmvzxpJASd9dnGK,"Slow Jamz (feat. Kanye West & Jamie Foxx)","Kamikaze","Twista;Kanye West;Jamie Foxx",2004-01-27,212146,67,true,111573307,2017-03-30T08:03:09Z,"rap","Atlantic Records",0.561,0.764,2,-6.645,0,0.138,0.373,0,0.157,0.598,145.158,4
spotify:track:4NGC9suRskGHGOyWyErXva,"L.A.D.Y","My Storm - EP","Ledeunff;Phoenix Troy",2013-11-04,263866,11,false,111573307,2017-03-30T08:04:16Z,"","On And On",0.724,0.561,2,-6.018,1,0.298,0.027,0,0.151,0.533,95.187,4
spotify:track:0lSpEQ8RGpySZ45lpvxT3E,"Apart","Conquer The Moment","Ricky Blaze;Alexus Rose",2016-01-22,205510,0,true,111573307,2017-03-30T08:04:37Z,"dancehall,soca","FME",0.661,0.428,1,-6.364,1,0.82,0.0796,0,0.107,0.443,148.22,3
spotify:track:1SuwBei1waj6Z1Nwe5oTTP,"The Hamptons","E.D.G.E","Little Simz",2014-10-03,210627,0,false,111573307,2017-04-03T00:58:08Z,"","AGE 101 Music",0.416,0.479,2,-12.082,0,0.372,0.679,0.0000152,0.182,0.331,60.865,4
spotify:track:6gpcs5eMhJwax4mIfKDYQk,"Slide (feat. Frank Ocean & Migos)","Slide (feat. Frank Ocean & Migos)","Calvin Harris;Frank Ocean;Migos",2017-02-24,230813,69,true,111573307,2017-04-03T00:59:31Z,"edm,trap","Columbia",0.736,0.795,1,-3.299,0,0.0545,0.498,0.00000121,0.254,0.511,104.066,4
spotify:track:3xIHePHJbOEtnzlwAOoCtz,"Fulton St.","Rhythm & Beats","Leschea",2005-12-06,305306,52,false,111573307,2017-04-03T00:59:53Z,"","Rhino/Warner Records",0.736,0.51,10,-10.718,0,0.309,0.151,0,0.189,0.572,80.353,4
spotify:track:0BYyTKQHmGUjth093xIqRu,"Sing About Me","Phase","Illmortal",2014-11-02,422373,0,true,111573307,2017-04-03T01:00:29Z,"","Ellipsis Empire",0.612,0.637,8,-8.29,0,0.331,0.11,0,0.0808,0.515,82.458,4
spotify:track:3x3YVTqjNms8oaRDexQGeb,"Time To Move","DJ-KiCKS Remix","Carmen",1983,224889,0,false,111573307,2017-04-03T01:01:22Z,"rock progresivo","!K7 Records",0.943,0.422,8,-7.907,0,0.111,0.0334,0.000616,0.0256,0.671,128.369,4
spotify:track:3hsyatPZmu8s5z5L1bbDum,"The Long Way (feat. Sbvce)","This Is What the Moon Sounds Like","MaryAnn;Sbvce",2014-10-30,220735,0,true,111573307,2017-04-03T01:02:25Z,"","N-Crowd Entertainment LLC",0.636,0.603,1,-7.796,0,0.234,0.0163,0.0000428,0.169,0.368,86.678,4
spotify:track:3n41HT8DnPHOBb1zcliJOD,"26 Inches","Old Stuff","I.Am.Tru.Starr",2015-07-17,290560,0,true,111573307,2017-04-03T01:02:36Z,"","Rage.The.Stage",0.545,0.486,10,-10.232,0,0.434,0.67,0.0000244,0.236,0.506,86.7,4
spotify:track:5XiLyRyqmp2CcBZJoVPPnh,"Move","The Product","Jazz Spastiks;Apani B Fly",2014-04-14,197508,42,false,111573307,2017-04-03T01:03:14Z,"jazz rap","Jazz Plastik",0.736,0.572,11,-6.56,0,0.284,0.0161,0,0.652,0.782,84.007,4
spotify:track:2MGPBki1QyU8I308XF9Q0A,"Problem","Problem","CVIRO;GXNXVS",2016-07-01,199422,0,false,111573307,2017-04-03T01:04:19Z,"","Between Music",0.798,0.455,11,-5.442,1,0.047,0.358,0,0.391,0.906,99.995,4
spotify:track:4u4KtA6AHgyfpg28wUwkGd,"Benjamins","Benjamins","CVIRO;GXNXVS",2014-11-28,190904,0,false,111573307,2017-04-03T01:05:48Z,"","October Records",0.757,0.337,1,-7.711,0,0.0372,0.905,0.00000244,0.152,0.569,91.017,4
spotify:track:4mh4HlpBqtd31hrhTMWGa1,"Lose My Number","The Afterlove (Extended Version)","James Blunt",2017-03-24,208344,0,false,111573307,2017-04-03T01:14:30Z,"","Atlantic Records UK",0.682,0.659,7,-5.929,0,0.0484,0.185,0,0.264,0.479,109.941,4
spotify:track:0hnSpByzPdDUQ9mH2cyiLA,"Special Occasion","Chapter 3: The Flesh","Syleena Johnson",2005-09-26,243906,13,false,111573307,2017-04-03T01:18:33Z,"neo soul","Jive",0.733,0.45,1,-8.432,1,0.0459,0.16,0,0.0809,0.428,96.059,4
spotify:track:1Amxc7u8pwJ4Q4F1yf3pFl,"Kung Fu","Long Live The Angels (Deluxe)","Emeli Sandé",2016-11-11,237066,0,false,111573307,2017-04-07T17:54:33Z,"","Universal Music Group",0.513,0.441,9,-9.461,0,0.048,0.403,0.0000875,0.118,0.454,139.983,4
spotify:track:10y9g4jsGV0lp0IZuxl9xJ,"Marilyn Monroe","My Color It Is My Strength.3","DJ Max Star;DJ Carbozo",2016-12-05,217469,0,true,111573307,2017-04-09T20:00:58Z,"ndombolo,coupé décalé","Bousmara Division N°1",0.519,0.26,6,-13.737,0,0.182,0.766,0,0.218,0.256,131.854,3
spotify:track:0KMHI1RBFvPQ77RpnhlI9T,"Make My Way","The Fall","Marcellus Juvann",2015-12-17,224835,0,true,111573307,2017-04-09T20:02:13Z,"","Marcellus Juvann",0.769,0.442,3,-11.043,0,0.22,0.931,0,0.137,0.511,127.997,4
spotify:track:4HR2CllzsnUdxI76rmZUHY,"Cry No More (feat. Sequoyah)","The Rough Draft","Shun Gawd;Sequoyah",2016-03-19,219036,0,true,111573307,2017-04-09T20:03:57Z,"","$hun & co.",0.445,0.742,11,-6.069,0,0.421,0.00491,0,0.0901,0.275,81.538,4
spotify:track:6glsMWIMIxQ4BedzLqGVi4,"So Fresh, So Clean","Stankonia","Outkast",2000-10-31,240026,79,true,111573307,2017-04-12T13:51:57Z,"hip hop sureño americano,hip hop","Arista/LaFace Records",0.725,0.64,5,-7.905,0,0.332,0.0281,0,0.099,0.915,166.028,3
spotify:track:4cG6KX0GCLO4vrPZn2awwA,"Kobe's Room (Truth Be Told)","Nsde / Outsde","Waldo",2016-08-11,177241,0,true,111573307,2017-04-12T13:57:03Z,"","Waldo",0.948,0.384,1,-10.815,0,0.0934,0.00415,0,0.143,0.501,130.029,4
spotify:track:7rNOe6TJhf2INSLF1fdlSk,"Polaroids","Befor Our Time","Jay Prince",2015-01-20,277685,0,true,111573307,2017-04-12T13:57:42Z,"","Jay Prince",0.763,0.822,10,-5.992,0,0.126,0.303,0,0.0989,0.532,120.998,4
spotify:track:3qBW5xQoOSx9GZxJdQvUYp,"Who Would've Thought","Who Would've Thought","Blast",2016-02-12,149208,0,true,111573307,2017-04-12T14:03:56Z,"","Tiu Muzic",0.713,0.348,9,-5.952,0,0.421,0.534,0,0.178,0.76,139.908,4
spotify:track:35pmIbtnPDK8IW3IaDBqTz,"Holding the Sky (feat. Jhené Aiko)","Holding the Sky (feat. Jhené Aiko)","Jazzey James;Jhené Aiko",2014-11-12,235233,11,true,111573307,2017-04-12T14:04:23Z,"r&b","Jazzey James",0.511,0.845,8,-5.516,1,0.459,0.0184,0.0000645,0.331,0.467,166.019,4
spotify:track:2k21lWgrzQi3mkOfjjiSZt,"Stay For A While (feat. Anthony Hamilton)","Stone Hits: The Very Best Of Angie Stone","Angie Stone;Anthony Hamilton",2005-06-21,238466,9,false,111573307,2017-04-12T14:06:48Z,"neo soul,soul,r&b,quiet storm","J Records",0.686,0.633,5,-6.937,0,0.289,0.353,0,0.0931,0.799,80.5,4
spotify:track:2Vf2Pflg5rTWSvSCK4qq4A,"Privacy","Privacy","Chris Brown",2017-03-24,220963,0,true,111573307,2017-04-12T14:07:49Z,"r&b","RCA Records Label",0.741,0.58,0,-7.741,1,0.378,0.153,0,0.109,0.428,97.092,4
spotify:track:4BHSjbYylfOH5WAGusDyni,"YAH.","DAMN.","Kendrick Lamar",2017-04-14,160293,64,true,111573307,2017-04-15T11:08:30Z,"hip hop,hip hop de la costa oeste","Aftermath",0.67,0.7,1,-7.893,1,0.196,0.576,0.00000534,0.226,0.648,69.986,4
spotify:track:6SwRhMLwNqEi6alNPVG00n,"LOYALTY. FEAT. RIHANNA.","DAMN.","Kendrick Lamar;Rihanna",2017-04-14,227360,78,true,111573307,2017-04-15T11:08:58Z,"hip hop,hip hop de la costa oeste","Aftermath",0.658,0.535,9,-8.983,0,0.0573,0.0265,0,0.2,0.419,110.684,4
spotify:track:23luOrEVHMfoX0AhfbQuS6,"FEAR.","DAMN.","Kendrick Lamar",2017-04-14,460573,66,true,111573307,2017-04-15T11:11:53Z,"hip hop,hip hop de la costa oeste","Aftermath",0.588,0.479,1,-7.039,1,0.281,0.604,0.0000072,0.527,0.434,150.414,4
spotify:track:2P3SLxeQHPqh8qKB6gtJY2,"Poetic Justice","good kid, m.A.A.d city (Deluxe)","Kendrick Lamar;Drake",2012,300160,74,true,111573307,2017-04-15T11:12:48Z,"hip hop,hip hop de la costa oeste,rap","Aftermath",0.778,0.569,6,-9.985,0,0.378,0.158,0,0.246,0.642,135.958,4
spotify:track:2G1lZGopPcURUgI8luIdR1,"Medicine","Medicine - Single","ADL",2014-07-01,225225,12,false,111573307,2017-04-22T18:33:04Z,"","Counterweight Records",0.728,0.48,0,-5.8,0,0.365,0.346,0,0.137,0.702,96.185,4
spotify:track:7kty80M5em0GzhtraLTwEJ,"Blind Man","Blind Man","Xavier Omär",2016-09-27,242195,0,false,111573307,2017-04-22T18:35:17Z,"r&b alternativo","Never Sleep Music",0.89,0.523,6,-8.526,1,0.056,0.453,0.00000158,0.0831,0.345,111.031,4
spotify:track:0Maqqr2tZ93fqgy1n88q9e,"Nightgowns","Beat Tape 2","Tom Misch;Loyle Carner",2015-08-28,166164,0,false,111573307,2017-04-22T18:38:12Z,"indie soul,jazz rap","Beyond The Groove 3",0.847,0.552,10,-8.85,0,0.433,0.53,0.000235,0.15,0.337,91.874,4
spotify:track:55D8S8a805MW7ysUPblFaQ,"Show You Off (feat. Shizzi & Walshy Fire)","Show You Off (feat. Shizzi & Walshy Fire)","WurlD;Walshy Fire;Shizzi",2016-05-09,210067,20,false,111573307,2017-04-22T18:39:23Z,"alté,afrobeats,afrobeat,r&b afro,afropop,afro soul,dancehall,soca,funk brasileño,azonto","WeAreGVDS",0.736,0.729,9,-4.996,0,0.0879,0.151,0.00000133,0.11,0.526,95.038,4
spotify:track:0Wf7a3wiG0Fk2kQAkH8url,"First Things First","Below the Heavens","Blu;Exile",2007-08-07,230200,0,true,111573307,2017-04-23T10:16:32Z,"jazz rap,hip hop underground","Sound In Color",0.773,0.656,2,-5.294,1,0.338,0.642,0,0.205,0.836,97.928,4
spotify:track:21or7eOFmPGl4UEpdjv7mY,"03' Malibu","The Fall","Marcellus Juvann;Kali",2015-12-17,231497,0,true,111573307,2017-04-26T07:47:36Z,"","Marcellus Juvann",0.623,0.671,11,-8.507,0,0.256,0.297,0.0000356,0.731,0.642,128.918,4
spotify:track:4UA6cqu3qjQpDt4TQqsseP,"Slow Wine","Slow Wine","J-Soul",2016-08-26,171266,47,true,111573307,2017-04-26T07:48:20Z,"","Cash Money",0.718,0.678,9,-2.533,0,0.224,0.0572,0,0.0653,0.607,65.259,3
spotify:track:5odE6ttDuVxOebSaXsjTVz,"Soke","On A Spaceship","Burna Boy",2015-03-13,218866,0,false,111573307,2017-04-26T07:52:50Z,"afrobeats,afrobeat,afropop,afroswing,dancehall,afropiano","Spaceship Entertainment",0.647,0.497,9,-11.174,1,0.104,0.599,0.00000586,0.102,0.883,203.868,4
spotify:track:5vGSz9Ai37tyYKZbd6xQiz,"Shot Me Down","BAHTIR","Nav;ReaZun;B-Less",2011-02-22,288466,0,true,111573307,2017-04-26T07:56:22Z,"","Made in Da Shade",0.534,0.39,1,-8.951,0,0.264,0.127,0.000969,0.0782,0.347,179.898,4
spotify:track:2O561kSSnYpkj0KlUgVuqR,"I Don't Wanna","I Don't Wanna","Adje",2016-10-21,253319,0,true,111573307,2017-04-26T07:57:30Z,"moombahton","Sloddervosgang",0.738,0.523,10,-9.856,0,0.3,0.663,0.0153,0.116,0.413,121.24,4
spotify:track:7uJYtxlcjVvXnHtbTUamys,"Ring","Ring","Ye Ali;Jazz Cartier",2016-04-04,287992,18,true,111573307,2017-04-26T07:58:04Z,"trap soul,drill sexy","TrapHouse Jodeci",0.768,0.417,11,-7.893,0,0.0657,0.0514,0,0.122,0.381,140.13,4
spotify:track:2meBKRNAnw6w95eZ86T4Ig,"Op Een Level","Slapeloze Nachten","The Opposites",2013-01-01,216190,50,true,111573307,2017-04-26T07:58:31Z,"nederpop,holandesa","Top Notch Music BV",0.804,0.458,6,-11.106,1,0.209,0.428,0.819,0.0787,0.283,127.933,4
spotify:track:2G9Ur6d7aWjXKc89pmRtl8,"Real One","We Ready","Sub Woo",2016-12-10,218932,0,true,111573307,2017-04-26T08:00:09Z,"","MondoTunes",0.62,0.763,7,-6.063,1,0.28,0.0817,0,0.157,0.439,94.993,4
spotify:track:1kC9YSjpDSMN8RMGotdxbg,"Wassup","Day & Night - EP","RAIZA BIZA",2016-09-09,243711,0,true,111573307,2017-04-26T08:01:59Z,"jazz rap","AmmoNation",0.765,0.337,11,-8.655,0,0.257,0.434,0.00000108,0.378,0.823,97.066,4
spotify:track:7HTePiwOdyPcYaSmti9AiM,"We Livin' It! Feat. The Life Ent.","Under The Influence","Krayzie Bone;The Life Ent.",2011-11-22,472893,0,true,111573307,2017-05-01T11:12:51Z,"","RBC Records",0.626,0.654,8,-7.519,1,0.35,0.107,0,0.0824,0.699,81.843,4
spotify:track:5KapB9KJnRsZrprzIAXycW,"Uknowhowwedu","Kollage","Bahamadia",1996-04-02,214866,59,true,111573307,2017-05-02T09:43:18Z,"jazz rap","Capitol Records",0.534,0.596,6,-10.289,1,0.388,0.641,0.0000216,0.276,0.908,185.733,4
spotify:track:3dSGqXMll4UJUohLANG0ce,"Do For Love","R U Still Down? [Remember Me]","2Pac",1997-01-01,281600,0,true,111573307,2017-05-02T09:57:58Z,"hip hop old school,rap gangster,hip hop de la costa oeste,g-funk,hip hop","Universal Music Group",0.861,0.638,10,-3.878,0,0.323,0.0516,0.00224,0.065,0.765,95.012,4
spotify:track:12XyYbQRWeMJjn7k0I3oyA,"Didn't Know","Didn't Know","Digital Farm Animals;Yasmin",2015-03-11,201282,41,false,111573307,2017-05-02T09:58:04Z,"","Digital Farm Animals",0.777,0.695,7,-5.641,1,0.135,0.121,0.00000976,0.611,0.487,115.027,4
spotify:track:3mogmakkKiKWOB0tVj1X9i,"Foreplay","Charlie Eastern","Jalen Santoy",2016-11-18,171370,44,false,111573307,2017-05-18T21:01:01Z,"","Ventwood Entertainment / EMPIRE",0.793,0.315,1,-7.457,1,0.0825,0.143,0.0142,0.113,0.541,118.824,4
spotify:track:0xDxS2g775ttrfrwDQl9f8,"I Know What You Want (feat. Flipmode Squad)","The Remixes","Busta Rhymes;Mariah Carey;Flipmode Squad",2003-10-14,252360,65,false,111573307,2017-05-18T21:06:29Z,"hip hop de la costa este,navidad","Columbia",0.674,0.607,4,-8.855,1,0.217,0.019,0,0.0708,0.528,86.053,4
spotify:track:6I9WVCFT9igOoQDAhCe2so,"Deep","Deep","Robin Thicke;Nas",2016-10-12,266986,16,false,111573307,2017-06-14T12:14:50Z,"hip hop old school,hip hop de la costa este,hip hop","Fuegoland Records",0.763,0.501,9,-6.617,0,0.342,0.59,0,0.141,0.737,96.028,4
spotify:track:4YN3eLx4bkOJULJyBoYRse,"I Love You (feat. Black Rob and Jim Jones) - Radio Edit Without Rap","I Love You","Cheri Dennis",2006,240186,43,false,111573307,2017-06-16T01:15:42Z,"","Rhino Atlantic",0.753,0.644,0,-3.882,1,0.151,0.15,0,0.134,0.931,99.966,4
spotify:track:1OjmLuc3Kf34WcEAasCjsO,"Middle of Things, Beautiful Wife (feat. Xavier Omär))","North","Sango;Xavier Omär",2013-07-23,222000,40,false,111573307,2017-06-16T01:40:41Z,"r&b alternativo","Soulection",0.377,0.334,8,-10.833,0,0.0757,0.0858,0.00182,0.0756,0.0919,80.521,4
spotify:track:3mKNQFwPc0hIQrVy8ghdQ8,"The Lights","A Curious Tale of Trials + Persons","Little Simz",2015-09-18,240654,0,true,111573307,2017-06-16T01:41:44Z,"","AGE 101",0.404,0.883,10,-4.024,0,0.747,0.269,0.0000682,0.146,0.391,79.258,5
spotify:track:3PFaFVWq5wucLu6s4baj9D,"Girl (feat. KAYTRANADA)","Ego Death","The Internet;KAYTRANADA",2015-06-26,416322,65,true,111573307,2017-06-20T11:36:41Z,"r&b alternativo,neo soul","Odd Future",0.568,0.42,7,-11.169,0,0.276,0.536,0.124,0.101,0.453,79.89,4
spotify:track:1KHdXgBdPvihVRLO1EM25z,"I Really Don't Care","In Another Life","Bilal",2015-06-30,179631,0,false,111573307,2017-06-22T13:21:44Z,"neo soul","eOne Music",0.698,0.484,7,-6.623,1,0.0265,0.561,0.000411,0.107,0.233,99.668,4
spotify:track:6n8HN4j2kkawKoDwwrzJ1M,"Vibe WIth","Still Up All Night","Eli Sostre",2016-08-12,162293,1,true,111573307,2017-06-22T13:22:36Z,"trap soul,dark r&b","Eli Sostre",0.395,0.396,11,-10.628,0,0.0797,0.68,0.0000022,0.0964,0.0945,136.03,4
spotify:track:5TidpShGz6Jxsbx8fzKDlC,"WISH YOU WELL","None Of The Clocks Work","Amir Obe",2017-03-30,192600,52,true,111573307,2017-06-22T13:46:02Z,"","Def Jam Recordings",0.851,0.359,0,-8.335,1,0.0832,0.0207,0,0.105,0.159,137.034,4
spotify:track:0OgBdN4vdRiYkGl2jsovBf,"Surefire - Piano Version","Surefire (Remixes)","John Legend",2017-06-23,240693,34,false,111573307,2017-06-23T09:21:18Z,"pop suave,neo soul","Columbia",0.615,0.377,2,-7.931,1,0.0631,0.801,0,0.169,0.253,138.062,4
spotify:track:2ozIYpGdTFWOboEuHlYb84,"Blindside","Blindside","I Know I Know",2017-06-20,241240,5,false,111573307,2017-06-23T09:22:18Z,"","4Circle Recordings",0.591,0.427,0,-10.721,1,0.0475,0.0495,0.00000225,0.232,0.481,89.952,4
spotify:track:4omDeJHx4Lh8mJ91dxcERz,"Jamaica Moon","Chuck","Chuck Berry",2017-06-09,230214,12,false,111573307,2017-06-23T09:28:27Z,"rockabilly,rock and roll","Decca (UMO)",0.758,0.71,0,-7.079,1,0.0511,0.348,0,0.12,0.856,109.057,4
spotify:track:6hLkaGXBXaRQhHRhrDwINs,"Superman","Home Brewed","Black Coffee",2016-06-10,433626,0,false,111573307,2017-07-16T19:46:37Z,"afro house,afro tech,house","Universal Music Group",0.829,0.678,5,-9.737,0,0.0775,0.0753,0.624,0.123,0.739,123.988,4
spotify:track:1aOeeVZLba4r8T5PCvdUPq,"Go Off","Sunrise EP","Fountain Of Youth",2016-04-25,210297,12,false,111573307,2017-07-16T20:11:31Z,"moombahton","Barong Family",0.796,0.666,8,-7.457,0,0.153,0.0892,0.0251,0.58,0.332,105.017,4
spotify:track:7LPQnb3KUeSXP9cG72q9D0,"So Far To Go - 7"" Edit","The Shining - The 10th Anniversary Collection","J Dilla;D'Angelo;Common;Karriem Riggins",2016-08-19,240000,0,true,111573307,2017-07-16T20:35:13Z,"plunderphonics,hip hop alternativo,jazz rap,neo soul,hip hop","BBE",0.675,0.597,5,-5.893,0,0.0434,0.00574,0.0000242,0.145,0.282,90.327,4
spotify:track:0AAEsNNaDKXCCVc6gqC8be,"Some Day","Sounds of the Yesteryear","Charles X",2016-03-18,206520,0,false,111573307,2017-07-17T18:33:55Z,"","Alter K",0.658,0.788,9,-5.164,0,0.279,0.519,0,0.651,0.449,92.966,4
spotify:track:2HGhl9rH6TYmQisDxRltQv,"Know What I Mean","Don't Do What We Did","The Manor",2015-04-13,200595,42,false,111573307,2017-07-17T18:43:17Z,"grime,uk grime,uk garage","Independent",0.678,0.578,8,-7.893,1,0.286,0.778,0,0.112,0.334,134.26,4
spotify:track:1zw5c8a4nI0xdPOPqgeBJQ,"Things","The Iceberg","Oddisee",2017-02-24,226268,0,false,111573307,2017-08-12T11:17:18Z,"jazz rap","Mello Music Group",0.815,0.765,7,-6.543,1,0.195,0.275,0,0.323,0.445,120.008,4
spotify:track:73ocP8cXmDzT8R6jMkuUim,"Other Lover","Other Lover","Spycc;HIGH HØØPS",2016-05-06,186944,15,false,111573307,2017-08-16T17:49:01Z,"","Universal Music New Zealand Limited",0.72,0.532,11,-8.353,1,0.116,0.348,0.000551,0.288,0.62,88.957,4
spotify:track:5ZmsMLLzdWDsEM5PPjvtw9,"Desde","Desde","Portavoz;DJ Cidtronyck",2016-09-23,277439,0,false,111573307,2017-08-16T17:49:32Z,"hip hop latino","Potoco Discos Digital",0.829,0.433,1,-7.622,1,0.391,0.136,0.00000291,0.306,0.928,91.071,4
spotify:track:2LP2uDQQ7eLMcUVE4aOpAV,"Crush on You (feat. Lil' Cease) - Remix","Not Tonight EP","Lil' Kim;Lil' Cease",1997-06-30,275946,56,false,111573307,2017-08-16T17:50:59Z,"hip hop de la costa este","Rhino Atlantic",0.748,0.693,11,-7.832,0,0.278,0.282,0,0.123,0.768,88.802,4
spotify:track:6uMGv8kpC8ChMP1UpM1aVn,"Grey Luh","Grey Luh","Berhana",2016-06-22,261102,0,true,111573307,2017-08-26T07:34:05Z,"","Berhana",0.543,0.298,0,-9.167,1,0.0683,0.597,0.00000149,0.0804,0.254,125.523,4
spotify:track:3v1ERynrK48XDoeTtav83V,"Black Girl Magic","Black Girl Magic","Che Lingo",2017-04-12,210000,0,false,111573307,2017-08-26T07:34:28Z,"","TRIP",0.888,0.505,6,-7.342,0,0.145,0.419,0,0.0746,0.835,112.015,4
spotify:track:6Okh5QvEvgrBCaKbjhDtfE,"Everyday","Lucy Pearl","Lucy Pearl",2000,240440,0,false,111573307,2017-08-26T07:34:54Z,"neo soul","Virgin Records",0.74,0.642,10,-5.018,0,0.221,0.164,0,0.0746,0.865,81.702,4
spotify:track:6DRudNAC9MrUrZ2uZ87tOm,"It Really Happened","It Really Happened","Paris Jones",2016-05-01,202433,15,false,111573307,2017-08-26T07:36:23Z,"","Paris Jones",0.653,0.417,7,-8.595,1,0.0565,0.0273,0.0000416,0.149,0.0667,110.961,4
spotify:track:6q41Dsz7ojekYx6be5ZQfu,"Come To LA","Z-Funk Era","Zak Waters",2015-09-11,225747,3,false,111573307,2017-08-26T07:37:11Z,"future house","Manhattan Recordings",0.619,0.678,0,-5.483,0,0.376,0.611,0.00000136,0.31,0.891,173.902,4
spotify:track:1i8aj7dNxhupRBL61M5IVz,"All Me","All Me","Felix De Luca",2016-11-04,248888,14,false,111573307,2017-08-26T07:37:22Z,"","disco:wax",0.79,0.518,8,-10.563,1,0.153,0.428,0.00000458,0.111,0.362,108.015,4
spotify:track:4e6EF5AfKY0aVyZbhRogO5,"The Price of Success","The Price of Success","Young B;Salahdine",2017-04-03,195375,1,true,111573307,2017-08-26T07:38:04Z,"","WeArDo'Music Ltd.",0.605,0.526,0,-6.246,0,0.058,0.00833,0,0.113,0.0725,79.639,4
spotify:track:67KXA2S1nrfl624u3FkDhj,"When Will I Stop Dreaming (feat. Loyle Carner & Kiko Bun)","When Will I Stop Dreaming (feat. Loyle Carner & Kiko Bun)","Cadenza;Loyle Carner;Kiko Bun",2015-03-30,176537,36,false,111573307,2017-08-26T07:38:42Z,"jazz rap,indie soul,dub,reggae","The Full Hundred",0.732,0.528,11,-10.065,0,0.324,0.527,0.642,0.107,0.429,94.944,4
spotify:track:3OZTUGgwidj9E9ops0ak88,"All in (feat. Kaytranada)","G Spot","Govales;KAYTRANADA",2016-04-05,210181,0,true,111573307,2017-08-26T07:39:14Z,"","G SPOT",0.763,0.527,11,-8.294,1,0.183,0.0425,0,0.324,0.543,119.785,4
spotify:track:7IzWfCzNjlh1u8K2rYCErt,"Put It in Your Mouth","Put It in Your Mouth","Black The Ripper",2016-04-20,188235,0,true,111573307,2017-08-26T07:39:36Z,"grime,uk grime","Dank Of England",0.68,0.699,7,-5.805,1,0.36,0.259,0.000431,0.175,0.292,81.634,4
spotify:track:3SRkGFT16JLmqUf412yb2L,"Out Like a Light - Craves Remix","Out Like a Light (Craves Remix)","Pomrad;craves",2017-02-03,182830,0,false,111573307,2017-09-11T19:40:24Z,"nu disco","On And On / Jakarta",0.625,0.636,6,-7.156,1,0.0712,0.429,0.00645,0.185,0.313,106.11,4
spotify:track:2y20keLt4ndfIvuO96tQuN,"Undaground connexion - Radio Edit","Academie mythique (Best Of)","Assassin;Supernatural",2007-01-17,255293,38,false,111573307,2017-09-22T18:59:55Z,"rap francés","Livin'astro",0.737,0.817,1,-5.336,1,0.271,0.0269,0,0.289,0.738,99.681,4
spotify:track:7km1tntASwmtyzGr8vaT0e,"Cornbread, Fish & Collard Greens","Comin' From Where I'm From","Anthony Hamilton",2003-07-15,273893,45,false,111573307,2017-09-22T19:14:13Z,"neo soul,r&b,quiet storm","Arista",0.851,0.525,5,-6.38,1,0.235,0.348,0,0.235,0.746,98.997,4
spotify:track:6Zx9k35EdwnyKdI5BpaYkr,"Honey","Honey","Erykah Badu",2007-01-01,269546,0,false,111573307,2017-09-22T20:05:28Z,"neo soul,r&b","Universal Music Portugal SA",0.55,0.819,4,-8.269,0,0.275,0.0477,0.00323,0.0449,0.508,87.787,4
spotify:track:2ZSp1BC7agz2TkgSATdi9U,"Badaboom (feat. Fabolous)","B2K Presents ""You Got Served"" Soundtrack","B2K;Fabolous",2000,221066,50,false,111573307,2017-09-22T20:08:18Z,"","Sony Urban/Epic/Sony Soundtrax",0.812,0.626,4,-5.025,0,0.149,0.0238,0.000699,0.149,0.811,96.006,4
spotify:track:5cfIibuUGxlrdXcNaWmAnQ,"Get Along (feat. Anderson .Paak & Blu)","Sunrain","Elements of Music;Anderson .Paak;Blu",2015-04-25,263628,52,false,111573307,2017-10-02T14:05:13Z,"jazz rap,hip hop underground","Black Mannequins LLC",0.586,0.724,0,-6.102,1,0.265,0.567,0.00000798,0.105,0.504,85.08,4
spotify:track:3UnsHv3i3uyUfLDjdAjwx6,"Childhood","Childhood","Subculture Sage",2014,277362,26,true,111573307,2017-10-02T14:05:37Z,"jazz rap","Subculture Sage",0.716,0.721,0,-5.904,1,0.184,0.488,0.00859,0.306,0.571,93.982,4
spotify:track:2pUrFLAbWbUqZnnSgJ2u5I,"My Nigga Just Made Bail","Last Winter","Bas;J. Cole",2014-04-29,216906,50,true,111573307,2017-10-02T14:07:09Z,"rap","J. Cole/ DreamVille",0.814,0.619,11,-7.82,0,0.218,0.607,0,0.0829,0.625,124.073,4
spotify:track:1Mo74KiCcZbBZq7liClDjo,"High As Hell","It's A Beautiful Thing","Keith Murray",1999-01-07,201600,41,true,111573307,2017-10-02T14:07:16Z,"hip hop de la costa este,hip hop old school,boom bap","Jive",0.781,0.738,0,-8.876,0,0.335,0.23,0,0.261,0.838,96.895,4
spotify:track:3lpMD3JebxubkH25DmT6c8,"Angel (feat. 9th Wonder)","3ChordFold Pulse","Terrace Martin",2014-05-20,224621,38,true,111573307,2017-10-09T18:11:56Z,"neo soul","AKAI Music",0.662,0.508,0,-11.244,0,0.0833,0.00295,0.342,0.231,0.195,85.943,4
spotify:track:5gVXSkBwQsLGKfYqdYLBJH,"It's a Love Thing","American Me","C.L. Smooth",2006-10-31,290373,0,true,111573307,2017-10-09T18:13:14Z,"hip hop de la costa este,jazz rap","Shaman Work",0.719,0.757,6,-5.927,1,0.425,0.165,0,0.596,0.746,90.993,4
spotify:track:0iSZ4nwC7qBwSPfO8NSgLy,"Super","Super","Vursatyl;Dion",2015-03-16,238745,0,false,111573307,2017-10-09T18:13:22Z,"","BBE",0.808,0.592,6,-6.408,0,0.319,0.297,0,0.0905,0.86,91.126,4
spotify:track:7BiqCOsctkaGb7KU8NbKUw,"Thru the Night","Tigallerro","Phonte;Eric Roberson",2016-07-22,260163,26,false,111573307,2017-10-09T18:13:37Z,"neo soul","The Foreign Exchange Music",0.745,0.539,1,-6.989,1,0.268,0.116,0,0.192,0.675,92.021,4
spotify:track:6YvgdjPXq20ES76F29qWV2,"Yo Yo Affair Pt. 1 & 2","WLIB AM: King of the Wigflip","Madlib",2008-09-29,241733,0,false,111573307,2017-10-09T18:13:44Z,"hip hop experimental,hip hop alternativo,jazz rap,plunderphonics","Rapster Records",0.456,0.724,6,-6.51,0,0.413,0.364,0.000109,0.39,0.562,100.437,3
spotify:track:49Y5zKmYgi1nx6gV6yZ0Yj,"Foundation","dj honda Recordings Japan Presents: The Best of H, Vol. 2","dj honda;Mos Def",2012-02-06,290386,16,true,111573307,2017-10-09T18:14:11Z,"boom bap,rap japonés,hip hop de la costa este,hip hop old school,hip hop","dj honda RECORDINGS",0.778,0.48,10,-9.056,0,0.0349,0.0142,0.000168,0.0792,0.505,88.205,4
spotify:track:6SgQIoLn8kpu8J4wfwGWy8,"Ain't That Funkin' Kinda Hard on You? (feat. Kendrick Lamar & Ice Cube) - We Ain't Neva Gonna Stop Remix","Ain't That Funkin' Kinda Hard on You? (We Ain't Neva Gonna Stop Remix) [feat. Kendrick Lamar & Ice Cube]","Funkadelic;Kendrick Lamar;Ice Cube",2016-03-09,309723,43,true,111573307,2017-10-09T18:14:39Z,"funk,funk rock,rock psicodélico,hip hop,hip hop de la costa oeste,hip hop old school,rap gangster,g-funk","Alliance / C Kunspyruhzy",0.635,0.874,4,-4.693,0,0.176,0.156,0,0.245,0.632,89.895,4
spotify:track:5dlZero0Alg0iLaIYWbVUP,"Herside Story","Supernormal - EP","Hare Squead",2016-12-02,183346,0,true,111573307,2017-10-09T18:21:39Z,"","Columbia",0.863,0.59,7,-4.6,1,0.239,0.717,0.0000352,0.0938,0.763,148.015,4
spotify:track:6ghe4sMRzup1cOu7TyEztf,"Everybody Loves the Sunshine","Anthology","Roy Ayers Ubiquity;Roy Ayers",2014-04-02,240933,0,false,111573307,2017-10-09T18:21:49Z,"jazz funk,acid jazz,funk","U-5",0.591,0.578,11,-10.313,0,0.0351,0.165,0.00000283,0.164,0.691,80.307,4
spotify:track:1Dl2e9b1bmxlCX5Pn8Br72,"New Chain","New Chain","Col3trane",2017-05-19,221214,0,true,111573307,2017-10-09T18:22:35Z,"r&b británico","Lauren Ralph Records",0.571,0.448,8,-6.261,1,0.0868,0.166,0.00000927,0.114,0.346,139.378,4
spotify:track:0AmNUVZWESLEtq1TMqgWWc,"Mind Sex","Let's Get Free","Dead Prez",2000-02-08,291066,41,true,111573307,2017-10-09T18:23:12Z,"hip hop de la costa este,hip hop old school,hardcore hip hop,hip hop","LOUD Records",0.61,0.577,4,-6.358,0,0.321,0.0221,0,0.0837,0.728,175.983,4
spotify:track:2KBo6O5rkNdtYT3wYjkEkq,"Fall In Love","Fantastic, Vol. 2.10","Slum Village",2010-10-12,235212,60,true,111573307,2017-10-09T18:23:36Z,"jazz rap","Ne'Astra Music",0.796,0.543,1,-7.994,1,0.164,0.0486,0.00584,0.124,0.784,91.212,4
spotify:track:39Gxez6G1bcaXDILmD4UNq,"Holiday (feat. Phiness)","Nineteen Naughty Nine Nature's Fury","Naughty By Nature;Phiness",1999-04-27,246706,51,true,111573307,2017-11-01T13:01:18Z,"hip hop old school,hip hop de la costa este","Arista",0.912,0.582,11,-8.106,1,0.16,0.0286,0,0.0709,0.749,100.148,4
spotify:track:1UjyF6okUHhnVxaLV8ojsA,"Am I Wrong (feat. ScHoolboy Q)","Malibu","Anderson .Paak;ScHoolboy Q",2016-01-15,253520,58,true,111573307,2017-11-01T13:03:43Z,"","OBE / Apeshit, Inc / EMPIRE",0.729,0.799,11,-7.378,0,0.0779,0.0588,0.00218,0.0948,0.532,115.04,4
spotify:track:5HycJMEM8MyX4i0ErSeuC4,"Good Love (feat. Jay Prince)","Good Love","Brasstracks;Jay Prince",2016-08-19,192002,0,false,111573307,2017-11-30T11:36:26Z,"","Brasstracks",0.605,0.774,6,-6.269,0,0.315,0.378,0.00000673,0.0438,0.679,96.795,4
spotify:track:67yGTWcR72BZvsrSS2dHST,"Here I Am","Trilla","Rick Ross;Nelly;Avery Storm",2008-01-01,209546,0,true,111573307,2017-11-30T11:37:53Z,"hip hop sureño americano","Def Jam Recordings",0.746,0.717,10,-5.788,0,0.127,0.189,0,0.0704,0.475,109.754,4
spotify:track:4Ar06Zd03CZI7MKQDyNA7i,"One For The Money","Horace Brown","Horace Brown",1996-01-01,265466,47,false,111573307,2017-11-30T11:40:48Z,"new jack swing","Motown",0.757,0.538,3,-8.592,1,0.0434,0.0494,0,0.0361,0.84,90.065,4
spotify:track:750sLIbF6KDJ9VHkrURtvd,"Come Get With It","The General Dynamic","Basic Vocab",2006-05-29,359093,28,true,111573307,2017-11-30T11:44:44Z,"","The AVX Music Group",0.835,0.437,11,-7.097,0,0.356,0.367,0,0.0491,0.578,110.999,4
spotify:track:33gLJdN5yD4U5SgunuQOzT,"Combination","Utdinfiniti","WDNG Crshrs",2015-02-14,229120,43,true,111573307,2018-01-14T13:12:30Z,"","1317 Recordings",0.702,0.406,11,-13.493,1,0.452,0.189,0,0.172,0.74,148.164,4
spotify:track:7iHsUPZjmTqzog933uh5lU,"Pine & Ginger","Pine & Ginger","Amindi;Tessellated;Valleyz",2017-06-09,189230,45,false,111573307,2018-01-14T13:15:08Z,"dancehall","One More Tune",0.851,0.508,8,-8.598,1,0.077,0.124,0.000157,0.0881,0.651,104.022,4
spotify:track:7KAwzBY0jx2CAy0JsDbwJt,"So Gone Flow","Running Tha Game","Swishahouse;Mike Jones",2003,203426,35,true,111573307,2018-01-14T13:15:50Z,"hip hop sureño americano,crunk","Swishahouse",0.539,0.425,5,-8.646,1,0.371,0.107,0,0.528,0.662,80.016,3
spotify:track:0YSzCyrecETTiTDPxYQ37U,"Bounce It","Bounce It","Busy Signal",2015-05-26,159392,27,false,111573307,2018-01-14T13:18:06Z,"dancehall,reggae,lovers rock,ragga,riddim,soca,roots reggae","Stainless Music",0.842,0.721,10,-5.506,1,0.133,0.0521,0.00025,0.0972,0.78,99.963,4
spotify:track:5dhetL4w5wKjbWaRrzP8FQ,"Gangsta Fear (feat. Odunsi [The Engine])","Suzie's Funeral","Ozzy B;Odunsi (The Engine)",2017-01-11,140068,0,true,111573307,2018-01-14T13:19:04Z,"alté,afrobeats,r&b afro,afroswing","OzzyB",0.771,0.45,1,-8.76,0,0.15,0.601,0.00000687,0.1,0.372,119.944,5
spotify:track:1TwVcKR6JojvPwBGbWZT36,"Dance Tonight","Lucy Pearl","Lucy Pearl",2000-05-23,221280,65,false,111573307,2018-01-28T14:17:49Z,"neo soul","UNIDISC MUSIC INC.",0.787,0.425,10,-5.692,0,0.0641,0.00637,0.00169,0.196,0.711,99.225,4
spotify:track:5VdGaMc2evybFsXuPo3m6h,"Top Down","Color Blind: Hate & Happiness","October London;Snoop Dogg",2017-04-07,171641,16,true,111573307,2018-01-28T14:20:34Z,"neo soul,retro soul,r&b contemporáneo,g-funk,hip hop de la costa oeste,rap gangster,hip hop old school,hip hop,rap","October London / Cadillacc Music",0.555,0.625,5,-7.893,0,0.228,0.794,0,0.0595,0.755,75.84,4
spotify:track:4NHL0ZVx06PkQzJrBE7Lhk,"In My Mode","Supreme Being","King Leez",2016-01-05,215066,0,false,111573307,2018-02-26T08:14:21Z,"","Black Umbrella",0.714,0.631,11,-7.021,0,0.249,0.0234,0,0.663,0.659,136.902,4
spotify:track:1NZzADS22iJOZgcIGiVLKR,"Boom Bye Bye","Boom Bye Bye","Renz;Bonkaz",2017-01-25,167574,0,true,111573307,2018-02-26T08:15:41Z,"grime,uk grime","Forever Gang",0.562,0.496,9,-9.329,0,0.24,0.786,0,0.108,0.506,103.902,4
spotify:track:7gHlCXFRC2n0amkfZiIrjy,"PMVD (feat. Mista Silva)","SECURITY","GAIKA;Mista Silva",2016-04-21,240093,0,true,111573307,2018-02-26T08:15:58Z,"azonto,afrobeats,afroswing,hiplife,funky británico,afrobeat","Mixpak Records",0.556,0.616,1,-8.715,1,0.382,0.256,0,0.088,0.469,99.964,4
spotify:track:7HLTmg7VMjrEDYjLk94eWE,"Wash Away","Black Rose","Hil St. Soul",2008-06-09,226413,0,false,111573307,2018-02-26T08:17:54Z,"neo soul","Shanachie",0.884,0.357,0,-5.995,1,0.0472,0.0213,0,0.889,0.593,94.001,4
spotify:track:58a6J0DhgpUYr8SUeUV5hP,"Make It Work (feat. Anderson .Paak, Asher Roth & Donnie Trumpet)","The Anderson .Paak EP","Blended Babies;Anderson .Paak;Asher Roth;Donnie Trumpet",2015-09-25,219435,38,true,111573307,2018-02-26T08:18:47Z,"","BBMG",0.632,0.6,1,-9.435,1,0.385,0.518,0.00646,0.195,0.639,170.384,4
spotify:track:0YZtCIOPfeML7ITdC6Pj9n,"Jibber Jabber","DooDoo","Deejay Abstract;Digitzz",2017-02-15,154285,10,false,111573307,2018-02-26T08:19:23Z,"","Artsounds",0.75,0.555,11,-7.792,1,0.175,0.0254,0.061,0.168,0.54,139.978,4
spotify:track:7o42Eb7x8cOgEYNFT0h2lg,"Brother","Brother","Fatbabs",2017-01-24,257722,0,false,111573307,2018-02-26T08:20:05Z,"reggae,ragga,dub","Big Scoop Records",0.686,0.669,1,-4.024,1,0.079,0.00976,0,0.148,0.479,84.896,4
spotify:track:6aKEtd7dEepK0II3qqarDb,"Finesse (Hey Baby)","Pleasure Palette","Flamingosis",2016-06-10,162613,0,false,111573307,2018-02-26T08:23:38Z,"vaporwave,lo-fi beats,ritmos de jazz","VinDig",0.519,0.76,2,-10.088,1,0.097,0.000547,0.0117,0.141,0.626,175.991,4
spotify:track:2XlHu0HcujBCkWMdIAvrqt,"Blem","More Life","Drake",2017-03-18,216557,66,false,111573307,2018-03-07T16:09:13Z,"rap","Cash Money Records/Young Money Ent./Universal Rec.",0.726,0.535,7,-7.804,0,0.0476,0.0533,0.0000138,0.0984,0.375,98.067,4
spotify:track:76SvS46SnCebV70rWITLc2,"I Don't Wanna Take You To No Club (feat. Sir Veillance)","Distance - EP","S A S H A;Sir Veillance",2015-09-08,322873,0,true,111573307,2018-03-07T16:09:23Z,"","S A S H A",0.779,0.317,3,-14.936,0,0.206,0.0462,0.468,0.106,0.34,191.969,4
spotify:track:5go3pcbZx52VgmHkUj9pNu,"You Don't Know My Name","Eden","Ivy Sole",2016-04-25,248706,0,false,111573307,2018-03-07T16:09:34Z,"r&b alternativo","Ivy Sole",0.434,0.519,6,-10.612,0,0.39,0.711,0.0000817,0.226,0.524,166.963,4
spotify:track:3Fcxmb6yMvbQguOnNyd3Hj,"Kinda Crazy","Kinda Crazy","Dennis Graham",2017-08-01,234736,23,false,111573307,2018-03-07T16:10:43Z,"","Dennis Graham Productions",0.715,0.65,9,-3.804,0,0.0334,0.0718,0.000115,0.108,0.229,85.013,4
spotify:track:3CXcHPo6utLy6Jr04c7VT9,"Shame","Shame","Desta French",2016-09-30,242886,24,false,111573307,2018-03-07T16:11:48Z,"","Desta French",0.728,0.383,11,-8.152,1,0.182,0.0293,0.00334,0.697,0.268,84.993,4
spotify:track:1eu6vM3Q8wYKGYZCn26uMb,"Backseat","PHO EP","Ari Lennox;Cozz",2016-10-21,219133,44,true,111573307,2018-03-07T16:12:05Z,"r&b alternativo,neo soul","J. Cole/ DreamVille",0.717,0.709,10,-5.611,0,0.136,0.0386,0,0.433,0.651,139.414,4
spotify:track:0Q6UjTXZebqxlHwthCAxOj,"Kiss My Girlfriend - ExR Edition","Kiss My Girlfriend (ExR Edition)","Etta Bond;Chris Loco",2017-04-28,193001,15,true,111573307,2018-04-02T20:13:01Z,"r&b británico,r&b alternativo","OddChild Music",0.864,0.575,8,-4.956,1,0.094,0.0213,0.000109,0.0619,0.573,96.986,4
spotify:track:5cvQ9i7lfUCTzhVYzw2Qnk,"Pure","Pure","Hare Squead",2017-06-09,230038,0,false,111573307,2018-04-04T17:38:07Z,"","Columbia",0.512,0.408,1,-8.718,0,0.479,0.573,0.0000554,0.103,0.123,87.801,4
spotify:track:7yIg4sfyqTvr5jIUc6cFkp,"Jmk (Bonus Track)","Hours Spent Loving You","Sango;Xavier Omär",2016-08-04,173437,0,false,111573307,2018-04-04T17:38:45Z,"r&b alternativo","Sango & Xavier Omär",0.695,0.432,2,-11.284,1,0.285,0.446,0,0.247,0.459,127.933,4
spotify:track:4E74KmQJ3CnfGqpLtHotA1,"Ride The Beat","Ride The Beat","Shameik Moore",2017-05-04,209999,17,true,111573307,2018-04-04T17:39:23Z,"navidad","AltiMont",0.648,0.548,5,-8.506,0,0.0595,0.0147,0.00758,0.101,0.442,95.84,4
spotify:track:2SnSLdX17lJYKoFSqSeLfa,"Feelings (feat. Raq)","Good","Deante' Hitchcock;RAq",2016-07-28,214080,17,true,111573307,2018-04-04T17:39:44Z,"rap japonés,r&b japonés,improvisación","Do Better, LLC",0.538,0.572,7,-7.847,0,0.222,0.019,0.0000125,0.163,0.413,125.014,4
spotify:track:5tL2xtOJu2pIje9Gw3mL6T,"Good (feat. Casey Benjamin)","Good (feat. Casey Benjamin)","The Real Live Show;Stimulus;Malik Work;Casey Benjamin",2016-03-12,294243,6,false,111573307,2018-04-04T17:40:28Z,"indie jazz,jazz latino","The Real Live Show",0.837,0.737,6,-5.824,1,0.34,0.0294,0.0000337,0.354,0.712,92.987,4
spotify:track:060eJ9B1LFi7INFiIXOZj7,"Let me know","Let Me Know","Kadeem Tyrell",2018-01-02,248502,0,false,111573307,2018-04-04T17:41:08Z,"r&b británico,neo soul","Open Your Mind",0.627,0.535,11,-6.469,0,0.185,0.564,0.000154,0.384,0.597,85.023,4
spotify:track:47kuN6D6v2bQJI3u2oiRra,"No Longer Lovers","No Longer Lovers","Billy Davis",2016-10-11,215000,0,false,111573307,2018-04-04T17:41:24Z,"","Caroline Music Australia",0.775,0.429,11,-8.734,0,0.287,0.342,0.00169,0.071,0.385,105.098,4
spotify:track:3KsmhhEFPcxi2wGsRfpFNY,"Radar","Otherland","Noah Slee",2017-08-25,185946,0,false,111573307,2018-04-04T17:41:36Z,"indie soul","Majestic Casual Records",0.753,0.564,9,-6.682,0,0.217,0.0411,0,0.285,0.573,110.279,4
spotify:track:44Y8O3JkmOzZfZg9UIu4JQ,"Darkskin","Darkskin","Jayd Ink",2016-09-20,293717,13,true,111573307,2018-04-04T17:42:07Z,"","678428 Records DK2",0.788,0.463,6,-7.732,0,0.361,0.489,0.016,0.2,0.719,84.999,4
spotify:track:0Lwv50EmB30c04dGPT9Uba,"No Good","No Good","alcordo",2017-05-23,232400,0,false,111573307,2018-04-20T16:09:52Z,"","White Room Records",0.721,0.586,7,-5.164,0,0.0462,0.731,0,0.067,0.61,80.024,4
spotify:track:2kLs2MAH1UqMQ2gawdVy38,"Distant Love","2014","Abhi//Dijon",2015-11-02,257724,33,false,111573307,2018-04-20T16:10:19Z,"r&b alternativo","Self Released",0.642,0.262,6,-13.476,0,0.0743,0.184,0.00472,0.197,0.185,93.496,4
spotify:track:2oTlco2XpGIMmVAxOdsS6u,"Pressure","Pressure","Ciscero;Matt McGhee;April George",2016-12-21,222040,0,true,111573307,2018-04-20T16:10:43Z,"jazz rap","dtla records",0.838,0.685,6,-7.398,1,0.167,0.106,0,0.0839,0.194,128.049,4
spotify:track:6LONsBKCdNqbHkmlNonLpR,"She","She","Chyn",2015-07-04,165590,0,false,111573307,2018-04-20T16:11:16Z,"alté","ABM Music",0.467,0.41,5,-10.378,0,0.532,0.624,0.0000268,0.121,0.0369,75.989,4
spotify:track:4DTS63acHeoiVSBM0e4wnS,"Sittin' In My Room","Sittin' In My Room - Single","Cori B.",2016-07-26,250775,14,false,111573307,2018-04-20T16:12:56Z,"","Cadilacc Music",0.856,0.512,11,-6.908,1,0.126,0.0268,0.000238,0.149,0.632,100.06,4
spotify:track:23T4gelZgImtFxbHjXnYbm,"The Waters (feat. BJ the Chicago Kid)","Malibu","Anderson .Paak;BJ The Chicago Kid",2016-01-15,174253,51,true,111573307,2018-04-20T16:13:23Z,"","OBE / Apeshit, Inc / EMPIRE",0.671,0.678,10,-6.171,0,0.362,0.128,0,0.298,0.718,91.456,4
spotify:track:1sZVgmIHQb9tI9cITW9KYb,"One Dance","One Dance","SRNO",2017-12-06,172042,11,false,111573307,2018-04-20T16:13:33Z,"","SRNO",0.821,0.406,0,-11.126,0,0.0989,0.652,0.804,0.382,0.229,127.002,4
spotify:track:0OgH5OaSmA7KOohTssZgwt,"GoodLovinn","Soulection White Label - J.Robb","J.Robb;Devin Tracy",2017-11-03,200040,21,false,111573307,2018-04-24T16:59:55Z,"r&b contemporáneo","Soulection",0.52,0.234,2,-12.796,0,0.0872,0.476,0.00193,0.128,0.251,78.117,4
spotify:track:6LQcvI4mUM0o3exRVzVKAh,"Something","AURA II EP","ELHAE",2017-04-14,192013,22,true,111573307,2018-04-24T17:04:36Z,"trap soul,jersey club","Atlantic Records",0.664,0.629,10,-10.79,1,0.339,0.111,0,0.0807,0.334,120.009,4
spotify:track:01g7gtqIi6oTWmZgUOHnq8,"Too Much Pressure","Too Much Pressure","Count Bass D;Snoop Dogg",2017-06-30,187595,28,false,111573307,2018-05-06T11:02:27Z,"jazz rap,g-funk,hip hop de la costa oeste,rap gangster,hip hop old school,hip hop,rap","CountBassD.com",0.778,0.656,10,-5.545,0,0.243,0.2,0,0.106,0.725,87.958,4
spotify:track:1khPZ5TTs2AhpwHK0WMuUU,"that's not us","that's not us","Devin Tracy;J.Robb",2018-01-29,147391,19,false,111573307,2018-05-06T11:04:19Z,"r&b contemporáneo","Devin Tracy",0.691,0.705,6,-2.995,0,0.153,0.0807,0.00000107,0.298,0.686,92.071,4
spotify:track:2LTNvk7P8uqbFarSv5drF6,"Jazz Got Me","Jazz Got Me","Louis VI;Mick Jenkins",2018-04-03,242480,0,false,111573307,2018-05-16T17:51:27Z,"jazz rap","Like Water",0.495,0.461,10,-12.065,0,0.244,0.441,0.00546,0.146,0.527,64.334,4
spotify:track:4G2cHWWOIsBpl1DNhKaOSk,"Now","Ego","Danitsa",2017-11-24,196000,21,false,111573307,2018-05-16T10:00:40Z,"","Evidence Music",0.865,0.572,5,-6.974,0,0.0789,0.527,0.0103,0.0555,0.674,130.038,4
spotify:track:52qOO2jHLErIr5Fmzstak8,"Needs","Headspace","Gavlyn;DJ Hoppa;Sampagita",2018-03-01,196805,14,true,111573307,2018-05-16T10:04:49Z,"","Broken Complex",0.774,0.663,7,-5.271,1,0.298,0.0793,0,0.0838,0.281,94.94,4
spotify:track:5mwEuVmlB78v0zXPHPKlmr,"Feel Good","Feel Good","HASEEB",2017-11-21,222322,12,true,111573307,2018-05-16T17:53:20Z,"","Fewfriends, LLC",0.688,0.72,8,-9.647,0,0.177,0.14,0.00000793,0.327,0.386,92.013,4
spotify:track:4W2cIDsWXObrBiZcrcCuvF,"Brown Sugar","Market Crash","NxxxxxS;M.A.N",2016-11-06,202105,0,false,111573307,2018-05-23T10:47:37Z,"vaporwave,phonk,nu metal,metal industrial","Orfèvre Label",0.793,0.75,10,-5.062,1,0.226,0.718,0,0.163,0.4,132.979,4
spotify:track:1fpfYMT2RTc5W3Zluq5xVA,"Palm Trees","And After That, We Didn't Talk","GoldLink",2015-11-06,213330,41,true,111573307,2018-05-23T10:48:26Z,"","Soulection",0.685,0.61,2,-9.294,1,0.487,0.235,0,0.164,0.777,127.932,4
spotify:track:7rTlMJ5lwyn8Qxce2aJsmv,"Wake Up In The Morning","Hearing Voices Produced Substance","Nathaniel Shalom",2017-09-25,230191,0,false,111573307,2018-05-23T10:57:10Z,"","Righteous Vibrations",0.787,0.529,4,-7.424,0,0.0694,0.608,0.00000527,0.0896,0.516,95.975,4
spotify:track:5l5wRXA7asTNjh3V0oNGPs,"Little Bit of Lovin","Say Less","Roy Woods",2017-12-01,172874,0,false,111573307,2018-05-23T12:52:38Z,"","OVO Sound/Warner Records",0.784,0.653,1,-6.022,1,0.0365,0.0126,0.00000248,0.317,0.348,108.064,4
spotify:track:0vsHN7w5lrtt2ro7FygAMh,"Mixed Signals","Mixed Signals","Nonchalant Savant",2017-04-20,211932,14,false,111573307,2018-05-23T12:52:48Z,"","Art Dealer Chic Records",0.736,0.46,9,-10.129,0,0.0884,0.0171,0.622,0.135,0.551,93.995,4
spotify:track:7GDe0rQZlVnHOdxXU7PBal,"LUV$LOW£DOWN","LUV$LOW£DOWN","Devonta Jj",2016-12-04,128118,0,false,111573307,2018-05-23T12:53:01Z,"","4amsound",0.807,0.255,7,-17.477,1,0.112,0.665,0.000117,0.0967,0.0837,78.135,4
spotify:track:56DFzHIbZXCsVkoP6eKZtg,"Blessing","Blessing","Iman Europe",2017-06-21,216416,0,true,111573307,2018-05-23T12:53:54Z,"","Rare Blend Collective",0.806,0.298,1,-13.922,1,0.166,0.161,0.00000812,0.0679,0.345,119.957,4
spotify:track:4cmGGZQGwWQ1oQsPgaSmia,"Use Me","Use Me","Lou Val;Johnny Yukon",2017-12-21,279081,17,false,111573307,2018-05-23T12:55:13Z,"trap soul","Lou Val",0.735,0.492,7,-10.776,1,0.0573,0.0734,0.0000925,0.104,0.379,80.002,4
spotify:track:5fGWdNGGnvKrrHL6U7c1Vp,"Humility (feat. George Benson)","Humility (feat. George Benson)","Gorillaz;George Benson",2018-05-31,197933,46,false,111573307,2018-06-01T21:02:21Z,"smooth jazz,yacht rock,jazz funk,soul jazz","Parlophone UK",0.632,0.807,0,-5.893,1,0.126,0.144,0.0211,0.125,0.784,160.174,4
spotify:track:3yu988B9KkIiZK0etQbnj8,"Cloud 98 3/4 - Radio Edit","Cloud 98 3/4","Dobie;Nine",1998,209453,0,false,111573307,2018-06-15T11:25:20Z,"trip hop","Nero Records UK",0.733,0.534,1,-5.254,1,0.0434,0.138,0.00425,0.0883,0.653,96.945,4
spotify:track:3JoT6Se0HqhEm8gZXneM2u,"The Right Time (Kaytranada Remix)","Tuxedo Remixes","Tuxedo",2015-10-02,264005,0,false,111573307,2018-07-31T12:58:01Z,"nu disco,funk,indie soul","Stones Throw Records",0.885,0.686,2,-5.531,1,0.258,0.0496,0.00215,0.228,0.626,120.015,4
spotify:track:4vYwwX7cKQVpO2nKhO5wFb,"My Lady","Forever Thankful","SLik d",2014-08-15,230355,37,true,111573307,2018-07-31T12:58:40Z,"jazz rap","GoodVibesCA",0.744,0.676,6,-6.962,1,0.0775,0.583,0.0000451,0.339,0.598,95.288,3
spotify:track:569z7EOtkWkoQgPeDp15rS,"Guru - 10A Remix","Guru (Remixes)","Ladi6;10A",2017-07-07,253521,0,false,111573307,2018-07-31T12:58:55Z,"reggae neozelandés","Universal Music New Zealand Limited (Distribution)",0.718,0.5,7,-7.369,0,0.0538,0.0309,0.00217,0.0742,0.615,141.997,4
spotify:track:59kfHkLOuu4f4MRgERZ9g4,"One In Rotation + Wide Awake","Stillness In Wonderland","Little Simz;SiR",2017-11-03,235248,0,true,111573307,2018-07-31T12:59:48Z,"r&b alternativo,neo soul","Age 101",0.383,0.536,0,-8.432,0,0.223,0.263,0.000611,0.0624,0.369,88.284,4
spotify:track:7KEzVso5asMgdZHmYwnunh,"How You Feel - A COLORS SHOW","How You Feel - A COLORS SHOW","Swsh",2019-07-15,178193,0,true,111573307,2019-08-12T17:08:15Z,"","colorsxstudios",0.558,0.389,7,-10.099,0,0.293,0.749,0.0000598,0.103,0.42,81.137,4
spotify:track:2P5mpQY0luJnprRSeVapAB,"Vintage Garms","Smoke Sessions, Vol. 2","Lord Apex",2019-01-25,220235,0,true,111573307,2019-08-12T17:09:35Z,"jazz rap","Trapdoor Records",0.437,0.881,7,-7.571,1,0.495,0.0846,0.00000332,0.147,0.433,83.382,4
spotify:track:3DbBgbnDUOml329rAp2Tbr,"Colorado","Colorado","Kota the Friend",2018-10-24,206500,53,true,111573307,2019-08-20T21:57:47Z,"","Fltbys",0.905,0.562,8,-7.884,1,0.0662,0.453,0.000285,0.13,0.507,139.997,4
spotify:track:0KM2y796j63t5RHhvRUxld,"Relax, Take It Easy","Life In Cartoon Motion","MIKA",2006-01-01,270000,73,false,111573307,2019-08-20T21:58:46Z,"","Universal-Island Records Ltd.",0.694,0.694,6,-8.21,0,0.0328,0.058,0.0129,0.129,0.608,121.876,4
spotify:track:0zerQ7TighckYfp4cuWAif,"La Nuit","Les Choristes - Los Chicos del Coro (Banda sonora original de la película)","Bruno Coulais;La Maîtrise de Saint Marc - LES CHORISTES",2004-03-17,140986,0,false,111573307,2019-09-01T11:47:57Z,"","Peermusic France",0.286,0.0904,4,-15.73,1,0.0391,0.985,0,0.188,0.206,128.464,5
spotify:track:49V0tR2huLvwvBJmLvlqo8,"I Wonder (feat. Iamddb + Fox)","I Wonder (feat. IAMDDB + FOX)","The Mouse Outfit;IAMDDB + FOX",2017-10-03,237818,41,false,111573307,2019-10-11T10:33:36Z,"jazz rap","TMO RECORDS",0.581,0.293,5,-8.033,0,0.312,0.413,0.0000721,0.176,0.686,180.293,4
spotify:track:65d8RK06ohNSQvnUyhjRt6,"Voicemail","Voicemail","OCHÉ",2019-08-01,210210,0,false,111573307,2019-11-20T13:12:54Z,"alté,r&b afro","Yute Inc",0.72,0.302,4,-13.011,0,0.0384,0.856,0.00194,0.139,0.398,94.054,4
spotify:track:5yhVxNl4686GY8OQROCP7A,"Old Ting","Old Ting","AirBorn Gav",2018-05-01,240048,24,true,111573307,2019-11-20T13:14:31Z,"alté","Independent",0.42,0.296,0,-10.38,0,0.0488,0.0271,0.000417,0.117,0.066,155.623,4
spotify:track:0WBRxa1FLBbkSozyblgLIA,"Taking My Time","We Could","Graeme S;IAMDDB",2017-11-17,228222,26,true,111573307,2019-11-20T13:18:46Z,"r&b alternativo,r&b británico","Hsüan Records",0.351,0.287,8,-13.847,1,0.102,0.772,0.000031,0.112,0.132,178.677,3
spotify:track:0fPYtNLrZX0UkWGpHOfJ9V,"A.M","A.M","Luther King;Cassius Gray",2019-02-14,203358,24,true,111573307,2019-11-20T13:32:09Z,"","LOUDHOUSE",0.843,0.509,6,-6.386,0,0.182,0.404,0,0.0813,0.464,131.056,4
spotify:track:6yITfP5km65EckmEWM1kMa,"The Ghetto","Absolute Benson","George Benson",2000-01-01,296960,0,false,111573307,2019-11-28T13:47:14Z,"smooth jazz,yacht rock,jazz funk,soul jazz","Universal Music Division Classics Jazz",0.878,0.496,6,-9.832,1,0.0464,0.39,0.275,0.0625,0.88,111.77,4
spotify:track:5SehvGGC53A7SZKCLXQcyt,"Nico and the Niners","Trench","Twenty One Pilots",2018-10-05,225040,69,false,111573307,2020-01-01T19:27:43Z,"","Fueled By Ramen",0.728,0.602,9,-7.748,0,0.185,0.0699,0.00000701,0.318,0.328,140.081,4
spotify:track:4cISLIqYh55KF2SWZATqkq,"Comfortable","Zoom Out","Moods;HIGH HØØPS",2018-10-26,217045,0,false,111573307,2020-01-05T10:31:05Z,"lo-fi beats,indie soul","Boogie Angst",0.723,0.432,4,-8.087,0,0.0373,0.367,0.0375,0.128,0.2,82.013,4
spotify:track:3O5JIwSON3KBaoyMUsjLjn,"Midnight Mischief - Tom Misch Remix","Midnight Mischief (Tom Misch Remix)","Jordan Rakei;Tom Misch",2016-09-19,266086,0,false,111573307,2020-01-05T10:34:40Z,"indie soul,neo soul","4101 Records",0.546,0.404,7,-7.441,1,0.0353,0.492,0.0269,0.115,0.0395,92.07,4
spotify:track:1BV0m40U0M4t1SLIsDnwZl,"1973","All the Lost Souls","James Blunt",2007-09-05,280026,76,false,111573307,2020-02-12T10:50:47Z,"","Custard/Atlantic",0.72,0.668,9,-7.928,1,0.0269,0.0653,0.00675,0.0789,0.769,123.005,4
spotify:track:6sFh5LihlIcOh6ahYn6UyJ,"Roberto Clemente","Outer Body Experience","Dot Demo",2016-09-20,234688,1,true,111573307,2020-02-17T15:50:33Z,"","U7tra Nostra Records",0.774,0.62,9,-9.225,1,0.49,0.233,0.00000691,0.221,0.172,116.031,4
spotify:track:4TI3zKBTYp1tEH3i1jui9w,"Resilience - Original mix","Resilience - Single","Palisded",2015-11-17,360000,0,false,111573307,2020-02-23T10:22:32Z,"synthwave","Computer Love Records",0.745,0.719,0,-11.303,1,0.0629,0.0261,0.621,0.151,0.576,125.025,4
spotify:track:5yY9lUy8nbvjM1Uyo1Uqoc,"Life Is Good (feat. Drake)","Life Is Good (feat. Drake)","Future;Drake",2020-01-10,237735,74,true,111573307,2020-02-28T13:59:24Z,"rap,trap","Epic/Freebandz",0.676,0.609,2,-5.831,0,0.481,0.0706,0,0.152,0.508,142.037,4
spotify:track:2tnVG71enUj33Ic2nFN6kZ,"Ride It","Ride It","Regard",2019-07-26,157605,79,false,111573307,2020-03-11T23:34:23Z,"","Ministry of Sound Recordings",0.88,0.751,7,-4.258,0,0.0874,0.177,0.0000643,0.106,0.884,117.948,4
spotify:track:5M5tDTP6ZSPVCle5sb1CNy,"On a Wave","On a Wave","Kyle Corum;JZAC;Alex Wiley;Mick Jenkins",2017-08-18,225701,15,true,111573307,2020-03-13T20:28:16Z,"jazz rap","706088 Records DK",0.631,0.534,6,-12.577,1,0.429,0.0621,0,0.323,0.527,127.949,4
spotify:track:6ZlvARkbVQCYUNYBaiWYIo,"Null & Void","Beentrill","o k h o;Saito;Lord Apex",2015-12-25,143209,0,false,111573307,2020-03-13T20:36:33Z,"hip hop lo-fi,lo-fi,lo-fi beats,jazz rap","POLAIRE",0.559,0.472,10,-9.8,1,0.394,0.563,0.0000101,0.165,0.384,180.262,4
spotify:track:6fYr27d1dxrs2tiYW3nOdN,"So Slow (feat. Anderson .Paak, King Chip)","So Slow (feat. Anderson .Paak & King Chip)","Blended Babies;King Chip;Anderson .Paak",2015-09-02,186845,34,true,111573307,2020-03-13T20:39:22Z,"","BBMG",0.837,0.582,5,-8.254,0,0.351,0.602,0.000013,0.298,0.814,74.516,4
spotify:track:40cayr7aVuRU8lXVn1PSpx,"We Got Love","We Got Love","Teyana Taylor;Ms. Lauryn Hill",2020-03-13,245206,29,false,111573307,2020-03-13T20:43:44Z,"neo soul","Getting Out Our Dreams, Inc./Def Jam Recordings",0.448,0.64,7,-7.957,1,0.312,0.0728,0.0000274,0.841,0.428,59.077,4
spotify:track:1g6oJvSBxpmFlh7dKtBC3S,"Pressure on Me","Pressure on Me","Nimbus Vin",2020-03-03,164597,0,true,111573307,2020-03-13T20:48:38Z,"","1271252 Records DK",0.54,0.603,9,-8.624,0,0.0394,0.11,0,0.114,0.327,140.079,4
spotify:track:0gV5B7zmJkS1aaH9APokrH,"Wow Freestyle (feat. Kendrick Lamar)","Redemption","Jay Rock;Kendrick Lamar",2018-06-15,175213,63,true,111573307,2020-03-13T20:57:15Z,"hip hop,hip hop de la costa oeste","Top Dawg Ent./Interscope Records",0.782,0.633,8,-4.644,1,0.341,0.0355,0,0.0615,0.749,150.055,4
spotify:track:2p37Mfy2PWajgOS3i2aaep,"U Say (feat. Tyler, The Creator & Jay Prince)","Diaspora","GoldLink;Tyler, The Creator;Jay Prince",2019-06-12,201240,58,true,111573307,2020-03-13T20:58:30Z,"","Squaaash Club/RCA Records",0.926,0.68,2,-7.689,1,0.196,0.0471,0.000125,0.119,0.458,114.981,4
spotify:track:4yVEpUXxYgBwfSOKGTFxv5,"REEL IT IN (feat. Gucci Mane) - Remix","REEL IT IN","Aminé;Gucci Mane",2018-11-20,166960,46,true,111573307,2020-03-13T20:59:28Z,"hip hop sureño americano,rap,trap","Republic Records",0.779,0.355,10,-8.971,0,0.0789,0.0624,0,0.159,0.362,128.805,4
spotify:track:59VNspSnCfoeGyNTGcSgsh,"BLACKJACK (feat. YBN Cordae) - Remix","BLACKJACK (Remix)","Aminé;Cordae",2019-02-08,163120,37,true,111573307,2020-03-13T21:00:39Z,"","Republic Records",0.959,0.583,2,-6.064,1,0.27,0.163,0,0.056,0.887,130.979,4
spotify:track:4w5m4X0OZ2IslxNOgtntTN,"Crime Pays","Bandana","Freddie Gibbs;Madlib",2019-06-28,182677,62,true,111573307,2020-03-13T21:01:21Z,"jazz rap,hip hop alternativo,hip hop experimental,plunderphonics","Madlib Invazion/ESGN/Keep Cool/RCA Records",0.608,0.699,6,-8.267,1,0.114,0.139,0,0.242,0.784,146.941,4
spotify:track:7921HjgwwB1dSWQt7VHi58,"Lights","FRIENDZONE","NxxxxxS;Mariah;Senpu",2018-03-28,166000,1,false,111573307,2020-03-14T01:05:16Z,"vaporwave,phonk,r&b indie","Live From Earth",0.751,0.461,3,-8.497,0,0.247,0.386,0.00106,0.155,0.702,63.497,4
spotify:track:41SwdQIX8Hy2u6fuEDgvWr,"10% (feat. Kali Uchis)","BUBBA","KAYTRANADA;Kali Uchis",2019-12-13,186680,67,true,111573307,2020-03-14T01:08:30Z,"","KAYTRANADA/RCA Records",0.794,0.757,6,-6.644,0,0.123,0.0267,0.000306,0.0621,0.615,107.99,4
spotify:track:1aBettOr79Ze27sceoL6U9,"Feeling High","Jagged Tooth Crook","The Mouse Outfit;IAMDDB;KinKai",2018-05-04,224374,45,true,111573307,2020-04-04T00:40:38Z,"jazz rap,r&b alternativo,r&b británico","TMO Records",0.732,0.42,10,-3.505,0,0.0856,0.377,0.0493,0.313,0.49,83.021,4
spotify:track:3hCSiL3PV74229ZOAlfV6U,"No Scene","No Scene","Osquello;Bawo",2019-02-10,135784,20,true,111573307,2020-04-04T00:47:22Z,"","962758 Records DK",0.758,0.783,6,-5.333,0,0.276,0.683,0,0.357,0.753,73.071,4
spotify:track:5iPjtmuhUBe3LAAh6kdDdP,"Hot Fire","Hot Fire","YGTUT",2017-07-21,253597,0,true,111573307,2020-04-04T00:47:45Z,"","Ygtut",0.877,0.696,2,-8.269,1,0.239,0.0205,0,0.3,0.115,105.975,4
spotify:track:3ExYesjg63TT202fbLZhNS,"RUN","RUN","Abhi The Nomad",2018-08-24,166559,0,true,111573307,2020-04-04T00:49:08Z,"","Tommy Boy Entertainment, LLC",0.803,0.638,10,-3.939,0,0.156,0.0389,0,0.0625,0.436,92.877,4
spotify:track:7vBqDxT6CcJhnOCRfM9Wvi,"Say Yeah","V!BEZ, Vol. 2","TroyBoi",2018-11-09,218400,50,false,111573307,2020-04-09T12:53:26Z,"edm trap","Mad Decent",0.828,0.452,6,-6.038,0,0.0458,0.003,0.198,0.0884,0.171,100.029,4
spotify:track:2mg1KvkTJuNIZ84X52RMto,"Basically","Waveydon Ballads","Inka",2017-03-31,244064,16,false,111573307,2020-04-09T12:53:51Z,"","Beeswaxx",0.561,0.491,9,-7.249,0,0.231,0.642,0.000052,0.102,0.381,119.933,4
spotify:track:380NKOqBHvp6GtMYvGFm40,"Leaf Wraps","Leaf Wraps","The Homies;Jack Harlow",2018-11-29,213040,0,true,111573307,2020-04-09T12:56:11Z,"","Private Garden Records.",0.898,0.665,9,-4.705,0,0.218,0.211,0,0.11,0.717,109.975,4
spotify:track:2tN0dnN3wdgyIYvHbSGHiw,"Babouche (feat. GoldLink)","85 to Africa","Jidenna;GoldLink",2019-08-23,166870,35,true,111573307,2020-04-09T12:56:41Z,"","Wondaland Records/Epic",0.828,0.706,2,-5.678,1,0.0708,0.146,0.0000012,0.0608,0.556,92.976,4
spotify:track:05A5M5Yu1zVg6auxAKvtwL,"These Days (feat. Kasien)","These Days (feat. Kasien)","Benny Mails;Kasien",2019-05-14,208800,0,true,111573307,2020-04-09T12:57:48Z,"alté,jersey club","Benny Mails",0.699,0.401,10,-13.095,0,0.165,0.464,0.00259,0.114,0.339,138.902,4
spotify:track:1JpJd0bE9RgQQxqBTnF5sf,"Choices","Choices","Se’A;Cellus Hamilton",2019-01-25,161797,28,true,111573307,2020-04-09T13:00:38Z,"hip hop cristiano,r&b cristiano","Se'A & Cellus Hamilton",0.694,0.474,10,-10.398,0,0.39,0.109,0,0.155,0.773,81.996,4
spotify:track:0rqb8TzAYecPjmD5XTamoK,"Ритм сердца","Советы для молодожёнов","Antoha MC",2017-09-15,284693,0,false,111573307,2020-06-10T15:38:30Z,"","Антоха МС",0.881,0.643,11,-4.681,1,0.308,0.0128,0.0000313,0.696,0.754,72.518,4
spotify:track:4MNfBGdnEnQ1xp2GsPqTNf,"Unanswered Questions","Loading...","Darrell Cole",2018-06-22,196624,0,true,111573307,2020-06-29T10:49:48Z,"","Darrell Cole",0.79,0.771,7,-5.118,1,0.328,0.452,0,0.09,0.312,83.054,4
spotify:track:3gbHGPcyp2j8MgfmcLt8KP,"I Look to You (feat. Kimbra)","Illumination","Miami Horror;Kimbra",2010-08-20,233229,0,false,111573307,2020-06-29T11:01:35Z,"nu disco,electroclash,indie dance","Miami Horror",0.602,0.872,4,-5.023,0,0.102,0.0696,0.0178,0.0484,0.475,118.026,4
spotify:track:5F6tLUQGd7GtiWID9ZEzev,"Jerusalema","Jerusalema","Master KG;Nomcebo Zikode",2019-11-29,342662,0,false,111573307,2020-06-30T08:35:31Z,"amapiano,gqom","Open Mic Productions",0.881,0.468,1,-7.5,1,0.0511,0.0223,0.0000112,0.0618,0.841,124.016,4
spotify:track:12yGwtB2h9NlzeOKYfVYTF,"Don't Matter","Konvicted","Akon",2006,293066,3,true,111573307,2020-07-03T11:49:25Z,"","Konvict/Upfront/SRC/Universal Records",0.801,0.454,2,-6.035,1,0.0371,0.225,0,0.226,0.34,125.139,4
spotify:track:0NSbiBKXoODbsPwjSivfBr,"I Could Have Lied","Blood Sugar Sex Magik (Deluxe Edition)","Red Hot Chili Peppers",1991-09-24,244400,62,true,111573307,2020-07-24T08:03:49Z,"funk rock,rock alternativo,rock","Warner Records",0.56,0.209,7,-13.591,1,0.039,0.0132,0.551,0.342,0.407,140.744,4
spotify:track:2vzbtL2yf2os3nGJBNQvTo,"Stylist","Open","24hrs",2016-05-01,108434,0,true,111573307,2020-07-29T15:35:17Z,"","Private Club Records",0.797,0.336,11,-9.291,1,0.349,0.0151,0.0000836,0.111,0.489,179.004,3
spotify:track:4HYoIj4UWSjPQ8ovanp1NH,"My Life","My Life","Devil Music",2018-09-03,160078,0,true,111573307,2020-07-29T15:40:50Z,"","969129 Records DK",0.851,0.202,1,-16.931,0,0.206,0.714,0.00395,0.107,0.164,136.002,4
spotify:track:5iWy9BKQEixKEIOLzn2Szt,"Change","Change","iZem;K.O.G",2018-11-16,225250,27,false,111573307,2020-07-29T15:41:35Z,"highlife","Pura Vida Sounds",0.708,0.496,7,-8.997,0,0.185,0.273,0.0000112,0.101,0.474,95.987,4
spotify:track:4HCcvFdHfwR2u3WPPPVRv6,"Green & Gold","Blood","Lianne La Havas",2015-07-17,278200,60,false,111573307,2020-08-09T21:21:56Z,"r&b alternativo,soul,pop soul","WM UK",0.683,0.4,7,-8.458,1,0.052,0.212,0.000324,0.55,0.262,93.966,4
spotify:track:3d3qtBKL35h9zl3W8XwdVa,"Fire","Black Pumas","Black Pumas",2019-06-21,246120,55,false,111573307,2020-08-09T21:47:41Z,"retro soul","ATO Records",0.716,0.829,9,-7.864,0,0.0534,0.0838,0.00843,0.345,0.844,95.95,4
spotify:track:5DTkhTr3wSXBMxzVgSiqdj,"Act Like You Know","Boog Brown","Boog Brown;Tom Caruana",2018-10-22,168082,0,true,111573307,2020-08-13T09:14:23Z,"jazz rap","Tea Sea Records",0.552,0.617,11,-9.139,0,0.305,0.344,0.0000359,0.119,0.445,98.216,4
spotify:track:304oWfDX81gcriN0yq6Kxy,"Piscine privée","Gun Love Fiction","Makala",2017-06-23,179738,27,true,111573307,2020-08-19T20:23:41Z,"rap francés,r&b francés","Colors Records",0.699,0.639,5,-8.261,1,0.0451,0.231,0.000742,0.359,0.502,95.071,4
spotify:track:2aSM4sbNN7cSmpYOG0sf46,"My Affection (with PARTYNEXTDOOR)","Life On Earth - EP","Summer Walker;PARTYNEXTDOOR",2020-07-10,213933,56,true,111573307,2020-08-25T20:24:10Z,"r&b,dark r&b,trap soul","LVRN/Interscope Records",0.632,0.495,7,-8.335,1,0.143,0.333,0,0.0941,0.233,77.083,4
spotify:track:6qBFSepqLCuh5tehehc1bd,"Like I Want You","TAKE TIME","GIVĒON",2020-03-27,260776,78,false,111573307,2020-08-25T20:24:25Z,"r&b","Epic/Not So Fast",0.678,0.355,10,-7.757,0,0.0627,0.759,0.0000706,0.114,0.438,119.772,3
spotify:track:5XfSZSiHb3NzgawUXZGA40,"Mes jambes","Goldman","JeanJass",2014-01-01,117555,0,false,111573307,2020-08-29T09:05:33Z,"rap francés","Pur Jus",0.541,0.51,9,-10.061,0,0.451,0.342,0,0.125,0.384,83.936,4
spotify:track:5ymY6gY9vaUSG46kmQWBsm,"Get to Know Ya - KAYTRANADA FLIP","For All We Know - The Remixes - EP","Nao;KAYTRANADA",2017-02-09,307640,43,false,111573307,2020-08-29T09:05:50Z,"r&b alternativo,r&b británico","RCA Records Label",0.885,0.49,11,-13.954,0,0.33,0.295,0.31,0.103,0.261,105.996,4
spotify:track:4uToWVHXLtKEEboNsG3n2u,"Egyptian Luvr (feat. Aminé and Dana Williams)","Dear Annie","Rejjie Snow;Aminé;Dana Williams",2018-02-16,256613,0,true,111573307,2020-08-29T09:07:11Z,"jazz rap","BMG Rights Management (UK) Limited",0.834,0.591,10,-7.543,0,0.305,0.0553,0,0.074,0.9,104.944,4
spotify:track:1utUrkRSWxiO3PABHq08eG,"Cherries","Cherries","Layfullstop",2019-06-26,227562,23,false,111573307,2020-08-29T09:08:38Z,"r&b británico","VAUD",0.63,0.744,4,-9.075,0,0.349,0.18,0.0000145,0.0694,0.716,90.739,4
spotify:track:1xz6pzogJw3muO953VaPcU,"Nathy","Moka","Blu Samu;Peet",2018-06-29,183251,30,false,111573307,2020-08-29T09:09:39Z,"rap francés","Urban",0.669,0.378,11,-7.623,1,0.17,0.546,0.00000749,0.104,0.354,137.14,4
spotify:track:5zVB1UcrO52SUONu7h7F7U,"Funky Thang","Funky Thang","Shay Lia",2018-08-10,160780,0,false,111573307,2020-08-29T09:11:20Z,"r&b alternativo","N.O.T.E",0.732,0.649,0,-7.672,1,0.412,0.137,0.0000857,0.113,0.47,120.073,4
spotify:track:5oWtZBMy3WFsyAnpd9PMAT,"Backwoods","Medicaid Fraud Dogg","Parliament",2018-05-22,371681,27,true,111573307,2020-08-29T09:11:49Z,"funk,funk rock","C Kunspyruhzy Records Inc.",0.766,0.376,4,-11.343,1,0.397,0.12,0,0.125,0.56,103.956,4
spotify:track:5yyJ2mNLCLBXMMpQqy0y7r,"Moltisanti Blues","Supernova - EP","Dillon Cooper",2017-11-03,199645,29,true,111573307,2020-09-03T14:51:40Z,"","Dillon Cooper",0.814,0.456,4,-12.468,0,0.361,0.348,0.00000462,0.273,0.748,89.007,4
spotify:track:0Rdc7mrlZS9yQrgaiGJClI,"Ridin'","Ridin'","kayowa",2020-01-03,123455,6,true,111573307,2020-09-03T14:53:32Z,"r&b británico","CYBERFLEXX",0.833,0.421,1,-12.501,1,0.143,0.168,0.0000181,0.143,0.33,139.958,4
spotify:track:73NKL4poX9bHcJyY9YNjjB,"Blessed","Blessed","DVTCH NORRIS;Yann Gaudeuille",2019-01-25,207800,0,false,111573307,2020-09-03T14:54:40Z,"","Beatville",0.533,0.619,0,-7.923,1,0.318,0.245,0.0000277,0.178,0.637,100.791,3
spotify:track:6wmWC3kGcFvumqBiWXKnx3,"Walls To Build - Mall Grab Remix","Walls To Build (Mall Grab Remix)","Kllo;Mall Grab",2016,376079,41,false,111573307,2020-09-03T14:56:04Z,"","Good Manners Records",0.83,0.403,10,-11.36,0,0.0451,0.136,0.816,0.109,0.4,124.001,4
spotify:track:3mRLHiSHYtC8Hk7bzZdUs1,"River","Church Of Scars","Bishop Briggs",2018-04-20,216133,77,false,111573307,2020-09-04T08:07:03Z,"","Teleport Records / Island Records",0.733,0.477,2,-6.737,0,0.0647,0.304,0.00000276,0.0579,0.547,62.507,4
spotify:track:7nmsxELpE17n4QtXaRTrhA,"Don't Look Back","Don't Look Back","Youssou N'Dour",2000-10-20,212133,4,false,111573307,2020-09-07T19:28:44Z,"afropop","S.M.A.L.L.",0.822,0.372,10,-11.275,0,0.0401,0.181,0.0681,0.103,0.454,179.964,4
spotify:track:0uZ4VJQWXiR298Eu9NACNh,"Don't Walk Away (feat. Sting)","Joko - From Village To Town","Youssou N'Dour;Sting",2000,284840,30,false,111573307,2020-09-07T19:30:31Z,"afropop,rock suave","S.M.A.L.L.",0.738,0.488,11,-9.585,0,0.0855,0.0392,0.303,0.0653,0.263,165.614,4
spotify:track:5d5lVe6fHhwpPfr3sBDH5R,"Blasé","The Lesser-Known","Kiina;Goya Gumbani",2020-05-19,155714,8,true,111573307,2020-10-07T16:25:53Z,"hip hop experimental","GGwav Records",0.479,0.352,4,-13.939,0,0.366,0.479,0.00256,0.166,0.509,82.777,4
spotify:track:4F07ku5lMBIoybFPStM2j4,"Suede","Yes Lawd!","NxWorries;Anderson .Paak;Knxwledge",2016-10-21,174866,0,true,111573307,2020-10-13T09:06:15Z,"","Stones Throw Records",0.669,0.735,10,-7.264,1,0.329,0.459,0,0.103,0.723,117.284,4
spotify:track:2KhnxMDP6iZJjVzyKBDYcY,"Chocolate Milk","Never Grow Up.","Shane Eagle",2018-12-28,179069,0,true,111573307,2020-10-23T21:10:53Z,"","Eagle Entertainment",0.441,0.782,1,-8.184,1,0.357,0.476,0.0000116,0.109,0.554,174.048,4
spotify:track:3XVBdLihbNbxUwZosxcGuJ,"If I Ain't Got You","The Diary Of Alicia Keys","Alicia Keys",2003-12-02,228706,85,false,111573307,2020-10-23T21:19:22Z,"r&b,neo soul","J Records",0.609,0.444,7,-9.129,1,0.106,0.603,0.00000686,0.104,0.166,118.402,3
spotify:track:5FX89IUKm9QJT9ymrmyK4k,"Free Lunch","The Sun's Tirade","Isaiah Rashad",2016-09-02,192029,65,true,111573307,2020-10-23T21:29:05Z,"","Top Dawg Entertainment",0.865,0.472,11,-7.359,0,0.237,0.223,0.0000539,0.109,0.843,130.011,4
spotify:track:1cXNrbTL8z4eLPrrFbqYUh,"Man","Man","Gracy Hopkins",2016-08-02,163917,11,true,111573307,2020-10-23T21:30:01Z,"r&b francés","IXI",0.915,0.564,10,-7.914,0,0.199,0.0764,0.000025,0.317,0.665,123.013,4
spotify:track:3ZN6xUWI3WxTbyF98u61zi,"Street Sweeper (Remix) [feat. Freddie Gibbs]","Street Sweeper (Remix) [feat. Freddie Gibbs]","JMSN;Freddie Gibbs",2014-11-24,245000,21,false,111573307,2020-10-23T21:31:48Z,"jazz rap,hip hop alternativo","White Room Records",0.76,0.275,6,-11.463,0,0.102,0.453,0,0.168,0.305,120.022,4
spotify:track:5WiShbQYrJnoG7mD961IKY,"On Sight","Free Nationals","Free Nationals;JID;Kadhja Bonet;MIKNNA",2019-12-13,249453,57,false,111573307,2020-11-14T10:17:31Z,"","OBE, LLC / EMPIRE",0.707,0.663,2,-7.548,0,0.0908,0.276,0.000387,0.693,0.712,94.965,4
spotify:track:7jaYiqwCFQDdtxfQaSzZuM,"Meditation (feat. Jazmine Sullivan & KAYTRANADA)","At What Cost","GoldLink;Jazmine Sullivan;KAYTRANADA",2017-03-24,258784,51,true,111573307,2020-11-14T10:28:36Z,"r&b","Squaaash Club/RCA Records",0.849,0.703,4,-7.069,0,0.193,0.0303,0,0.0831,0.405,115.052,4
spotify:track:3DlgDXIYtnWtJKiB8bZQMv,"Photosynthesis","Bucket List Project","Saba;Jean Deaux",2016-10-27,201732,1,true,111573307,2020-11-28T09:16:45Z,"r&b alternativo","Saba Pivot, LLC",0.777,0.662,7,-8.393,1,0.27,0.536,0.00000461,0.593,0.634,111.13,4
spotify:track:7t3Xdbufg7q2onVsR8RBdY,"Fire On Fire","Love Goes","Sam Smith",2020-10-30,246735,79,false,111573307,2020-11-28T11:14:46Z,"pop suave","PLG - Capitol",0.584,0.408,1,-7.356,0,0.0461,0.476,0,0.18,0.333,115.129,4
spotify:track:0Glqiq3IX84Q28x8SW4CQe,"Intoxicated (feat. Raekwon, Method Man & Macy Gray)","Intoxicated (feat. Raekwon, Method Man & Macy Gray)","Ol' Dirty Bastard;Raekwon;Method Man;Macy Gray",2018-11-15,257066,0,true,111573307,2020-12-04T13:11:11Z,"hip hop de la costa este,hip hop old school,hardcore hip hop,hip hop,boom bap","eOne Music",0.895,0.57,6,-6.321,1,0.122,0.0578,0,0.05,0.766,88.22,4
spotify:track:7lE2Fn4wks90gUCnej39Vt,"Praise the Lawd","Praise the Lawd","SwuM",2018-11-27,134025,32,true,111573307,2020-12-06T09:37:12Z,"lo-fi,lo-fi beats,hip hop lo-fi","SwuM",0.758,0.453,2,-4.935,0,0.258,0.0476,0.308,0.0906,0.0942,153.98,4
spotify:track:0x7g878peUJKUp2cmk1FYD,"bamboo","TheKAMAUU-CASSETTE: MíXD GRēēNS","KAMAUU",2019-07-30,147759,32,false,111573307,2020-12-06T09:42:26Z,"","Atlantic Records",0.52,0.755,1,-6.799,1,0.336,0.0837,0,0.711,0.174,113.91,4
spotify:track:7iqLluwurbhIuEkJO3vF9K,"El Papasito (feat. Cookin Soul)","Grandes Clasicos","Yung Beef;Cookin Soul",2018-01-05,155233,53,true,111573307,2020-12-06T09:44:52Z,"neoperreo","La Vendicion / EMPIRE",0.434,0.935,2,-4.47,1,0.229,0.0348,0,0.839,0.91,178.131,4
spotify:track:0l2yyB35jQNVx5BedzPWLc,"Keep It Real","Last Chance, No Breaks","Jamal",1995-05-01,204133,42,true,111573307,2020-12-18T13:31:25Z,"boom bap,hip hop de la costa este","Arista/Legacy",0.597,0.666,2,-11.345,1,0.331,0.00272,0.0000011,0.106,0.415,169.894,4
spotify:track:6RQVBxp41NZxLoU8RcNDK6,"DLMD (feat. Kelvyn Colt & Dotty)","DLMD (feat. Kelvyn Colt & Dotty)","Greatness Jones;Dotty;Kelvyn Colt",2020-04-24,218750,0,true,111573307,2020-12-18T14:43:57Z,"hip hop pinoy","Slip Records under exclusive license to Amuseio AB",0.787,0.543,6,-6.64,1,0.232,0.313,0,0.134,0.838,96.015,4
spotify:track:0ilkdxtR5MwuHDRJpb6tcs,"Terror","Sittin' On Chrome","Masta Ace Incorporated",1995-01-01,319160,42,true,111573307,2020-12-18T14:44:53Z,"hip hop de la costa este,hip hop old school,g-funk","The Bicycle Music Company",0.824,0.347,5,-13.032,0,0.361,0.0588,0.0000044,0.407,0.585,92.089,4
spotify:track:0QlA4cBfMXnzkMGyjq1N1u,"Nothing Left To Say - Melodiesinfonie Remix","Slow Remixed","Sad;Slum Village;Melodiesinfonie",2016-03-18,238466,22,false,111573307,2020-12-21T13:00:15Z,"jazz rap,jazz house,lo-fi beats,ritmos de jazz,indie jazz","Mouthwatering Records",0.552,0.347,5,-11.001,1,0.086,0.642,0.000145,0.186,0.335,202.843,4
spotify:track:6wVf6OMLwualapMO3yQc03,"Cool Kids (feat. Freddie Gibbs)","Late Night Blvd - EP","$kinny;Freddie Gibbs",2017-05-26,292600,35,true,111573307,2020-12-21T13:01:20Z,"hip hop árabe,jazz rap,hip hop alternativo","Parachutes Entertainment",0.816,0.435,5,-10.746,0,0.0747,0.029,0.000142,0.118,0.766,125.449,4
spotify:track:6dgbdvubCVlp17z17Y3o6u,"Marked","Own","Trinix",2015-10-19,240000,0,false,111573307,2020-12-21T13:19:00Z,"","Trinix",0.683,0.486,8,-8.09,0,0.0586,0.0343,0.00423,0.239,0.518,92.829,4
spotify:track:3l58exXzTgWvOa5vctSHE7,"Algenubi","Gun Love Fiction","Varnish La Piscine",2017-06-23,134266,34,true,111573307,2020-12-21T13:19:23Z,"r&b francés","Colors Records",0.778,0.719,4,-6.319,0,0.037,0.0892,0.0127,0.0997,0.915,119.927,4
spotify:track:6J6Abk6MyP3Vllr44rlzZL,"Venus","Mind Over Matter","Zion I",2000-05-30,273200,0,true,111573307,2020-12-21T13:19:35Z,"hyphy,hip hop underground","Live Up Records",0.675,0.553,10,-8.131,0,0.202,0.782,0.00000281,0.118,0.568,86.108,4
spotify:track:5f0O7fzefuWDT8js10IGfw,"Disappearing Jakob","Voices from Planet Cattele","Onoe Caponoe;Forest DLG",2015-01-28,243653,31,true,111573307,2020-12-21T13:20:34Z,"","High Focus Records",0.613,0.76,6,-7.381,0,0.335,0.458,0.0000368,0.588,0.419,128.552,4
spotify:track:0tRDnNMYh4NUZHg8HO5wzo,"Change","N.A.T.E","ScottyMay;LeRoyce",2020-03-18,222406,29,true,111573307,2020-12-21T13:20:46Z,"jazz rap","Elevæted",0.785,0.54,4,-9.236,0,0.0714,0.16,0,0.108,0.227,122.042,4
spotify:track:2Ad56krxfaqxaQPAfj2Wbs,"Karoshi","Karoshi","Jimmy the Human",2019-01-23,222815,32,true,111573307,2020-12-21T13:21:47Z,"","782780 Records DK2",0.857,0.436,6,-7.79,0,0.159,0.289,0,0.183,0.314,82.012,4
spotify:track:1QV3kq6651B8X6smfu2ozQ,"Didn't Cha Know","Rodalquilar","Bluestaeb",2015-11-06,158526,0,false,111573307,2020-12-21T13:22:03Z,"jazz rap,jazz house,nu jazz","Jakarta",0.722,0.499,4,-7.863,1,0.15,0.619,0.733,0.0783,0.382,140.051,4
spotify:track:3RTXkLuXAaCkyXijekPhRn,"Civilized","Civilised","Cult Of The Damned;Barebase;King Grubb;Salar;Bill Shakes;Lee Scott;Milkavelli;Black Josh;Stinkin Slumrok;Sniff;Sam Zircon;Bisk",2018-02-16,344443,0,true,111573307,2020-12-21T13:22:32Z,"","Blah Records",0.58,0.6,1,-7.176,1,0.472,0.338,0,0.333,0.739,77.149,4
spotify:track:4fTOUyx80rLeQrvQH3pOPf,"Heard 'Em Say","Past Present Future...","Dafuniks;ASM",2015-03-15,205510,42,false,111573307,2020-12-21T13:22:48Z,"jazz rap,trip hop","Underdog records",0.803,0.68,7,-6.716,1,0.212,0.309,0.0051,0.433,0.865,83.004,4
spotify:track:39KiTKARPALXdEYaG5tqFM,"BUSSIT (with Ari Lennox)","Revenge Of The Dreamers III: Director's Cut","Dreamville;Ari Lennox",2020-01-16,150720,42,true,111573307,2020-12-28T17:19:41Z,"r&b alternativo,neo soul","Dreamville/Interscope Records",0.796,0.563,1,-6.421,1,0.363,0.22,0.00000144,0.077,0.485,144.96,4
spotify:track:5MvCurNMpM3WCCSs40cd37,"","","",0000,0,0,true,111573307,2020-12-28T17:20:38Z,"","",0.42,0.701,1,-7.582,0,0.339,0.832,0,0.103,0.671,79.716,4
spotify:track:2Wf2u3sZ8rR1sdiBuSbeR0,"DadBod","No Pressure","Logic",2020-07-24,294748,46,true,111573307,2020-12-28T17:21:05Z,"","Def Jam Recordings",0.81,0.708,11,-4.657,1,0.328,0.71,0,0.557,0.722,92.272,4
spotify:track:7fsNNSLGG8Wi0nFbufCU6L,"Know My Rights (feat. Lil Baby)","6pc Hot EP","6LACK;Lil Baby",2020-06-26,194395,57,true,111573307,2020-12-28T17:21:18Z,"","LVRN/Interscope Records",0.789,0.419,1,-9.874,0,0.157,0.249,0.0257,0.123,0.542,117.988,4
spotify:track:328rLNs6WQPOlFSPpIUy7E,"Heavenly Mother","Lost In June - EP","Pip Millett",2020-04-10,239767,49,true,111573307,2020-12-28T17:21:45Z,"r&b británico,r&b alternativo,neo soul","+ FOURS",0.871,0.397,11,-7.872,0,0.394,0.14,0.0196,0.0681,0.486,88.167,4
spotify:track:4hNgMLdda6VpNHUKdgmRMU,"Morning Matters","Morning Matters","Yazmin Lacey",2020-02-27,246800,0,false,111573307,2020-12-28T17:22:43Z,"indie soul,neo soul,jazz pop,r&b británico,r&b alternativo","Own Your Own Records",0.452,0.556,5,-9.094,0,0.145,0.519,0.0421,0.298,0.473,82.01,4
spotify:track:4gruAELY7pf15rcUju1wY4,"Rain Is Gone","The Science Of Sound","Frankenstein",2014-03-18,277661,30,false,111573307,2021-01-03T21:20:27Z,"boom bap,hip hop underground","Ill Adrenaline",0.861,0.813,5,-4.425,0,0.0504,0.0424,0.00577,0.121,0.382,90.83,4
spotify:track:2KyJ1iwhAS4godpoIR5eYI,"Really Sorry","Nebel","Flitz&Suppe;JUICEB☮X",2018-08-08,204294,33,true,111573307,2021-01-03T21:26:37Z,"lo-fi beats,hip hop lo-fi,lo-fi,ritmos de jazz","F&S x JUICEB☮️X",0.657,0.593,4,-8.066,0,0.192,0.014,0.152,0.119,0.364,170.062,4
spotify:track:3jQL0t4Jg4EZ77oNEvjEtN,"Come Inside (Kaytranada Edit)","002 / LOVE ME","Lou Phelps;KAYTRANADA;Jazz Cartier",2018-09-21,266599,0,true,111573307,2021-01-03T21:28:02Z,"hip house","Last Gang",0.673,0.663,5,-7.159,0,0.363,0.0776,0,0.186,0.373,107.79,4
spotify:track:1GC0MbJO7uU2JPkD4J28rv,"The Sickness - Extended Version","The Remedy","OthaSoul;Jelani Blackman;Poppy Ajudha",2015-09-14,225284,0,false,111573307,2021-01-03T21:32:09Z,"jazz rap,grime,indie soul","OthaSoul",0.483,0.417,6,-7.709,0,0.325,0.229,0,0.11,0.536,76.017,1
spotify:track:6jJhQNUKqVXaJsmVhcg7bH,"A.V.E.R.A.G.E.","Blackmarket Seminar","Kazi;Madlib",2016-12-09,178964,35,true,111573307,2021-01-03T21:36:03Z,"jazz rap,boom bap,hip hop experimental,hip hop alternativo,plunderphonics","Below System Records",0.757,0.861,10,-5.473,0,0.4,0.24,0,0.205,0.734,91.03,4
spotify:track:1mZMu2ePVwvekryDFogIo5,"Velour Suits","Velour Suits","Drae Da Skimask;Soudiere;L V K S",2018-07-13,202127,25,false,111573307,2021-01-03T21:37:20Z,"phonk,drift phonk","901464 Records DK",0.779,0.692,1,-9.265,0,0.0394,0.0998,0.0186,0.0951,0.152,113.98,1
spotify:track:19VOUmtpL6HgwU1KdStaWf,"São Paulo","Heirloom","Ill Camille;Punch;Rose Gold",2017-03-06,310404,0,true,111573307,2021-01-03T21:39:03Z,"hardcore melódico,post-hardcore","Jakarta",0.614,0.697,6,-8.759,1,0.184,0.175,0.000134,0.231,0.816,82.921,4
spotify:track:0PrmzdPOWxOw8rfUEZAVry,"Black Angus","C'est le 77","Le 77",2017-03-22,264837,0,false,111573307,2021-01-09T11:29:21Z,"rap francés","La Brique",0.786,0.434,7,-11.182,0,0.5,0.744,0.0405,0.11,0.371,79.825,4
spotify:track:2foDaqiGEPFeYN2ecxLHZU,"Ride With Me","Ride With Me","ATM Curly",2019-05-16,246282,42,true,111573307,2021-01-09T11:31:04Z,"","LLL Management Group",0.937,0.513,11,-10.49,0,0.103,0.176,0.0724,0.21,0.443,119.99,4
spotify:track:5gmFn07QTXvyRbdyDzYVL8,"Lyrical Hypnosis","Jackuum","D Double E",2018-08-31,243301,29,true,111573307,2021-01-09T11:31:42Z,"grime,uk grime,drum and bass","Bluku Music",0.627,0.49,11,-11.123,0,0.359,0.109,0.00000229,0.0892,0.444,133.568,4
spotify:track:4Jp4XyOaVVuak1orEVRmgb,"Travellin' Man","Hip-Hop Classics 1998, vol. 2","Mos Def;dj honda",1998-05-13,196000,0,true,111573307,2021-01-09T11:32:34Z,"hip hop de la costa este,hip hop old school,hip hop,boom bap,rap japonés","Decim",0.618,0.749,6,-8.646,1,0.309,0.00609,0.0206,0.288,0.714,91.29,4
spotify:track:0GoiRL6JdWaXPtGhKCBYYC,"Odessa","Odessa","Savvy Ani",2020-04-03,231653,21,true,111573307,2021-01-09T11:34:18Z,"","Savvy Ani",0.695,0.332,7,-10.304,1,0.26,0.711,0,0.0947,0.63,76.963,4
spotify:track:4jFBGzyiw8nb9nk7AueyVy,"Laid Back","Fonografie 1","Koralle;Isatta Sheriff",2020-07-31,199640,0,false,111573307,2021-01-16T13:46:36Z,"jazz rap,ritmos de jazz,lo-fi beats,lo-fi","Melting Pot Music",0.73,0.439,6,-8.672,0,0.361,0.325,0.000062,0.0947,0.145,86.825,4
spotify:track:3LdZNjfDcGtHsTkbDhFBOS,"LITT!","LITT!","AYLØ;Tay Iwar",2018-06-15,207758,0,true,111573307,2021-01-16T13:57:59Z,"alté,r&b afro,afro soul,afrobeats,afrobeat,afroswing,afropop","Independent",0.836,0.564,7,-7.127,1,0.0424,0.272,0.000537,0.11,0.691,130.005,4
spotify:track:4FKuIlfFCIcvpg7M2HJhwx,"You & I","Intimate Fonk","Dabeull;HolyBrune",2019-06-18,208898,70,false,111573307,2021-01-17T11:38:57Z,"funk,nu disco","Dabeull Records",0.806,0.662,11,-6.265,0,0.0806,0.0322,0.0532,0.119,0.662,115.184,4
spotify:track:0IhoG85Y8QxFtzVJiH6NW7,"Interlude (Reon Vangèr Remix)","Zealousy (Deluxe Edition)","Finley Gomez;Reon Vangèr",2020-08-14,270249,4,false,111573307,2021-01-30T22:05:27Z,"house francés,nu disco","Think Once, Twice",0.876,0.678,10,-14.557,0,0.156,0.193,0.91,0.109,0.726,107.011,4
spotify:track:5L9q6ezwkinZ47fUwj2Jfl,"skate depot","skate depot","Channel Tres",2020-10-09,186423,32,true,111573307,2021-01-31T00:50:52Z,"hip house","Art For Their Good",0.89,0.548,0,-9.455,1,0.171,0.136,0.666,0.108,0.706,124.031,4
spotify:track:5UfdrMaxwoMB8YpWreDkSV,"Don't Cry","Don't Cry","Hoodboi",2020-10-13,316160,22,false,111573307,2021-01-31T00:51:06Z,"future bass","1867945 Records DK",0.844,0.704,8,-8.346,0,0.0861,0.0126,0.445,0.539,0.585,124.047,4
spotify:track:1wBhgSgxzD6wcWPpNRePSE,"Give You Up","Give You Up","AK;Sublab;Tim Schaufert;CASHFORGOLD",2019-10-25,253714,23,false,111573307,2021-01-31T00:52:23Z,"chillstep,witch house,dark wave","Aljosha Konstanty, Tim Wauer, Tim Schaufert & Jacqueline Torgerson",0.69,0.833,4,-7.795,0,0.0526,0.0719,0.942,0.114,0.113,140.01,4
spotify:track:277xBb6mGl8yNEY3tjntiP,"Thru Your Mind","Thru Your Mind","Bassboy",2020-06-22,281625,40,false,111573307,2021-02-18T16:52:42Z,"bassline,bass house,uk garage","Rebearth Records",0.897,0.827,11,-5.465,0,0.165,0.0905,0.036,0.112,0.529,130.004,4
spotify:track:3HZWqLhVeBLScoeaTK8IIS,"Mama Jay","Ladi Dadi","Frizzy P & Mr Cole",2017-04-21,225255,52,false,111573307,2021-02-18T20:38:59Z,"jazz rap","Independant",0.733,0.585,8,-8.764,1,0.0701,0.411,0.00164,0.126,0.406,90.985,4
spotify:track:174UISK3l7VRbigEHxEev7,"Can't You See (feat. The Notorious B.I.G.)","Total","Total;The Notorious B.I.G.",1996-01-30,281880,0,false,111573307,2021-02-21T20:55:26Z,"r&b,new jack swing,hip hop old school,rap gangster,hip hop de la costa este,hip hop","Rhino Atlantic",0.744,0.574,8,-9.445,0,0.0651,0.165,0.0000127,0.295,0.805,86.278,4
spotify:track:2XjnU08NU5W5sqjm1dq7nF,"Mama","Mama","Danny bones",2018-04-07,243069,24,false,111573307,2021-02-22T22:14:31Z,"","BADBOY MUSIC",0.841,0.488,11,-4.439,0,0.248,0.0274,0,0.111,0.431,80.004,4
spotify:track:5HlvRk3ISQWPiC1C4cDJfD,"Kérosène","Wie Is Guy ?","Zwangere Guy;Fele Flingue",2019-03-01,248546,25,true,111573307,2021-02-22T22:22:51Z,"","Top Notch Music",0.794,0.428,9,-10.377,0,0.288,0.772,0.000304,0.101,0.614,154.975,4
spotify:track:3q5oDe7Li71bfOpr865pKW,"Get No Better","Detroit Revolution(S)","Clear Soul Forces",2020-03-06,286334,40,true,111573307,2021-03-10T11:33:14Z,"hip hop alternativo,hip hop underground","Clear Soul Records",0.665,0.851,6,-5.862,1,0.407,0.356,0,0.105,0.7,92.449,4
spotify:track:6dRj771QZr0KOQVwaB6ykM,"Grown Man Sport","Center of Attention","Pete Rock;InI",1998,276373,1,true,111573307,2021-03-15T11:32:40Z,"jazz rap,hip hop de la costa este,boom bap","VinDig",0.801,0.757,7,-8.01,1,0.316,0.478,0.0000132,0.163,0.607,88.025,4
spotify:track:1USENVjJMZ1uiO3x5VJZww,"Caliente En El Frio","Caliente En El Frio","Hendrix Harris;Cimafunk;Barbaro el Urbano Vargas",2020-06-12,239999,16,true,111573307,2021-04-13T09:01:29Z,"hip hop latino","+ FOURS",0.837,0.586,2,-5.077,0,0.374,0.348,0,0.0987,0.401,80.03,4
spotify:track:7jTm4BcO2OSHwU6nP4yrzr,"Fuck Y'all (feat. SiR)","Platinum Fire","Arin Ray;SiR",2018-03-09,216681,40,true,111573307,2021-04-25T10:47:45Z,"r&b alternativo,neo soul","UMGRI Interscope",0.682,0.345,2,-6.275,0,0.27,0.215,0,0.099,0.667,80.521,4
spotify:track:1rqduvolf1CVHSzY519bPp,"Hello","But You Caint Use My Phone (Mixtape)","Erykah Badu",2015-11-27,319958,51,true,111573307,2021-06-01T20:29:56Z,"neo soul,r&b","Erykah Badu",0.437,0.526,11,-5.876,0,0.174,0.643,0,0.325,0.394,76.162,4
spotify:track:3xKsf9qdS1CyvXSMEid6g8,"Pink + White","Blonde","Frank Ocean",2016-08-20,184516,89,false,111573307,2021-06-01T20:32:19Z,"","Boys Don't Cry",0.545,0.545,9,-7.362,1,0.107,0.667,0.0000548,0.417,0.549,159.94,3
spotify:track:0mfCH4nfpshBQR9ueZP5eP,"Girls Need Love (with Drake) - Remix","Girls Need Love (with Drake) [Remix]","Summer Walker;Drake",2019-02-10,222374,0,true,111573307,2021-06-01T20:32:44Z,"r&b,rap","Frozen Moments/LVRN/Interscope Records",0.656,0.432,6,-9.481,0,0.217,0.443,0,0.132,0.0897,97.022,4
spotify:track:74HYrIbnpc2xKCTenv5qKM,"Window Seat","New Amerykah Part Two: Return Of The Ankh","Erykah Badu",2010-03-30,289720,65,false,111573307,2021-06-01T20:33:53Z,"neo soul,r&b","Motown",0.643,0.535,0,-6.795,0,0.0941,0.648,0.00213,0.0766,0.564,82.193,4
spotify:track:6kwWXm5ykHYBnY2Dcxc9UZ,"Rice & Gravy","Rice & Gravy","Smino;monte booker",2021-05-18,197142,40,true,111573307,2021-08-24T11:58:46Z,"","Zero Fatigue",0.737,0.486,6,-9.333,0,0.244,0.139,0.0000252,0.133,0.307,157.074,4
spotify:track:46Lx5epWOQBA3J86ovnxmV,"Workin Out","DiCaprio 2","JID",2018-11-26,226858,63,true,111573307,2021-08-26T01:00:10Z,"","J. Cole/ DreamVille",0.818,0.57,10,-8.067,0,0.285,0.384,0.000102,0.19,0.561,126.938,4
spotify:track:7knLcYCOSaURD0d7HUULFM,"COMO UN BEBÉ","OASIS","J Balvin;Bad Bunny;Mr Eazi",2019-06-28,218826,74,false,111573307,2021-09-25T07:06:19Z,"reggaetón,latina,trap latino,urbano latino,afrobeats,afrobeat,afropop,azonto,afroswing,hiplife,hip hop ghanés,dancehall","Universal Music Latino / Rimas",0.825,0.807,6,-5.753,1,0.095,0.0741,0.00000479,0.138,0.816,103.053,4
spotify:track:6uRcnXpftMdoNqyhcxaUHd,"Love Tip (feat. MC Melodee)","Fundamentals","Onra;Mc Melodee",2015-05-15,182414,25,true,111573307,2021-09-25T07:09:31Z,"trip hop","All City Dublin",0.509,0.888,4,-5.165,0,0.378,0.201,0,0.692,0.588,81.229,4
spotify:track:5nLHVlzkpYAFVJEjua8HF6,"Ride My Wave","Ride My Wave","Cozy501s",2020-01-15,192818,22,true,111573307,2021-10-09T05:15:44Z,"","1530978 Records DK",0.708,0.596,9,-5.308,1,0.264,0.215,0,0.0929,0.308,89.468,4
spotify:track:1JCe3S0URosZrUncaOH9sd,"I Wonder","Jagged Tooth Crook","The Mouse Outfit;IAMDDB;Fox",2018-05-04,239908,37,true,111573307,2021-10-13T20:02:10Z,"jazz rap,r&b alternativo,r&b británico,drum and bass,liquid funk,jungle,funky británico","TMO Records",0.622,0.322,5,-5.765,0,0.232,0.181,0.000146,0.116,0.642,180.078,4
spotify:track:1kDYmwS9UuEDQSV0JcMWtR,"DIM MY LIGHT","DIM MY LIGHT","JasonMartin;Snoop Dogg",2021-10-01,142010,0,true,111573307,2021-10-29T09:02:06Z,"hyphy,hip hop de la costa oeste,g-funk,rap gangster,hip hop old school,hip hop,rap","Rostrum Records",0.627,0.621,10,-5.962,1,0.398,0.593,0,0.11,0.884,78.492,1
spotify:track:3gU0EeetNI9Y1j44IZ21ER,"TáDá Raiva","Abençoado","Deezy;Prodígio",2014-01-17,196493,0,true,111573307,2022-01-09T10:25:00Z,"hip hop portugués,kuduro,kizomba","DOPEMUZIK",0.566,0.541,1,-6.385,0,0.358,0.515,0,0.251,0.646,80.029,4
spotify:track:4mtsig58dHSvGLBi3zoLIk,"GHOST RIDE","BLK VINTAGE","BLK ODYSSY",2021-08-27,150889,0,true,111573307,2022-01-09T10:25:26Z,"","After School",0.554,0.613,6,-7.568,0,0.387,0.178,0.000012,0.275,0.611,143.972,4
spotify:track:6gAITmhZLmFZs91GS6XX85,"When a Man","Lovesick","Raheem DeVaughn;Apollo Brown",2021-06-04,180000,0,false,111573307,2022-01-09T10:28:43Z,"neo soul,quiet storm,hip hop underground,boom bap,hip hop","Mello Music Group",0.805,0.415,1,-10.639,0,0.304,0.104,0.0000153,0.106,0.649,88.895,4
spotify:track:2ZQx8VUjwfI3WOupYYbkTg,"Options","In Between Phases","GR€Y",2017-11-10,254000,24,false,111573307,2022-01-12T08:45:22Z,"jazz rap","WM Benelux BV",0.809,0.504,1,-6.855,0,0.192,0.0272,0.0000298,0.101,0.728,144.929,4
spotify:track:5qPfYGw4ufYlSaq2PJBgPB,"Saturday Night Lights","Saturday Night Lights","Chi City",2020-04-03,158796,14,true,111573307,2022-01-12T08:45:27Z,"","SJMG",0.918,0.606,2,-5.428,0,0.268,0.057,0,0.135,0.53,133.064,4
spotify:track:2d7foPk9CgoWvfbLNtnjRG,"Top Down","A Pennies Worth","KinKai;Children of Zeus",2020-05-01,262874,0,false,111573307,2022-01-12T08:53:19Z,"jazz rap,r&b británico,neo soul","Kai70",0.64,0.614,11,-7.497,0,0.14,0.41,0.0000263,0.107,0.767,89.729,4
spotify:track:5DGBphBYvZHM0WsfI3SDXq,"Pack","Pack","GULXG",1997-05-07,88699,0,true,111573307,2022-01-12T08:53:48Z,"","Refuse Media LLC",0.623,0.55,6,-9.963,0,0.126,0.0942,0,0.345,0.571,86.181,4
spotify:track:4ZLzoOkj0MPWrTLvooIuaa,"Get You The Moon (feat. Snøw)","Get You The Moon (feat. Snøw)","Kina;Snøw",2018-10-08,179080,75,false,111573307,2022-01-20T08:36:44Z,"","Columbia",0.498,0.235,1,-16.541,0,0.188,0.72,0,0.144,0.0895,118.917,4
spotify:track:7C59BIHV4zSvRFAQC2YLRi,"American Hustle - Live","Coda: a Big Menu Live Performance","BIG MENU;Dano",2017-04-17,177470,16,true,111573307,2022-01-20T08:47:16Z,"","Little Red Corvette Records",0.613,0.623,4,-7.288,0,0.537,0.0831,0,0.165,0.245,93.073,4
spotify:track:0TZE4jbqhFHYKTSG6VjEUM,"SummerTimeTing (feat. Mayzin, Emmavie & KayFaraway)","SummerTimeTing (feat. Mayzin, Emmavie & KayFaraway)","ROMderful;Mayzin;Emmavie;KayFaraway",2017-09-09,214176,27,false,111573307,2022-01-20T08:47:34Z,"r&b británico,r&b alternativo,neo soul","Same Plate",0.554,0.425,5,-8.527,0,0.324,0.677,0,0.0799,0.785,144.118,4
spotify:track:5xoftVQDjeQusLR3LQLsB6,"Dímelo","Dímelo","Carrion GodBle$$;J.Moods",2019-06-11,219775,23,true,111573307,2022-01-20T08:50:02Z,"","Spacehammu Records",0.617,0.629,6,-6.302,0,0.331,0.769,0.00000941,0.109,0.887,103.921,4
spotify:track:7i4yF0THHpu1UfV9S24PjE,"SO DANGEROUS","Stay Safe","Foolie $urfin;Jus Lovehall",2020-12-20,129279,27,true,111573307,2022-01-20T08:50:18Z,"","DONTYOUTELLNOBODY",0.778,0.339,3,-13.737,0,0.501,0.206,0.000156,0.0846,0.856,76.087,4
spotify:track:05gZLyOQphrQN86Jn2urCP,"TRACK UNO","99.9%","KAYTRANADA",2016-05-06,344120,47,false,111573307,2022-01-24T11:47:41Z,"","XL Recordings",0.843,0.448,0,-10.398,1,0.316,0.0126,0.000944,0.0826,0.172,119.564,4
spotify:track:0z5yLgBmAtaylDYrgwzlpH,"Amapolas","Amapolas","Leo Rizzi",2021-07-09,205716,74,false,111573307,2022-02-02T14:25:15Z,"","WM Spain",0.784,0.689,4,-8.216,0,0.0385,0.759,0.00536,0.143,0.332,124.025,4
spotify:track:1PLxoOKyLKqicE5ErhrzkF,"Amén","Pa'l Coche","Cruzzi",2017-02-09,191478,0,true,111573307,2022-02-02T22:07:38Z,"","Bnmp",0.685,0.48,2,-10.174,0,0.335,0.13,0,0.119,0.44,183.973,4
spotify:track:0nOFMnG5wCIgTyA8RaY4iJ,"All We Got Is This","All We Got Is This","Troy;Mick Jenkins",2020-12-03,180705,32,true,111573307,2022-02-02T22:13:57Z,"jazz rap","POVERTY LLC",0.527,0.526,7,-9.993,1,0.186,0.0488,0.0633,0.0983,0.245,85.024,4
spotify:track:0FCevjSjUAcMUi0WDk01e8,"Down","Down","Serious Klein",2021-02-12,124878,0,true,111573307,2022-02-12T08:49:57Z,"","Guin Records x Family Tree",0.697,0.267,6,-11.569,1,0.487,0.208,0.000273,0.144,0.403,60.97,4
spotify:track:30Q3Aeb1Cl9NnwSBoB1hca,"Dom Perignon","Dom Perignon","Little Shawn",1995-05-02,221831,0,false,111573307,2022-02-12T08:50:14Z,"","MCA Records",0.806,0.523,9,-13.363,1,0.203,0.242,0,0.0415,0.79,99.997,4
spotify:track:6zgkZL1m9IE1r6HUORFcwE,"Elsewhere","Elsewhere","Haile Supreme",2020-05-10,231280,51,false,111573307,2022-02-12T08:51:51Z,"retro soul","Haile Supreme Sounds",0.872,0.532,4,-8.59,0,0.181,0.319,0.107,0.195,0.618,110.041,4
spotify:track:3fCRdJAIlzYqNp8tAXrMJd,"Gates","Gates","BOC;Villain Park;Pookie Blow;Hugh Augustine;Cojo",2021-11-19,291832,14,true,111573307,2022-02-12T08:52:24Z,"jazz rap","Black Out Company",0.693,0.72,7,-5.307,0,0.314,0.153,0,0.157,0.642,89.433,4
spotify:track:1QDsm9dZ4IETeluYNER6rX,"Everyday & Everynight - Straight Pass","My Dream","Yvette Michele",1997-10-28,232106,43,false,111573307,2022-02-12T08:53:24Z,"new jack swing","RCA Records Label",0.739,0.456,6,-5.609,0,0.0401,0.00545,0.000776,0.108,0.658,94.893,4
spotify:track:4v4ti7TX6UfQr1ZwFdIhkc,"Grind","Grind","Manast LL';528ron;Astronote;WESTSIDE BOOGIE;Manne",2021-06-16,188903,10,true,111573307,2022-02-23T23:03:50Z,"rap francés,boogie","La Ligne Bleue Records",0.666,0.601,2,-8.857,0,0.145,0.577,0,0.073,0.693,154.98,4
spotify:track:79qbxWWJiI61RmOwGpXkSS,"Forth & Back (Remix)","Fan-Tas-Tic, Vol. 1","Slum Village",2006-05-30,216972,34,true,111573307,2022-02-23T23:06:05Z,"jazz rap","Ne'Astra Music",0.829,0.327,10,-14.319,0,0.378,0.739,0.00000442,0.144,0.355,93.302,4
spotify:track:3OHxPzfXTFwYzCZoZaade2,"Sweet You","No News Is Good News","Phonte",2018-03-02,267213,38,true,111573307,2022-02-23T23:08:23Z,"neo soul","The Foreign Exchange Music",0.711,0.435,11,-10.469,1,0.127,0.614,0.00000268,0.098,0.246,89.877,4
spotify:track:1t2ZxgMhUmOprCILh0UjlX,"Life of a Sinner","True 2 the Streets: G-Funk Hood Classics","Sinister",2000-11-07,265253,32,true,111573307,2022-02-23T23:09:07Z,"g-funk,hip hop de la costa oeste","RED Solar Music",0.819,0.618,11,-6.144,0,0.168,0.46,0.148,0.105,0.851,94.283,4
spotify:track:2VjXGuPVVxyhMgER3Uz2Fe,"Ex-Factor","The Miseducation of Lauryn Hill","Ms. Lauryn Hill",1998-08-25,326533,79,false,111573307,2022-02-24T22:03:59Z,"neo soul","Ruffhouse/Columbia",0.593,0.619,3,-9.003,0,0.0976,0.118,0,0.484,0.668,80.02,4
spotify:track:4lcpWCMFXNhvqNIQhB6yDv,"Peaches N Cream (feat. Charlie Wilson)","BUSH","Snoop Dogg;Charlie Wilson",2015-05-06,283760,45,false,111573307,2022-02-24T22:26:08Z,"g-funk,hip hop de la costa oeste,rap gangster,hip hop old school,hip hop,rap,drill sexy","Columbia",0.832,0.756,0,-5.332,1,0.0515,0.0274,0.00000139,0.206,0.282,110.034,4
spotify:track:1CbxG199T0fzfUV5EO7aPV,"Eternal Light","Free Nationals","Free Nationals;Chronixx",2019-12-13,193740,68,false,111573307,2022-03-03T23:09:10Z,"reggae,roots reggae,dancehall,lovers rock,ragga","OBE, LLC / EMPIRE",0.793,0.465,5,-8.134,0,0.271,0.648,0.000132,0.0871,0.898,141.85,4
spotify:track:5tuuPksuYEzMqS2W7aeBRD,"Lovely (feat. Melanie Rutherford)","Carte Blanche (Deluxe Edition)","Phat Kat;Melanie Rutherford",2018-07-27,193880,34,true,111573307,2022-03-21T09:18:12Z,"","Below System Records",0.565,0.931,1,-5.054,1,0.93,0.507,0.00000102,0.289,0.688,188.956,4
spotify:track:2CZK0do1yJntY27iBK3PKD,"Dark Days","The Worst Generation","Che Lingo;Kojey Radical",2020-10-23,182640,21,true,111573307,2022-03-21T09:21:17Z,"alté","7Wallace",0.639,0.813,5,-2.865,0,0.0692,0.45,0,0.115,0.962,124.847,4
spotify:track:0sTW8OzAchJDkwQOfAQgD3,"Get Involved","The PJs","Raphael Saadiq;Q-Tip",1999-06-15,194693,58,true,111573307,2022-03-24T02:00:43Z,"neo soul,soul,retro soul,hip hop de la costa este","All Love",0.852,0.526,0,-5.099,0,0.0515,0.0145,0.000461,0.0772,0.762,97.984,4
spotify:track:54SqlaPV5mzRTBBWdnE1OO,"Soul Sista - Remix / From ""Queen & Slim: The Soundtrack""","Queen & Slim: The Soundtrack","Bilal;Raphael Saadiq",2019-11-15,339846,45,false,111573307,2022-03-24T02:01:20Z,"neo soul,soul,retro soul","Motown Records",0.603,0.412,11,-9.838,1,0.139,0.815,0.000337,0.114,0.432,146.044,4
spotify:track:6kmXHLDDK7RQXTjHooTCzH,"Iced Tea","Iced Tea","Joyce Wrice;KAYTRANADA",2022-03-16,205384,47,true,111573307,2022-03-24T02:05:49Z,"r&b alternativo","Joyce Wrice Music",0.731,0.622,11,-7.704,1,0.0823,0.0662,0.000153,0.0558,0.501,103.949,4
spotify:track:6Xfy7Iq7rbOTEVmP5jld7P,"Dome","Xover","Blue Lab Beats;OthaSoul;Daniel Taylor",2018-03-30,338626,16,true,111573307,2022-03-24T02:12:06Z,"nu jazz,indie jazz,soul jazz,jazz rap,barroca,ópera","Blue Adventure / AllPoints",0.616,0.598,11,-5.865,0,0.455,0.394,0,0.102,0.723,136.482,3
spotify:track:0ciDZSZJk0mjfEP311o6wx,"I Found Love","Love Is The Movement","Yarah Bravo",2014-05-21,262679,21,false,111573307,2022-03-24T02:15:40Z,"","Duzz Down San",0.89,0.409,5,-8.312,0,0.462,0.104,0,0.729,0.496,92.98,4
spotify:track:1yIi7qRdybE4yY1V0YdOKG,"Find My Way Home","Find My Way Home","Sammy Virji",2018-12-12,258858,61,false,111573307,2022-03-24T02:16:09Z,"uk garage,bassline,bass house,house","Sammy Virji",0.726,0.728,6,-7.381,1,0.259,0.116,0.0000566,0.061,0.504,136.09,4
spotify:track:2FGz8KTEn9m8xu9LHF3JIB,"OG Luv Kush pt.2","OG Luv Kush pt.2","Kaiit",2018-06-15,159010,14,true,111573307,2022-03-24T02:16:57Z,"","Alt. Music Group",0.774,0.372,6,-12.444,1,0.302,0.0979,0.0389,0.109,0.258,89.967,4
spotify:track:3D1z6wtEXWMtL4sNjE6G34,"Skybox","Skybox","FloFilz;Blue Lab Beats",2022-03-18,181840,0,false,111573307,2022-03-24T02:23:43Z,"jazz rap,ritmos de jazz,lo-fi beats,hip hop lo-fi,lo-fi,nu jazz,indie jazz,soul jazz","Melting Pot Music",0.704,0.536,11,-13.309,1,0.0615,0.528,0.848,0.0955,0.505,91.982,4
spotify:track:31utIsi83TdTRNLxvDHZTU,"2 seater (feat. Smino)","2 seater (feat. Smino)","Tiana Major9;Smino",2022-02-25,184081,29,false,111573307,2022-03-24T02:29:01Z,"r&b británico,r&b alternativo","Motown Records",0.644,0.653,5,-7.865,0,0.224,0.0627,0,0.114,0.425,84.822,4
spotify:track:4A4WBqGZmp80B5mI824Rx5,"STRONG FRIENDS","GHETTO GODS","EARTHGANG",2022-02-25,279340,29,true,111573307,2022-04-12T09:10:34Z,"","Dreamville/Interscope",0.412,0.612,5,-7.149,0,0.0799,0.526,0,0.292,0.532,85.264,3
spotify:track:2Ohu1ERZnAuaCzi7N5ngRK,"Son Shine","Untitled (Rise)","SAULT",2020-09-18,196814,59,false,111573307,2022-04-12T09:13:38Z,"","Forever Living Originals",0.697,0.568,5,-7.245,0,0.036,0.137,0.206,0.097,0.6,108.98,4
spotify:track:0oufSLnKQDoBFX5mgkDCgR,"Trust","Lost","Brent Faiyaz",2018-10-19,158420,76,true,111573307,2022-04-12T09:14:47Z,"r&b","Lost Kids / Human Re Sources",0.764,0.394,8,-8.559,1,0.152,0.231,0.0000937,0.117,0.465,92.009,4
spotify:track:0QIjsbm2fh1cJ45XO9eGqq,"Wake Up in the Sky","Wake Up in the Sky","Gucci Mane;Bruno Mars;Kodak Black",2018-09-14,204664,74,true,111573307,2022-04-19T00:21:40Z,"hip hop sureño americano,rap,trap","Guwop Enterprises/Atlantic",0.8,0.578,4,-5.144,0,0.0485,0.00381,0,0.359,0.367,143.01,4
spotify:track:32sBVB5HmrwJ6e9g0S2BRL,"Damselfly","Yesterday's Gone","Loyle Carner;Tom Misch",2017-01-20,172653,61,true,111573307,2022-04-20T07:55:13Z,"jazz rap,indie soul","EMI",0.82,0.596,11,-7.539,1,0.246,0.517,0.00159,0.358,0.54,94.968,4
spotify:track:64I9byMYBlS1ARsC3vtpgW,"Ottolenghi","Not Waving, But Drowning","Loyle Carner;Jordan Rakei",2019-04-19,197600,64,false,111573307,2022-04-20T07:55:27Z,"jazz rap,indie soul,neo soul","AMF",0.776,0.593,7,-10.535,1,0.252,0.327,0.00616,0.186,0.247,94.97,4
spotify:track:2bUobCRGPUtsxaPAMsShEN,"The Gathering","The Gathering","Evryday Saints",2021-02-05,143693,28,true,111573307,2022-05-04T09:35:07Z,"","Highlanders Media Group",0.662,0.583,9,-12.42,0,0.0938,0.0521,0,0.0485,0.689,137.133,4
spotify:track:2hzKxuc2LwqMnkoVRMkV0B,"Smile","Beg For Mercy","G-Unit",2003-01-01,218000,63,true,111573307,2022-05-04T09:37:51Z,"hip hop old school,rap gangster","G-Unit Records",0.779,0.51,8,-3.629,0,0.252,0.262,0,0.0865,0.591,90.025,4
spotify:track:6ucR4KfvsBFWCMVFDvyKKl,"Apologize","Shock Value","Timbaland;OneRepublic",2007-04-02,184400,77,false,111573307,2022-05-10T10:04:57Z,"","Interscope/Blackground Records",0.653,0.603,8,-6.017,1,0.0278,0.0292,0,0.097,0.101,118.016,4
spotify:track:3XVBdLihbNbxUwZosxcGuJ,"If I Ain't Got You","The Diary Of Alicia Keys","Alicia Keys",2003-12-02,228706,85,false,111573307,2022-05-10T10:05:15Z,"r&b,neo soul","J Records",0.609,0.444,7,-9.129,1,0.106,0.603,0.00000686,0.104,0.166,118.402,3
spotify:track:4fFDdEtnBEPLnCREHymXxX,"Blue Acura","Blue Acura","Sheldon Sabastian",2019-05-27,186566,2,true,111573307,2022-05-10T19:15:44Z,"","Sheldon Sabastian",0.726,0.421,2,-14.313,1,0.159,0.275,0.00114,0.848,0.585,125.046,3
spotify:track:6doxMicJdGLcWrVdTwkcaH,"Steppin Out","Mutant Mindframe","Big Gipp",2003-08-12,274240,0,true,111573307,2022-05-10T19:17:44Z,"hip hop sureño americano","eOne Music",0.863,0.638,5,-5.407,1,0.345,0.286,0,0.402,0.395,98.932,4
spotify:track:4fOeqMKFsijm1LPvJOYcdJ,"Globetrottin (feat. Masego, Shad & Rozwell)","J.PERIOD Presents... Story To Tell (Chapter One)","J.PERIOD;Masego;Rozwell;Shad",2021-04-30,232226,0,true,111573307,2022-05-10T19:23:50Z,"","RBC Records",0.805,0.876,9,-6.717,1,0.302,0.394,0,0.762,0.801,135.01,4
spotify:track:2Tq3fayHpjP2nOZlBEjt3N,"I Wanted to Leave","You Knew It Was Me","SYML",2020-11-27,203911,62,false,111573307,2022-05-23T22:41:09Z,"","Nettwerk Music Group",0.486,0.062,8,-19.538,1,0.0379,0.989,0.9,0.111,0.271,170.442,3
spotify:track:7gEnK4IUcwxaoVeOTYfTWh,"Murder","Soulection Presents: Promise Once More","ROM;Jarreau Vandal;Emmavie",2017-01-29,239578,28,false,111573307,2022-05-27T00:24:17Z,"r&b británico,neo soul","Soulection",0.678,0.679,0,-6.916,1,0.111,0.0937,0.00341,0.0999,0.222,88.396,4
spotify:track:5lvKr1Tlivc0synzzGHjZ3,"Kryé Mwen","Soleil Kréyol","David Walters",2020-01-31,301653,52,false,111573307,2022-05-29T15:16:13Z,"","Heavenly Sweetness",0.937,0.574,10,-10.38,1,0.111,0.173,0.00179,0.0855,0.915,113.006,4
spotify:track:61I14mQFghcIJMlJAGe5MA,"Heaven","Heaven","IAMNOBODI;Nick Grant;VanJess;Freddie Gibbs",2018-09-28,174880,30,true,111573307,2022-05-30T07:55:28Z,"jazz rap,r&b alternativo,hip hop alternativo","IAMNOBODI",0.812,0.796,11,-4.353,0,0.223,0.0394,0.00000153,0.101,0.74,88.008,4
spotify:track:1YYiPna7W7jANmzOx2a0pG,"All My Time (feat. Lauryn Hill) [Mousse-T Too Hot-Bad Boy Mix]","All My Time (feat. Lauryn Hill) [Remixes]","Paid & Live;Ms. Lauryn Hill;Mousse T.",1998-06-27,406320,23,false,111573307,2022-06-08T07:10:48Z,"neo soul","Central Station Records",0.889,0.567,5,-8.967,0,0.156,0.0781,0.00000182,0.0719,0.827,91.99,4
spotify:track:64TZcQHDFXDSioxuhItVAL,"Flowers","Sunset Blvd","Yancey Boys;Talib Kweli;Nikko Gray;DJ Rhettmatic",2013,276680,35,false,111573307,2022-06-08T07:11:45Z,"jazz rap,hip hop de la costa este,hip hop,r&b indie,hip hop underground","Delicious Vinyl / Yancey Media Group",0.674,0.65,7,-5.864,1,0.357,0.642,0,0.568,0.601,82.691,4
spotify:track:00HjPnWaCogs0B9P6sPbAj,"OneFourThree","Pollyanarchy","Hermitude;Buddy;BJ The Chicago Kid",2019-09-27,227244,18,true,111573307,2022-06-08T07:13:04Z,"future bass","Elefant Traks",0.822,0.584,6,-8.896,1,0.0966,0.489,0.00769,0.163,0.496,108.994,4
spotify:track:4rZcZXvtzdBbZOwlHSu79i,"G.O.A.T. (feat. Ty Dolla $ign & Bella Alubo)","G.O.A.T. (feat. Ty Dolla $ign & Bella Alubo)","The Notorious B.I.G.;Ty Dolla $ign;Bella Alubo",2022-05-20,232661,51,true,111573307,2022-06-27T09:07:23Z,"hip hop old school,rap gangster,hip hop de la costa este,hip hop,trap soul,alté,afrobeats,afrobeat","Rhino Atlantic",0.656,0.594,10,-7.191,0,0.343,0.283,0,0.113,0.597,66.488,5
spotify:track:5ivebXfBDaKEhi86VRsuCi,"See Me - A COLORS SHOW","See Me - A COLORS SHOW","Boj",2022-06-13,143999,30,false,111573307,2022-06-27T09:11:09Z,"alté,afrobeats,afroswing,afrobeat,r&b afro,afropop,afro soul","COLORSxSTUDIOS",0.925,0.296,7,-8.551,1,0.402,0.298,0.00203,0.102,0.543,101.954,4
spotify:track:7b4MxMiIqv4m4eiaOwoqLo,"Brandi","Sketches Of A Man","Dwele;Slum Village",2008-06-24,204426,0,false,111573307,2022-06-27T09:11:27Z,"neo soul,jazz rap","eOne Music",0.768,0.572,1,-8.533,0,0.29,0.62,0.00000225,0.126,0.469,89.057,4
spotify:track:1xnU6aQ18PX2PSAiAjdass,"All of This - SANDAME Remix Pt. 1","All of This Remixes, Vol. 2","Jorja Smith;GuiltyBeatz;SANDAME",2021-12-03,153624,44,false,111573307,2022-06-27T09:12:57Z,"r&b británico,azonto,afrobeats,afrobeat,hiplife","FAMM",0.818,0.648,6,-7.707,0,0.0479,0.00752,0.0016,0.689,0.578,122.075,4
spotify:track:1Qxk1WKmoLALHnCyk7E0Pg,"Owner","Roots","Carla Prata",2020-05-08,218260,0,false,111573307,2022-06-27T09:14:48Z,"kizomba,hip hop portugués","MARCHELLA / Too Lost",0.706,0.621,0,-9.446,0,0.255,0.113,0.0000498,0.1,0.369,98.044,4
spotify:track:6EhWEvgOrOfqMcnuwIkbiL,"Ride wit U (feat. G-Unit)","And Then...","Joe;G-Unit",2003-12-09,251800,60,false,111573307,2022-07-06T21:43:05Z,"r&b,quiet storm,hip hop old school,rap gangster","Jive",0.796,0.615,2,-5.053,0,0.0712,0.0183,0,0.0463,0.733,101.978,4
spotify:track:64Ds8EuwkeGSOeXDzXLRZz,"sheluvme","sheluvme","Tai Verdes",2022-06-22,150840,50,true,111573307,2022-07-06T23:03:29Z,"","Arista Records",0.543,0.677,8,-5.203,1,0.284,0.514,0.0000119,0.239,0.712,82.36,4
spotify:track:0HDTxa1k2In5hGS1GrbE4I,"Surrender All","Simply a Vessel, Vol 3: Surrender All","Sean C. Johnson",2012-04-03,226000,24,false,111573307,2022-07-13T09:46:15Z,"r&b cristiano,jazz cristiano,hip hop cristiano,neo soul,góspel","First Fruits Entertainment",0.481,0.615,7,-5.383,0,0.159,0.166,0,0.129,0.593,88.547,4
spotify:track:2wBCrtJS3E3TimRZ5MElTI,"The Worst","Sail Out","Jhené Aiko",2013-01-01,254493,76,true,111573307,2022-07-18T23:19:27Z,"r&b","Def Jam Recordings",0.539,0.414,1,-9.156,0,0.0601,0.253,0.0000013,0.143,0.123,94.895,4
spotify:track:0cG69bHn2DaAlPYOOFVhtR,"Smoke in Here","Smoke in Here","Scribbles Who;NovaKing;RawYoungin",2022-01-06,158400,24,false,111573307,2022-07-27T09:48:49Z,"","Papermill Self Publishing Group",0.77,0.532,8,-7.781,0,0.0441,0.0784,0.0000285,0.0998,0.578,128.024,4
spotify:track:1i5XqmYJW8rFOV4Li0a7jR,"Complicated: Dont Play No Games","Complicated: Dont Play No Games","Just Say Jones",2022-02-04,182405,16,true,111573307,2022-07-27T09:49:09Z,"","So Brilliant",0.799,0.358,5,-12.663,1,0.378,0.623,0,0.0638,0.242,86.055,4
spotify:track:2HePWaCYYfe1ICRo2hakrJ,"I'm Not Really Lookin'","Truthfully Speaking","Truth Hurts;DJ Quik",2002-01-01,237333,35,true,111573307,2022-07-27T09:51:23Z,"g-funk,hip hop de la costa oeste,hip hop old school,rap gangster","Aftermath",0.889,0.663,1,-5.629,1,0.189,0.179,0,0.855,0.458,103.01,4
spotify:track:6H4bXB7kabHkdRCGFx4Orv,"Ride Or Die","Ride Or Die","Nippa",2021-08-19,120500,19,true,111573307,2022-07-27T09:52:44Z,"r&b británico,drill sexy","SpaceBound",0.798,0.453,11,-9.802,0,0.175,0.121,0,0.157,0.769,127.929,4
spotify:track:6r5jZYV9v3Nt9sDD9RQCpE,"Friends","Friends","Monica;Ty Dolla $ign",2022-07-15,250644,23,true,111573307,2022-08-13T18:41:14Z,"r&b,trap soul","MonDeenise Music Inc",0.481,0.329,7,-10.312,0,0.15,0.041,0,0.222,0.401,127.737,4
spotify:track:4iuHZ2jFnM95UcMW3DgFlH,"Limelite (feat. Anishka)","Limelite (feat. Anishka)","Austin Millz;Anishka",2016-07-22,256200,27,false,111573307,2022-08-17T09:36:57Z,"","High End Times",0.663,0.772,6,-7.051,0,0.0734,0.187,0.198,0.119,0.147,121.993,4
spotify:track:7j7sgbpZrEUyXIjAegqOed,"Long Song Away","Long Song Away","Kevin Ross",2016-12-09,272076,44,false,111573307,2022-08-20T18:22:24Z,"neo soul","Motown/Verve",0.657,0.689,7,-6.39,1,0.234,0.554,0.00000107,0.107,0.426,90.03,4
spotify:track:4kgKjHMIDWri9XHjyxSbpy,"Same Old Ways","AT LEAST WE HAVE THIS","Ama",2021-11-26,163133,38,false,111573307,2022-08-23T08:13:41Z,"r&b británico,r&b alternativo","Interscope Records",0.856,0.436,6,-9.195,0,0.183,0.0114,0,0.069,0.72,102.05,4
spotify:track:54PpWquzXAYvBTsXw3CjKO,"Got Me","Eastway","Hudson East",2016-05-20,236000,22,true,111573307,2022-08-23T08:16:25Z,"trap soul,r&b británico","Eastway",0.572,0.459,11,-9.814,1,0.239,0.581,0.000173,0.0734,0.391,93.721,4
spotify:track:7eooFiME48wya6c4uUs392,"BTD","Ambrosia","EMIL;Knucks",2020-10-09,113843,2,true,111573307,2022-08-23T08:16:57Z,"r&b británico,drill británico,grime,uk grime,drill","Watch Out Records",0.524,0.695,5,-11.61,0,0.385,0.106,0.00121,0.187,0.493,126.064,5
spotify:track:7d7YVw1b8Ryxm4O9kadxF1,"LNF","Soulquarius","PHABO",2021-07-16,179168,35,true,111573307,2022-08-23T08:17:23Z,"trap soul","Soulection/Over Everything",0.672,0.577,4,-5.782,0,0.112,0.423,0.000245,0.114,0.434,139.695,4
spotify:track:1IVc1OGNtR7y36kwsgr0By,"Trials","Trials","Tré Wes",2022-08-09,214360,25,true,111573307,2022-08-23T08:18:48Z,"","Jvngle Music",0.706,0.472,3,-10.291,0,0.341,0.207,0.00000646,0.165,0.463,85.995,4
spotify:track:4jOFf5D97OTdhhC2cIB167,"Give Up The Goods - Freestyle","Give Up The Goods (Freestyle)","Slap Greezy",2021-10-29,140109,12,true,111573307,2022-08-23T08:19:32Z,"","Slap Greezy",0.873,0.412,11,-10.295,1,0.112,0.00621,0.000292,0.0953,0.451,94.701,4
spotify:track:7K0rHvn8b9oFPPUis5CjG1,"Black Water","Black Water","Ramaj Eroc;HM Surf",2019-04-09,162000,22,true,111573307,2022-08-23T08:19:46Z,"hip hop lo-fi,lo-fi,lo-fi beats","Ramaj Eroc",0.781,0.684,11,-9.691,1,0.4,0.754,0.0000274,0.138,0.317,80.06,4
spotify:track:13RsBWKDLWSbJ8l90mRILw,"I Feel Love","Hip Dozer, Vol. 1","Mounika.",2016-06-10,203201,0,false,111573307,2022-08-24T07:59:10Z,"lo-fi beats","Hip Dozer",0.542,0.688,9,-4.709,0,0.465,0.317,0.00548,0.568,0.742,172.16,4
spotify:track:0Aq4Ikbs8FIiQc4leL0580,"Crazy - Acoustic","Acoustic EP","Nathan Ball",2018-01-24,240638,0,false,111573307,2022-08-28T07:27:19Z,"","Nathan Ball",0.458,0.179,0,-11.47,1,0.0322,0.927,0.000188,0.117,0.112,81.487,4
spotify:track:5EWPzyWm0b9McPS5Qyaijp,"Un jour je marierai un ange","Un jour, je","Pierre de Maere",2022-01-21,165557,53,false,111573307,2022-09-02T10:54:31Z,"pop francés,variété francesa,chanson","Wagram Music / Cinq 7",0.544,0.578,7,-9.49,0,0.18,0.216,0.00000192,0.0949,0.219,169.973,4
spotify:track:0saIDjEHkPm4LgafFqsEo5,"Respira","El Buen Gualicho","Natalia Doco",2017,248813,0,false,111573307,2022-09-07T21:56:41Z,"","Casa Del Árbol",0.685,0.527,9,-8.508,0,0.0313,0.643,0.00000712,0.0969,0.762,93.017,4
spotify:track:6x8o78q3vItAIIqGeMCTvO,"Roll the Dice","Mellow Mermaids and Malibu","KinKai;glue70",2017-11-30,216163,19,true,111573307,2022-09-07T22:09:50Z,"jazz rap,vaporwave","LousyLyrics",0.557,0.448,1,-13.659,0,0.528,0.856,0.0000406,0.105,0.659,85.051,4
spotify:track:3YIk4MKYEgjhWtYnkJQwoB,"I Need You Tonight","The Best of JUNIOR M.A.F.I.A.","Junior M.A.F.I.A.",2016-08-09,273053,28,true,111573307,2022-09-09T06:42:41Z,"hip hop de la costa este","Famous Records, Corp.",0.735,0.743,2,-7.393,1,0.206,0.166,0,0.0866,0.766,90.931,4
spotify:track:02UJ1sCanP94fS2MdsWafh,"PERSIAN RUGS","PARTYPACK","PARTYNEXTDOOR",2020-10-16,174306,0,true,111573307,2022-09-09T09:33:09Z,"dark r&b,r&b,trap soul","OVO Sound/Warner Records",0.768,0.428,1,-8.156,0,0.0459,0.0489,0.000491,0.105,0.147,110.478,4
spotify:track:6SEolIp22t0DzeBfCBo3hr,"Vibin' Out","French Kiwi Juice","FKJ;((( O )))",2017-03-03,311837,62,false,111573307,2022-09-13T07:43:07Z,"","Roche Musique",0.41,0.169,5,-11.42,0,0.0482,0.846,0.00322,0.118,0.206,89.494,4
spotify:track:4Tla2jt77nO70DgGwFejbK,"Run It Up","Run It Up","Snakehips;EARTHGANG",2021-06-11,178218,42,true,111573307,2022-09-25T08:11:28Z,"","Never Worry Records",0.838,0.793,2,-5.176,1,0.145,0.00621,0,0.0962,0.527,120.062,4
spotify:track:0kbnm3YwSygTFeWZlCGfCw,"LEAVE ME ALONE","THE ANGEL YOU DON'T KNOW","Amaarae",2020-11-12,156365,47,true,111573307,2022-09-25T08:12:02Z,"alté,afrobeats,r&b afro","Golden Child Entertainment Ltd",0.752,0.635,2,-6.764,0,0.104,0.525,0.518,0.102,0.525,99.996,4
spotify:track:33Wuv8D9p7LftN5bVf5xW2,"Dear Mylene - Extended","Dear Mylene (Extended)","Vacatixn;D'larm",2021-04-05,388000,14,true,111573307,2022-09-25T08:15:02Z,"","Dilemma Ent.",0.586,0.527,5,-7.847,1,0.286,0.806,0.000238,0.0966,0.712,74.775,4
spotify:track:2NeD0ppeWYMc6hqb0bVsP0,"Let Me Know - The Cypher","As Time Goes By","Kadeem Tyrell;Shae Universe;Geovarn",2022-06-16,241475,0,false,111573307,2022-09-25T08:27:23Z,"r&b británico,neo soul,r&b alternativo,trap soul","KT Records",0.58,0.645,11,-7.013,0,0.338,0.534,0.00000174,0.68,0.739,85.005,4
spotify:track:0uU1QDNozuBtxxW7puQCWc,"So Blessed","We Will Walk","Big Zuu",2019-07-12,217714,0,true,111573307,2022-09-25T08:27:51Z,"grime,uk grime","Big Zuu",0.552,0.596,1,-7.005,0,0.475,0.652,0.0000707,0.202,0.492,139.201,4
spotify:track:0ZiZoJuytgBABtjeR9nzhE,"Second Nature","Don't Look Up (Soundtrack from the Netflix Film)","Bon Iver",2021-12-10,242149,45,false,111573307,2022-10-01T21:30:09Z,"","Republic Records",0.417,0.517,0,-9.946,1,0.0355,0.732,0.00349,0.0992,0.281,126.877,4
spotify:track:45FEnKJczSLOLGbykJgQfS,"Rocky Road","Don't Throw Rocks At The Moon","Planet Giza;Cousin Stizz",2021-02-12,173430,0,true,111573307,2022-10-07T06:16:00Z,"","Planet Giza",0.506,0.433,5,-11.343,0,0.168,0.0234,0.00000382,0.141,0.266,90.116,5
spotify:track:6NtgDbtP4oAdPqw8SRpwwY,"Rhythm nd Bass","Rhythm nd Bass","Philkeyz;The Gifted",2020-05-01,144039,0,false,111573307,2022-10-07T06:17:21Z,"afrobeats,afrobeat,afropop","Philkeyz",0.839,0.609,9,-9.35,0,0.187,0.297,0.0000158,0.162,0.918,100.005,4
spotify:track:6ppLnOoizYCNy6LH2FFYND,"Truman","Stratosphere","Kayvon Music",2022-07-08,278245,17,true,111573307,2022-10-07T06:17:32Z,"","Kayvon Music",0.798,0.493,11,-5.849,0,0.35,0.045,0.0000121,0.114,0.199,91.017,4
spotify:track:6KwliIK6KXwVLY6TKOkOOx,"Munchies","Munchies","Zamir;Amaarae",2019-11-24,157714,23,true,111573307,2022-10-07T06:18:22Z,"alté,r&b afro,afrobeats","Zamir Music",0.646,0.473,9,-8.019,0,0.223,0.0666,0.0114,0.11,0.797,69.319,5
spotify:track:7D7e6hm2LiNd6nLuJF6K9Q,"Hex","Hex","80purppp",2018-03-12,122221,5,false,111573307,2022-10-16T21:15:01Z,"","Violet High, LLC. under exclusive license to Amuseio AB",0.845,0.398,5,-15.781,1,0.268,0.872,0.00713,0.159,0.482,109.996,4
spotify:track:3MaeWUw29s5duamZkebqSD,"Another Day Another Dollar Pt. II","So Help Me God II","Kaleb Mitchell;John Givez",2021-02-05,192521,21,true,111573307,2022-10-18T10:33:08Z,"hip hop cristiano","Build Your Own Dreams / BENCHWRMRS",0.665,0.799,1,-4.419,0,0.26,0.00795,0,0.0829,0.277,173.993,4
spotify:track:1RKTekqcXtQm1zvyRU10Aw,"Views","The Soul","Maze",2020-07-07,175830,34,true,111573307,2022-10-18T10:39:15Z,"","Amaze Crew Enterprises",0.547,0.454,11,-12.974,1,0.335,0.755,0.0672,0.121,0.514,81.746,4
spotify:track:2zYpXoC4LQXjEB63BEqhvu,"ALL ALONG - Kaytranada Remix","Play With The Changes Remixed","Rochelle Jordan;KAYTRANADA",2022-09-16,284606,15,true,111573307,2022-10-18T10:40:11Z,"r&b alternativo","Royal Mountain Records",0.696,0.46,1,-9.018,1,0.352,0.0126,0.0104,0.389,0.407,107.978,4
spotify:track:3e4QIt4wVVqsCqMqKxOrZd,"Vibe Like This (feat. Ty Dolla $ign & Lucky Daye)","Vibe Like This (feat. Ty Dolla $ign & Lucky Daye)","SG Lewis;Ty Dolla $ign;Lucky Daye",2022-09-21,227435,42,true,111573307,2022-10-18T10:40:48Z,"trap soul","EMI",0.607,0.836,10,-4.138,0,0.2,0.00258,0,0.342,0.727,99.006,4
spotify:track:5EHh4p7qjecjG9kD4ie7FB,"NEW NEW (feat. CJ Fly)","OUT THE BLUE","Devontée;CJ Fly",2021-12-10,172800,17,true,111573307,2022-10-18T10:41:10Z,"","WOE Records",0.928,0.462,1,-6.71,0,0.281,0.334,0,0.156,0.621,125.013,4
spotify:track:4cW2NHsdV1yOXKpxjiV67r,"Metamorphosis (Butterfly)","Phone Calls Gimme Anxiety","Peter $un",2022-07-22,199124,18,true,111573307,2022-10-18T10:41:37Z,"","Red Bull Records Exclusively Licensed by Mind of a Genius",0.537,0.603,11,-7.966,0,0.366,0.182,0,0.115,0.259,79.54,4
spotify:track:2Wmjopl15bswuPcuwIk6NF,"Comfort Zone","Pretty Girls NVR Listen","Zae France",2021-02-12,106095,41,true,111573307,2022-10-18T10:42:28Z,"","Mogul Vision Records",0.813,0.366,1,-9.398,0,0.115,0.224,0,0.0878,0.87,100.083,4
spotify:track:4j1Bk0BEIGCF9hR7cSwl9d,"Candy Rain","Candy Rain","Soul For Real",1995,276066,75,false,111573307,2022-10-29T08:36:14Z,"new jack swing,r&b","Geffen*",0.589,0.699,11,-7.529,0,0.0788,0.00389,0.0000476,0.0577,0.63,188.253,4
spotify:track:4bXxwpBl4Miu5bmVYnfsNN,"Sweet Honey Bee","Hip Hop & Jazz Mixed Up Vol.1","S.Mos",2010,227146,44,false,111573307,2022-10-31T11:08:02Z,"jazz rap","Savant Savage",0.903,0.928,5,-4.172,0,0.134,0.331,0,0.0944,0.903,122.005,4
spotify:track:09fH5zQnlpdCO7MewlrNLz,"PRAGMATIC","FERRY","OTG",2020-06-08,174242,21,false,111573307,2022-11-04T08:56:35Z,"","AGE 101",0.825,0.408,2,-10.396,1,0.386,0.487,0.00781,0.115,0.293,123,4
spotify:track:6pe4Lrhbzle5wBsfAFgMTM,"Fortunate","A Tribute To - Usher vs. Maxwell","Dubble Trubble",2013-01-05,316946,1,true,111573307,2022-11-12T08:07:47Z,"northern soul","Goodelove Productions",0.72,0.338,3,-9.603,0,0.0439,0.538,0.00000275,0.0964,0.47,126.264,4
spotify:track:5KGoUz8CeymuCvNlK7bVVP,"Richer","Richer","Koder",2018-10-22,229250,25,false,111573307,2022-11-29T23:03:24Z,"grime,uk grime","Undeniable Records",0.689,0.58,9,-7.999,1,0.423,0.197,0,0.171,0.341,177.979,4
spotify:track:4bauZVIl6Q8q7SZovuiBQS,"Never Alone","Holy Ghost Zone","Budgie",2018-12-07,113709,34,false,111573307,2022-11-29T23:05:12Z,"","Bear Groove",0.715,0.766,5,-5.766,0,0.0493,0.0382,0.00212,0.178,0.557,133.056,4
spotify:track:7DfFc7a6Rwfi3YQMRbDMau,"Thinkin Bout You","channel ORANGE","Frank Ocean",2012-07-10,200746,87,false,111573307,2022-12-09T08:43:00Z,"","Red Zone Entertainment / IDJ",0.721,0.339,0,-11.195,1,0.0532,0.409,0.00153,0.0973,0.2,129.83,4
spotify:track:3BXJclx7vg1iCvDgUBTyd0,"4 Huey","4 Huey","Tone EZ",2020-07-30,208414,25,true,111573307,2023-03-02T10:06:06Z,"","Remember 2 Remember Ent.",0.775,0.623,9,-5.642,0,0.291,0.341,0,0.268,0.415,85.05,4
spotify:track:73e0LixjWj3e8prfptVeGD,"More Life","Outside","Burna Boy",2018-01-26,92342,49,false,111573307,2023-03-15T13:32:22Z,"afrobeats,afrobeat,afropop,afroswing,dancehall,afropiano","Bad Habit/On A Spaceship/Atlantic",0.834,0.536,0,-7.455,0,0.117,0.546,0.0000746,0.0646,0.962,99.924,4
spotify:track:45Ab0SJ6TU1pT4901nu6ln,"back to basics","nag champa","agajon;Jay Prince",2022-09-02,196729,0,true,111573307,2023-03-15T13:33:13Z,"","Kabul Fire Records",0.865,0.675,6,-6.346,1,0.224,0.33,0.0209,0.124,0.587,111.002,4
spotify:track:4pZmP4DiiYU3uQI9IoYs9g,"321","Hack The Planet","BXKS;Oscar #Worldpeace",2021-11-05,152387,19,true,111573307,2023-03-15T13:34:01Z,"alté,r&b británico","Marathon Artists",0.909,0.495,1,-8.086,1,0.0899,0.0548,0.00277,0.116,0.612,126.99,4
spotify:track:0idIFv8uHY1Z2Wac5y47mv,"SMOKE W U","SHEEESH","MXXWLL;Aloe Blacc",2020-05-22,68699,33,false,111573307,2023-03-15T13:36:17Z,"r&b contemporáneo","Rare Chords",0.892,0.211,10,-7.163,1,0.256,0.0729,0.00028,0.353,0.744,82.542,4
spotify:track:31jsadEgrSLHJMWP5QLab9,"Prélude in E Minor, Op. 28 No. 4","Swinging the Classics On MPS","Eugen Cicero",2014-02-21,429760,32,false,111573307,2023-03-15T23:24:16Z,"jazz,clásica para todos los gustos","MPS",0.565,0.286,9,-13.112,0,0.0784,0.706,0.838,0.0989,0.116,91.505,4
spotify:track:06JvOZ39sK8D8SqiqfaxDU,"True Love","True Love","Kanye West;XXXTENTACION",2022-05-27,148571,74,false,111573307,2023-03-17T10:55:01Z,"rap,rap emo","Columbia",0.712,0.861,5,-5.487,0,0.25,0.0182,0.00000609,0.511,0.388,84.042,4
spotify:track:25PbxARwVmQ5KwZJuDF6dV,"Still Can't Stop The Reign","Best Old School Rap, Vol. 2","Shaquille O'Neal",1999-05-19,283066,23,false,111573307,2023-04-14T07:17:07Z,"dubstep,riddim","Crest",0.411,0.722,6,-7.915,1,0.241,0.648,0,0.179,0.565,85.327,4
spotify:track:7ns66kTxiKlt40m2uESRjx,"Bullshit or Worry","Bullshit or Worry","JIMIJAME$",2018-07-15,225600,26,true,111573307,2023-04-14T07:19:04Z,"","BOSS ACADEMY",0.761,0.59,1,-5.569,1,0.0874,0.0029,0.00715,0.0903,0.677,149.916,4
spotify:track:6RpunyUP44SDweJPDScLSF,"Come Home (feat. André 3000)","Ventura","Anderson .Paak;André 3000",2019-04-12,266812,54,true,111573307,2023-04-28T21:59:56Z,"jazz ambiental","Aftermath",0.567,0.815,8,-4.915,1,0.141,0.0144,0.0000214,0.126,0.325,164.834,4
spotify:track:7cSzfId9hyN4CjdFKKKojm,"sink or swim","sink or swim","Chase Shakur",2023-04-07,192373,45,true,111573307,2023-04-30T23:34:36Z,"dark r&b,r&b","Def Jam Recordings",0.878,0.545,5,-7.787,0,0.0622,0.455,0.000676,0.173,0.635,115.045,4
spotify:track:1tL5a9jowsWMtn3wkFYsG9,"Footsteps in the Dark, Pts. 1 & 2","Go for Your Guns","The Isley Brothers",1977-08-21,306422,65,false,111573307,2023-05-02T07:46:24Z,"motown,quiet storm,soul,soul clásico,funk,northern soul","Epic/Legacy",0.679,0.374,11,-10.565,0,0.0482,0.402,0.0000249,0.0541,0.871,80.86,4
spotify:track:0wcN45fKhDGWAd0GrWjdYM,"Golden","HAN","Berhana",2019-10-18,119652,0,false,111573307,2023-05-05T13:16:56Z,"","EQT Recordings, LLC",0.671,0.374,11,-11.489,0,0.125,0.268,0.0189,0.324,0.519,84.92,4
spotify:track:6WVSnyKQGzs1fosa2I3FMQ,"Shibuya (feat. Syd)","Free Nationals","Free Nationals;Syd",2019-12-13,136831,60,false,111573307,2023-05-05T13:17:12Z,"r&b alternativo","OBE, LLC / EMPIRE",0.76,0.665,4,-7.021,0,0.0612,0.105,0.399,0.0945,0.808,92.992,4
spotify:track:1Ox4v6gCBk0iOVtvshkXR3,"OneFourThree","Pollyanarchy","Hermitude;Buddy;BJ The Chicago Kid",2019-09-27,227253,40,true,111573307,2023-05-05T13:17:34Z,"future bass","Nettwerk Music Group",0.824,0.567,6,-8.931,1,0.109,0.475,0.0028,0.137,0.522,108.993,4
spotify:track:1UrxBDCv9kDRIBUc2oskNR,"Gidget (feat. Anderson .Paak & T.Nava)","Free Nationals","Free Nationals;Anderson .Paak;T.Nava",2019-12-13,219243,53,true,111573307,2023-05-05T13:19:28Z,"","OBE, LLC / EMPIRE",0.755,0.756,0,-6.409,1,0.0556,0.00644,0.0000793,0.279,0.786,98.003,4
spotify:track:2KQtAZ5F8LK0vi0JyrpF6w,"I'm a Rock","Honeycomb","Jitwam",2019-05-03,204324,63,false,111573307,2023-05-05T13:19:48Z,"jazz house,lo-fi house,indie jazz","Tartelet Records",0.869,0.486,1,-6.56,1,0.0447,0.31,0.311,0.102,0.52,111.003,4
spotify:track:7eWGnKg4B44sbBPpQp4y2c,"Dragonball Durag","It Is What It Is","Thundercat",2020-04-03,181922,63,false,111573307,2023-05-05T13:21:14Z,"","Brainfeeder",0.648,0.59,2,-9.664,1,0.0942,0.697,0.808,0.111,0.401,81.045,4
spotify:track:2fQo9apVAYggTBzaFPUh9B,"Supernova","Supernova","Sunni Colón",2019-09-25,141374,55,false,111573307,2023-05-05T13:21:34Z,"","TETSU recordings",0.821,0.31,6,-11.457,0,0.0496,0.41,0.00786,0.143,0.421,104.048,4
spotify:track:0JYGYel3d9WGwOUq4GVpoR,"Woohah","M-Side Odyssey 2","Langston Bristol",2021-02-12,125302,34,true,111573307,2023-05-05T13:22:03Z,"","YOOF Music",0.818,0.498,0,-8.227,1,0.244,0.667,0.00000442,0.0995,0.265,124.177,4
spotify:track:1RgopjbTCADvcFRe7dDav2,"makeitliveforever","1988","Knxwledge",2020-03-27,110789,40,false,111573307,2023-05-05T13:24:08Z,"","Stones Throw Records",0.704,0.461,5,-7.43,0,0.0335,0.171,0.107,0.266,0.744,133.881,4
spotify:track:1QIIQ1B2syNBSvQULkXgTa,"Traingazing","Traingazing","Sam Wills;Honey Mooncie",2020-03-04,214159,0,false,111573307,2023-05-08T07:08:49Z,"","eOne Music UK",0.849,0.361,11,-10.057,1,0.0641,0.692,0.00673,0.14,0.553,137.539,4
spotify:track:71koAFCnGnugRdGIDfS7f4,"19-2000","Gorillaz","Gorillaz;Miho Hatori;Tina Weymouth",2001-03-26,210880,72,false,111573307,2023-05-09T20:29:21Z,"","Parlophone UK",0.815,0.72,7,-7.311,1,0.0536,0.177,0.00000731,0.16,0.946,89.914,4
spotify:track:3GZD6HmiNUhxXYf8Gch723,"Lost","channel ORANGE","Frank Ocean",2012-07-10,234093,85,true,111573307,2023-05-09T20:30:13Z,"","Red Zone Entertainment / IDJ",0.913,0.603,8,-4.892,1,0.226,0.0272,0.000503,0.167,0.497,123.061,4
spotify:track:0P7Y6z5DZ3rFn4ccTm9xD2,"Complete Intro (Until It's Done)","Audacity Complete","Kevin Ross",2020-12-11,76300,44,false,111573307,2023-05-09T20:32:46Z,"neo soul","Art Society Music Group (AMG) / EMPIRE",0.598,0.457,10,-9.77,0,0.11,0.205,0.0197,0.163,0.476,87.026,4
spotify:track:1kKLWkqyZEnrOd5tBYYCUn,"Afro Blue - 9th Wonder's Blue Light Basement Remix","Black Radio Recovered: The Remix EP","Robert Glasper;Erykah Badu;Phonte;9th Wonder",2012-10-05,307440,44,false,111573307,2023-05-09T21:02:59Z,"neo soul,jazz rap,r&b,hip hop alternativo","Blue Note Records",0.819,0.428,5,-9.883,0,0.268,0.128,0.0015,0.211,0.465,87.902,4
spotify:track:3wiC0CMWDp8BHlJBhro9K8,"Be Alright (Her)","Be Alright (Her)","Stxry",2017-10-06,259684,25,false,111573307,2023-05-09T21:06:11Z,"trap soul","Stxryland Records",0.412,0.439,7,-8.767,0,0.256,0.451,0.00253,0.0983,0.0867,85.587,4
spotify:track:34qvgmIagzNQdZTRL2poiv,"Two Worlds Apart","Sometimes I Might Be Introvert","Little Simz",2021-09-03,178066,55,true,111573307,2023-05-11T06:51:29Z,"","AGE 101",0.459,0.637,2,-7.18,1,0.127,0.608,0,0.145,0.408,140.593,4
spotify:track:0pMs1gXODWwGQ1pK3qKVtz,"Closer","The Silhouettes Project","The Silhouettes Project;Elisa Imperilee;Whoeva?",2020-12-11,201933,51,false,111573307,2023-05-18T21:22:10Z,"jazz rap,r&b indie,neo soul","Melting Pot Music",0.45,0.358,1,-12.836,1,0.0686,0.499,0.000269,0.254,0.213,85.269,4
spotify:track:5E4mQ2mXblbeuI4tefnMZG,"Self Medication (feat. Seth MacFarlane, Redman, & Statik Selektah)","College Park","Logic;Seth MacFarlane;Redman;Statik Selektah",2023-02-24,315102,0,true,111573307,2023-05-17T00:25:04Z,"navidad,hip hop de la costa este,hip hop old school,hip hop,hardcore hip hop,boom bap","BMG Rights Management (US) LLC",0.655,0.881,5,-3.531,0,0.431,0.626,0,0.125,0.651,92.118,4
spotify:track:4FDYbCdNnP563YYYh7yc5F,"no idea (latin version) - remake cover","no idea (latin version) - remake cover","bbygirl",2023-04-19,151512,31,false,111573307,2023-05-17T07:25:40Z,"","bbygirl",0.738,0.453,9,-10.05,1,0.0335,0.329,0.00000762,0.169,0.854,127.96,4
spotify:track:6sIMSl1n3KDPr03Fw8mujd,"Next Lifetime","Baduizm","Erykah Badu",1997-01-01,386626,65,false,111573307,2023-05-24T09:24:55Z,"neo soul,r&b","Universal Records",0.641,0.413,8,-11.929,0,0.0564,0.129,0.00114,0.0949,0.338,130.021,4
spotify:track:2ej1A2Ze6P2EOW7KfIosZR,"Feather (feat. Cise Starr & Akin from CYNE)","Modal Soul","Nujabes;Cise Starr & Akin from CYNE",2005-11-11,175360,35,true,111573307,2023-05-23T20:41:32Z,"jazz rap","Hydeout Productions",0.565,0.749,10,-6.629,0,0.0769,0.655,0.432,0.106,0.881,180.598,4
spotify:track:7BgUcOjSOlKJXASLgJ6bx1,"Bag Lady","Mama's Gun","Erykah Badu",2000-10-31,348893,61,true,111573307,2023-05-24T09:25:18Z,"neo soul,r&b","Motown (Kedar)",0.724,0.416,5,-8.967,0,0.0847,0.363,0,0.0966,0.582,151.181,4
spotify:track:0HdjpQXDnlGCp0II1BRcau,"Samba De Verão","Caetano Veloso Naturalmente","Caetano Veloso",2008-01-01,186626,45,false,111573307,2023-06-05T18:48:53Z,"mpb,bossa nova,samba","Universal Music Ltda.",0.735,0.313,5,-16.679,1,0.0493,0.843,0.0468,0.11,0.445,119.764,4
spotify:track:7ifz6wYLdZ1ujxzXSnBTvd,"Finesse","Don't Say I Didn't Warn You","Nija",2022-01-28,173760,36,true,111573307,2023-06-15T20:37:31Z,"drill sexy","Capitol Records",0.795,0.486,5,-8.364,1,0.0475,0.134,0.0000258,0.26,0.351,132.045,4
spotify:track:3PNT3w8db0Brc6jeZ5jsQ7,"WHAT'S THE MOVE","BACK ON TRACK","O2worldwide;Oolox",2021-02-17,179643,25,true,111573307,2023-07-15T16:43:08Z,"lo-fi house","Opposition",0.756,0.739,11,-7.675,0,0.262,0.124,0.00000225,0.0831,0.686,92.975,4
spotify:track:0rKtyWc8bvkriBthvHKY8d,"SLOW DANCING IN THE DARK","BALLADS 1","Joji",2018-10-26,209273,6,true,111573307,2023-07-20T08:43:40Z,"","88rising Music/Warner Records",0.515,0.479,3,-7.458,1,0.0261,0.544,0.00598,0.191,0.284,88.964,4
spotify:track:1i9lZvlaDdWDPyXEE95aiq,"TELEKINESIS (feat. SZA & Future)","UTOPIA","Travis Scott;SZA;Future",2023-07-28,353754,77,true,111573307,2023-08-09T09:49:36Z,"rap,r&b,trap","Cactus Jack/Epic",0.458,0.535,5,-4.854,0,0.0281,0.575,0,0.168,0.216,82.826,4
spotify:track:0KiAgTHemp1tC2ryqWsOSI,"Innerbloom","Bloom","RÜFÜS DU SOL",2016-06-03,578040,1,false,111573307,2023-09-28T05:11:29Z,"","Universal Music Distribution Deal",0.736,0.719,3,-6.701,1,0.0368,0.126,0.326,0.185,0.0389,122.007,4
spotify:track:5DAZGbNWmLKBfnSy6jmbNl,"In Autumn","Afterthoughts","Greywind",2017-01-27,230160,38,false,111573307,2023-09-29T07:14:46Z,"","Greywind",0.45,0.415,2,-7.171,1,0.0305,0.151,0.0000145,0.128,0.0924,124.082,4
spotify:track:5Ot6yfkeBUKllxb0ghQQij,"Jamming Sin Fronteras","Jamming Sin Fronteras","McKlopedia;Rapsusklei;Canserbero;César López;Solo Soul",2015-10-26,250732,0,false,111573307,2023-09-29T07:15:00Z,"reggae en español,hip hop latino,hip hop mexicano,rap,jazz afrocubano,jazz latino,timba","Habeatat",0.456,0.518,6,-10.993,1,0.27,0.679,0,0.101,0.378,173.616,4
spotify:track:1h29y63PqkBoEXbyiumalC,"Palm Trees","Palm Trees","Flatbush Zombies",2013-09-11,260680,53,true,111573307,2023-10-17T15:30:39Z,"","Glorious Dead Recordings",0.606,0.708,7,-6.188,1,0.56,0.287,0,0.477,0.407,84.615,5
spotify:track:0rd8puLeiFWZWEHq9NtKwZ,"No sé si era amor","No sé si era amor","Astrid Canales;PMP;DAPS",2021-05-31,205282,32,false,111573307,2023-10-19T13:57:22Z,"r&b latino","Independent",0.775,0.444,11,-7.749,0,0.0967,0.64,0.00000522,0.18,0.669,124.157,4
spotify:track:6k1NlbXRqTu51DiDJ7Mwwf,"Wildflower","Wildflower","Hank Crawford",1973,234306,47,false,111573307,2023-11-03T22:08:16Z,"soul jazz,jazz funk,hard bop","Epic/Legacy",0.491,0.609,5,-8.486,1,0.0461,0.529,0.00838,0.426,0.614,90.09,4
spotify:track:1XXizrHSWuu5BRN6gIeeaG,"A Felicidade","The Collection, Vol. 2","Baila Nova",2020-06-09,313485,40,false,111573307,2023-12-03T11:33:52Z,"bossa nova","Velvet Mind Group",0.755,0.462,9,-14.019,0,0.0347,0.32,0.000161,0.112,0.434,127.276,4
spotify:track:2DfRgLfkNb8nU1wMcMK0fD,"She's A 10 But...","She’s A 10 But…","ARTAN;Spencer Elmer",2022-11-10,165428,60,true,111573307,2024-01-03T13:12:53Z,"","No Requests",0.929,0.366,11,-10.902,0,0.25,0.248,0,0.0871,0.888,140.044,5
spotify:track:6j3wDNKqEeZ6QwPtCcpJX8,"Stop Giving Me Advice (with Jack Harlow & Dave)","Stop Giving Me Advice","Lyrical Lemonade;Jack Harlow;Dave",2023-12-08,242453,56,true,111573307,2024-01-03T13:13:00Z,"grime,uk grime,drill británico,drill","Lyrical Lemonade P&D/ Def Jam",0.797,0.676,6,-4.861,0,0.204,0.463,0.0000208,0.101,0.91,103.7,4
spotify:track:4rjcVZDZ74xqv49D8kFh5l,"Very Few Friends","Very Few Friends","Saint Levant",2022-11-07,132500,6,true,111573307,2024-01-03T13:18:42Z,"","Saint Levant",0.774,0.476,6,-8.322,0,0.177,0.139,0.00389,0.11,0.578,136.063,4
spotify:track:1KrI3D47WuKIZ5pd7DUJxD,"Up in the Clouds","My Tape Deck","Cookin Soul;Mc Melodee",2013-04-01,187764,4,true,111573307,2024-02-02T18:09:28Z,"","Cookin Soul Records",0.603,0.48,8,-6.737,0,0.788,0.67,0,0.243,0.645,77.665,1
spotify:track:6Wo5YxkdXgwzKQZbDg2r17,"Either Way","From A Room: Volume 1","Chris Stapleton",2017-05-05,248053,64,false,111573307,2024-02-02T18:12:29Z,"country,outlaw country","Mercury Nashville",0.655,0.0645,4,-14.765,1,0.0429,0.854,0.0000111,0.107,0.278,129.399,4
spotify:track:0aQo2XUvquJvYDRw4yBj0l,"Overnight","My Way","Aaron Childs",2017-03-03,86585,43,false,111573307,2024-02-02T18:14:23Z,"retro soul","Aaron Childs",0.921,0.179,4,-13.128,0,0.103,0.102,0.00223,0.111,0.776,90.026,4
spotify:track:3AoeaZs8dFemFJr3JdzOL0,"You Are Not Alone","HIStory - PAST, PRESENT AND FUTURE - BOOK I","Michael Jackson",1995-06-16,344826,81,false,111573307,2024-02-02T18:16:51Z,"","Epic",0.651,0.402,11,-9.303,1,0.028,0.639,0.0000773,0.0765,0.258,119.873,4
spotify:track:0pJO1tc1GpnxFyQp6Zp82r,"Gorilla","NO THANK YOU","Little Simz",2022-12-12,245819,61,true,111573307,2024-02-02T18:20:04Z,"","Forever Living Originals",0.716,0.813,5,-5.748,1,0.256,0.269,0,0.104,0.682,90.418,4
spotify:track:7rpIvG4mLi3U6iwHVH4Pm4,"Pourquoi flipper ?","Soul Inside","Kohndo",2011-05-16,277472,1,false,111573307,2024-02-02T18:36:42Z,"rap francés","greenstone records",0.801,0.341,7,-7.481,1,0.207,0.576,0.000451,0.156,0.486,82.122,4
spotify:track:3Kjarnz3dAuSxqepiUYawU,"Feelings in the air","Feelings in The Air - Single","Louis Rustum",2015-06-08,227552,0,false,111573307,2024-02-02T18:48:46Z,"","hukaos.",0.685,0.62,0,-7.797,0,0.0746,0.0944,0,0.131,0.623,92.97,4
spotify:track:3jK1QRugwuAKAKOrtac7a2,"Good Good","COMING HOME","USHER;Summer Walker;21 Savage",2024-02-09,247100,58,true,111573307,2024-02-13T18:24:21Z,"r&b","HighValleys&LowPeaks, LLC, under exclusive license to mega/gamma.",0.744,0.677,7,-4.819,0,0.108,0.0388,0,0.106,0.57,140.991,4
spotify:track:2VMvPHXJj2EpkKrKjiFTwT,"I Can Be Your Future - Radio Edit","I Can Be Your Future (Radio Edit)","Mozey;Shady Novelle",2020-05-22,157800,46,false,111573307,2024-03-05T10:48:40Z,"drum and bass,bassline,jungle,liquid funk","Bingo Bass",0.748,0.702,4,-2.427,0,0.147,0.00854,0.000737,0.162,0.366,175.029,4
spotify:track:3r9OpHiEaeMaBOa7kVtWtC,"Tengo Un Plan","Tengo Un Plan","Key-Key",2024-01-07,189282,3,false,111573307,2024-03-15T23:11:34Z,"afrobeat latino","Legal Music Group under exclusive licence to NWS Music Group",0.798,0.59,8,-9.46,1,0.175,0.12,0,0.12,0.533,101.983,4
spotify:track:4xexPtg7VSPCf9hM3aZdfZ,"Slowdown (girl what's up)","Slowdown (girl what's up)","YellowStraps",2023-11-13,123000,52,true,111573307,2024-03-29T19:48:35Z,"","Intercord",0.836,0.603,9,-9.713,0,0.157,0.324,0.241,0.107,0.962,130.039,4
spotify:track:3ibXZkzvCPZ6lWbfubSolQ,"THIS YEAR (Blessings)","Blessed","Victor Thompson;Ehis 'D' Greatest",2023-12-01,126206,61,false,111573307,2024-03-29T19:59:45Z,"afrogóspel,góspel,afrobeats,afrobeat","NWE Worldwide",0.571,0.348,9,-9.391,0,0.0854,0.771,0.000125,0.325,0.349,66.337,5
spotify:track:4nPeNi0XkuoYcuIshqcYVn,"BUNKER/PREROLL","BUNKER/PREROLL","mynameisntjmack;Tommy Richman",2022-02-25,120000,54,true,111573307,2024-05-19T06:36:40Z,"","mynameisntjmack",0.869,0.376,11,-8.458,0,0.364,0.112,0.0000581,0.111,0.879,148.019,4
spotify:track:2c00DlvpzthGKcyXpe5GHa,"Bad Influence","Bad Influence","OMAH LAY",2020-01-16,138652,60,true,111573307,2024-05-19T06:58:38Z,"afrobeats,afrobeat,afropop,r&b afro,afropiano,afro soul","KeyQaad/Sire Records",0.861,0.508,0,-10.648,0,0.176,0.586,0.323,0.109,0.728,96.909,4
spotify:track:5RMTsrJkrtumtiIZjy7dL6,"H.Y.B. (feat. Bas & Central Cee)","Might Delete Later","J. Cole;Bas;Central Cee",2024-04-05,234586,66,true,111573307,2024-06-13T06:38:15Z,"rap,drill británico,drill,uk grime","Cole World, Inc. under exclusive license to Interscope Records",0.775,0.491,1,-7.395,0,0.297,0.366,0,0.117,0.309,139.897,4
spotify:track:5YEVBJnnt2qMM67NGCjEdV,"INTOXYCATED","INTOXYCATED","Oxlade;Dave",2023-07-12,212000,56,false,111573307,2024-06-13T06:39:45Z,"afrobeats,afrobeat,afropop,r&b afro,alté,afroswing,afro soul,afropiano,grime,uk grime,drill británico,drill","Troniq Inc",0.788,0.708,1,-4.615,1,0.108,0.12,0.0000094,0.0985,0.598,105.006,4
spotify:track:28ZwgrsyIbpX4diz92ACnm,"Like That!","Like That!","Laila!",2023-03-01,169403,0,false,111573307,2024-06-13T06:40:49Z,"drill sexy","5002529 Records DK",0.533,0.567,4,-8.983,1,0.0755,0.244,0,0.132,0.16,120.062,4
spotify:track:4S4QJfBGGrC8jRIjJHf1Ka,"Pain","to hell with it","PinkPantheress",2021-10-15,98544,83,false,111573307,2024-06-13T06:44:21Z,"bedroom pop","Parlophone UK",0.829,0.617,1,-8.497,1,0.14,0.227,0.00306,0.0618,0.81,125.605,4
spotify:track:69JEwBvoXZ8KhOfrgHOiZc,"Mariah Carey","Mariah Carey","Santa Salut;Rico Rosa",2024-06-14,134545,0,true,111573307,2024-06-17T11:06:21Z,"hip hop latino,neoperreo","Santa Salut",0.632,0.606,10,-5.937,0,0.095,0.302,0.00000137,0.129,0.0783,131.37,4
spotify:track:0o4Z9Am4OOwRVHml4RyqZW,"Honey","Blue Electric Light","Lenny Kravitz",2024-05-24,230237,63,false,111573307,2024-06-22T20:29:15Z,"","BMG Rights Management GmbH",0.835,0.749,0,-7.475,1,0.0354,0.00968,0.0149,0.115,0.966,111.398,4
spotify:track:3bWpfAjDh9Rpszf8AkaN0w,"Strange Things","VISION","Double",2002-10-09,289626,47,false,111573307,2024-07-03T17:03:06Z,"r&b japonés","FOR LIFE MUSIC ENTERTAINMENT,INC.",0.706,0.556,5,-7.058,0,0.0329,0.216,0.00306,0.0913,0.642,141.993,4
spotify:track:5u4hhtZ7f4rWkMZEZcTKrH,"Relax My Eyes","Relax My Eyes","ANOTR;Abel Balder",2022-11-04,192150,80,false,111573307,2024-07-23T19:47:52Z,"house","NO ART",0.747,0.616,3,-9.76,0,0.0324,0.176,0.116,0.143,0.908,131.975,4
spotify:track:3o1ZroUhmLEr4JltDOVLpp,"Hang up the Phone","Hang up the Phone","CW Jones;Local;Harvs Le Toad;Hutch",2024-11-08,170500,4,true,111573307,2024-11-12T08:57:02Z,"drum and bass,bassline,uk garage,ritmos de jazz,retro pop,r&b británico","Bone Dry Records",0.708,0.609,0,-9.993,0,0.124,0.474,0.0000218,0.125,0.332,91.039,4
spotify:track:6Ojk780djpNZCfFZaaRHm1,"flores.","flores.","Dariel Amant",2024-10-25,131076,41,false,111573307,2024-11-21T08:40:28Z,"r&b latino","Amante Records",0.663,0.641,10,-3.626,0,0.0665,0.542,0.000258,0.0884,0.73,175.942,4
spotify:track:0KzAbK6nItSqNh8q70tb0K,"Where Is My Mind?","Death to the Pixies","Pixies",1997-10-06,229226,76,false,111573307,2024-11-24T18:41:24Z,"rock alternativo","4AD",0.513,0.442,4,-13.529,1,0.0343,0.00731,0.000838,0.0878,0.243,81.201,4
spotify:track:4NgherJDfCXWBZBYheM4jK,"WASTE","DISORDER","KXLLSWXTCH",2021-10-29,120428,72,false,111573307,2024-11-24T18:43:01Z,"trap metal","KILL! / EMPIRE",0.627,0.123,7,-14.411,1,0.0316,0.859,0.00105,0.149,0.11,131.883,4
spotify:track:70LcF31zb1H0PyJoS1Sx1r,"Creep","Pablo Honey","Radiohead",1993-02-22,238640,94,true,111573307,2024-11-24T18:43:56Z,"art rock,rock alternativo","XL Recordings",0.515,0.43,7,-9.935,1,0.0372,0.0097,0.000133,0.129,0.104,91.844,4
spotify:track:0ov1IOdz5kR8XMr61JDkFU,"Chocolate Distance","Hôtel Costes 14","Karuan",2010-10-04,297600,0,false,111573307,2025-02-09T16:24:27Z,"nu jazz","Pschent Music",0.72,0.895,5,-8.029,0,0.0365,0.0258,0.686,0.309,0.537,99.984,4
spotify:track:1Hv1VTm8zeOeybub15mA2R,"Smooth Operator - Single Version","The Best of Sade","Sade",1994-10-31,258693,86,false,111573307,2025-07-13T18:40:23Z,"","Epic",0.734,0.58,9,-6.619,0,0.0321,0.238,0.0006,0.0298,0.962,119.336,4
spotify:track:0sAHvVPLoFy4kHUrYk2t8k,"Let it Ride","The G-Funk Era","ARTIFICIAL RAP",2025-04-19,217120,26,true,111573307,2025-07-13T18:47:26Z,"g-funk","8830083 Records DK2",0.896,0.45,10,-10.542,0,0.134,0.00153,0.0000374,0.0871,0.541,95.977,4
spotify:track:7BnSItJuZ4tSoM8yt6SL77,"king.","king. // 2003.","db.",2025-05-30,213333,60,true,111573307,2025-07-13T18:59:19Z,"grime,uk grime","mellow sessions",0.744,0.529,10,-10.671,0,0.428,0.514,0,0.11,0.866,134.978,4
spotify:track:2wGRIasMJFkp2NLAISSZov,"Just What I Said (Everything In Its Right Place)","Just What I Said (Everything In Its Right Place)","High Beam",2025-02-14,196088,66,false,111573307,2025-07-19T18:12:30Z,"","High Beam",0.824,0.502,1,-8.179,1,0.0477,0.482,0.409,0.109,0.197,124.021,4
spotify:track:4TJfN6j6vbPjLMEnwt5fi3,"Are You Sure?","Are You Sure?","ERHA",2025-01-03,237692,42,false,111573307,2025-07-19T18:23:27Z,"","Stereophonic",0.787,0.779,1,-8.78,1,0.0629,0.00127,0.211,0.527,0.0671,129.955,4
spotify:track:4PIRT280nbZLUtts1s33dN,"Dead wrong - Remix Version","Dead wrong (Remix Version)","Ciego",2021-11-05,177984,50,true,111573307,2025-08-20T17:38:04Z,"","1552858 Records DK2",0.804,0.485,11,-7.905,0,0.143,0.0678,0.00448,0.115,0.0895,88.997,4
spotify:track:4AEXx1uY2ZY4eofWtej9gL,"Barter 7 (Dig Dat)","Barter 7 (Dig Dat)","LOS KEMET",2023-09-08,153428,49,true,111573307,2025-08-20T17:38:36Z,"","Black Water",0.94,0.754,4,-4.325,0,0.261,0.203,0,0.0893,0.75,139.982,4
spotify:track:1vtWS3dqDnJe7OU1wT0b8y,"Doves","Doves","FloFilz;Kofi Stone",2025-02-21,166069,38,false,111573307,2025-08-20T17:38:49Z,"jazz rap,ritmos de jazz,lo-fi beats,hip hop lo-fi,lo-fi","Melting Pot Music",0.724,0.426,6,-9.886,1,0.343,0.279,0,0.109,0.921,88.12,4
spotify:track:6x1EYkXA8DMDf6kY0ssoNy,"Hard to Find","For the Ride Home","Ray Riley",2022-09-09,182903,44,true,111573307,2025-08-20T17:39:14Z,"","Ray Riley",0.78,0.477,1,-10.052,1,0.236,0.113,0,0.0958,0.875,82.688,5
spotify:track:30ijMKqnIVGx7VvgVqnZcM,"High and Dry","High and Dry","Mike Wells",2025-07-04,170000,20,false,111573307,2025-08-20T17:41:21Z,"","Mike Wells",0.656,0.757,9,-6.343,0,0.262,0.155,0.00227,0.179,0.888,80.997,4
spotify:track:4HLthEdsGjLSAm9CmcVp6z,"giveaway.","giveaway.","igory",2025-05-02,111627,22,false,111573307,2025-08-20T17:42:17Z,"ritmos de jazz,jazz rap,lo-fi beats","Oiyo Records",0.774,0.303,3,-9.217,0,0.169,0.104,0.824,0.144,0.54,172.037,4
spotify:track:7zjCwEG5TT8nHKPW5giOxj,"The Uno","The Uno","Marley B.;Kail Problems;DJ Hoppa;Def-i",2025-02-28,214678,18,true,111573307,2025-08-20T17:44:04Z,"hip hop underground,música nativa norteamericana","Broken Complex",0.768,0.779,2,-6.348,1,0.231,0.162,0.000205,0.142,0.532,93.984,4
spotify:track:2XyXV61Fvo5ytBLvVRgTbX,"Water From A Vine Leaf","Strange Cargo III","William Orbit",1993-01-01,425000,51,false,111573307,2025-08-22T19:11:42Z,"idm,clásica electrónica,downtempo","Virgin Records",0.6,0.532,1,-19.603,0,0.0387,0.0183,0.91,0.0574,0.0867,101.612,4
spotify:track:6iCsFk2zf1INRexhJQzRM0,"I Remember You","After 8","Ronny Jordan",2004-11-02,252333,40,false,111573307,2025-09-21T18:31:21Z,"acid jazz,smooth jazz,jazz funk,nu jazz,jazz,jazz fusión","N-Coded Music",0.635,0.315,8,-13.359,1,0.0281,0.9,0.803,0.326,0.149,131.806,4
spotify:track:3hHb8Mw9HvlcFUBlSELElq,"Sal rosa","Sal rosa","LATIN MAFIA",2022-09-16,263606,1,false,111573307,2025-11-19T20:41:48Z,"r&b latino,indie latino","HOME MADE records",0.702,0.267,4,-11.185,0,0.0823,0.62,0.113,0.0944,0.152,122.014,4
spotify:track:7wmFsS43fO8vAg0vcr776N,"My Jinji","Jinji Kikko","落日飛車 Sunset Rollercoaster",2016-03-01,400560,0,false,111573307,2025-11-19T20:50:37Z,"indie taiwanés,indie chino","Sunset Rollercoaster",0.389,0.597,7,-8.436,1,0.0308,0.534,0.406,0.144,0.506,143.943,4
spotify:track:2YIIDMcF9zWJ2xcFSA99lH,"Charge It","We Go Again","ENNY",2023-04-13,185715,66,true,111573307,2025-12-01T10:09:49Z,"r&b británico,r&b alternativo","FAMM",0.783,0.542,8,-6.793,0,0.114,0.347,0.593,0.201,0.622,127.047,4
spotify:track:6B2uIq7JV0UfleZOHAulKD,"I Feel Fantastic","I Feel Fantastic","Riovaz",2021-12-07,146938,61,false,111573307,2025-12-30T20:12:07Z,"","Darkroom/Geffen Records",0.771,0.536,11,-16.116,0,0.109,0.194,0.00919,0.153,0.688,135.684,4
spotify:track:7oHxAGJg574uMKiw7iuyJ4,"Los Buenos Tiempos","Los Buenos Tiempos","Santax",2025-11-07,122990,52,false,111573307,2026-01-08T18:55:35Z,"","Santax",0.511,0.647,6,-8.28,0,0.27,0.605,0,0.398,0.804,158.783,4
spotify:track:3u9PAti8muEXXvEjeFpQK0,"WHARF TALK (feat. A$AP Rocky)","CALL ME IF YOU GET LOST: The Estate Sale","Tyler, The Creator;A$AP Rocky",2023-03-31,204109,65,true,111573307,2026-02-06T08:34:22Z,"rap","Columbia",0.788,0.744,11,-6.022,1,0.069,0.189,0.0000574,0.196,0.681,96.445,4
spotify:track:1W45awlEvwKTDEAjhJ5Ozz,"TAKE 01","TAKE 01","Ferdi;VEEKO",2024-11-29,203200,40,false,111573307,2026-03-02T21:12:59Z,"","DEMAIN",0.33,0.386,2,-10.502,0,0.0301,0.836,0.805,0.0675,0.115,153.809,4
spotify:track:6p7NS2GIdm1wveWepRKYrs,"Banm Bagay La","ALTER EGO","Dee End;Dj Tyson;T-Gui",2024-10-11,258229,28,false,111573307,2026-03-12T07:02:36Z,"kompa,zouk,kizomba,shatta","Dee End Music",0.57,0.813,9,-7.184,0,0.0289,0.136,0.0000612,0.244,0.518,160.011,4
spotify:track:5EpV4kj0CqsHFwPGLyQXBs,"Sunny Afternoon","Sunny Afternoon","Cielo",2026-05-01,117605,65,false,111573307,2026-07-01T10:17:57Z,"","Paraíso Doux",0.839,0.274,6,-11.911,0,0.0558,0.584,0.371,0.105,0.246,117.09,4
spotify:track:5ZnZelwYbsrBsi2QmBcTXC,"THE MOVE - prod. KAYTRANADA","THE MOVE (prod. KAYTRANADA)","Reva DeVito;KAYTRANADA",2016-09-22,194782,33,false,111573307,2026-08-01T09:48:49Z,"","HW&W",0.83,0.374,9,-9.875,0,0.0481,0.0331,0.34,0.0931,0.59,109.963,4
spotify:track:1jzIJcHCXneHw7ojC6LXiF,"Potato Salad","Potato Salad","Tyler, The Creator;A$AP Rocky",2018-09-28,182493,67,true,111573307,2026-07-27T10:42:14Z,"rap","Columbia/RCA",0.538,0.612,2,-6.02,1,0.424,0.308,0,0.213,0.684,168.197,4
spotify:track:7y2SOXPaH6ORTya7ROEzy0,"Sidewalks","Starboy","The Weeknd;Kendrick Lamar",2016-11-25,231360,0,true,111573307,2026-07-27T10:47:18Z,"hip hop,hip hop de la costa oeste","Universal Music Group",0.538,0.731,1,-5.252,0,0.0786,0.142,0,0.341,0.576,149.787,4
spotify:track:4UzVcXufOhGUwF56HT7b8M,"My Immortal","Fallen","Evanescence",2003-03-04,262533,80,false,111573307,2026-07-27T10:50:38Z,"metal alternativo","The Bicycle Music Company",0.19,0.265,9,-9.206,1,0.0356,0.863,0,0.134,0.101,79.012,4
spotify:track:45wneA2j0Z0WMnYNDO6Ad0,"Back & Forth","Age Ain't Nothing But A Number","Aaliyah",1994-05-22,231093,65,false,111573307,2026-07-27T11:04:11Z,"r&b,r&b contemporáneo","Jive",0.706,0.727,5,-8.06,1,0.0317,0.0698,0.00000531,0.115,0.903,92.938,4
spotify:track:1oaDi1Ahp5PbmWknmlOy0X,"Too Late","Strangers","Dayne",2013-04-05,250525,24,true,111573307,2026-07-27T11:09:59Z,"","SoSouth",0.62,0.649,8,-7.504,0,0.391,0.196,0,0.381,0.775,92.444,4
spotify:track:7HDpgbWMVzI8bEbdldw3cs,"One Way (feat. T-Pain) - Bonus","FREE 6LACK","6LACK;T-Pain",2016-11-18,286956,57,true,111573307,2026-07-27T11:17:12Z,"","LVRN Records",0.425,0.406,4,-8.911,0,0.176,0.73,0.00000359,0.107,0.124,184.061,4
spotify:track:0NTuU9JZH0ynmCr63rtZVw,"Headspace","Headspace","Gavlyn;DJ Hoppa",2018-03-01,161582,31,true,111573307,2026-08-04T18:43:24Z,"","Broken Complex",0.6,0.712,2,-5.671,1,0.335,0.0674,0,0.114,0.259,168.009,4
spotify:track:1QEEqeFIZktqIpPI4jSVSF,"More Than a Feeling","Boston","Boston",1976,285133,86,false,111573307,2026-08-04T19:26:49Z,"rock clásico,aor","Epic/Legacy",0.377,0.681,7,-8.039,1,0.0298,0.00088,0.0023,0.0504,0.285,108.789,4
spotify:track:2f9mmR37OEceYERbXml0Nj,"Another Life","Black Messiah","D'Angelo",2014-12-15,358558,48,false,111573307,2026-08-05T10:43:13Z,"neo soul","RCA Records Label",0.572,0.61,9,-7.994,1,0.0448,0.127,0.0295,0.0953,0.364,71.254,4
spotify:track:4ZQE54bbMxt7qYHEFIN6jH,"Gurififlay","Hipi Hapa Vacilanduki","BEJO",2017-08-20,118309,0,true,111573307,2026-08-07T17:13:04Z,"","Teleyoli Sound Studio",0.566,0.811,3,-6.241,1,0.44,0.527,0,0.172,0.711,147.777,4
spotify:track:1VjNQAm7bG3MLIC5Cwb508,"Riri","Limbo","Aminé",2020-08-07,181975,50,true,111573307,2026-08-07T17:27:04Z,"","Republic Records",0.809,0.623,10,-6.152,0,0.0337,0.0455,0.00000167,0.321,0.535,121.989,4
spotify:track:2nVTs8Dc5GL1bqUf9YUPh1,"Cherish","Cherish","Shay Lia",2018-02-02,208611,0,false,111573307,2026-08-07T17:35:19Z,"r&b alternativo","N.O.T.E",0.715,0.231,4,-18.585,1,0.0546,0.125,0.8,0.105,0.164,139.993,4
spotify:track:6H0AwSQ20mo62jGlPGB8S6,"It's A Vibe","Pretty Girls Like Trap Music","2 Chainz;Ty Dolla $ign;Trey Songz;Jhené Aiko",2017-06-16,210200,66,true,111573307,2026-08-07T17:39:59Z,"hip hop sureño americano,rap,trap soul,r&b","2Chainz PS/Def Jam",0.82,0.502,7,-7.38,1,0.151,0.0312,0.000884,0.114,0.527,73.04,4
spotify:track:08M1S4uwtmPM0jIO1qNyhx,"NOTHIN LIKE U (feat. Ty Dolla $ign)","NOTHIN LIKE U / CHANCES","KAYTRANADA;Ty Dolla $ign",2018-11-30,194976,40,true,111573307,2026-08-07T17:40:26Z,"trap soul","KAYTRANADA/RCA Records",0.787,0.805,9,-6.294,1,0.409,0.0589,0.00000161,0.192,0.769,104.862,4
spotify:track:43PuMrRfbyyuz4QpZ3oAwN,"Exchange","T R A P S O U L","Bryson Tiller",2015-10-02,194613,80,true,111573307,2026-08-07T17:46:20Z,"trap soul,r&b","TrapSoul/RCA Records",0.525,0.433,6,-10.598,1,0.185,0.107,0,0.135,0.276,160.108,4
spotify:track:1g1G4MJGIuRMCr5C5qSFHZ,"Les infameux","Les Frères Cueilleurs","Alaclair Ensemble",2016-09-02,274975,24,false,111573307,2026-08-07T17:47:03Z,"rap quebequés,chanson québécois","Disques 7ième Ciel",0.718,0.736,7,-6.228,1,0.346,0.0885,0.000434,0.079,0.396,83.909,4
spotify:track:2hA4EzO54AqI89qpbxhTBa,"Turn My G Down (feat. Stash Marina)","Turn My G Down (feat. Stash Marina)","God Colony;Stash Marina",2017-02-24,226546,0,true,111573307,2026-08-07T18:37:26Z,"","God Colony",0.547,0.357,2,-10.1,1,0.301,0.264,0.0000225,0.123,0.158,82.803,1
spotify:track:1x9jw0pdfbtYXRrdgYCc8O,"Juju pt. 2 - A COLORS SHOW","Juju pt. 2 - A COLORS SHOW","Bryann",2022-07-28,196210,34,false,111573307,2026-08-10T11:48:45Z,"alté,afrobeats,afrobeat,r&b afro,afropop,afro soul","COLORSxSTUDIOS",0.707,0.785,1,-4.898,0,0.152,0.418,0.000503,0.0735,0.97,196.099,4
spotify:track:5gp4fDZhfPDV75DyK1BkdB,"0 - A COLORS SHOW","0 - A COLORS SHOW","Robin",2023-06-19,201882,36,false,111573307,2026-08-10T19:23:48Z,"zouk,r&b francés,kizomba","Oganesson",0.85,0.586,4,-8.008,0,0.0889,0.411,0.000421,0.117,0.202,84.994,4
spotify:track:3zBCukLskhPfajaRaGgEvc,"Both Sides Of The Moon","Compilation 1.1","Celeste;Gotts Street Park",2019-12-06,253546,46,false,111573307,2026-08-10T19:53:03Z,"","Polydor Records",0.535,0.133,5,-12.876,0,0.0911,0.843,0.00565,0.0968,0.227,58.366,4
spotify:track:5OT8zm57JTvXUn6AkfbQKk,"Beykat","Joko - From Village To Town","Youssou N'Dour",2000,269826,30,false,111573307,2026-08-11T11:53:42Z,"afropop","S.M.A.L.L.",0.751,0.832,4,-10.498,1,0.0502,0.347,0.272,0.124,0.894,132.039,4
spotify:track:3QS9ZCtoSCJhmaJ7QNXSAS,"act ii: date @ 8 (feat. Drake) - remix","act ii: date @ 8 (feat. Drake) [remix]","4batz;Drake",2024-03-08,231338,72,true,111573307,2026-08-11T12:04:31Z,"rap","4batz / OVO Sound",0.55,0.545,0,-9.304,1,0.163,0.318,0,0.0608,0.412,102.469,4
spotify:track:7Gif0HI4FMOOgovRHjEcGu,"Holding On","Holding On","Dugong Jr;Austen",2019-02-01,228989,17,false,111573307,2026-08-11T12:23:56Z,"","Mad Decent",0.643,0.416,10,-10.302,0,0.0798,0.521,0.0627,0.309,0.221,104.106,4
spotify:track:73tnLQtl7FqD0MS7VEM0xi,"You","You","Elle Eliades;R.L. KING",2021-02-12,231504,49,false,111573307,2026-08-11T14:10:44Z,"","Elle Eliades",0.702,0.247,1,-8.769,0,0.0303,0.495,0.0000154,0.111,0.287,113.015,3
spotify:track:26b3oVLrRUaaybJulow9kz,"People","People","Libianca",2022-12-06,184791,78,false,111573307,2026-08-11T14:58:56Z,"afrobeats,afrobeat","5K Records Limited",0.573,0.422,10,-7.621,0,0.0678,0.551,0.0000131,0.102,0.693,124.357,5
spotify:track:0eGrwX4kf5sV1faR5tZDp3,"Darlin'","Darlin'","tobi lou",2018-04-23,205090,47,true,111573307,2026-08-11T15:06:59Z,"","Artclub / EMPIRE",0.866,0.388,9,-11.009,1,0.32,0.571,0,0.1,0.556,109.976,4
spotify:track:2UPi2wRqNuG6W00VwKLk6M,"Boomclap","Boomclap","Warma",2022-03-03,216000,0,false,111573307,2026-08-11T15:35:28Z,"reggae en español","KONEKTA Music ENT®",0.749,0.624,4,-9.362,0,0.339,0.503,0,0.0561,0.681,80.251,4
spotify:track:1urNcISPElPL9gIcYd1VNu,"Magic","Magic","WIM",2024-08-13,200865,18,false,111573307,2026-08-11T21:26:33Z,"","WIM",0.642,0.511,5,-7.452,0,0.0372,0.126,0.000291,0.0628,0.678,77.995,4
spotify:track:1wBK3EFlicezTIUjkakKU2,"I Had A Vision","Lady Lady","Masego",2018-09-07,192000,0,false,111573307,2026-08-11T21:29:34Z,"","EQT Recordings, LLC",0.606,0.649,0,-6.894,1,0.264,0.342,0.0153,0.329,0.537,89.264,4
spotify:track:3ofAA4Af9EdvSLEtzFjvXt,"MIERDA","Tripi Hapa","BEJO;Cookin Soul",2021-06-18,230110,0,false,111573307,2026-08-11T21:29:59Z,"","8=D",0.626,0.936,0,-2.346,0,0.248,0.475,0,0.125,0.848,167.978,4
spotify:track:4XWIjzIDRAyVal6H7dWgL9,"Tut Mir Leid - A COLORS ENCORE","Tut Mir Leid - A COLORS ENCORE","Sumpa;COLORS",2022-05-26,145448,24,false,111573307,2026-08-11T21:34:38Z,"","COLORSxSTUDIOS",0.518,0.393,6,-11.14,1,0.528,0.592,0.000929,0.0988,0.622,80.986,5
spotify:track:6qqq5zPYV7U4UsKnGC82tw,"Daydreaming","Daydreaming","NxWorries;Anderson .Paak;Knxwledge",2023-05-18,186967,45,false,111573307,2026-08-11T21:35:49Z,"","Stones Throw Records",0.697,0.585,1,-9.597,1,0.0361,0.274,0.145,0.0779,0.504,74.014,4
spotify:track:51R2M1JgyFfRS3e6v5wCt3,"Clandestino","Clandestino","Manu Chao",1998-10-06,149173,70,false,111573307,2026-08-11T21:41:12Z,"música alternativa latina","Radio Bemba",0.68,0.594,6,-6.417,0,0.0688,0.469,0,0.431,0.774,85.04,4
spotify:track:7yThFb95n51KWFbwbfb3P0,"Re-Up","Re-Up","Maydien;Mitchell Yard",2024-02-02,199792,17,true,111573307,2026-08-11T21:43:54Z,"r&b indie","Vokall Records",0.887,0.498,0,-5.338,1,0.111,0.0044,0.0000809,0.181,0.609,107.021,4
spotify:track:28AnZq4Yo21iyneTWGjeUT,"Breathe","Breathe","Masego",2026-06-19,237188,63,true,111573307,2026-08-11T21:44:16Z,"","EQT Recordings/Capitol Records",0.359,0.565,2,-5.004,0,0.116,0.392,0,0.149,0.33,91.26,1
spotify:track:1Rvl8qsKJurfFTyWLBI9ib,"Baby, I Love Your Way","The Best of Big Mountain","Big Mountain",1999-01-01,249520,75,false,111573307,2026-08-11T21:46:16Z,"reggae","Giant",0.651,0.747,1,-7.269,0,0.0699,0.0528,0,0.207,0.776,147.518,4
spotify:track:2OiVXw1ieDk0vxMFzpPaic,"Tiempo y Silencio","São Vicente di Longe","Cesária Evora;Pedro Guerra",2001-03-29,198000,53,false,111573307,2026-08-11T21:46:56Z,"fado,trova,nueva trova,cantautores,folk latino,bolero","RCA Records Label",0.71,0.364,7,-9.01,0,0.0311,0.854,0.00000497,0.204,0.444,120.041,4
spotify:track:154TjwuLs3DNgrKfH1ecZ0,"She","The Greatest Hits (Deluxe)","Il Divo",2012-11-19,170333,32,false,111573307,2026-08-11T21:47:03Z,"clásica para todos los gustos,ópera","Syco Music UK",0.316,0.261,1,-8.72,1,0.0433,0.833,0,0.165,0.0619,58.794,4
spotify:track:3uIdGDNfilc0tyX45UvxwT,"Why Kiki?","Why Kiki? (Acoustic)","Iam Tongi",2024-04-12,159720,0,false,111573307,2026-08-11T21:49:55Z,"","19 Recordings, Inc.",0.754,0.604,2,-6.542,1,0.0352,0.168,0,0.0741,0.336,144.018,4
spotify:track:1aHy1ipWQRNauI0ee9uYfi,"Fall Back","Fall Back / Selfish Game","Lithe",2024-03-22,129522,7,false,111573307,2026-08-11T21:50:21Z,"dark r&b","GSL",0.871,0.158,3,-10.889,0,0.102,0.648,0.0363,0.113,0.46,126.078,4
spotify:track:0qk8f9DOMz3ivNEJVj2IPP,"Back Again","Back Again","Marvin Divine;Veronica King",2019-06-14,199626,27,false,111573307,2026-08-12T08:10:29Z,"","Intercord",0.839,0.535,0,-6.52,0,0.245,0.23,0,0.198,0.679,106.989,4
spotify:track:1F1QmI8TMHir9SUFrooq5F,"Buff Baby","tobi lou and the Loop","tobi lou",2018-04-27,215384,52,true,111573307,2026-08-12T08:30:01Z,"","Artclub / EMPIRE",0.734,0.765,5,-6.047,1,0.0571,0.243,0,0.101,0.512,156.04,4
spotify:track:0wXuerDYiBnERgIpbb3JBR,"Redbone","""Awaken, My Love!""","Childish Gambino",2016-12-02,326933,5,true,111573307,2026-08-12T10:25:48Z,"","Glassnote Entertainment Group LLC",0.743,0.344,1,-11.174,1,0.118,0.169,0.00879,0.103,0.577,160.15,4
spotify:track:5h5tBFnbcVioFXiOixTn6E,"Bitch, Don’t Kill My Vibe","good kid, m.A.A.d city (Deluxe)","Kendrick Lamar",2012-10-22,310720,66,true,111573307,2026-08-12T10:45:51Z,"hip hop,hip hop de la costa oeste","Aftermath",0.586,0.698,1,-8.948,1,0.0943,0.0151,0,0.443,0.098,133.954,4
spotify:track:15EPc80XuFrb2LmOzGjuRg,"Crew (feat. Brent Faiyaz & Shy Glizzy)","At What Cost","GoldLink;Brent Faiyaz;Shy Glizzy",2017-03-24,176390,77,true,111573307,2026-08-12T11:08:50Z,"r&b","Squaaash Club/RCA Records",0.728,0.607,1,-8.417,0,0.132,0.133,0,0.0864,0.445,129.938,4
spotify:track:3QQl3tSiEooVLQvC8IT5EE,"Perfidia","A Mis Amigos","Nat King Cole",1959-09-13,140706,48,false,111573307,2026-08-12T15:40:07Z,"navidad,adult standards,vocal jazz","Capitol Records",0.504,0.286,5,-14.197,0,0.0466,0.707,0.00000255,0.112,0.593,97.916,4
